#pragma once
#include <stdint.h>

// 240x240 RGB565 crown portrait background
static const uint16_t BG_CROWN_240[240 * 240] PROGMEM = {
  0xB5B8, 0xB5B8, 0xB5B8, 0xB5B8, 0xB5B8, 0xB5B8, 0xB5B8, 0xB5B8, 0xB5B8, 0xB5B8, 0xB5B8, 0xB5B8,
  0xB5B8, 0xB5B8, 0xB5B8, 0xB5B8, 0xB5B8, 0xB5B8, 0xB5B8, 0xB5B8, 0xB5B8, 0xB5B8, 0xB5B8, 0xB5B8,
  0xB5B8, 0xB5B8, 0xB5B8, 0xB5B8, 0xB5B8, 0xB5B8, 0xB5B8, 0xB5B8, 0xB5B8, 0xB5B8, 0xB5B8, 0xB5B8,
  0xB597, 0xB5B8, 0xB5B8, 0xB5B8, 0xB5B8, 0xB5B8, 0xAD76, 0xB5B7, 0xB5B7, 0xB5B7, 0xB5B8, 0xB5B8,
  0xB5B8, 0xB5B8, 0xB5B8, 0xB5B8, 0xB5B7, 0xB597, 0xB597, 0xB597, 0xB5B7, 0xB5B7, 0xB5B7, 0xB597,
  0xAD77, 0xB5B7, 0xAD76, 0xB5B7, 0xB5B7, 0xB5B7, 0xB5B7, 0xB5B7, 0xB5B7, 0xB5B7, 0xB5B7, 0xB5B8,
  0xB5B7, 0xB5B8, 0xB5B8, 0xAD77, 0x9CF5, 0x8C73, 0x5AEC, 0x39C7, 0x6B6E, 0xB5B8, 0xAD97, 0xAD56,
  0xB597, 0xAD77, 0x8BB1, 0x690A, 0x78CB, 0x792B, 0x71AB, 0x72AE, 0x41C8, 0x49C8, 0x49C8, 0x3146,
  0x3967, 0x62ED, 0x736F, 0x9494, 0x8411, 0xA536, 0x9494, 0x9453, 0x630E, 0x7B90, 0x736F, 0x5A8B,
  0x734E, 0x6B2E, 0x6B4E, 0x9493, 0xA536, 0xAD56, 0xA536, 0xB597, 0xB5B8, 0xB5B8, 0xB598, 0xAD56,
  0xAD77, 0xB597, 0xB597, 0xAD56, 0xAD97, 0xAD97, 0xB597, 0xAD97, 0xAD97, 0xAD97, 0xAD97, 0xB597,
  0xAD77, 0xAD97, 0xB597, 0xB597, 0xB597, 0xB597, 0xB597, 0xB597, 0xB597, 0xB597, 0xB597, 0xAD77,
  0xAD97, 0xAD97, 0xAD97, 0xAD97, 0xAD97, 0xAD97, 0xAD97, 0xAD97, 0xB597, 0xAD77, 0xAD56, 0xB597,
  0xB597, 0xB597, 0xB597, 0xB597, 0xB597, 0xB597, 0xB597, 0xB597, 0xB597, 0xB597, 0xB597, 0xB597,
  0xB597, 0xB597, 0xB597, 0xB597, 0xB597, 0xB597, 0xB597, 0xB597, 0xB597, 0xB597, 0xB597, 0xB597,
  0xB597, 0xB597, 0xB597, 0xB597, 0xB597, 0xB597, 0xB597, 0xB597, 0xB597, 0xB597, 0xB597, 0xB597,
  0xB597, 0xB597, 0xB597, 0xB597, 0xB597, 0xAD76, 0xA515, 0xA515, 0xA535, 0xAD76, 0xAD97, 0xAD77,
  0xAD76, 0xAD77, 0xAD97, 0xAD97, 0xAD97, 0xAD97, 0xAD97, 0xB597, 0xB597, 0xB597, 0xB597, 0xB597,
  0xB597, 0xB597, 0xB597, 0xAD76, 0xB597, 0xB597, 0xB597, 0xB597, 0xB597, 0xAD76, 0xAD76, 0xAD76,
  0xAD76, 0xAD76, 0xAD76, 0xAD76, 0xAD76, 0xAD76, 0xAD76, 0xAD76, 0xAD76, 0xAD76, 0xAD76, 0xAD76,
  0xB5B8, 0xB5B8, 0xB5B8, 0xB5B8, 0xB5B8, 0xB5B8, 0xB5B8, 0xB5B8, 0xB5B8, 0xB5B8, 0xB5B8, 0xB5B8,
  0xB5B8, 0xB5B8, 0xB5B8, 0xB5B8, 0xB5B8, 0xB5B8, 0xB5B8, 0xB5B8, 0xB5B8, 0xB5B8, 0xB5B8, 0xB5B8,
  0xB5B8, 0xB5B8, 0xB5B8, 0xB5B8, 0xB5B8, 0xB5B8, 0xB5B8, 0xB5B8, 0xB5B8, 0xB5B8, 0xB5B8, 0xB5B8,
  0xB5B8, 0xB5B8, 0xB5B8, 0xB5B8, 0xB5B8, 0xB5B8, 0xAD76, 0xB5B7, 0xB5B8, 0xB5B8, 0xB5B8, 0xB5B8,
  0xB5B8, 0xB5B8, 0xB5B8, 0xB5B8, 0xB5B7, 0xB597, 0xB597, 0xB5B7, 0xB5B7, 0xB5B7, 0xB597, 0xAD77,
  0xB5B7, 0xAD76, 0xB597, 0xB5B8, 0xB5B7, 0xB5B7, 0xB5B7, 0xB5B7, 0xB5B7, 0xB5B8, 0xB5B8, 0xB5B7,
  0xB5B7, 0xB5B8, 0xBDD8, 0xB5B8, 0xAD76, 0x8431, 0x5ACB, 0x4A49, 0x2987, 0x8C93, 0xAD97, 0xAD56,
  0xB5B8, 0xB5D8, 0xA4F5, 0x72AD, 0x728D, 0x832F, 0x62AC, 0x5AAC, 0x2947, 0x3126, 0x524A, 0x4A29,
  0x28E5, 0x62ED, 0x736F, 0x9CD4, 0xA4F5, 0x9CF5, 0x9494, 0x9453, 0x732F, 0x62ED, 0x8C12, 0x4A2A,
  0x7B90, 0x6B4E, 0x630D, 0x7BB0, 0xB597, 0x9CF5, 0xA536, 0xAD56, 0xB597, 0xB5B8, 0xAD57, 0xAD56,
  0xB5B8, 0xB597, 0xAD77, 0xAD77, 0xAD97, 0xAD98, 0xAD97, 0xAD97, 0xAD97, 0xAD97, 0xAD97, 0xAD77,
  0xAD77, 0xB597, 0xB597, 0xB597, 0xB597, 0xB597, 0xB597, 0xB597, 0xB597, 0xB597, 0xB597, 0xAD97,
  0xAD97, 0xAD97, 0xAD97, 0xAD97, 0xAD97, 0xAD97, 0xB597, 0xB597, 0xB597, 0xB597, 0xAD56, 0xAD77,
  0xB597, 0xB597, 0xB597, 0xB597, 0xB597, 0xB597, 0xB597, 0xB597, 0xB597, 0xB597, 0xB597, 0xB597,
  0xB597, 0xB597, 0xB597, 0xB597, 0xB597, 0xB597, 0xB597, 0xB597, 0xB597, 0xB597, 0xB597, 0xB597,
  0xB597, 0xB597, 0xB597, 0xB597, 0xB597, 0xB597, 0xB597, 0xB597, 0xB597, 0xB597, 0xB597, 0xB597,
  0xB597, 0xB597, 0xB597, 0xB597, 0xB597, 0xAD76, 0xA515, 0xA515, 0xA535, 0xAD76, 0xAD97, 0xAD97,
  0xAD77, 0xAD76, 0xAD97, 0xAD97, 0xAD97, 0xAD97, 0xB597, 0xB597, 0xB597, 0xB597, 0xB597, 0xB597,
  0xB597, 0xB597, 0xB597, 0xB597, 0xAD76, 0xB597, 0xB597, 0xB597, 0xB597, 0xAD76, 0xAD76, 0xAD76,
  0xAD76, 0xAD76, 0xAD76, 0xAD76, 0xB597, 0xAD76, 0xAD76, 0xAD76, 0xAD76, 0xAD76, 0xAD76, 0xAD76,
  0xB5B8, 0xB5B8, 0xB5B8, 0xB5B8, 0xB5B8, 0xB5B8, 0xB5B8, 0xB5B8, 0xB5B8, 0xB5B8, 0xB5B8, 0xB5B8,
  0xB5B8, 0xB5B8, 0xB5B8, 0xB5B8, 0xB5B8, 0xB5B8, 0xB5B8, 0xB5B8, 0xB5B8, 0xB5B8, 0xB5B8, 0xB5B8,
  0xB5B8, 0xB5B8, 0xB5B8, 0xB5B8, 0xB5B8, 0xB5B8, 0xB5B8, 0xB5B8, 0xB5B8, 0xB5B8, 0xB5B8, 0xB5B8,
  0xB5B8, 0xB5B8, 0xB5B8, 0xB5B8, 0xB5B8, 0xB5B8, 0xAD77, 0xAD97, 0xB5B8, 0xB5B8, 0xB5B8, 0xB5B8,
  0xB5B8, 0xB5B8, 0xB5B8, 0xB5B8, 0xB5B8, 0xB597, 0xB597, 0xB5B7, 0xB5B7, 0xB5B7, 0xAD76, 0xB5B7,
  0xAD97, 0xAD77, 0xB5B8, 0xB5B8, 0xB5B7, 0xB5B8, 0xB5B7, 0xB5B8, 0xB5B8, 0xB5B8, 0xB5B8, 0xB5B8,
  0xB5B7, 0xB5D8, 0xE75D, 0xBE39, 0xBE18, 0xB5D7, 0x630D, 0x31A7, 0x2966, 0x8452, 0xAD77, 0xAD57,
  0xB5B8, 0xB5B8, 0xB5B8, 0x8C32, 0x9CF4, 0xDF1C, 0x6B2D, 0x18A4, 0x1083, 0x5A6B, 0x83D1, 0x524A,
  0x20A4, 0x5A6B, 0x738F, 0x9CF5, 0xAD36, 0xA4F5, 0x9453, 0x8C12, 0x83D1, 0x5A8C, 0x8C12, 0x524B,
  0x62ED, 0x738F, 0x6B4E, 0x6B4E, 0xA4F5, 0xA515, 0xAD77, 0xA536, 0xAD77, 0xAD77, 0xA536, 0xB597,
  0xB597, 0xB597, 0xAD77, 0xAD97, 0xAD97, 0xB597, 0xAD97, 0xAD97, 0xAD97, 0xAD97, 0xAD97, 0xAD77,
  0xB597, 0xB597, 0xB597, 0xB597, 0xB597, 0xB597, 0xB597, 0xB597, 0xB597, 0xB597, 0xB597, 0xB597,
  0xAD97, 0xAD97, 0xAD97, 0xAD97, 0xAD97, 0xAD97, 0xB597, 0xB597, 0xB597, 0xB597, 0xB597, 0xAD56,
  0xB597, 0xB597, 0xB597, 0xB597, 0xB597, 0xB597, 0xB597, 0xB597, 0xB597, 0xB597, 0xB597, 0xB597,
  0xB597, 0xB597, 0xB597, 0xB597, 0xB597, 0xB597, 0xB597, 0xB597, 0xB597, 0xB597, 0xB597, 0xB597,
  0xB597, 0xB597, 0xB597, 0xB597, 0xB597, 0xB597, 0xB597, 0xB597, 0xB597, 0xB597, 0xB597, 0xAD97,
  0xAD97, 0xB597, 0xB597, 0xB597, 0xB597, 0xAD56, 0x9CF4, 0x9CF4, 0xA535, 0xAD76, 0xAD97, 0xAD97,
  0xAD97, 0xAD97, 0xAD97, 0xAD97, 0xAD97, 0xAD97, 0xB597, 0xB597, 0xB597, 0xB597, 0xB597, 0xB597,
  0xB597, 0xB597, 0xB597, 0xB597, 0xB597, 0xB597, 0xB597, 0xAD76, 0xAD76, 0xAD76, 0xAD76, 0xAD76,
  0xAD76, 0xAD76, 0xAD76, 0xAD76, 0xAD76, 0xAD76, 0xAD76, 0xAD76, 0xAD76, 0xAD76, 0xAD76, 0xAD76,
  0xB5B8, 0xB5B8, 0xB5B8, 0xB5B8, 0xB5B8, 0xB5B8, 0xB5B8, 0xB5B8, 0xB5B8, 0xB5B8, 0xB5B8, 0xB5B8,
  0xB5B8, 0xB5B8, 0xB5B8, 0xB5B8, 0xB5B8, 0xB5B8, 0xB5B8, 0xB5B8, 0xB5B8, 0xB5B8, 0xB5B8, 0xB5B8,
  0xB5B8, 0xB5B8, 0xB5B8, 0xB5B8, 0xB5B8, 0xB5B8, 0xB5B8, 0xB5B8, 0xB5B8, 0xB5B8, 0xB5B8, 0xB5B8,
  0xB5B8, 0xB5B8, 0xB5B8, 0xB5B8, 0xB5B8, 0xB5B8, 0xAD97, 0xAD77, 0xB5B8, 0xB5B8, 0xB5B8, 0xB5B8,
  0xB5B8, 0xB5B8, 0xB5B8, 0xB5B8, 0xB5B7, 0xB5B7, 0xB597, 0xB5B7, 0xB5B7, 0xAD77, 0xAD97, 0xB597,
  0xAD56, 0xB5B8, 0xB5B7, 0xB5B8, 0xB5B7, 0xB5B7, 0xB5B7, 0xB5B8, 0xB5B8, 0xB5B8, 0xB5B8, 0xB5B8,
  0xA556, 0x94D4, 0xAD97, 0x94F4, 0xA535, 0x8411, 0x39E8, 0x41E8, 0x8C52, 0xB5B8, 0xAD56, 0xAD77,
  0xB5B8, 0xB5B8, 0xB597, 0xC639, 0xB5B7, 0xADB8, 0x736E, 0x4A09, 0x7BB0, 0xBDB8, 0x9C94, 0x5A6B,
  0x20A4, 0x4A09, 0x738F, 0x9CB4, 0xA4F5, 0xA4F5, 0xA4B4, 0x9BD2, 0x93B2, 0x832F, 0x9412, 0x62CD,
  0x4A0A, 0x736F, 0x6B0E, 0x6B2E, 0x8C52, 0x9CF5, 0xAD57, 0xAD36, 0xB598, 0xA536, 0xA536, 0xB597,
  0xB597, 0xAD77, 0xAD77, 0xAD77, 0xAD97, 0xAD98, 0xAD97, 0xAD97, 0xAD97, 0xAD97, 0xAD77, 0xAD97,
  0xAD97, 0xB597, 0xB597, 0xB597, 0xAD97, 0xB597, 0xB597, 0xB597, 0xB597, 0xB597, 0xB597, 0xB597,
  0xB597, 0xAD97, 0xAD97, 0xAD97, 0xAD97, 0xAD97, 0xB597, 0xB597, 0xB597, 0xB597, 0xB597, 0xAD56,
  0xAD76, 0xB597, 0xB597, 0xB597, 0xB597, 0xB597, 0xB597, 0xB597, 0xB597, 0xB597, 0xB597, 0xB597,
  0xB597, 0xB597, 0xB597, 0xB597, 0xB597, 0xB597, 0xB597, 0xB597, 0xB597, 0xB597, 0xB597, 0xB597,
  0xB597, 0xB597, 0xB597, 0xB597, 0xB597, 0xB597, 0xB597, 0xB597, 0xB597, 0xB597, 0xB597, 0xB597,
  0xB597, 0xB597, 0xB597, 0xB597, 0xB597, 0xAD56, 0x9CF4, 0xA515, 0xA535, 0xAD76, 0xB597, 0xB597,
  0xB597, 0xB597, 0xAD97, 0xAD97, 0xB597, 0xAD97, 0xB597, 0xB597, 0xB597, 0xB597, 0xB597, 0xB597,
  0xB597, 0xB597, 0xB597, 0xB597, 0xB597, 0xB597, 0xAD76, 0xAD76, 0xAD76, 0xAD76, 0xAD76, 0xAD76,
  0xAD76, 0xAD76, 0xAD76, 0xAD76, 0xAD76, 0xAD76, 0xAD76, 0xAD76, 0xAD76, 0xAD76, 0xAD76, 0xAD76,
  0xB5B8, 0xB5B8, 0xB5B8, 0xB5B8, 0xB5B8, 0xB5B8, 0xB5B8, 0xB5B8, 0xB5B8, 0xB5B8, 0xB5B8, 0xB5B8,
  0xB5B8, 0xB5B8, 0xB5B8, 0xB5B8, 0xB5B8, 0xB5B8, 0xB5B8, 0xB5B8, 0xB5B8, 0xB5B8, 0xB5B8, 0xB5B8,
  0xB5B8, 0xB5B8, 0xB5B8, 0xB5B8, 0xB5B8, 0xB5B8, 0xB5B8, 0xB5B8, 0xB5B8, 0xB5B8, 0xB5B8, 0xB5B8,
  0xB5B8, 0xB5B8, 0xB5B8, 0xB5B8, 0xB5B8, 0xB5B8, 0xB597, 0xAD76, 0xB5B8, 0xB5B8, 0xB5B8, 0xB5B8,
  0xB5B8, 0xB5B8, 0xB5B8, 0xB5B8, 0xB5B7, 0xB5B7, 0xB5B7, 0xB5B7, 0xB597, 0xAD76, 0xB5B7, 0xAD56,
  0xB597, 0xB5B8, 0xB5B8, 0xB5B8, 0xB5B8, 0xB5B8, 0xB5B8, 0xB5B8, 0xB5B8, 0xBDD8, 0xB5D8, 0xA556,
  0x7BD0, 0x632D, 0x5AEC, 0x630C, 0x4A6A, 0x2146, 0x39C8, 0x8C72, 0xB5D8, 0xB5B8, 0xAD77, 0xAD56,
  0xB5B8, 0xAD97, 0xBE19, 0xB67A, 0x9D35, 0x5AEC, 0x6B0D, 0xAD36, 0xB5B8, 0xBDD9, 0xA516, 0x5AAC,
  0x20A3, 0x41A8, 0x7B8F, 0x9C94, 0xAD36, 0xBCB5, 0xB2F3, 0x914E, 0x686A, 0x60CA, 0x71ED, 0x8B90,
  0x5AAC, 0x6B0E, 0x734F, 0x6B4E, 0x8412, 0x9CD5, 0xAD56, 0xA536, 0xA536, 0xAD77, 0xB598, 0xAD77,
  0xAD77, 0xAD77, 0xAD77, 0xAD97, 0xB597, 0xAD97, 0xAD97, 0xAD97, 0xAD97, 0xAD97, 0xAD77, 0xAD97,
  0xAD97, 0xAD97, 0xAD97, 0xAD97, 0xAD97, 0xB597, 0xB597, 0xB597, 0xB597, 0xB597, 0xAD97, 0xB597,
  0xB597, 0xAD97, 0xAD97, 0xAD97, 0xB597, 0xB597, 0xB597, 0xB597, 0xB597, 0xB597, 0xB597, 0xB597,
  0xAD56, 0xB597, 0xB597, 0xB597, 0xB597, 0xB597, 0xB597, 0xB597, 0xB597, 0xB597, 0xB597, 0xB597,
  0xB597, 0xB597, 0xB597, 0xB597, 0xB597, 0xB597, 0xB597, 0xB597, 0xB597, 0xB597, 0xB597, 0xB597,
  0xB597, 0xB597, 0xB597, 0xB597, 0xB597, 0xB597, 0xB597, 0xB597, 0xB597, 0xB597, 0xB597, 0xB597,
  0xB597, 0xB597, 0xB597, 0xB597, 0xB597, 0xAD56, 0xA515, 0xA515, 0xA535, 0xAD76, 0xB597, 0xB597,
  0xB597, 0xB597, 0xAD97, 0xAD97, 0xB597, 0xAD97, 0xB597, 0xB597, 0xB597, 0xB597, 0xB597, 0xB597,
  0xB597, 0xB597, 0xB597, 0xB597, 0xB597, 0xB597, 0xAD76, 0xB597, 0xB597, 0xAD76, 0xB597, 0xAD76,
  0xAD76, 0xAD76, 0xAD76, 0xAD76, 0xAD76, 0xAD76, 0xAD76, 0xB597, 0xAD76, 0xAD76, 0xAD76, 0xAD76,
  0xB5B8, 0xB5B8, 0xB5B8, 0xB5B8, 0xB5B8, 0xB5B8, 0xB5B8, 0xB5B8, 0xB5B8, 0xB5B8, 0xB5B8, 0xB5B8,
  0xB5B8, 0xB5B8, 0xB5B8, 0xB5B8, 0xB5B8, 0xB5B8, 0xB5B8, 0xB5B8, 0xB5B8, 0xB5B8, 0xB5B8, 0xB5B8,
  0xB5B8, 0xB5B8, 0xB5B8, 0xB5B8, 0xB5B8, 0xB5B8, 0xB5B8, 0xB5B8, 0xB5B8, 0xB5B8, 0xB5B8, 0xB5B8,
  0xB5B8, 0xB5B8, 0xB5B8, 0xB5B8, 0xB5B8, 0xB5B8, 0xB5B8, 0xAD56, 0xB5B7, 0xB5B8, 0xB5B8, 0xB5B8,
  0xB5B8, 0xB5B8, 0xB5B8, 0xB5B8, 0xB5B8, 0xB5B8, 0xB5B8, 0xB5B8, 0xAD77, 0xB597, 0xAD97, 0xAD77,
  0xB5B8, 0xB5B7, 0xB5B8, 0xB5B7, 0xB5B8, 0xB5B8, 0xB5B7, 0xB5B8, 0xB5B8, 0xA535, 0x7BF0, 0x630C,
  0x5ACC, 0x630C, 0x7BCF, 0x7BF0, 0x31C8, 0x2146, 0x7BD0, 0xB597, 0xAD77, 0xAD77, 0xA556, 0xA515,
  0xAD77, 0xCE7A, 0xBE39, 0x8CB3, 0x94F4, 0x630D, 0x83D0, 0xA516, 0xAD77, 0xBDB8, 0xAD57, 0x6B2D,
  0x2905, 0x3126, 0x732E, 0x9493, 0xB4B5, 0xB251, 0x900C, 0x800C, 0x780B, 0x680B, 0x78AD, 0x8A8F,
  0x7B90, 0x62AC, 0x734F, 0x6B4E, 0x7BF1, 0x9493, 0xAD57, 0xA516, 0xA515, 0xB597, 0xB598, 0xB5B8,
  0xAD56, 0xA536, 0xAD97, 0xAD97, 0xAD97, 0xB597, 0xB597, 0xB597, 0xAD97, 0xAD77, 0xAD97, 0xAD97,
  0xAD97, 0xAD97, 0xAD97, 0xAD97, 0xAD97, 0xAD97, 0xB597, 0xB597, 0xB597, 0xB597, 0xB597, 0xB597,
  0xB597, 0xAD97, 0xAD97, 0xB597, 0xB597, 0xB597, 0xB597, 0xB597, 0xB597, 0xB597, 0xB597, 0xB597,
  0xAD76, 0xAD76, 0xB597, 0xB597, 0xB597, 0xB597, 0xB597, 0xB597, 0xB597, 0xB597, 0xB597, 0xB597,
  0xB597, 0xB597, 0xB597, 0xB597, 0xB597, 0xB597, 0xB597, 0xB597, 0xB597, 0xB597, 0xB597, 0xB597,
  0xB597, 0xB597, 0xB597, 0xB597, 0xB597, 0xB597, 0xB597, 0xB597, 0xB597, 0xB597, 0xB597, 0xB597,
  0xB597, 0xB597, 0xB597, 0xB597, 0xB597, 0xAD56, 0x9CF5, 0xA515, 0xA535, 0xAD76, 0xB597, 0xB597,
  0xB597, 0xB597, 0xB597, 0xB597, 0xB597, 0xB597, 0xB597, 0xB597, 0xB597, 0xB597, 0xB597, 0xB597,
  0xB597, 0xB597, 0xB597, 0xB597, 0xB597, 0xAD76, 0xAD76, 0xB597, 0xB597, 0xAD76, 0xAD76, 0xAD76,
  0xAD76, 0xAD76, 0xAD76, 0xAD76, 0xAD76, 0xAD76, 0xAD76, 0xAD76, 0xAD76, 0xAD76, 0xAD76, 0xAD76,
  0xB5B8, 0xB5B8, 0xB5B8, 0xB5B8, 0xB5B8, 0xB5B8, 0xB5B8, 0xB5B8, 0xB5B8, 0xB5B8, 0xB5B8, 0xB5B8,
  0xB5B8, 0xB5B8, 0xB5B8, 0xB5B8, 0xB5B8, 0xB5B8, 0xB5B8, 0xB5B8, 0xB5B8, 0xB5B8, 0xB5B8, 0xB5B8,
  0xB5B8, 0xB5B8, 0xB5B8, 0xB5B8, 0xB5B8, 0xB5B8, 0xB5B8, 0xB5B8, 0xB5B8, 0xB5B8, 0xB5B8, 0xB5B8,
  0xB5B8, 0xB5B8, 0xB5B8, 0xB5B8, 0xB5B8, 0xB5B8, 0xB5B8, 0xAD77, 0xAD97, 0xB5B8, 0xB5B8, 0xB5B8,
  0xB5B8, 0xB5B8, 0xB5B8, 0xB5B8, 0xB5B8, 0xB5B8, 0xB5B8, 0xB597, 0xAD76, 0xB5B7, 0xAD56, 0xB5B7,
  0xB5B8, 0xB5B8, 0xB5B7, 0xB5B8, 0xB5B8, 0xB5B7, 0xB5B7, 0x9CF5, 0x73B0, 0x4A6A, 0x4A6A, 0x4209,
  0x630D, 0x8C51, 0xA535, 0xAD56, 0x94B3, 0x9493, 0xA515, 0xAD77, 0xAD97, 0xAD97, 0xA556, 0xA515,
  0xCE7A, 0xC65A, 0x8C52, 0xC67A, 0x94D4, 0x630D, 0x8C72, 0xAD77, 0xA536, 0xB598, 0xB598, 0x6B2E,
  0x41C8, 0x3105, 0x62CC, 0x9453, 0x9B10, 0x800C, 0x900E, 0xA870, 0xA912, 0xD2B9, 0xD278, 0x9A50,
  0x83AF, 0x734E, 0x734F, 0x6B4E, 0x738F, 0x8C52, 0xA536, 0xA516, 0xA536, 0xAD77, 0xB598, 0xB597,
  0xAD57, 0xA536, 0xAD77, 0xAD97, 0xAD97, 0xB597, 0xB597, 0xB597, 0xAD77, 0xAD97, 0xAD97, 0xAD97,
  0xAD97, 0xAD97, 0xAD97, 0xAD97, 0xAD97, 0xAD97, 0xB597, 0xB597, 0xB597, 0xB597, 0xB597, 0xB597,
  0xB597, 0xAD97, 0xB597, 0xB597, 0xB597, 0xB597, 0xB597, 0xB597, 0xB597, 0xB597, 0xB597, 0xB597,
  0xB597, 0xA536, 0xB597, 0xB597, 0xB597, 0xB597, 0xB597, 0xB597, 0xB597, 0xB597, 0xB597, 0xB597,
  0xB597, 0xB597, 0xB597, 0xB597, 0xB597, 0xB597, 0xB597, 0xB597, 0xB597, 0xB597, 0xB597, 0xB597,
  0xB597, 0xB597, 0xB597, 0xB597, 0xB597, 0xB597, 0xB597, 0xB597, 0xB597, 0xB597, 0xB597, 0xB597,
  0xB597, 0xB597, 0xAD97, 0xB597, 0xB597, 0xAD56, 0x9CF4, 0xA515, 0xA535, 0xAD76, 0xB597, 0xB597,
  0xB597, 0xB597, 0xB597, 0xB597, 0xB597, 0xB597, 0xB597, 0xB597, 0xB597, 0xB597, 0xB597, 0xB597,
  0xB597, 0xB597, 0xB597, 0xB597, 0xB597, 0xAD76, 0xAD76, 0xB597, 0xB597, 0xAD76, 0xAD76, 0xAD76,
  0xAD76, 0xAD76, 0xB597, 0xAD76, 0xAD76, 0xAD76, 0xAD76, 0xAD76, 0xAD76, 0xAD76, 0xAD76, 0xAD76,
  0xB5B8, 0xB5B8, 0xB5B8, 0xB5B8, 0xB5B8, 0xB5B8, 0xB5B8, 0xB5B8, 0xB5B8, 0xB5B8, 0xB5B8, 0xB5B8,
  0xB5B8, 0xB5B8, 0xB5B8, 0xB5B8, 0xB5B8, 0xB5B8, 0xB5B8, 0xB5B8, 0xB5B8, 0xB5B8, 0xB5B8, 0xB5B8,
  0xB5B8, 0xB5B8, 0xB5B8, 0xB5B8, 0xB5B8, 0xB5B8, 0xB5B8, 0xB5B8, 0xB5B8, 0xB5B8, 0xB5B8, 0xB5B8,
  0xB5B8, 0xB5B8, 0xB5B8, 0xB5B8, 0xB5B7, 0xB5B8, 0xB5B8, 0xAD97, 0xAD77, 0xB5B8, 0xB5B8, 0xB5B8,
  0xB5B8, 0xB5B8, 0xB5B8, 0xB5B8, 0xB5B8, 0xB5B8, 0xB5B8, 0xAD77, 0xB597, 0xAD77, 0xB597, 0xB5B8,
  0xB5B8, 0xB5B8, 0xB5B8, 0xB5D8, 0xB5B8, 0xB5B7, 0x8C92, 0x5ACB, 0x4A6A, 0x39C8, 0x31A7, 0x5ACC,
  0x9CF4, 0xB597, 0xB5B8, 0xAD77, 0x9D15, 0x9CF5, 0xA516, 0xAD77, 0xAD77, 0xAD76, 0xAD76, 0xCE7A,
  0xD6DB, 0xE75D, 0xAD56, 0x9CF4, 0x8411, 0x630D, 0x9CD4, 0xB5D8, 0xA556, 0xAD56, 0xBDD8, 0x738F,
  0x41C8, 0x28E5, 0x5AAB, 0x8C32, 0x79AC, 0x804B, 0x904D, 0x900D, 0x986F, 0xDABA, 0xD218, 0xA291,
  0x8410, 0x8C31, 0x736F, 0x738F, 0x6B2E, 0x7BD0, 0x9CD5, 0xA536, 0xAD56, 0xAD57, 0xB598, 0xAD77,
  0xAD56, 0xB597, 0xAD77, 0xAD77, 0xAD97, 0xAD97, 0xAD98, 0xAD97, 0xAD77, 0xAD98, 0xAD97, 0xAD97,
  0xAD97, 0xAD97, 0xAD97, 0xAD97, 0xAD97, 0xB597, 0xB597, 0xB597, 0xB597, 0xB597, 0xB597, 0xB597,
  0xB597, 0xB597, 0xB597, 0xB597, 0xB597, 0xAD97, 0xB597, 0xB597, 0xB597, 0xAD97, 0xAD97, 0xAD97,
  0xB597, 0xAD56, 0xAD76, 0xB597, 0xB597, 0xB597, 0xB597, 0xB597, 0xB597, 0xB597, 0xB597, 0xB597,
  0xB597, 0xB597, 0xB597, 0xB597, 0xB597, 0xB597, 0xB597, 0xB597, 0xB597, 0xB597, 0xB597, 0xB597,
  0xB597, 0xB597, 0xB597, 0xB597, 0xB597, 0xB597, 0xB597, 0xB597, 0xB597, 0xB597, 0xB597, 0xAD97,
  0xB597, 0xB597, 0xAD97, 0xB597, 0xB597, 0xAD56, 0x9CF4, 0xA515, 0xA535, 0xB597, 0xB597, 0xB597,
  0xB597, 0xB597, 0xB597, 0xB597, 0xB597, 0xB597, 0xB597, 0xB597, 0xB597, 0xB597, 0xB597, 0xB597,
  0xB597, 0xB597, 0xB597, 0xB597, 0xB597, 0xAD76, 0xAD76, 0xAD76, 0xAD76, 0xAD76, 0xAD76, 0xAD76,
  0xAD76, 0xAD76, 0xAD76, 0xAD76, 0xAD76, 0xAD76, 0xAD76, 0xAD76, 0xAD76, 0xAD76, 0xAD76, 0xAD76,
  0xB5B8, 0xB5B8, 0xB5B8, 0xB5B8, 0xB5B8, 0xB5B8, 0xB5B8, 0xB5B8, 0xB5B8, 0xB5B8, 0xB5B8, 0xB5B8,
  0xB5B8, 0xB5B8, 0xB5B8, 0xB5B8, 0xB5B8, 0xB5B8, 0xB5B8, 0xB5B8, 0xB5B8, 0xB5B8, 0xB5B8, 0xB5B8,
  0xB5B8, 0xB5B8, 0xB5B8, 0xB5B8, 0xB5B8, 0xB5B8, 0xB5B8, 0xB5B8, 0xB5B8, 0xB5B8, 0xB597, 0xB5B8,
  0xB5B8, 0xB5B8, 0xB5B8, 0xB5B8, 0xB5B8, 0xB5B8, 0xB5B8, 0xB5B8, 0xAD56, 0xB5B8, 0xB5B8, 0xB5B8,
  0xB5B8, 0xB5B8, 0xB5B8, 0xB5B8, 0xB5B8, 0xB5B8, 0xB5B8, 0xAD77, 0xB5B8, 0xAD77, 0xB5B8, 0xB5B8,
  0xB5B8, 0xB5B7, 0xB5B8, 0xAD76, 0x94B3, 0x94B3, 0x632D, 0x4208, 0x3187, 0x52AB, 0x9493, 0xB597,
  0xB597, 0xAD77, 0xAD77, 0xA536, 0x94D4, 0x94B4, 0x9CF5, 0xA556, 0xAD56, 0xC639, 0xC67A, 0x9D56,
  0x94D4, 0xDEFC, 0xBE19, 0xA536, 0x6B4E, 0x6B4D, 0xA515, 0xB5B8, 0xB598, 0xA536, 0xB598, 0x8C32,
  0x41E9, 0x2905, 0x41C8, 0x734E, 0x698B, 0x804B, 0x88AC, 0x900C, 0xA0B0, 0xDA59, 0xCA15, 0x9B31,
  0x9CF2, 0xB596, 0x6B2E, 0x6B4F, 0x630E, 0x736F, 0x9CD4, 0xA515, 0xAD56, 0xAD56, 0xAD77, 0xAD57,
  0xAD77, 0xB598, 0xB598, 0xAD57, 0xAD77, 0xAD97, 0xAD98, 0xAD77, 0xAD97, 0xAD97, 0xAD97, 0xAD77,
  0xAD77, 0xAD97, 0xAD97, 0xAD97, 0xB597, 0xB597, 0xB597, 0xB597, 0xB597, 0xB597, 0xB597, 0xB597,
  0xB597, 0xAD97, 0xB597, 0xB597, 0xB597, 0xB597, 0xB597, 0xB597, 0xB597, 0xB597, 0xB597, 0xB597,
  0xB597, 0xAD77, 0xAD56, 0xB597, 0xB597, 0xB597, 0xB597, 0xB597, 0xB597, 0xB597, 0xB597, 0xB597,
  0xB597, 0xB597, 0xB597, 0xB597, 0xB597, 0xB597, 0xB597, 0xB597, 0xB597, 0xB597, 0xB597, 0xB597,
  0xB597, 0xB597, 0xB597, 0xB597, 0xB597, 0xB597, 0xB597, 0xB597, 0xB597, 0xB597, 0xB597, 0xB597,
  0xB597, 0xAD97, 0xB597, 0xB597, 0xB597, 0xA536, 0x9CF4, 0xA515, 0xA536, 0xB597, 0xB597, 0xB597,
  0xB597, 0xB597, 0xB597, 0xB597, 0xB597, 0xB597, 0xB597, 0xB597, 0xB597, 0xB597, 0xB597, 0xB597,
  0xB597, 0xB597, 0xB597, 0xB597, 0xAD76, 0xAD76, 0xAD76, 0xAD76, 0xAD76, 0xAD76, 0xAD76, 0xAD76,
  0xAD76, 0xAD76, 0xAD76, 0xAD76, 0xAD76, 0xAD76, 0xB597, 0xAD76, 0xAD76, 0xAD76, 0xAD76, 0xAD76,
  0xB5B8, 0xB5B8, 0xB5B8, 0xB5B8, 0xB5B8, 0xB5B8, 0xB5B8, 0xB5B8, 0xB5B8, 0xB5B8, 0xB5B8, 0xB5B8,
  0xB5B8, 0xB5B8, 0xB5B8, 0xB5B8, 0xB5B8, 0xB5B8, 0xB5B8, 0xB5B8, 0xB5B8, 0xB5B8, 0xB5B8, 0xB5B8,
  0xB5B8, 0xB5B8, 0xB5B8, 0xB5B8, 0xB5B8, 0xB5B8, 0xB5B8, 0xB5B8, 0xB5B8, 0xB5B8, 0xAD97, 0xAD97,
  0xB5B8, 0xB5B8, 0xB5B8, 0xB5B8, 0xB5B8, 0xB5B8, 0xB5B8, 0xB5B8, 0xAD77, 0xB597, 0xB5B8, 0xB5B8,
  0xB5B8, 0xB5B8, 0xB5B8, 0xB5B8, 0xB5B8, 0xB5B8, 0xAD97, 0xAD97, 0xAD77, 0xB597, 0xB5B8, 0xB5B7,
  0xB5B8, 0xAD56, 0x8C72, 0x7BF0, 0x8431, 0x9493, 0x6B2D, 0x5ACC, 0x8411, 0xAD77, 0xB597, 0xAD97,
  0xAD97, 0xB597, 0xAD97, 0xAD77, 0x9CF5, 0x94D4, 0x9CF5, 0xB597, 0xD6FC, 0xC69B, 0xA556, 0x8CB3,
  0x73CF, 0x9D15, 0x7C11, 0x8C72, 0x5AEC, 0x6B6E, 0xAD56, 0xAD77, 0xB598, 0xB597, 0xAD57, 0x9CF5,
  0x4A29, 0x3126, 0x3146, 0x62AC, 0x7A8D, 0x70AA, 0x808B, 0x88AB, 0x910E, 0xBA14, 0xA2D0, 0x7B6E,
  0xA533, 0x9CD3, 0x526B, 0x5ACD, 0x528B, 0x6B4E, 0x9494, 0xA536, 0xAD56, 0xAD57, 0xA536, 0xAD77,
  0xB597, 0xB598, 0xB598, 0xB597, 0xAD56, 0xAD97, 0xAD77, 0xA556, 0xA557, 0xAD56, 0xAD77, 0xAD77,
  0xAD77, 0xAD77, 0xAD76, 0xA556, 0xAD56, 0xAD77, 0xB597, 0xB597, 0xB597, 0xB597, 0xB597, 0xB597,
  0xB597, 0xB597, 0xB597, 0xB597, 0xB597, 0xB597, 0xB597, 0xB597, 0xB597, 0xB597, 0xB597, 0xB597,
  0xB597, 0xB597, 0xAD56, 0xAD97, 0xB597, 0xB597, 0xB597, 0xB597, 0xB597, 0xB597, 0xB597, 0xB597,
  0xB597, 0xB597, 0xB597, 0xB597, 0xB597, 0xB597, 0xB597, 0xB597, 0xB597, 0xB597, 0xB597, 0xB597,
  0xB597, 0xB597, 0xB597, 0xB597, 0xB597, 0xB597, 0xB597, 0xB597, 0xB597, 0xB597, 0xB597, 0xB597,
  0xAD97, 0xB597, 0xB597, 0xB597, 0xB597, 0xA535, 0x9CF4, 0xA515, 0xA536, 0xB597, 0xB597, 0xB597,
  0xB597, 0xB597, 0xB597, 0xB597, 0xB597, 0xB597, 0xB597, 0xB597, 0xB597, 0xB597, 0xB597, 0xB597,
  0xB597, 0xB597, 0xB597, 0xB597, 0xAD76, 0xAD76, 0xAD76, 0xAD76, 0xAD76, 0xAD76, 0xAD76, 0xAD76,
  0xAD76, 0xAD76, 0xAD76, 0xAD76, 0xAD76, 0xAD76, 0xAD76, 0xAD76, 0xAD76, 0xAD76, 0xB597, 0xAD76,
  0xB5B8, 0xB5B8, 0xB5B8, 0xB5B8, 0xB5B8, 0xB5B8, 0xB5B8, 0xB5B8, 0xB5B8, 0xB5B8, 0xB5B8, 0xB5B8,
  0xB5B8, 0xB5B8, 0xB5B8, 0xB5B8, 0xB5B8, 0xB5B8, 0xB5B8, 0xB5B8, 0xB5B8, 0xB5B8, 0xB5B8, 0xB5B8,
  0xB5B8, 0xB5B8, 0xB5B8, 0xB5B8, 0xB5B8, 0xB5B8, 0xB5B8, 0xB5B8, 0xB5B8, 0xB5B8, 0xB5B8, 0xB5B8,
  0xB5B8, 0xB5B8, 0xB5B8, 0xB5B8, 0xB5B8, 0xB5B8, 0xB5B8, 0xB5B8, 0xAD97, 0xAD77, 0xB5B8, 0xB5B8,
  0xB5B8, 0xB5B8, 0xB5B8, 0xB5B8, 0xB5B8, 0xB5B8, 0xAD77, 0xAD97, 0xAD76, 0xB5B8, 0xB5B7, 0xB5B7,
  0xA535, 0x73AF, 0x5AEC, 0x7BCF, 0x8431, 0xA535, 0x738F, 0x738E, 0xB597, 0xB5B8, 0xB5B8, 0xB5B8,
  0xB5B8, 0xB5B8, 0xB5B8, 0xAD56, 0x94D4, 0x9CF4, 0xBDF8, 0xE75E, 0xA5D8, 0x6BAF, 0xB5D8, 0xC639,
  0x4A8B, 0x3A09, 0x52CC, 0x8C52, 0x630D, 0x73AF, 0xB5B8, 0xB598, 0xAD57, 0xB598, 0xAD57, 0xA536,
  0x5A8B, 0x3966, 0x3126, 0x49E9, 0x62CC, 0x7AAD, 0x79CC, 0x798C, 0x8A8E, 0x9350, 0x630D, 0x526B,
  0x7BAF, 0x5AAC, 0x420A, 0x5ACD, 0x526B, 0x630D, 0x8C52, 0xAD36, 0xAD36, 0xAD56, 0xA536, 0xAD57,
  0xB597, 0xB598, 0xB598, 0xB598, 0xAD77, 0xA536, 0xA536, 0xAD77, 0xAD77, 0xB597, 0xB598, 0xB598,
  0xB598, 0xB598, 0xB598, 0xB597, 0xB597, 0xAD77, 0xAD77, 0xAD56, 0xAD77, 0xAD77, 0xAD77, 0xAD77,
  0xAD77, 0xAD77, 0xAD77, 0xAD77, 0xAD77, 0xAD77, 0xAD77, 0xB597, 0xB597, 0xB597, 0xB597, 0xB597,
  0xB597, 0xB5B7, 0xAD76, 0xAD56, 0xB597, 0xB597, 0xB597, 0xB597, 0xB597, 0xB597, 0xB597, 0xB597,
  0xB597, 0xB597, 0xB597, 0xB597, 0xB597, 0xB597, 0xB597, 0xB597, 0xB597, 0xB597, 0xB597, 0xB597,
  0xB597, 0xB597, 0xB597, 0xB597, 0xB597, 0xB597, 0xB597, 0xB597, 0xB597, 0xB597, 0xB597, 0xAD97,
  0xAD97, 0xAD97, 0xB597, 0xB597, 0xB597, 0xA535, 0x9CF4, 0xA515, 0xAD36, 0xB597, 0xB597, 0xB597,
  0xB597, 0xB597, 0xAD76, 0xB597, 0xB597, 0xB597, 0xB597, 0xB597, 0xB597, 0xB597, 0xB597, 0xB597,
  0xB597, 0xB597, 0xB597, 0xAD76, 0xAD76, 0xAD76, 0xAD76, 0xAD76, 0xAD76, 0xAD76, 0xAD76, 0xAD76,
  0xAD76, 0xAD76, 0xAD76, 0xAD76, 0xAD76, 0xAD76, 0xAD76, 0xAD76, 0xAD76, 0xAD76, 0xAD76, 0xAD76,
  0xB5B8, 0xB5B8, 0xB5B8, 0xB5B8, 0xB5B8, 0xB5B8, 0xB5B8, 0xB5B8, 0xB5B8, 0xB5B8, 0xB5B8, 0xB5B8,
  0xB5B8, 0xB5B8, 0xB5B8, 0xB5B8, 0xB5B8, 0xB5B8, 0xB5B8, 0xB5B8, 0xB5B8, 0xB5B8, 0xB5B8, 0xB5B8,
  0xB5B8, 0xB5B8, 0xB5B8, 0xB5B8, 0xB5B8, 0xB5B8, 0xB5B8, 0xB5B8, 0xB5B8, 0xB5B8, 0xB5B8, 0xB5B8,
  0xB5B8, 0xB5B8, 0xB5B8, 0xB5B8, 0xB5B8, 0xB5B8, 0xB5B8, 0xB5B8, 0xADB7, 0xAD76, 0xB5B8, 0xB5B8,
  0xB5B8, 0xB5B8, 0xB5B8, 0xB5B8, 0xB5B8, 0xAD97, 0xAD77, 0xAD77, 0xAD97, 0xB5B8, 0xAD76, 0x8C93,
  0x73AF, 0x7BF0, 0x94D3, 0x8C72, 0xA535, 0xA536, 0x8C52, 0x738E, 0x9CF4, 0xB5D8, 0xB5B8, 0xB5B8,
  0xB5B8, 0xAD97, 0xAD97, 0xA556, 0xB5D7, 0xDF1C, 0xE75D, 0x8CB4, 0x52CC, 0x5AEC, 0xA536, 0x8453,
  0x2967, 0x3A09, 0x6B8F, 0x8431, 0x5ACC, 0x7BF0, 0xAD97, 0xB597, 0xB597, 0xAD57, 0xB598, 0xA556,
  0x738F, 0x3987, 0x3946, 0x41C8, 0x524B, 0x4209, 0x5ACC, 0x8C31, 0x8C11, 0x6B0D, 0x2966, 0x18A4,
  0x524B, 0x630E, 0x4A4A, 0x526B, 0x528C, 0x5ACD, 0x7BD0, 0xA515, 0xAD56, 0xA516, 0xAD77, 0xAD56,
  0xB597, 0xB598, 0xB598, 0xAD77, 0xAD56, 0xA536, 0xAD57, 0xB598, 0xB597, 0xB598, 0xB598, 0xB598,
  0xB598, 0xB598, 0xB598, 0xB5B8, 0xB5B8, 0xB5B8, 0xB5B8, 0xAD77, 0xA556, 0xA556, 0xAD56, 0xB597,
  0xB5B8, 0xB5B8, 0xB5B8, 0xB597, 0xB597, 0xB597, 0xAD97, 0xAD77, 0xAD77, 0xAD77, 0xB597, 0xB597,
  0xB597, 0xB597, 0xB597, 0xA536, 0xB597, 0xB597, 0xB597, 0xB597, 0xB597, 0xB597, 0xB597, 0xB597,
  0xB597, 0xB597, 0xB597, 0xB597, 0xB597, 0xB597, 0xB597, 0xB597, 0xB597, 0xB597, 0xB597, 0xB597,
  0xB597, 0xB597, 0xB597, 0xB597, 0xB597, 0xB597, 0xB597, 0xB597, 0xB597, 0xB597, 0xB597, 0xB597,
  0xAD97, 0xAD97, 0xAD97, 0xB597, 0xB597, 0xA535, 0x9CF4, 0xA515, 0xAD56, 0xB597, 0xB597, 0xB597,
  0xB597, 0xB597, 0xB597, 0xB597, 0xB597, 0xB597, 0xB597, 0xB597, 0xB597, 0xB597, 0xB597, 0xB597,
  0xB597, 0xAD76, 0xAD76, 0xAD76, 0xAD76, 0xAD76, 0xAD76, 0xAD76, 0xAD76, 0xAD76, 0xAD76, 0xAD76,
  0xAD76, 0xAD76, 0xAD76, 0xAD76, 0xAD76, 0xAD76, 0xAD76, 0xAD76, 0xAD76, 0xAD76, 0xAD76, 0xAD76,
  0xB5B8, 0xB5B8, 0xB5B8, 0xB5B8, 0xB5B8, 0xB5B8, 0xB5B8, 0xB5B8, 0xB5B8, 0xB5B8, 0xB5B8, 0xB5B8,
  0xB5B8, 0xB5B8, 0xB5B8, 0xB5B8, 0xB5B8, 0xB5B8, 0xB5B8, 0xB5B8, 0xB5B8, 0xB5B8, 0xB5B8, 0xB5B8,
  0xB5B8, 0xB5B8, 0xB5B8, 0xB5B8, 0xB5B8, 0xB5B8, 0xB5B8, 0xB5B8, 0xB5B8, 0xB5B8, 0xB5B8, 0xB5B8,
  0xB5B8, 0xB5B8, 0xB5B8, 0xB5B8, 0xB5B8, 0xB5B8, 0xB5B8, 0xB5B8, 0xB5B8, 0xAD77, 0xAD97, 0xB5B8,
  0xB5B8, 0xB5B8, 0xB5B8, 0xB5B8, 0xB5B8, 0xAD97, 0xAD77, 0xAD77, 0xB5B8, 0xAD76, 0x8C72, 0x738F,
  0x738F, 0xAD76, 0xCE7A, 0x8C92, 0xA535, 0x5B0D, 0xA556, 0x8431, 0x73D0, 0xA556, 0xAD97, 0xAD97,
  0xAD77, 0xAD77, 0xBDF8, 0xD6DC, 0xE73D, 0xEF7E, 0xDF1D, 0x94D4, 0x632D, 0x9CD4, 0x8412, 0x31A8,
  0x8432, 0xB597, 0xB5B7, 0x8431, 0x5AAC, 0x8C72, 0xAD77, 0xAD56, 0xB577, 0xAD77, 0xAD77, 0xAD77,
  0x9473, 0x5A8B, 0x3987, 0x41A8, 0x6B2E, 0x3988, 0x39A8, 0xB576, 0x9CD4, 0x734E, 0x28E6, 0x4188,
  0x8C12, 0x736F, 0x6B0E, 0x526B, 0x528B, 0x5AAC, 0x6B4E, 0x94B4, 0xA536, 0xA515, 0xAD77, 0xAD56,
  0xB577, 0xB597, 0xAD57, 0xAD57, 0xB597, 0xB577, 0xAD57, 0xB597, 0xB598, 0xB598, 0xB598, 0xB598,
  0xB597, 0xB598, 0xB598, 0xB5B8, 0xB5B8, 0xB5B8, 0xAD77, 0xAD77, 0xB597, 0xB5B8, 0xB597, 0xAD76,
  0xAD77, 0xB597, 0xB5B8, 0xB5B8, 0xB5B8, 0xB597, 0xB597, 0xB597, 0xB597, 0xAD97, 0xAD76, 0xAD97,
  0xB597, 0xB597, 0xB597, 0xAD56, 0xB597, 0xB597, 0xB597, 0xB597, 0xB597, 0xB597, 0xB597, 0xB597,
  0xB597, 0xB597, 0xB597, 0xB597, 0xB597, 0xB597, 0xB597, 0xB597, 0xB597, 0xB597, 0xB597, 0xB597,
  0xB597, 0xB597, 0xB597, 0xB597, 0xB597, 0xB597, 0xB597, 0xB597, 0xB597, 0xB597, 0xB597, 0xB597,
  0xAD97, 0xB597, 0xB597, 0xB597, 0xB597, 0xA535, 0x9CF4, 0xA515, 0xAD56, 0xB597, 0xB597, 0xB597,
  0xB597, 0xB597, 0xB597, 0xB597, 0xB597, 0xB597, 0xB597, 0xB597, 0xB597, 0xB597, 0xB597, 0xB597,
  0xB597, 0xAD76, 0xAD76, 0xAD76, 0xAD76, 0xAD76, 0xAD76, 0xAD76, 0xAD76, 0xAD76, 0xAD76, 0xAD76,
  0xAD76, 0xAD76, 0xAD76, 0xAD76, 0xAD76, 0xAD76, 0xAD76, 0xAD76, 0xAD76, 0xAD76, 0xAD76, 0xAD76,
  0xB5B8, 0xB5B8, 0xB5B8, 0xB5B8, 0xB5B8, 0xB5B8, 0xB5B8, 0xB5B8, 0xB5B8, 0xB5B8, 0xB5B8, 0xB5B8,
  0xB5B8, 0xB5B8, 0xB5B8, 0xB5B8, 0xB5B8, 0xB5B8, 0xB5B8, 0xB5B8, 0xB5B8, 0xB5B8, 0xB5B8, 0xB5B8,
  0xB5B8, 0xB5B8, 0xB5B8, 0xB5B8, 0xB5B8, 0xB5B8, 0xB5B8, 0xB5B8, 0xB5B8, 0xB5B8, 0xB5B8, 0xB5B8,
  0xB5B8, 0xB5B8, 0xB5B8, 0xB5B8, 0xB5B8, 0xB5B8, 0xB5B8, 0xB5B8, 0xB5B8, 0xAD97, 0xAD77, 0xB5B8,
  0xB5B8, 0xB5B8, 0xB5B8, 0xB5B8, 0xB5B8, 0xAD77, 0xAD77, 0xB597, 0xB597, 0x9CF4, 0x9492, 0x6B6E,
  0x6B8E, 0xB5D7, 0xD6DC, 0x9CF4, 0x8451, 0x9CF4, 0xAD97, 0x9D15, 0x94B4, 0x94D4, 0xA536, 0xAD97,
  0xB5D8, 0xC69A, 0xCEDC, 0xADF8, 0x9515, 0xCEBC, 0x7C32, 0x8C72, 0x9CF4, 0x9CF5, 0x4A6B, 0x8C52,
  0x8C94, 0x94D4, 0xB5B8, 0x8411, 0x5AAC, 0x9CD4, 0xAD77, 0xAD57, 0xAD57, 0xB577, 0xAD57, 0xAD77,
  0x94B4, 0x734E, 0x41A8, 0x3967, 0x5A8B, 0x7B8F, 0x8C31, 0xD6DC, 0xC639, 0x8C11, 0x8390, 0x83D1,
  0x83B1, 0x7B90, 0x6B2E, 0x6B2E, 0x5ACC, 0x62CD, 0x526B, 0x8C73, 0xAD56, 0x9CF5, 0xAD56, 0xAD77,
  0xAD36, 0xAD77, 0xAD57, 0xB598, 0xB597, 0xAD56, 0xAD36, 0xAD56, 0xB597, 0xB597, 0xB598, 0xB597,
  0xAD77, 0xAD77, 0xAD57, 0xAD77, 0xB597, 0xAD77, 0xAD77, 0xB5B8, 0xB5B8, 0xB5B8, 0xB5B8, 0xB5B8,
  0xB597, 0xAD77, 0xAD77, 0xB597, 0xB5B8, 0xB5B8, 0xB597, 0xB5B7, 0xB5B7, 0xB5B7, 0xB597, 0xAD77,
  0xAD76, 0xB597, 0xB5B7, 0xAD56, 0xAD76, 0xB597, 0xB5B7, 0xB597, 0xB597, 0xB597, 0xB597, 0xB597,
  0xB597, 0xB597, 0xB597, 0xB597, 0xB597, 0xB597, 0xB597, 0xB597, 0xB597, 0xB597, 0xB597, 0xB597,
  0xB597, 0xB597, 0xB597, 0xB597, 0xB597, 0xB597, 0xB597, 0xB597, 0xB597, 0xB597, 0xB597, 0xB597,
  0xB597, 0xB597, 0xB597, 0xB597, 0xB597, 0xA535, 0x9CF5, 0xA515, 0xAD56, 0xB597, 0xB597, 0xB597,
  0xB597, 0xB597, 0xB597, 0xB597, 0xB597, 0xB597, 0xB597, 0xB597, 0xB597, 0xB597, 0xB597, 0xB597,
  0xAD76, 0xAD76, 0xAD76, 0xAD76, 0xAD76, 0xAD76, 0xAD76, 0xAD76, 0xAD76, 0xAD76, 0xAD76, 0xAD76,
  0xAD76, 0xAD76, 0xAD76, 0xAD76, 0xAD76, 0xB597, 0xAD76, 0xAD76, 0xAD76, 0xAD76, 0xAD76, 0xAD76,
  0xB5B8, 0xB5B8, 0xB5B8, 0xB5B8, 0xB5B8, 0xB5B8, 0xB5B8, 0xB5B8, 0xB5B8, 0xB5B8, 0xB5B8, 0xB5B8,
  0xB5B8, 0xB5B8, 0xB5B8, 0xB5B8, 0xB5B8, 0xB5B8, 0xB5B8, 0xB5B8, 0xB5B8, 0xB5B8, 0xB5B8, 0xB5B8,
  0xB5B8, 0xB5B8, 0xB5B8, 0xB5B8, 0xB5B8, 0xB5B8, 0xB5B8, 0xB5B8, 0xB5B8, 0xB5B8, 0xB5B8, 0xB5B8,
  0xB5B8, 0xB5B8, 0xB5B8, 0xB5B8, 0xB5B8, 0xB5B8, 0xB5B8, 0xB5B8, 0xB5B8, 0xB5B8, 0xAD77, 0xB5B8,
  0xB5B8, 0xB5B8, 0xB5B8, 0xB5B8, 0xB5B8, 0xAD56, 0xA556, 0xAD97, 0xA535, 0x9CD3, 0x8410, 0x4A6A,
  0x73D0, 0x7C52, 0x5B4E, 0x8431, 0x7C10, 0xAD97, 0xAD97, 0x9CF4, 0x94B4, 0x94D4, 0xAD97, 0xBE19,
  0xA597, 0x94F5, 0x7411, 0x52ED, 0x7C11, 0x7C32, 0x7C31, 0xBE19, 0xA515, 0x8C52, 0x7BF0, 0xA515,
  0x9CF4, 0x94B4, 0xA556, 0x8411, 0x62EC, 0xA536, 0xB598, 0xAD56, 0xAD57, 0xAD57, 0xAD77, 0xAD57,
  0xA4F6, 0x7390, 0x41C8, 0x4A09, 0x41E9, 0x9493, 0xA535, 0x7C31, 0xADB7, 0xC63A, 0x8C73, 0x8412,
  0x734F, 0x7B90, 0x62CD, 0x6B4E, 0x632E, 0x5ACD, 0x526B, 0x73B0, 0x9CD4, 0xA516, 0xA515, 0xAD77,
  0xA515, 0xAD77, 0xAD77, 0xAD56, 0xA515, 0x9CB4, 0xAD36, 0xAD36, 0xACD5, 0xA433, 0x93B2, 0x9C54,
  0xAD36, 0xB597, 0xB577, 0xB577, 0xAD77, 0xAD56, 0xB597, 0xB5B8, 0xB5B8, 0xB5B8, 0xB5B8, 0xB5B8,
  0xB5B8, 0xB5B8, 0xB597, 0xAD77, 0xB597, 0xB5B8, 0xB5B8, 0xB597, 0xB597, 0xB597, 0xB597, 0xB597,
  0xB597, 0xAD77, 0xB597, 0xAD77, 0xAD56, 0xB597, 0xB5B7, 0xB597, 0xB597, 0xB597, 0xB597, 0xB597,
  0xB597, 0xB597, 0xB597, 0xB597, 0xB597, 0xB597, 0xB597, 0xB597, 0xB597, 0xB597, 0xB597, 0xB597,
  0xB597, 0xB597, 0xB597, 0xB597, 0xB597, 0xB597, 0xB597, 0xB597, 0xB597, 0xB597, 0xB597, 0xB597,
  0xB597, 0xB597, 0xB597, 0xB597, 0xB597, 0xA535, 0xA515, 0xA515, 0xAD56, 0xB597, 0xB597, 0xB597,
  0xB597, 0xB597, 0xB597, 0xB597, 0xB597, 0xB597, 0xB597, 0xB597, 0xB597, 0xB597, 0xB597, 0xB597,
  0xAD76, 0xAD76, 0xAD76, 0xAD76, 0xAD76, 0xAD76, 0xAD76, 0xAD76, 0xAD76, 0xAD76, 0xAD76, 0xAD76,
  0xAD76, 0xAD76, 0xAD76, 0xAD76, 0xAD76, 0xAD76, 0xAD76, 0xAD76, 0xAD76, 0xAD76, 0xAD76, 0xAD76,
  0xB5B8, 0xB5B8, 0xB5B8, 0xB5B8, 0xB5B8, 0xB5B8, 0xB5B8, 0xB5B8, 0xB5B8, 0xB5B8, 0xB5B8, 0xB5B8,
  0xB5B8, 0xB5B8, 0xB5B8, 0xB5B8, 0xB5B8, 0xB5B8, 0xB5B8, 0xB5B8, 0xB5B8, 0xB5B8, 0xB5B8, 0xB5B8,
  0xB5B8, 0xB5B8, 0xB5B8, 0xB5B8, 0xB5B8, 0xB5B8, 0xB5B8, 0xB5B8, 0xB5B8, 0xB5B8, 0xB5B8, 0xB5B8,
  0xB5B8, 0xB5B8, 0xB5B8, 0xB5B8, 0xB5B8, 0xB5B8, 0xB5B8, 0xB5B8, 0xB5B8, 0xB5B8, 0xAD77, 0xAD97,
  0xB5B8, 0xB5B8, 0xB5B8, 0xB5B8, 0xB597, 0xA556, 0xAD76, 0xC619, 0xBDF8, 0x8C72, 0x738F, 0x7BB0,
  0xA536, 0x6B8F, 0x738F, 0x8411, 0x8431, 0xB5D8, 0xCE7B, 0xAD76, 0x9CD4, 0xAD96, 0xBE39, 0xA556,
  0x8493, 0x5B2E, 0x4ACC, 0x6B6E, 0xAD56, 0xD6DB, 0xCEDB, 0xAD77, 0x8431, 0x9CD4, 0x8431, 0x9CF4,
  0xEF7E, 0xD6DC, 0xBE19, 0x8431, 0x62ED, 0xA536, 0xB597, 0xB598, 0xAD57, 0xA536, 0xAD57, 0xAD77,
  0xA516, 0x8C53, 0x5A6C, 0x522A, 0x8C11, 0xA515, 0x7BD1, 0x420A, 0x52CC, 0xA536, 0xD6BC, 0xC61A,
  0x9CF5, 0x8C73, 0x8412, 0x7BB0, 0x9473, 0x9CB3, 0xA536, 0xC63A, 0x8432, 0x7BD0, 0xA536, 0xA536,
  0x9CD4, 0x9CF5, 0xA516, 0x9CF5, 0x9CB4, 0x9CB4, 0xA4D5, 0x9B51, 0x81AC, 0x814B, 0x790B, 0x816C,
  0x7A0D, 0x9413, 0xAD57, 0xAD77, 0xAD57, 0xB597, 0xB597, 0xAD77, 0xAD97, 0xB597, 0xB5B8, 0xB597,
  0xB5B8, 0xB5B8, 0xB5B8, 0xB597, 0xAD77, 0xAD77, 0xB597, 0xB597, 0xB597, 0xAD97, 0xB597, 0xB597,
  0xB597, 0xB597, 0xAD76, 0xAD77, 0xAD56, 0xB597, 0xB597, 0xB5B7, 0xB597, 0xB5B7, 0xB5B7, 0xB597,
  0xB597, 0xB597, 0xB597, 0xB597, 0xB597, 0xB597, 0xB597, 0xB597, 0xB597, 0xB597, 0xB597, 0xB597,
  0xB597, 0xB597, 0xB597, 0xB597, 0xB597, 0xB597, 0xB597, 0xB597, 0xB597, 0xB597, 0xB597, 0xB597,
  0xB597, 0xB597, 0xB597, 0xB597, 0xB597, 0xA535, 0xA515, 0xA515, 0xAD56, 0xB597, 0xB597, 0xB597,
  0xB597, 0xB597, 0xB597, 0xB597, 0xB597, 0xB597, 0xB597, 0xB597, 0xB597, 0xB597, 0xB597, 0xAD76,
  0xAD76, 0xAD76, 0xAD76, 0xAD76, 0xAD76, 0xAD76, 0xAD76, 0xAD76, 0xAD76, 0xAD76, 0xAD76, 0xAD76,
  0xAD76, 0xAD76, 0xAD76, 0xAD76, 0xAD76, 0xAD76, 0xAD76, 0xAD76, 0xAD76, 0xAD76, 0xAD76, 0xAD76,
  0xB5B8, 0xB5B8, 0xB5B8, 0xB5B8, 0xB5B8, 0xB5B8, 0xB5B8, 0xB5B8, 0xB5B8, 0xB5B8, 0xB5B8, 0xB5B8,
  0xB5B8, 0xB5B8, 0xB5B8, 0xB5B8, 0xB5B8, 0xB5B8, 0xB5B8, 0xB5B8, 0xB5B8, 0xB5B8, 0xB5B8, 0xB5B8,
  0xB5B8, 0xB5B8, 0xB5B8, 0xB5B8, 0xB5B8, 0xB5B8, 0xB5B8, 0xB5B8, 0xB5B8, 0xB5B8, 0xB5B8, 0xB5B8,
  0xB5B8, 0xB5B8, 0xB5B8, 0xB5B8, 0xB5B8, 0xB5B8, 0xB5B8, 0xB5B8, 0xB5B8, 0xB5B8, 0xAD97, 0xAD77,
  0xB5B8, 0xB5B7, 0xB5B8, 0xB597, 0xAD77, 0xA536, 0xC639, 0xE77D, 0xEFDF, 0xA556, 0x83F0, 0x73AF,
  0xB577, 0xB597, 0xB597, 0x8411, 0x8431, 0xB5B7, 0xCE9B, 0x7C11, 0xA535, 0x9D56, 0x9CF5, 0x8C93,
  0x8C72, 0x9D15, 0xB5D8, 0xD6BB, 0xDF3D, 0x9D76, 0x3A8B, 0x73D0, 0x7C10, 0xAD77, 0x7C11, 0x9CF4,
  0xBE19, 0xA535, 0xCE7A, 0x8C52, 0x632E, 0x9CD4, 0xAD77, 0xB597, 0xB597, 0xAD36, 0xA536, 0xAD57,
  0xA4F6, 0x9CB4, 0x83D1, 0x9C93, 0xB577, 0x8412, 0x9473, 0xB577, 0xC5F9, 0xAD56, 0xB5B8, 0xC65B,
  0xD6FD, 0xCF1E, 0xBEFC, 0xCEBC, 0xB5F8, 0xCE7A, 0x8CD4, 0x9D35, 0xC63A, 0x738F, 0x8411, 0x9CF5,
  0x9CF5, 0x9CD4, 0x9CF5, 0x9CB4, 0xA516, 0xA4F5, 0x8B50, 0x788A, 0x7809, 0x6808, 0x6008, 0x680B,
  0x700D, 0x796E, 0x8350, 0x9CB4, 0x94B4, 0x9CF5, 0xA536, 0xAD77, 0xAD77, 0xAD77, 0xB597, 0xB598,
  0xB5B8, 0xB5B8, 0xB5B7, 0xB597, 0xB597, 0xAD56, 0xAD56, 0xB597, 0xB597, 0xB597, 0xB597, 0xB597,
  0xB597, 0xB597, 0xB597, 0xAD76, 0xA515, 0xB597, 0xB597, 0xB597, 0xB5B7, 0xB5B7, 0xB5B7, 0xB5B7,
  0xB597, 0xB597, 0xB597, 0xB597, 0xB597, 0xB597, 0xB597, 0xB597, 0xB597, 0xB597, 0xB597, 0xB597,
  0xB597, 0xB597, 0xB597, 0xB597, 0xB597, 0xB597, 0xB597, 0xB597, 0xB597, 0xB597, 0xB597, 0xB597,
  0xB597, 0xB597, 0xB597, 0xB597, 0xB597, 0xA535, 0xA515, 0xA515, 0xAD56, 0xB597, 0xB597, 0xB597,
  0xB597, 0xB597, 0xB597, 0xB597, 0xB597, 0xB597, 0xB597, 0xB597, 0xB597, 0xB597, 0xB597, 0xAD76,
  0xAD76, 0xAD76, 0xAD76, 0xAD76, 0xAD76, 0xAD76, 0xAD76, 0xAD76, 0xAD76, 0xB597, 0xAD76, 0xAD76,
  0xAD76, 0xAD76, 0xAD76, 0xAD76, 0xAD76, 0xAD76, 0xAD76, 0xAD76, 0xAD76, 0xAD76, 0xAD76, 0xAD76,
  0xB5B8, 0xB5B8, 0xB5B8, 0xB5B8, 0xB5B8, 0xB5B8, 0xB5B8, 0xB5B8, 0xB5B8, 0xB5B8, 0xB5B8, 0xB5B8,
  0xB5B8, 0xB5B8, 0xB5B8, 0xB5B8, 0xB5B8, 0xB5B8, 0xB5B8, 0xB5B8, 0xB5B8, 0xB5B8, 0xB5B8, 0xB5B8,
  0xB5B8, 0xB5B8, 0xB5B8, 0xB5B8, 0xB5B8, 0xB5B8, 0xB5B8, 0xB5B8, 0xB5B8, 0xB5B8, 0xB5B8, 0xB5B8,
  0xB5B8, 0xB5B8, 0xB5B8, 0xB5B8, 0xB5B8, 0xB5B8, 0xB5B8, 0xB5B8, 0xB5B8, 0xB5B8, 0xAD97, 0xAD77,
  0xB5B8, 0xB5B8, 0xB597, 0xB597, 0xAD57, 0xB5B8, 0xE75D, 0xB5F8, 0xB5F8, 0x8431, 0x8BF1, 0x93F2,
  0xA4D5, 0xB577, 0xB597, 0x9CD4, 0x8C72, 0x9CF4, 0x9D35, 0xBE19, 0x7C11, 0x634E, 0x8432, 0x94D4,
  0xBDF8, 0xBE19, 0xD6FC, 0xDF1D, 0x8CF5, 0x3A2A, 0x73B0, 0x8C93, 0x73AF, 0xAD76, 0x9493, 0xB596,
  0xE75D, 0xB5D8, 0xA515, 0xAD76, 0x8431, 0x8411, 0x9CF5, 0xA556, 0xAD57, 0xA557, 0xA516, 0xAD57,
  0xB597, 0xBDB8, 0xAD36, 0xA4D5, 0xA495, 0xA415, 0xAB95, 0x9AF3, 0xA2F4, 0xA376, 0xBCB9, 0xBD99,
  0x8433, 0x6390, 0x638F, 0x8CD4, 0x9D35, 0xD71C, 0x9D35, 0x7C10, 0xA576, 0xB5B7, 0x632E, 0x9493,
  0xAD56, 0xA515, 0x8C53, 0x9493, 0xAD77, 0x9453, 0x820D, 0x906C, 0x808B, 0x898D, 0x780B, 0xA213,
  0xDBBA, 0x908F, 0x696B, 0x5AEC, 0x7BD0, 0x8C73, 0x9494, 0x8C53, 0x8C73, 0x94B4, 0x9CD5, 0x9CF5,
  0xA536, 0xAD56, 0xAD57, 0xAD77, 0xB597, 0xB598, 0xAD97, 0xAD56, 0xAD77, 0xAD97, 0xAD77, 0xAD77,
  0xAD77, 0xB597, 0xB597, 0xB597, 0xA515, 0xAD56, 0xAD77, 0xAD77, 0xAD77, 0xB597, 0xB597, 0xB5B7,
  0xB5B7, 0xB597, 0xB597, 0xB597, 0xB597, 0xB597, 0xB597, 0xB597, 0xB597, 0xB597, 0xB597, 0xB597,
  0xB597, 0xB597, 0xB597, 0xB597, 0xB597, 0xB597, 0xB597, 0xB597, 0xB597, 0xB597, 0xB597, 0xB597,
  0xB597, 0xB597, 0xB597, 0xB597, 0xB597, 0xA535, 0xA515, 0xA515, 0xAD76, 0xB597, 0xB597, 0xB597,
  0xB597, 0xB597, 0xB597, 0xB597, 0xB597, 0xB597, 0xB597, 0xB597, 0xB597, 0xB597, 0xB597, 0xAD76,
  0xAD76, 0xAD76, 0xAD76, 0xAD76, 0xAD76, 0xAD76, 0xAD76, 0xAD76, 0xAD76, 0xAD76, 0xAD76, 0xAD76,
  0xAD76, 0xAD76, 0xAD76, 0xAD76, 0xAD76, 0xAD76, 0xAD76, 0xAD76, 0xAD76, 0xAD76, 0xAD76, 0xAD76,
  0xB5B8, 0xB5B8, 0xB5B8, 0xB5B8, 0xB5B8, 0xB5B8, 0xB5B8, 0xB5B8, 0xB5B8, 0xB5B8, 0xB5B8, 0xB5B8,
  0xB5B8, 0xB5B8, 0xB5B8, 0xB5B8, 0xB5B8, 0xB5B8, 0xB5B8, 0xB5B8, 0xB5B8, 0xB5B8, 0xB5B8, 0xB5B8,
  0xB5B8, 0xB5B8, 0xB5B8, 0xB5B8, 0xB5B8, 0xB5B8, 0xB5B8, 0xB5B8, 0xB5B8, 0xB5B8, 0xB5B8, 0xB5B8,
  0xB5B8, 0xB5B8, 0xB5B8, 0xB5B8, 0xB5B8, 0xB5B8, 0xB5B8, 0xB5B8, 0xB5B8, 0xB5B8, 0xB5B7, 0xAD76,
  0xB597, 0xAD98, 0xB598, 0xAD97, 0xAD77, 0xDF3D, 0xCEFC, 0xBDB7, 0x9411, 0x726D, 0x69AB, 0x79AC,
  0x828E, 0x9412, 0xA515, 0x8C52, 0x94B3, 0xAD76, 0xCEBB, 0xA597, 0x4AAB, 0x94B3, 0xADB7, 0x8473,
  0x9D15, 0xBDF8, 0xCEDC, 0x8453, 0x8452, 0x73D0, 0xA535, 0x9CF4, 0x73D0, 0xA556, 0xA556, 0x94D4,
  0x9515, 0x5B0D, 0x94B3, 0xCE9B, 0xB5B8, 0xB5B7, 0xC659, 0xCE7B, 0xCEBB, 0xD6DB, 0xD71D, 0xCF1D,
  0xAE7B, 0xA5D8, 0xB4D6, 0xB333, 0x99F0, 0x9910, 0xB0B1, 0xB872, 0xC196, 0xB093, 0xA812, 0x9211,
  0xB4F7, 0x738F, 0x7BAF, 0x73AF, 0x9CF4, 0xE77D, 0xC69B, 0x3A2A, 0x31E8, 0xD6DC, 0x94B4, 0x73B0,
  0x9CF5, 0xA515, 0x8C32, 0x8C52, 0x9CB5, 0x7B90, 0x714B, 0x882B, 0x78CB, 0xBAF2, 0x90AE, 0xD479,
  0xFE7F, 0xD175, 0x896E, 0x39E8, 0x3167, 0x420A, 0x420A, 0x4A4A, 0x6B0E, 0x738F, 0x8C53, 0x9494,
  0x9CD5, 0xA515, 0x9CF5, 0x9CF5, 0x9CF5, 0xA515, 0xAD56, 0xAD77, 0xAD56, 0xAD97, 0xB597, 0xB597,
  0xB597, 0xB5B7, 0xB5B7, 0xB5B7, 0xAD76, 0xAD56, 0xAD77, 0xB597, 0xAD77, 0xAD76, 0xAD76, 0xAD77,
  0xB597, 0xB5B7, 0xB597, 0xB597, 0xB597, 0xB597, 0xB597, 0xB597, 0xB597, 0xB597, 0xB597, 0xB597,
  0xB597, 0xB597, 0xB597, 0xB597, 0xB597, 0xB597, 0xB597, 0xB597, 0xB597, 0xB597, 0xB597, 0xB597,
  0xB597, 0xB597, 0xB597, 0xB597, 0xB597, 0xA535, 0x9CF5, 0xA515, 0xAD56, 0xB597, 0xB597, 0xB597,
  0xB597, 0xB597, 0xB597, 0xB597, 0xB597, 0xB597, 0xB597, 0xB597, 0xB597, 0xB597, 0xB597, 0xAD76,
  0xAD76, 0xAD76, 0xAD76, 0xAD76, 0xAD76, 0xAD76, 0xAD76, 0xAD76, 0xAD76, 0xAD76, 0xAD76, 0xAD76,
  0xAD76, 0xAD76, 0xAD76, 0xAD76, 0xAD76, 0xAD76, 0xAD76, 0xAD76, 0xAD76, 0xAD76, 0xAD76, 0xAD76,
  0xB5B8, 0xB5B8, 0xB5B8, 0xB5B8, 0xB5B8, 0xB5B8, 0xB5B8, 0xB5B8, 0xB5B8, 0xB5B8, 0xB5B8, 0xB5B8,
  0xB5B8, 0xB5B8, 0xB5B8, 0xB5B8, 0xB5B8, 0xB5B8, 0xB5B8, 0xB5B8, 0xB5B8, 0xB5B8, 0xB5B8, 0xB5B8,
  0xB5B8, 0xB5B8, 0xB5B8, 0xB5B8, 0xB5B8, 0xB5B8, 0xB5B8, 0xB5B8, 0xB5B8, 0xB5B8, 0xB5B8, 0xB5B8,
  0xB5B8, 0xB5B8, 0xB5B8, 0xB5B8, 0xB5B8, 0xB5B8, 0xB5B8, 0xB5B8, 0xB5B8, 0xB5B8, 0xB5B8, 0xAD77,
  0xAD97, 0xB597, 0xB597, 0xAD77, 0xCE7A, 0xD75D, 0xB67A, 0xD65B, 0x71AC, 0x80EB, 0x78AB, 0x99AE,
  0x9A0F, 0x8B10, 0x83F0, 0x8411, 0x94D4, 0xAD97, 0xBE19, 0x636F, 0x7C11, 0xA555, 0xCEBB, 0xC65A,
  0xA556, 0x9D15, 0x8C93, 0x636E, 0x9CF4, 0x8452, 0xA535, 0x9D15, 0x94B4, 0x9D15, 0xAD97, 0x8432,
  0x6B6F, 0x9CF4, 0x9CF4, 0xD6DC, 0xA556, 0xB5B7, 0xA597, 0xADF9, 0xBE9B, 0xA61A, 0x7CB4, 0x6390,
  0x632E, 0xA3B2, 0xA210, 0x800B, 0x980E, 0xD134, 0xE176, 0xB933, 0xE45B, 0xF43D, 0xE1B8, 0xC0F4,
  0x91B0, 0xA455, 0x6B6E, 0x8410, 0x8C92, 0xA596, 0x7411, 0x2967, 0x2967, 0x6B8F, 0xE73D, 0x94B4,
  0x7BD0, 0x9CF5, 0x8432, 0x7B90, 0x6B2E, 0x8C12, 0x616A, 0x6869, 0x898C, 0x880B, 0xA192, 0xF43D,
  0xE218, 0xC073, 0x9A71, 0x62CC, 0x526B, 0x526B, 0x39C8, 0x2946, 0x2906, 0x3187, 0x41E9, 0x5ACD,
  0x738F, 0x8C52, 0x9CB4, 0x9CD4, 0xA515, 0xA515, 0x9CD4, 0x9CD4, 0xA535, 0xA515, 0xA535, 0xA535,
  0xA535, 0xA536, 0xAD56, 0xAD56, 0xA515, 0xA535, 0xAD56, 0xAD77, 0xB5B7, 0xB5B8, 0xB597, 0xAD77,
  0xAD76, 0xAD76, 0xB597, 0xB5B7, 0xB5B7, 0xB5B7, 0xB597, 0xB597, 0xB597, 0xB597, 0xB597, 0xB597,
  0xB597, 0xB597, 0xB597, 0xB597, 0xB597, 0xB597, 0xB597, 0xB597, 0xB597, 0xB597, 0xB597, 0xB597,
  0xB597, 0xB597, 0xB597, 0xB597, 0xB597, 0xA535, 0x9D15, 0xA515, 0xAD76, 0xB597, 0xB597, 0xB597,
  0xB597, 0xB597, 0xB597, 0xB597, 0xB597, 0xB597, 0xB597, 0xB597, 0xB597, 0xB597, 0xB597, 0xB597,
  0xAD76, 0xAD76, 0xAD76, 0xAD76, 0xAD76, 0xAD76, 0xAD76, 0xAD76, 0xAD76, 0xAD76, 0xAD76, 0xAD76,
  0xAD76, 0xAD76, 0xAD76, 0xAD76, 0xAD76, 0xAD76, 0xAD76, 0xAD76, 0xAD76, 0xAD76, 0xAD76, 0xAD76,
  0xB5B8, 0xB5B8, 0xB5B8, 0xB5B8, 0xB5B8, 0xB5B8, 0xB5B8, 0xB5B8, 0xB5B8, 0xB5B8, 0xB5B8, 0xB5B8,
  0xB5B8, 0xB5B8, 0xB5B8, 0xB5B8, 0xB5B8, 0xB5B8, 0xB5B8, 0xB5B8, 0xB5B8, 0xB5B8, 0xB5B8, 0xB5B8,
  0xB5B8, 0xB5B8, 0xB5B8, 0xB5B8, 0xB5B8, 0xB5B8, 0xB5B8, 0xB5B8, 0xB5B8, 0xB5B8, 0xB5B8, 0xB5B8,
  0xB5B8, 0xB5B8, 0xB5B8, 0xB5B8, 0xB5B8, 0xB5B8, 0xB5B8, 0xB5B8, 0xB5B8, 0xB5B8, 0xB5B8, 0xAD97,
  0xAD77, 0xB598, 0xB597, 0xB5B8, 0xE75D, 0xC69B, 0xCE1B, 0x8B11, 0xBC15, 0xC272, 0x88AB, 0x996D,
  0x996D, 0x8A6E, 0x8C31, 0x94B3, 0xAD76, 0x8CB3, 0x73D0, 0x94B3, 0x94B3, 0x7C10, 0x9D35, 0xBE7A,
  0x8493, 0x94D4, 0xB5F8, 0xAD96, 0xB5F8, 0x94D4, 0x8C93, 0x9D15, 0x94B3, 0xB5B7, 0xBDF9, 0xCE9B,
  0xD6DC, 0xCEBB, 0xB5F8, 0x9515, 0x8452, 0x9D35, 0x7C11, 0x94D5, 0xB619, 0x8493, 0x528B, 0x62CC,
  0xAB92, 0x910C, 0x800A, 0xA04D, 0xB08F, 0xC912, 0xE135, 0xC154, 0xEC3C, 0xFC1D, 0xF279, 0xE1F7,
  0xD1D7, 0x8A30, 0x73B0, 0x73F0, 0xADB7, 0x7411, 0x31A8, 0x4A4A, 0x4A4A, 0x2146, 0x94F4, 0xE73D,
  0xAD56, 0x8411, 0x6B4F, 0x734F, 0x734F, 0x83F1, 0x7AEE, 0x6088, 0x78CA, 0x7009, 0xB171, 0xC0F3,
  0xA80F, 0xB192, 0x72AE, 0x7BAF, 0x62EC, 0x736F, 0x7BB0, 0x62ED, 0x4A2A, 0x49E9, 0x51E9, 0x41A8,
  0x49A8, 0x520A, 0x6B4E, 0x9473, 0x8C52, 0x9493, 0x8C52, 0x7BF1, 0x7BF0, 0x7BF1, 0x7BF0, 0x8411,
  0x8C72, 0x9473, 0x9493, 0x9CF4, 0x9CD4, 0x9CD4, 0xA535, 0xA515, 0xA535, 0xAD76, 0xB5B7, 0xB5B7,
  0xB5B7, 0xB597, 0xAD76, 0xAD76, 0xB597, 0xB5B7, 0xB5B7, 0xB5B7, 0xB597, 0xB597, 0xB5B7, 0xB5B7,
  0xB597, 0xB597, 0xB597, 0xB597, 0xB597, 0xB597, 0xB597, 0xB597, 0xB597, 0xB597, 0xB597, 0xB597,
  0xB597, 0xB597, 0xB597, 0xB597, 0xB597, 0xA515, 0xA515, 0xA515, 0xAD76, 0xB597, 0xB597, 0xB597,
  0xB597, 0xB597, 0xB597, 0xB597, 0xB597, 0xB597, 0xB597, 0xB597, 0xB597, 0xB597, 0xB597, 0xB597,
  0xAD76, 0xAD76, 0xAD76, 0xAD76, 0xAD76, 0xAD76, 0xAD76, 0xAD76, 0xAD76, 0xB597, 0xAD76, 0xAD76,
  0xAD76, 0xAD76, 0xAD76, 0xAD76, 0xAD76, 0xAD76, 0xAD76, 0xAD76, 0xAD76, 0xAD76, 0xAD76, 0xAD76,
  0xB5B8, 0xB5B8, 0xB5B8, 0xB5B8, 0xB5B8, 0xB5B8, 0xB5B8, 0xB5B8, 0xB5B8, 0xB5B8, 0xB5B8, 0xB5B8,
  0xB5B8, 0xB5B8, 0xB5B8, 0xB5B8, 0xB5B8, 0xB5B8, 0xB5B8, 0xB5B8, 0xB5B8, 0xB5B8, 0xB5B8, 0xB5B8,
  0xB5B8, 0xB5B8, 0xB5B8, 0xB5B8, 0xB5B8, 0xB5B8, 0xB5B8, 0xB5B8, 0xB5B8, 0xB5B8, 0xB5B8, 0xB5B8,
  0xB5B8, 0xB5B8, 0xB5B8, 0xB5B8, 0xB5B8, 0xB5B8, 0xB5B8, 0xB5B8, 0xB597, 0xB597, 0xB5B7, 0xAD97,
  0xAD77, 0xB598, 0xAD77, 0xCE7A, 0xDF7E, 0xBD18, 0x99B1, 0xB251, 0xED3A, 0xC211, 0x888B, 0x914C,
  0x914C, 0x81CC, 0x8BD0, 0xAD55, 0xAD96, 0x94B3, 0x8C93, 0x8431, 0xAD97, 0xADB7, 0x73F0, 0x7411,
  0x3A09, 0x73D0, 0x94F5, 0x9D56, 0x426B, 0x7C11, 0x8452, 0x9D15, 0xA515, 0x8C73, 0x636F, 0x4AAC,
  0x52CC, 0x8432, 0x73D1, 0x4A6B, 0x8472, 0x94D4, 0x73AF, 0x94B3, 0xD6DC, 0xB61A, 0x5AAC, 0xABD3,
  0x994D, 0x7809, 0x900A, 0xA00C, 0xA88D, 0xB8CF, 0xC0B1, 0xC194, 0xEC3C, 0xF35B, 0xE2B8, 0xF277,
  0xD0D3, 0x990F, 0x8B71, 0x632D, 0x8C92, 0x8431, 0x4A4A, 0x62ED, 0x630D, 0x3187, 0x39C8, 0x8452,
  0xE73D, 0xC65A, 0x8432, 0x736F, 0x526C, 0x39A9, 0x7B90, 0x8B10, 0x712B, 0x812B, 0x7849, 0x806A,
  0x916E, 0x7A8E, 0x6B4D, 0x5ACC, 0x3187, 0x41E9, 0x41A8, 0x3167, 0x41A8, 0x59EA, 0x8AAE, 0x9A6E,
  0x91ED, 0x716A, 0x69EB, 0x5A2A, 0x62CD, 0x7BAF, 0x7B8F, 0x7BD0, 0x8432, 0x8431, 0x73B0, 0x738F,
  0x7BD0, 0x8411, 0x73AF, 0x73AF, 0x73AF, 0x7BF1, 0x9473, 0x94B3, 0x9492, 0x9CD3, 0x9CF4, 0xAD56,
  0xB597, 0xB5B7, 0xB5B7, 0xB597, 0xAD76, 0xAD76, 0xB597, 0xB5B7, 0xB5B7, 0xB5B7, 0xB5B7, 0xB5B7,
  0xB597, 0xB597, 0xB597, 0xB597, 0xB597, 0xB597, 0xB597, 0xB597, 0xB597, 0xB597, 0xB597, 0xB597,
  0xB597, 0xB597, 0xB597, 0xB597, 0xB597, 0xA515, 0xA515, 0xA515, 0xAD76, 0xB597, 0xB597, 0xB597,
  0xB597, 0xB597, 0xB597, 0xB597, 0xB597, 0xB597, 0xB597, 0xB597, 0xB597, 0xB597, 0xB597, 0xB597,
  0xB597, 0xB597, 0xB597, 0xB597, 0xAD76, 0xAD76, 0xAD76, 0xB597, 0xB597, 0xAD76, 0xAD76, 0xAD76,
  0xAD76, 0xAD76, 0xAD76, 0xAD76, 0xAD76, 0xAD76, 0xAD76, 0xAD76, 0xAD76, 0xAD76, 0xAD76, 0xAD76,
  0xB5B8, 0xB5B8, 0xB5B8, 0xB5B8, 0xB5B8, 0xB5B8, 0xB5B8, 0xB5B8, 0xB5B8, 0xB5B8, 0xB5B8, 0xB5B8,
  0xB5B8, 0xB5B8, 0xB5B8, 0xB5B8, 0xB5B8, 0xB5B8, 0xB5B8, 0xB5B8, 0xB5B8, 0xB5B8, 0xB5B8, 0xB5B8,
  0xB5B8, 0xB5B8, 0xB5B8, 0xB5B8, 0xB5B8, 0xB5B8, 0xB5B8, 0xB5B8, 0xB5B8, 0xB5B8, 0xB5B8, 0xB5B8,
  0xB5B8, 0xB5B8, 0xB5B8, 0xB5B8, 0xB5B8, 0xB5B8, 0xB5B8, 0xB5B8, 0xB5B8, 0xB5B8, 0xB5B8, 0xB598,
  0xAD57, 0xB578, 0xB5B8, 0xD71C, 0xCE1B, 0x91B0, 0xC153, 0xC191, 0xD253, 0xB10E, 0x88AB, 0x910C,
  0x894C, 0x81AB, 0x834F, 0xA535, 0x9D55, 0xA556, 0xBDD8, 0xA556, 0x9D15, 0x7C32, 0x422A, 0x424A,
  0x7C11, 0x9D15, 0x8C93, 0x73D1, 0x424A, 0x8452, 0x8452, 0x8C93, 0xA556, 0x8C73, 0x634E, 0x630D,
  0x73D0, 0x9D15, 0xA556, 0xA514, 0xA535, 0x7390, 0x7C11, 0xA515, 0xA556, 0x6BB1, 0x832F, 0xA230,
  0x800A, 0x980B, 0x900A, 0x900A, 0xA00C, 0xA88E, 0xB8CF, 0xC953, 0xFC1C, 0xF41C, 0xFAF9, 0xE174,
  0xA00D, 0xA0CF, 0x9AF1, 0x73AF, 0x7BCF, 0x8C51, 0x73B0, 0x738F, 0x6B2E, 0x4A2A, 0x4209, 0x31A8,
  0x636F, 0xB5D8, 0xC67A, 0xBDF9, 0x8C73, 0x6B2E, 0xA4D4, 0xE71D, 0x9BF2, 0x82AE, 0x828D, 0x7A8C,
  0x6AAD, 0x4A4A, 0x4A0A, 0x41C8, 0x39C8, 0x41C8, 0x41A8, 0x3967, 0x4988, 0x81EC, 0x7869, 0x7008,
  0x7008, 0x6007, 0x60A9, 0x618A, 0x4188, 0x4A4A, 0x6B2E, 0x630D, 0x6B2E, 0x632E, 0x738F, 0x7BD0,
  0x738F, 0x7BD0, 0x7BB0, 0x8C51, 0x8C31, 0x8411, 0x7BF0, 0x73AF, 0x736E, 0x7BD0, 0x8411, 0x8411,
  0x9472, 0x9CF4, 0xAD56, 0xB597, 0xB597, 0xAD76, 0xA536, 0xAD76, 0xB597, 0xB597, 0xB597, 0xB597,
  0xB597, 0xB5B7, 0xB5B7, 0xB5B7, 0xB597, 0xB597, 0xB597, 0xB597, 0xB597, 0xB597, 0xB597, 0xB597,
  0xB597, 0xB597, 0xB597, 0xB597, 0xB597, 0xA515, 0xA515, 0xA515, 0xAD76, 0xB597, 0xB597, 0xB597,
  0xB597, 0xB597, 0xB597, 0xB597, 0xB597, 0xB597, 0xB597, 0xB597, 0xB597, 0xB597, 0xB597, 0xB597,
  0xB597, 0xAD76, 0xB597, 0xB597, 0xB597, 0xAD76, 0xAD76, 0xAD76, 0xAD76, 0xAD76, 0xAD76, 0xAD76,
  0xAD76, 0xAD76, 0xAD76, 0xAD76, 0xAD76, 0xAD76, 0xAD76, 0xAD76, 0xAD76, 0xAD76, 0xAD76, 0xAD76,
  0xB5B8, 0xB5B8, 0xB5B8, 0xB5B8, 0xB5B8, 0xB5B8, 0xB5B8, 0xB5B8, 0xB5B8, 0xB5B8, 0xB5B8, 0xB5B8,
  0xB5B8, 0xB5B8, 0xB5B8, 0xB5B8, 0xB5B8, 0xB5B8, 0xB5B8, 0xB5B8, 0xB5B8, 0xB5B8, 0xB5B8, 0xB5B8,
  0xB5B8, 0xB5B8, 0xB5B8, 0xB5B8, 0xB5B8, 0xB5B8, 0xB5B8, 0xB5B8, 0xB5B8, 0xB5B8, 0xB5B8, 0xB5B8,
  0xB5B8, 0xB5B8, 0xB5B8, 0xB5B8, 0xB5B8, 0xB5B8, 0xB5B8, 0xB5B8, 0xB5B8, 0xB597, 0xB597, 0xB598,
  0xAD57, 0xAD57, 0xCE7A, 0xD69B, 0x9AB1, 0xA8F1, 0xD194, 0xB8CF, 0xB0AF, 0xA8EE, 0x88AB, 0x90EB,
  0x914C, 0x81AB, 0x7B0E, 0x94D4, 0x8493, 0x9D15, 0xA536, 0xA556, 0x94D4, 0x5B0D, 0x8431, 0x9D15,
  0xA556, 0xAD97, 0x9D16, 0x31C8, 0x73D0, 0x94B3, 0x8C93, 0x73AF, 0x94D4, 0x9CF4, 0xAD97, 0x8C72,
  0x73D0, 0x6B4E, 0xA556, 0xBE19, 0x52CD, 0x39E9, 0x5ACD, 0x8452, 0x6B6F, 0x6B0E, 0xA311, 0x902B,
  0x980B, 0x980A, 0x9009, 0x900A, 0x980A, 0xB08D, 0xC0EF, 0xC06F, 0xD153, 0xF2D8, 0xF9F7, 0xB82F,
  0xB02E, 0xA8AF, 0xA2D2, 0x7BB0, 0x83B0, 0x8431, 0xB5D7, 0x8432, 0x630D, 0x630E, 0x39C8, 0x528B,
  0x8C72, 0xC65A, 0xA556, 0xBE5A, 0xA557, 0xAD56, 0xBE19, 0xD6DC, 0xA515, 0x6B0D, 0x83F0, 0x73AF,
  0x31A7, 0x2906, 0x4A2A, 0x738F, 0x8411, 0x7BD0, 0x8C32, 0x9432, 0x7AAE, 0x7869, 0x7809, 0x7809,
  0x7809, 0x800C, 0x680B, 0x706C, 0x69AC, 0x3966, 0x3166, 0x524A, 0x7BAF, 0x7BF0, 0x8411, 0x7BF0,
  0x7BD0, 0x73AF, 0x7BD0, 0x7BD0, 0x7BF0, 0x7BAF, 0x8411, 0x7BF0, 0x7BF0, 0x6B4E, 0x632D, 0x738E,
  0x738F, 0x8410, 0x8C52, 0x9CD4, 0xAD56, 0xB597, 0xB597, 0xAD76, 0xAD76, 0xB577, 0xB597, 0xB597,
  0xB597, 0xB5B7, 0xB5B7, 0xB5B7, 0xB597, 0xB597, 0xB597, 0xB597, 0xB597, 0xB597, 0xB597, 0xB597,
  0xB597, 0xB597, 0xB597, 0xB597, 0xAD77, 0xA515, 0xA515, 0xA535, 0xAD76, 0xB597, 0xB597, 0xB597,
  0xB597, 0xB597, 0xB597, 0xB597, 0xB597, 0xB597, 0xB597, 0xB597, 0xB597, 0xB597, 0xB597, 0xB597,
  0xB597, 0xB597, 0xB597, 0xB597, 0xB597, 0xB597, 0xAD76, 0xAD76, 0xAD76, 0xAD76, 0xB597, 0xAD76,
  0xAD76, 0xAD76, 0xAD76, 0xAD76, 0xAD76, 0xAD76, 0xAD76, 0xAD76, 0xAD76, 0xAD76, 0xAD76, 0xAD76,
  0xB5B8, 0xB5B8, 0xB5B8, 0xB5B8, 0xB5B8, 0xB5B8, 0xB5B8, 0xB5B8, 0xB5B8, 0xB5B8, 0xB5B8, 0xB5B8,
  0xB5B8, 0xB5B8, 0xB5B8, 0xB5B8, 0xB5B8, 0xB5B8, 0xB5B8, 0xB5B8, 0xB5B8, 0xB5B8, 0xB5B8, 0xB5B8,
  0xB5B8, 0xB5B8, 0xB5B8, 0xB5B8, 0xB5B8, 0xB5B8, 0xB5B8, 0xB5B8, 0xB5B8, 0xB5B8, 0xB5B8, 0xB5B8,
  0xB5B8, 0xB5B8, 0xB5B8, 0xB5B8, 0xB5B8, 0xB5B8, 0xB5B8, 0xB5B8, 0xB5B8, 0xB5B8, 0xB598, 0xB5B8,
  0x9CD4, 0x8432, 0xDEFC, 0xC4B7, 0x88CD, 0xD133, 0xC110, 0xB8AF, 0xB8AF, 0xA8CD, 0x88AB, 0x90EB,
  0x892B, 0x81AB, 0x834F, 0x8C73, 0x94B4, 0x9D15, 0xBE19, 0xAD97, 0x94F4, 0x6B6F, 0x8C93, 0x94B4,
  0xA556, 0xB5D9, 0x52CD, 0x52AC, 0x8C93, 0x8C72, 0x94B3, 0x6B6E, 0x7BF0, 0xAD96, 0xDF1D, 0x9D15,
  0x5AED, 0x8431, 0xA536, 0x5B0E, 0x3A09, 0x6B4E, 0x5ACC, 0x41E9, 0x5A8B, 0x832F, 0x99CE, 0x900A,
  0x980A, 0x9009, 0x9009, 0x9009, 0x980A, 0xA00B, 0xB04D, 0xB8CF, 0xC8D0, 0xC890, 0xC00F, 0xB86F,
  0xB86E, 0xB0AF, 0xB2D3, 0x7B4F, 0x7B8F, 0x7BF0, 0xBE38, 0xD6DC, 0x8432, 0x5AAC, 0x6B4E, 0x8C72,
  0x73F0, 0x73F0, 0xB5B7, 0xA555, 0xC65A, 0x8C52, 0x7BD0, 0x94B4, 0xBE19, 0x7B8F, 0x4A6A, 0x18C4,
  0x2926, 0x526B, 0x83F1, 0x9CB4, 0x8C52, 0x9493, 0x9473, 0x8C12, 0x722C, 0x6807, 0x8009, 0x7809,
  0x800A, 0xA010, 0xCAF7, 0xEC1C, 0xAA92, 0x49E9, 0x3146, 0x3166, 0x4A29, 0x738F, 0x8411, 0x8C52,
  0x9CD4, 0x94B3, 0x8431, 0x8C72, 0x8C72, 0x8411, 0x8C52, 0x7BAF, 0x7BD0, 0x8411, 0x7BD0, 0x7BF0,
  0x7BF0, 0x7BCF, 0x73AF, 0x73AF, 0x8C52, 0x94B3, 0xAD56, 0xAD76, 0xAD76, 0xAD76, 0xB597, 0xB597,
  0xB597, 0xB597, 0xB5B7, 0xB5B7, 0xB5B7, 0xB5B7, 0xB5B7, 0xB5B7, 0xB597, 0xB597, 0xB597, 0xB597,
  0xB597, 0xB597, 0xB597, 0xB597, 0xAD76, 0xA515, 0xA515, 0xA535, 0xAD76, 0xB597, 0xB597, 0xB597,
  0xB597, 0xB597, 0xB597, 0xB597, 0xB597, 0xB597, 0xB597, 0xB597, 0xB597, 0xB597, 0xB597, 0xB597,
  0xB597, 0xAD76, 0xAD76, 0xB597, 0xB597, 0xB597, 0xB597, 0xAD76, 0xAD76, 0xAD76, 0xAD76, 0xAD76,
  0xAD76, 0xAD76, 0xAD76, 0xAD76, 0xAD76, 0xAD76, 0xAD76, 0xAD76, 0xAD76, 0xAD76, 0xAD76, 0xAD76,
  0xB5B8, 0xB5B8, 0xB5B8, 0xB5B8, 0xB5B8, 0xB5B8, 0xB5B8, 0xB5B8, 0xB5B8, 0xB5B8, 0xB5B8, 0xB5B8,
  0xB5B8, 0xB5B8, 0xB5B8, 0xB5B8, 0xB5B8, 0xB5B8, 0xB5B8, 0xB5B8, 0xB5B8, 0xB5B8, 0xB5B8, 0xB5B8,
  0xB5B8, 0xB5B8, 0xB5B8, 0xB5B8, 0xB5B8, 0xB5B8, 0xB5B8, 0xB5B8, 0xB5B8, 0xB5B8, 0xB5B8, 0xB5B8,
  0xB5B8, 0xB5B8, 0xB5B8, 0xB5B8, 0xB5B8, 0xB5B8, 0xB5B8, 0xB5B8, 0xB5B8, 0xB5B8, 0xB598, 0xAD77,
  0x8C52, 0xBDF8, 0xF73E, 0xAAB4, 0xC974, 0xC911, 0xB8AE, 0xB8AF, 0xB8AE, 0xA0AC, 0x88AA, 0x88EB,
  0x892A, 0x798B, 0x836F, 0x8C52, 0x7C11, 0xA556, 0xD71D, 0x7C32, 0x94D4, 0x8452, 0x94D4, 0xBE18,
  0xCEBC, 0x634E, 0x4A6B, 0x9493, 0x8C93, 0x8C73, 0x94D3, 0x7BCF, 0x73AF, 0x8C93, 0xB5B8, 0x8CB3,
  0xA556, 0xC65A, 0x632E, 0x31C8, 0x6B6E, 0x94B4, 0xBE18, 0x83F1, 0x6AED, 0x92AF, 0x806A, 0x900A,
  0x9009, 0x9009, 0x9009, 0x9009, 0x9009, 0x980A, 0xA00C, 0xB8AE, 0xD111, 0xB82E, 0xB00E, 0xC0AF,
  0xC0AE, 0xB0CE, 0xB2F3, 0x732E, 0x6B4D, 0x632D, 0x9D55, 0xBE18, 0xE75D, 0xB5B8, 0x94B3, 0x6B8F,
  0x1905, 0x1905, 0x8C72, 0x632D, 0x6B8F, 0xCE7B, 0x94B4, 0x8C73, 0xE73D, 0xBDF8, 0x5AEC, 0x62ED,
  0x6B4E, 0x83F1, 0x83F1, 0x73B0, 0x8431, 0x8C32, 0x7BD0, 0x83F1, 0x8B30, 0x6006, 0x7008, 0x7809,
  0x7009, 0xBA15, 0xF33A, 0xF31A, 0xD2F7, 0x6A8C, 0x20E4, 0x2905, 0x2104, 0x2946, 0x5ACC, 0x8431,
  0x8C72, 0x9CF4, 0x9CD4, 0x94B3, 0x9CF4, 0x9CD3, 0xA515, 0x9CF4, 0x94B3, 0x8C72, 0x8C51, 0x7BF0,
  0x7BD0, 0x8431, 0x8C51, 0x7BF0, 0x83F0, 0x73AF, 0x738F, 0x94B3, 0xA536, 0xAD56, 0xB577, 0xB597,
  0xB597, 0xB597, 0xB597, 0xB597, 0xB5B7, 0xB5B7, 0xB5B7, 0xB5B7, 0xB597, 0xB597, 0xB597, 0xB597,
  0xB597, 0xB597, 0xB597, 0xB597, 0xAD76, 0xA515, 0xA515, 0xA535, 0xAD76, 0xB597, 0xB597, 0xB597,
  0xB597, 0xB597, 0xB597, 0xB597, 0xB597, 0xB597, 0xB597, 0xB597, 0xB597, 0xB597, 0xB597, 0xB597,
  0xB597, 0xB597, 0xB597, 0xB597, 0xAD76, 0xB597, 0xAD76, 0xAD76, 0xB597, 0xAD76, 0xAD76, 0xAD76,
  0xAD76, 0xAD76, 0xAD76, 0xAD76, 0xAD76, 0xAD76, 0xAD76, 0xAD76, 0xAD76, 0xAD76, 0xAD76, 0xAD76,
  0xB5B8, 0xB5B8, 0xB5B8, 0xB5B8, 0xB5B8, 0xB5B8, 0xB5B8, 0xB5B8, 0xB5B8, 0xB5B8, 0xB5B8, 0xB5B8,
  0xB5B8, 0xB5B8, 0xB5B8, 0xB5B8, 0xB5B8, 0xB5B8, 0xB5B8, 0xB5B8, 0xB5B8, 0xB5B8, 0xB5B8, 0xB5B8,
  0xB5B8, 0xB5B8, 0xB5B8, 0xB5B8, 0xB5B8, 0xB5B8, 0xB5B8, 0xB5B8, 0xB5B8, 0xB5B8, 0xB5B8, 0xB5B8,
  0xB5B8, 0xB5B8, 0xB5B8, 0xB5B8, 0xB5B8, 0xB5B8, 0xB5B8, 0xB5B8, 0xB597, 0xB597, 0xB598, 0xA516,
  0xAD97, 0xEFBE, 0xD5DA, 0xCA77, 0xD9B4, 0xB8EE, 0xB0AE, 0xB08E, 0xB08D, 0x906A, 0x80AA, 0x890A,
  0x812A, 0x798A, 0x836F, 0x8411, 0x73B0, 0x94B3, 0x9D56, 0x7C11, 0xA556, 0x8451, 0xC679, 0xDF5E,
  0x7C53, 0x426A, 0x9D15, 0xA516, 0x8452, 0x8C72, 0x94B3, 0x73D0, 0x4A8B, 0x73D0, 0xD6DB, 0xD6FC,
  0x9D56, 0x634E, 0x2967, 0x738F, 0x9D34, 0xB5F8, 0x7C31, 0xA4F5, 0x730E, 0x81AC, 0x8009, 0x9009,
  0x8809, 0x9009, 0x9009, 0x9009, 0x9009, 0x980A, 0xA00B, 0xB02D, 0xC08E, 0xA80C, 0xA80C, 0xB88E,
  0xB8AE, 0xA8CE, 0xAB12, 0x6B0D, 0x736F, 0x18E5, 0x6BAF, 0xA556, 0x7C52, 0x8CD3, 0xC65A, 0xB5D8,
  0x632D, 0x630D, 0x8431, 0x4A6A, 0x2967, 0x422A, 0xC619, 0xCE9B, 0xCEDB, 0xD6DC, 0xA556, 0x738F,
  0x6B4E, 0x734F, 0x736F, 0x73B0, 0x9493, 0x7BD0, 0x738F, 0x6B4F, 0x9C13, 0x68A8, 0x6007, 0x7008,
  0x906D, 0xDA98, 0xC931, 0xB830, 0xBA33, 0x624B, 0x2904, 0x2104, 0x20E4, 0x20E4, 0x2905, 0x4208,
  0x6B2D, 0x83F0, 0xA515, 0x94B3, 0x9472, 0x9493, 0xA515, 0xAD56, 0xAD56, 0xA535, 0x9CF4, 0x9CD4,
  0x9493, 0x8C52, 0x8431, 0x8410, 0x8C52, 0x9CD3, 0x8C52, 0x738F, 0x738F, 0x9493, 0xA535, 0xB597,
  0xB597, 0xB597, 0xB5B7, 0xAD77, 0xB5B7, 0xB5B7, 0xB5B7, 0xB5B7, 0xB5B7, 0xB597, 0xB597, 0xB597,
  0xB597, 0xB597, 0xB597, 0xB597, 0xAD76, 0xA515, 0xA515, 0xA535, 0xAD76, 0xB597, 0xB597, 0xB597,
  0xB597, 0xB597, 0xB597, 0xB597, 0xB597, 0xB597, 0xB597, 0xB597, 0xB597, 0xB597, 0xB597, 0xB597,
  0xB597, 0xB597, 0xB597, 0xAD76, 0xB597, 0xAD76, 0xAD76, 0xB597, 0xB597, 0xAD76, 0xAD76, 0xAD76,
  0xAD76, 0xAD76, 0xAD76, 0xAD76, 0xAD76, 0xAD76, 0xAD76, 0xAD76, 0xAD76, 0xAD76, 0xAD76, 0xAD76,
  0xB5B8, 0xB5B8, 0xB5B8, 0xB5B8, 0xB5B8, 0xB5B8, 0xB5B8, 0xB5B8, 0xB5B8, 0xB5B8, 0xB5B8, 0xB5B8,
  0xB5B8, 0xB5B8, 0xB5B8, 0xB5B8, 0xB5B8, 0xB5B8, 0xB5B8, 0xB5B8, 0xB5B8, 0xB5B8, 0xB5B8, 0xB5B8,
  0xB5B8, 0xB5B8, 0xB5B8, 0xB5B8, 0xB5B8, 0xB5B8, 0xB5B8, 0xB5B8, 0xB5B8, 0xB5B8, 0xB5B8, 0xB5B7,
  0xB5B8, 0xB5B8, 0xB5B8, 0xB598, 0xB597, 0xAD77, 0xAD77, 0xAD77, 0xAD57, 0xAD57, 0xA536, 0xA536,
  0xDEFC, 0xE73E, 0xA231, 0xC914, 0xB92F, 0xC12F, 0xB90E, 0xB08D, 0x980A, 0x8008, 0x88CA, 0x890A,
  0x812A, 0x71AA, 0x836F, 0x7BD0, 0x9CF4, 0xA556, 0xB5F8, 0xE75D, 0xCEBB, 0x8C93, 0x9D56, 0x638F,
  0x5B0D, 0xA515, 0xAD56, 0x8C93, 0x7C11, 0x9D15, 0x6B6F, 0x52AC, 0x5AED, 0xAD97, 0xD6FC, 0x94F4,
  0x3A29, 0x2126, 0x2946, 0x94B3, 0xA535, 0x6BAF, 0x2947, 0x83D1, 0x7AEE, 0x812B, 0x8809, 0x8809,
  0x8809, 0x8808, 0x9009, 0x9009, 0x9009, 0x9009, 0x980A, 0xB88E, 0xA80C, 0x900A, 0x900A, 0xA88C,
  0xB0AD, 0xA90D, 0xA332, 0x62ED, 0x62ED, 0x3167, 0x2946, 0x8C93, 0x73D0, 0x2146, 0x31C8, 0x9D15,
  0xA515, 0x8411, 0x528B, 0x2966, 0x4A29, 0x3187, 0x4A4B, 0xCEBB, 0x8CD4, 0x532D, 0x9D15, 0x9CF5,
  0x8411, 0x62ED, 0x39C8, 0x39C9, 0x420A, 0x4209, 0x5ACD, 0x41E9, 0x8432, 0xA413, 0x60C8, 0x6807,
  0x7809, 0x882B, 0x800A, 0x90CC, 0x8A4E, 0x4A29, 0x39A7, 0x20E4, 0x20E4, 0x18C3, 0x20E4, 0x2925,
  0x3987, 0x528A, 0x6B2D, 0x9492, 0x9472, 0x7BF0, 0x8C72, 0x9493, 0x9493, 0x9CD4, 0xA514, 0x9CF4,
  0x9CD4, 0x9CB3, 0x94B3, 0x9493, 0x8431, 0x8431, 0x9CD3, 0x9CF4, 0x8C52, 0x6B6E, 0x7BD0, 0x94B3,
  0xB597, 0xB597, 0xB597, 0xB597, 0xB596, 0xB5B7, 0xB5B7, 0xB5B7, 0xB5B7, 0xB597, 0xB597, 0xB597,
  0xB597, 0xB597, 0xB597, 0xB597, 0xAD76, 0xA515, 0xA515, 0xA535, 0xAD76, 0xB597, 0xB597, 0xB597,
  0xB597, 0xB597, 0xB597, 0xB597, 0xB597, 0xB597, 0xB597, 0xB597, 0xB597, 0xB597, 0xB597, 0xB597,
  0xB597, 0xB597, 0xB597, 0xB597, 0xB597, 0xAD76, 0xAD76, 0xAD76, 0xAD76, 0xAD76, 0xAD76, 0xAD76,
  0xAD76, 0xAD76, 0xAD76, 0xAD76, 0xAD76, 0xAD76, 0xAD76, 0xAD76, 0xAD76, 0xAD76, 0xAD76, 0xAD76,
  0xB5B8, 0xB5B8, 0xB5B8, 0xB5B8, 0xB5B8, 0xB5B8, 0xB5B8, 0xB5B8, 0xB5B8, 0xB5B8, 0xB5B8, 0xB5B8,
  0xB5B8, 0xB5B8, 0xB5B8, 0xB5B8, 0xB5B8, 0xB5B8, 0xB5B8, 0xB5B8, 0xB5B8, 0xB5B8, 0xB5B8, 0xB5B8,
  0xB5B8, 0xB5B8, 0xB5B8, 0xB5B8, 0xB5B8, 0xB5B8, 0xB5B8, 0xB5B8, 0xB5B8, 0xB5B8, 0xB5B8, 0xB5B7,
  0xB597, 0xAD77, 0xAD77, 0xAD77, 0xAD77, 0xAD77, 0xA536, 0x9CF5, 0x9CD5, 0x9CF5, 0x94D4, 0x9493,
  0xB5F8, 0xB3B4, 0xB04F, 0xB8EF, 0xB8EE, 0xB8EE, 0xC10E, 0xA8AC, 0x8008, 0x7808, 0x80EA, 0x812A,
  0x814A, 0x71CA, 0x732E, 0x9CF4, 0xD6BB, 0x94F5, 0x7C11, 0xA597, 0x8CD5, 0x5B4E, 0x94D4, 0x73AF,
  0x94B3, 0xA556, 0xA556, 0x8452, 0x8C73, 0x9CF5, 0x73AF, 0xAD76, 0xCEDB, 0xADF8, 0x6BD0, 0x4A8C,
  0x10E5, 0x18C4, 0x52AB, 0xBDF8, 0xBE19, 0x9515, 0x9D15, 0x8C52, 0x726C, 0x80CA, 0x8809, 0x8809,
  0x8808, 0x8808, 0x8808, 0x9009, 0x9009, 0x9009, 0x980A, 0xB82D, 0x980A, 0x980A, 0x98CB, 0xA8EC,
  0xA08B, 0xA16E, 0x9310, 0x632E, 0x5AAC, 0x2946, 0x2125, 0x4209, 0x9D15, 0x4A4A, 0x18C4, 0x5B0D,
  0x8431, 0x2967, 0x18C4, 0x2105, 0x2125, 0x2946, 0x10A4, 0x7BF0, 0xAD76, 0x1925, 0x39E9, 0x73F0,
  0x9CF4, 0x9CF4, 0x9CD4, 0x73AF, 0x5ACC, 0x528B, 0x528B, 0x83D0, 0xB5D7, 0x9CF4, 0x6ACC, 0x71EA,
  0x7929, 0x818B, 0x8A0C, 0x7A8D, 0x41C8, 0x3187, 0x2945, 0x2105, 0x18C3, 0x18A3, 0x18C3, 0x20E4,
  0x2925, 0x3145, 0x39A7, 0x4A49, 0x7BAF, 0x9472, 0x9CD3, 0x94B3, 0x9CF4, 0x94B3, 0x8C72, 0x8C52,
  0x8C52, 0x8C72, 0x94B3, 0x94B3, 0x9CD3, 0x8C72, 0x8410, 0x9492, 0x9CD4, 0x9CF4, 0x8C51, 0x6B4E,
  0x7BD0, 0xA535, 0xB597, 0xB597, 0xB597, 0xB5B7, 0xB5B7, 0xB5B7, 0xB5B7, 0xB5B7, 0xB597, 0xB597,
  0xB597, 0xB597, 0xB597, 0xB597, 0xAD76, 0xA515, 0xA515, 0xA535, 0xAD76, 0xB597, 0xB597, 0xB597,
  0xB597, 0xB597, 0xB597, 0xB597, 0xB597, 0xB597, 0xB597, 0xB597, 0xB597, 0xB597, 0xB597, 0xB597,
  0xB597, 0xB597, 0xB597, 0xB597, 0xB597, 0xB597, 0xB597, 0xAD76, 0xAD76, 0xAD76, 0xAD76, 0xAD76,
  0xAD76, 0xAD76, 0xAD76, 0xAD76, 0xAD76, 0xAD76, 0xAD76, 0xAD76, 0xAD76, 0xAD76, 0xAD76, 0xAD76,
  0xB5B8, 0xB5B8, 0xB5B8, 0xB5B8, 0xB5B8, 0xB5B8, 0xB5B8, 0xB5B8, 0xB5B8, 0xB5B8, 0xB5B8, 0xB5B8,
  0xB5B8, 0xB5B8, 0xB5B8, 0xB5B8, 0xB5B8, 0xB5B8, 0xB5B8, 0xB5B8, 0xB5B8, 0xB5B8, 0xB5B8, 0xB5B8,
  0xB5B8, 0xB5B8, 0xB5B8, 0xB5B8, 0xB5B8, 0xB5B8, 0xB5B8, 0xB5B8, 0xB5B8, 0xB5B7, 0xAD97, 0xAD76,
  0xAD77, 0xAD97, 0xB5B8, 0xB598, 0xAD56, 0xA536, 0xA536, 0xAD56, 0xAD77, 0xA536, 0xA515, 0x9CD4,
  0x8BB1, 0xA9F0, 0xC0D0, 0xB8CE, 0xB0AD, 0xB06D, 0xB0AD, 0x902A, 0x7007, 0x7828, 0x810A, 0x814A,
  0x816A, 0x71AA, 0x7B4E, 0x8C92, 0x9D15, 0x634E, 0x632D, 0x8452, 0x7C11, 0xA535, 0xBDF9, 0x8C72,
  0x7BF1, 0xCE7A, 0x9D15, 0x8452, 0xB5D7, 0xCE7A, 0xD71C, 0xCEBB, 0xADD8, 0xADB7, 0x7BF0, 0x634E,
  0x73F0, 0x8431, 0x94B3, 0x5AEC, 0x634E, 0x9D76, 0x7431, 0x630D, 0x7A6D, 0x80AA, 0x8809, 0x8809,
  0x8808, 0x8808, 0x8808, 0x8808, 0x8808, 0x9009, 0x980A, 0xA00B, 0xA00B, 0xA02B, 0xB18E, 0xB12D,
  0xA08B, 0xA9CF, 0x72AE, 0x7BF1, 0x62CC, 0x20E5, 0x18C4, 0x20E4, 0x9493, 0x6B4E, 0x18A4, 0x7BF1,
  0x738F, 0x18E5, 0x18C4, 0x18C4, 0x18E4, 0x18E4, 0x10C4, 0x2126, 0xB5D8, 0x52AB, 0x1083, 0x2946,
  0x4A4A, 0x6B6E, 0x94B3, 0xB5D7, 0xA514, 0x9CF4, 0x9493, 0xB597, 0x8C31, 0x632D, 0x4229, 0x39A7,
  0x49A8, 0x49C9, 0x3987, 0x2125, 0x2125, 0x20E4, 0x18C3, 0x18C3, 0x18A3, 0x1882, 0x18A3, 0x18A3,
  0x20C3, 0x20E3, 0x2104, 0x2925, 0x2945, 0x526A, 0x8C31, 0x8C72, 0x9493, 0xAD55, 0xAD56, 0xA535,
  0x9CF4, 0x9493, 0x8C72, 0x8431, 0x8C72, 0x9492, 0x8C72, 0x8431, 0x8C51, 0x94B3, 0x94B3, 0x8C52,
  0x73AF, 0x6B2D, 0x8431, 0xAD56, 0xAD76, 0xB597, 0xB5B7, 0xB5B7, 0xB5B7, 0xB597, 0xB597, 0xB597,
  0xB597, 0xB597, 0xB597, 0xB597, 0xAD76, 0xA515, 0xA515, 0xA535, 0xAD76, 0xB597, 0xB597, 0xB597,
  0xB597, 0xB597, 0xB597, 0xB597, 0xB597, 0xB597, 0xB597, 0xB597, 0xB597, 0xB597, 0xB597, 0xB597,
  0xB597, 0xB597, 0xB597, 0xB597, 0xAD76, 0xB597, 0xB597, 0xB597, 0xB597, 0xAD76, 0xAD76, 0xAD76,
  0xAD76, 0xAD76, 0xAD76, 0xAD76, 0xAD76, 0xAD76, 0xAD76, 0xAD76, 0xAD76, 0xAD76, 0xAD76, 0xAD76,
  0xB5B8, 0xB5B8, 0xB5B8, 0xB5B8, 0xB5B8, 0xB5B8, 0xB5B8, 0xB5B8, 0xB5B8, 0xB5B8, 0xB5B8, 0xB5B8,
  0xB5B8, 0xB5B8, 0xB5B8, 0xB5B8, 0xB5B8, 0xB5B8, 0xB5B8, 0xB5B8, 0xB5B8, 0xB5B8, 0xB5B8, 0xB5B8,
  0xB5B8, 0xB5B8, 0xB5B8, 0xB5B8, 0xB5B8, 0xB5B8, 0xB5B7, 0xB597, 0xAD97, 0xB597, 0xAD97, 0xB597,
  0xB5B8, 0xB5B8, 0xA536, 0x9CF5, 0xA536, 0xAD77, 0xAD77, 0xAD77, 0xA536, 0x9CF5, 0x8432, 0xA556,
  0xAC34, 0xA06D, 0xC10F, 0xB0AD, 0xB06C, 0xB04C, 0xB04C, 0x8809, 0x7007, 0x7848, 0x810A, 0x814A,
  0x814A, 0x69CA, 0x83D0, 0x73CF, 0x6B4E, 0x8431, 0x94B3, 0x94F4, 0xB5F9, 0xA536, 0x4A6B, 0x8C93,
  0x8C72, 0xA556, 0x4AAC, 0x8C93, 0xDF1C, 0xADB8, 0x4AEC, 0x634E, 0xA575, 0xE75E, 0xA576, 0x9D35,
  0xADB7, 0xADB7, 0x8431, 0x2966, 0x10A3, 0x10A4, 0x18C4, 0x5ACC, 0x7A6D, 0x80CA, 0x8809, 0x8808,
  0x8808, 0x8808, 0x8808, 0x8808, 0x8808, 0x8808, 0x9009, 0xA00A, 0xA00B, 0xA04B, 0xA0AC, 0xA0AC,
  0xA0EC, 0x924F, 0x630D, 0x8493, 0x5ACC, 0x10A3, 0x18C4, 0x1883, 0x7BD0, 0x73B0, 0x18A4, 0x8431,
  0x6B4E, 0x18C4, 0x18C4, 0x18C4, 0x18C4, 0x18C4, 0x31A7, 0x52AB, 0x94F4, 0x73B0, 0x18C4, 0x1082,
  0x1082, 0x10A3, 0x5ACC, 0x8C52, 0x6B6E, 0x8452, 0x9CF4, 0xCE5A, 0x7BCF, 0x41E8, 0x1062, 0x0862,
  0x1062, 0x1083, 0x1883, 0x20C4, 0x20C4, 0x18A3, 0x18A3, 0x18C3, 0x18C3, 0x18A3, 0x18A3, 0x1882,
  0x18A3, 0x20C3, 0x20E4, 0x20E4, 0x2904, 0x20E3, 0x3186, 0x526A, 0x526A, 0x632D, 0x8410, 0x9472,
  0x9CD4, 0xA515, 0x9CB3, 0x9493, 0x8411, 0x8431, 0x8411, 0x8410, 0x7BF0, 0x94B3, 0x94B3, 0x8C72,
  0x8431, 0x8410, 0x632D, 0x73AF, 0x9493, 0xAD76, 0xB5B7, 0xB5B7, 0xB5B7, 0xB5B7, 0xB597, 0xB597,
  0xB597, 0xB597, 0xB597, 0xB597, 0xAD76, 0xA515, 0xA515, 0xA535, 0xB576, 0xB597, 0xB597, 0xB597,
  0xB597, 0xB597, 0xB597, 0xB597, 0xB597, 0xB597, 0xB597, 0xB597, 0xB597, 0xB597, 0xB597, 0xB597,
  0xB597, 0xB597, 0xB597, 0xB597, 0xB597, 0xB597, 0xB597, 0xB597, 0xB597, 0xAD76, 0xB597, 0xAD76,
  0xAD76, 0xAD76, 0xAD76, 0xAD76, 0xAD76, 0xB597, 0xAD76, 0xAD76, 0xAD76, 0xAD76, 0xAD76, 0xAD76,
  0xB5B8, 0xB5B8, 0xB5B8, 0xB5B8, 0xB5B8, 0xB5B8, 0xB5B8, 0xB5B8, 0xB5B8, 0xB5B8, 0xB5B8, 0xB5B8,
  0xB5B8, 0xB5B8, 0xB5B8, 0xB5B8, 0xB5B8, 0xB5B8, 0xB5B8, 0xB5B8, 0xB5B8, 0xB5B8, 0xB5B8, 0xB5B8,
  0xB5B8, 0xB5B8, 0xB5B8, 0xB5B8, 0xAD97, 0xAD97, 0xAD97, 0xB597, 0xB597, 0xB597, 0xB597, 0xB5B7,
  0xAD56, 0x9CF5, 0x9CF5, 0xAD56, 0xB597, 0xAD77, 0xAD77, 0xAD77, 0xAD56, 0x8C94, 0x6B4E, 0xAD36,
  0x922F, 0xB00E, 0xB8AD, 0xB08C, 0xB06C, 0xB02C, 0xB04C, 0x904A, 0x7007, 0x7868, 0x892A, 0x814A,
  0x7929, 0x726C, 0x8C51, 0x8431, 0x7BCF, 0x8411, 0x8432, 0x634E, 0x8452, 0x7C11, 0x2967, 0x7C31,
  0xA556, 0x7C11, 0xAD97, 0xB5D8, 0xADB7, 0x94D4, 0x424A, 0x632D, 0x8451, 0x94F4, 0x634E, 0x4A8B,
  0x2125, 0x6B6F, 0x73AF, 0x2105, 0x18C4, 0x18A4, 0x1883, 0x528B, 0x724C, 0x78AA, 0x8009, 0x8808,
  0x8808, 0x8808, 0x8808, 0x8008, 0x8809, 0x8008, 0x8808, 0x8809, 0x980A, 0x982A, 0x984A, 0x982A,
  0x990C, 0x6A6D, 0x8451, 0x6BB0, 0x41E9, 0x1062, 0x18A3, 0x1083, 0x6B2E, 0x7BD0, 0x18A4, 0x7BF1,
  0x6B4E, 0x18C4, 0x18A4, 0x18C4, 0x10A3, 0x4A6A, 0x8C52, 0x7BF1, 0x9CF5, 0x9CF4, 0x2966, 0x1083,
  0x1083, 0x2946, 0x7BD0, 0x8C52, 0x8C52, 0xDF1C, 0xCE9A, 0x9493, 0x7BCF, 0x39C7, 0x1082, 0x18A3,
  0x18A3, 0x18A3, 0x18A3, 0x18C4, 0x18A3, 0x18A3, 0x18A3, 0x18A3, 0x18A2, 0x18A3, 0x18C3, 0x18A2,
  0x18A2, 0x18A2, 0x20C3, 0x20C3, 0x20E4, 0x20E4, 0x18A2, 0x20E3, 0x39A7, 0x2925, 0x3166, 0x39C7,
  0x4A29, 0x62EC, 0x73AF, 0x9492, 0x94B3, 0x9CD3, 0x9492, 0x9492, 0x8411, 0x7BCF, 0x94B3, 0xAD55,
  0x9CD3, 0x7BF0, 0x7BD0, 0x83F0, 0x7BCF, 0x8C72, 0xA535, 0xB5B7, 0xB5B7, 0xB5B7, 0xB597, 0xB597,
  0xB597, 0xB597, 0xB597, 0xB597, 0xAD76, 0xA515, 0xA515, 0xA535, 0xB576, 0xB597, 0xB597, 0xB597,
  0xB597, 0xB597, 0xB597, 0xB597, 0xB597, 0xB597, 0xB597, 0xB597, 0xB597, 0xB597, 0xB597, 0xB597,
  0xB597, 0xB597, 0xB597, 0xB597, 0xB597, 0xB597, 0xB597, 0xB597, 0xB597, 0xAD76, 0xB597, 0xAD76,
  0xAD76, 0xAD76, 0xAD76, 0xAD76, 0xAD76, 0xAD76, 0xB597, 0xAD76, 0xAD76, 0xAD76, 0xAD76, 0xAD76,
  0xB5B8, 0xB5B8, 0xB5B8, 0xB5B8, 0xB5B8, 0xB5B8, 0xB5B8, 0xB5B8, 0xB5B8, 0xB5B8, 0xB5B8, 0xB5B8,
  0xB5B8, 0xB5B8, 0xB5B8, 0xB5B8, 0xB5B8, 0xB5B8, 0xB5B8, 0xB5B8, 0xB5B8, 0xB5B8, 0xB5B8, 0xB5B8,
  0xB5B8, 0xB5B8, 0xAD98, 0xAD97, 0xAD97, 0xAD97, 0xB597, 0xB5B7, 0xB597, 0xB597, 0xB5B7, 0xA536,
  0x9CD4, 0xAD56, 0xB597, 0xB5B8, 0xAD77, 0xAD77, 0xB597, 0xAD57, 0x8C52, 0x73B0, 0xCEBB, 0xB495,
  0x884B, 0xB84E, 0xB0CD, 0xB06C, 0xB06C, 0xB02C, 0xA86C, 0xA08B, 0x7007, 0x7888, 0x894A, 0x812A,
  0x7149, 0x832E, 0x9CD3, 0xB597, 0x7BF0, 0x630D, 0x528B, 0x7BF0, 0xBE19, 0x3A2A, 0x31A8, 0x6B8F,
  0xAD97, 0x9CF5, 0xA556, 0x4A8B, 0x424A, 0x8C92, 0x9CF4, 0xA555, 0x94B3, 0x5B0C, 0x528B, 0x18E4,
  0x18C4, 0x7BD0, 0x634D, 0x18E4, 0x10A3, 0x1083, 0x1863, 0x528B, 0x728C, 0x78EA, 0x8009, 0x8008,
  0x8008, 0x8008, 0x8008, 0x8008, 0xA10B, 0x8808, 0x8808, 0x8809, 0x902A, 0x9029, 0x8809, 0x888A,
  0x79CC, 0x6B4E, 0x7C11, 0x52CC, 0x2105, 0x0842, 0x1063, 0x1083, 0x738F, 0x8C32, 0x18A4, 0x7BF0,
  0x8411, 0x18C4, 0x2946, 0x2946, 0x2125, 0x9CF4, 0x52AC, 0x10C4, 0x31C8, 0xA515, 0x4208, 0x1083,
  0x1083, 0x3187, 0x6B4E, 0x738E, 0x9D14, 0xDF1C, 0xC67A, 0x8C72, 0x7BCF, 0x3186, 0x1082, 0x18A3,
  0x18A3, 0x18A3, 0x18A3, 0x18A3, 0x20C3, 0x18A3, 0x1082, 0x18A3, 0x18A3, 0x1882, 0x1082, 0x1882,
  0x18A2, 0x18A2, 0x18A3, 0x18A3, 0x20C3, 0x20E3, 0x20E3, 0x18C3, 0x20E3, 0x2104, 0x20E3, 0x20E3,
  0x20C3, 0x2104, 0x3186, 0x4A49, 0x630C, 0x73AF, 0x8C72, 0x9CD4, 0xA535, 0x94B3, 0x7BAF, 0x8410,
  0xA535, 0xA514, 0x8C52, 0x8C51, 0x7BD0, 0x83F0, 0x7BF0, 0x94B3, 0xB597, 0xB5B7, 0xB5B7, 0xB5B7,
  0xB597, 0xB597, 0xB597, 0xB5B7, 0xAD76, 0xA515, 0xA515, 0xA535, 0xB577, 0xB597, 0xB597, 0xB597,
  0xB597, 0xB597, 0xB597, 0xB597, 0xB597, 0xB597, 0xB597, 0xB597, 0xB597, 0xB597, 0xB597, 0xB597,
  0xB597, 0xB597, 0xB597, 0xB597, 0xB597, 0xB597, 0xB597, 0xB597, 0xB597, 0xAD76, 0xB597, 0xAD76,
  0xAD76, 0xAD76, 0xAD76, 0xAD76, 0xAD76, 0xAD76, 0xAD76, 0xAD76, 0xAD76, 0xAD76, 0xAD76, 0xAD76,
  0xB5B8, 0xB5B8, 0xB5B8, 0xB5B8, 0xB5B8, 0xB5B8, 0xB5B8, 0xB5B8, 0xB5B8, 0xB5B8, 0xB5B8, 0xB5B8,
  0xB5B8, 0xB5B8, 0xB5B8, 0xB5B8, 0xB5B8, 0xB5B8, 0xB5B8, 0xB5B8, 0xB5B8, 0xB5B8, 0xB5B8, 0xB5B8,
  0xAD97, 0xAD97, 0xAD77, 0xAD97, 0xB5B8, 0xB5B8, 0xB5B8, 0xB5B7, 0xB597, 0xB5B8, 0xA515, 0xA535,
  0xB597, 0xB597, 0xB5B8, 0xAD77, 0xAD77, 0xB5B8, 0xB5B8, 0x9CF5, 0x4A4A, 0x9D14, 0xDF3D, 0x8A8F,
  0xA86E, 0xB0AD, 0xB8CD, 0xB04C, 0xB06C, 0xB04B, 0xA88B, 0xA8CB, 0x7808, 0x78A8, 0x812A, 0x7929,
  0x7169, 0x836F, 0x7BD0, 0x7BD0, 0x7BD0, 0x7BD0, 0x7BF0, 0xD6DB, 0x8CB4, 0x2987, 0x4A8B, 0x7C31,
  0x5B2D, 0x2987, 0x2146, 0x18E4, 0x10A4, 0x1905, 0x7C10, 0xA576, 0x8492, 0x31C8, 0x18C4, 0x1083,
  0x0863, 0x73AF, 0x634E, 0x18C3, 0x10A3, 0x1082, 0x1062, 0x422A, 0x6ACD, 0x794A, 0x8029, 0x8009,
  0x8008, 0x8008, 0x8008, 0x8808, 0x8008, 0x8808, 0x8808, 0x8809, 0x984A, 0x8809, 0x884A, 0x896C,
  0x6AAD, 0x8431, 0x526B, 0x52AC, 0x2105, 0x422A, 0x39C9, 0x18C4, 0x8C52, 0x8C53, 0x1083, 0x630D,
  0xA515, 0x6B6E, 0x8C72, 0x8C72, 0x7C11, 0xC639, 0x7C11, 0x2105, 0x4229, 0x94B3, 0x4A29, 0x1082,
  0x10A3, 0x18A4, 0x3187, 0x7BF0, 0x8410, 0x94D4, 0xA535, 0x8C72, 0x738E, 0x2105, 0x1082, 0x10A3,
  0x10A3, 0x10A3, 0x18C3, 0x10A3, 0x18A3, 0x18C3, 0x10A2, 0x1082, 0x18A3, 0x18A3, 0x1882, 0x1082,
  0x1082, 0x18A2, 0x18A2, 0x18A2, 0x18C3, 0x20C3, 0x20E3, 0x20E3, 0x18C3, 0x20E3, 0x20E3, 0x20E3,
  0x20E3, 0x18C3, 0x18C3, 0x18E3, 0x2925, 0x31A7, 0x4A6A, 0x6B4E, 0x73AF, 0x9493, 0xA515, 0x8C51,
  0x73AF, 0x9472, 0x8C72, 0xA515, 0x9CD3, 0x8C31, 0x7BF0, 0x738F, 0x8C51, 0xAD56, 0xB5B7, 0xB5B7,
  0xB5B7, 0xB5B7, 0xB5B7, 0xB5B7, 0xAD76, 0xA515, 0xA515, 0xA535, 0xB577, 0xB597, 0xB597, 0xB597,
  0xB597, 0xB597, 0xB597, 0xB597, 0xB597, 0xB597, 0xB597, 0xB597, 0xB597, 0xB597, 0xB597, 0xB597,
  0xB597, 0xB597, 0xB597, 0xB597, 0xB597, 0xB597, 0xB597, 0xB597, 0xB597, 0xB597, 0xAD76, 0xB597,
  0xAD76, 0xAD76, 0xAD76, 0xAD76, 0xAD76, 0xAD76, 0xAD76, 0xB597, 0xAD76, 0xAD76, 0xAD76, 0xAD76,
  0xB5B8, 0xB5B8, 0xB5B8, 0xB5B8, 0xB5B8, 0xB5B8, 0xB5B8, 0xB5B8, 0xB5B8, 0xB5B8, 0xB5B8, 0xB5B8,
  0xB5B8, 0xB5B8, 0xB5B8, 0xB5B8, 0xB5B8, 0xB5B8, 0xB5B8, 0xB5B8, 0xB5B8, 0xB5B8, 0xAD97, 0xAD97,
  0xAD77, 0xAD97, 0xB5B8, 0xB5B8, 0xB5B8, 0xB5B8, 0xB5B8, 0xB597, 0xAD77, 0x9CF5, 0xAD77, 0xB597,
  0xB597, 0xB5B8, 0xAD97, 0xA556, 0xB5B8, 0xAD77, 0x9CF5, 0x73AF, 0x526A, 0xBDF7, 0xDEDC, 0xA22F,
  0xB86F, 0xB0AD, 0xB0CC, 0xA86B, 0xB08B, 0xA88B, 0xA88B, 0xA8CB, 0x8048, 0x78A8, 0x7909, 0x7929,
  0x720B, 0x8C31, 0x8C51, 0x8411, 0x73CF, 0x9D14, 0xD6DC, 0xB5D8, 0x4A6B, 0x31A8, 0x630D, 0x94F5,
  0x31C8, 0x18E5, 0x2946, 0x2946, 0x18E5, 0x10A4, 0x2946, 0x94B4, 0x52CC, 0x0883, 0x1083, 0x1083,
  0x0842, 0x5B0D, 0x8C72, 0x2946, 0x10A3, 0x1083, 0x1062, 0x39A8, 0x6B0D, 0x71CB, 0x808A, 0x8009,
  0x8008, 0x8008, 0x8008, 0x8809, 0x8808, 0x8808, 0x8808, 0x8809, 0x8809, 0x8809, 0x916C, 0x7A8D,
  0x8C32, 0x6B6E, 0x2926, 0x4A4A, 0x9CF4, 0x94D4, 0xBE19, 0x8C72, 0x94B4, 0x52AC, 0x1083, 0x2967,
  0xAD97, 0x73D0, 0x424B, 0x39E9, 0xAD77, 0x8C72, 0xA515, 0x8C72, 0x8431, 0x6B6E, 0x2105, 0x1083,
  0x0862, 0x1083, 0x4229, 0x94D3, 0x738F, 0x6B6E, 0xBDF8, 0x8451, 0x632C, 0x10A3, 0x10A3, 0x10A3,
  0x10A3, 0x10A2, 0x10A2, 0x18A3, 0x18A3, 0x18A3, 0x18C3, 0x18A2, 0x1082, 0x10A2, 0x18A2, 0x10A2,
  0x1082, 0x1082, 0x18A2, 0x18A2, 0x18A2, 0x18A2, 0x18C3, 0x18C3, 0x20E3, 0x20C3, 0x18C3, 0x20E3,
  0x2104, 0x18C3, 0x18A3, 0x18A3, 0x20C3, 0x20E4, 0x2104, 0x3186, 0x39C7, 0x4208, 0x5ACB, 0x8431,
  0x8C31, 0x83F0, 0x738E, 0x8411, 0x9CD4, 0x9CD4, 0x9CD3, 0x9472, 0x7BCF, 0x7BF0, 0xA514, 0xB597,
  0xB597, 0xB597, 0xB597, 0xB597, 0xAD56, 0xA515, 0xA515, 0xA555, 0xB597, 0xB597, 0xB597, 0xB597,
  0xB597, 0xB597, 0xB597, 0xB597, 0xB597, 0xB597, 0xB597, 0xB597, 0xB597, 0xB597, 0xB597, 0xB597,
  0xB597, 0xB597, 0xB597, 0xB597, 0xB597, 0xB597, 0xB597, 0xB597, 0xB597, 0xB597, 0xAD76, 0xAD76,
  0xAD76, 0xAD76, 0xAD76, 0xAD76, 0xAD76, 0xAD76, 0xAD76, 0xAD76, 0xAD76, 0xAD76, 0xAD76, 0xAD76,
  0xB5B8, 0xB5B8, 0xB5B8, 0xB5B8, 0xB5B8, 0xB5B8, 0xB5B8, 0xB5B8, 0xB5B8, 0xB5B8, 0xB5B8, 0xB5B8,
  0xB5B8, 0xB5B8, 0xB5B8, 0xB5B8, 0xB5B8, 0xB5B8, 0xB5B8, 0xB598, 0xB597, 0xB597, 0xAD77, 0xB597,
  0xB5B8, 0xB5B8, 0xB5B8, 0xB5B8, 0xB5B8, 0xB5B8, 0xB5B8, 0xA536, 0x9CD4, 0xAD77, 0xB597, 0xB597,
  0xB5B8, 0xAD97, 0xA556, 0xAD97, 0xAD77, 0xA556, 0x630D, 0x39C7, 0x5AEC, 0xBDD7, 0xA452, 0x88AA,
  0xA80C, 0xA86B, 0xA86B, 0xA88B, 0xA88B, 0xA8AB, 0xA8CB, 0xA8CB, 0x88A9, 0x78A8, 0x70E8, 0x7169,
  0x7AED, 0x9493, 0x738E, 0x6B6E, 0x8C92, 0xE75D, 0xADD8, 0x3A2A, 0x31A8, 0x2987, 0x9D15, 0x8432,
  0x1905, 0x5B0D, 0x73AF, 0x634E, 0x5AEC, 0x2125, 0x0842, 0x6BAF, 0x6B6F, 0x10C4, 0x1083, 0x1082,
  0x0862, 0x2946, 0x9CF5, 0x7BD0, 0x2945, 0x0863, 0x1063, 0x20E5, 0x6B6F, 0x6A6C, 0x790A, 0x806A,
  0x8009, 0x8008, 0x7808, 0x8008, 0x8809, 0x8809, 0x8008, 0x7808, 0x7808, 0x812B, 0x7A6D, 0x83B0,
  0x630D, 0x39E9, 0x2105, 0x8C31, 0x634F, 0x2187, 0x4A6B, 0xBDD8, 0x8411, 0x526B, 0x5ACC, 0x634E,
  0xAD76, 0x8432, 0x08A4, 0x10A4, 0x8C52, 0x630D, 0x31A7, 0x6B6E, 0x4A6A, 0x2126, 0x0883, 0x18C4,
  0x4229, 0x6B6E, 0x8C72, 0x8431, 0x8451, 0x8451, 0xBE18, 0x7BD0, 0x52AB, 0x0861, 0x0862, 0x1082,
  0x10A2, 0x10A2, 0x10A3, 0x1082, 0x18A3, 0x18A3, 0x18A3, 0x18A2, 0x18A2, 0x1082, 0x10A2, 0x18A2,
  0x1082, 0x18A2, 0x1082, 0x1082, 0x18A2, 0x18A2, 0x18A3, 0x18C3, 0x20C3, 0x20E3, 0x20E3, 0x18C3,
  0x20E3, 0x2104, 0x20C3, 0x18A3, 0x18A3, 0x18C3, 0x18C3, 0x20E4, 0x2924, 0x2945, 0x3166, 0x31A6,
  0x4A6A, 0x8430, 0x8C31, 0x73AF, 0x7BF0, 0x8C31, 0x8C51, 0x9CB3, 0x9472, 0x6B6E, 0x738E, 0x9CD3,
  0xB597, 0xB5B7, 0xB597, 0xB597, 0xAD76, 0xA515, 0xA515, 0xA535, 0xB597, 0xB597, 0xB597, 0xB597,
  0xB597, 0xB597, 0xB597, 0xB597, 0xB597, 0xB597, 0xB597, 0xB597, 0xB597, 0xB597, 0xB597, 0xB597,
  0xB597, 0xB597, 0xB597, 0xB597, 0xB597, 0xB597, 0xB597, 0xB597, 0xB597, 0xB597, 0xAD76, 0xAD76,
  0xAD76, 0xB597, 0xAD76, 0xAD76, 0xAD76, 0xAD76, 0xAD76, 0xAD76, 0xAD76, 0xAD76, 0xAD76, 0xAD76,
  0xB5B8, 0xB5B8, 0xB5B8, 0xB5B8, 0xB5B8, 0xB5B8, 0xB5B8, 0xB5B8, 0xB5B8, 0xB5B8, 0xB5B8, 0xB5B8,
  0xB5B8, 0xB5B8, 0xB5B8, 0xB5B8, 0xB597, 0xB5B7, 0xB5B8, 0xB5B8, 0xB5B8, 0xAD77, 0xAD97, 0xB5B8,
  0xB5B8, 0xB5B8, 0xB5B8, 0xB5B8, 0xB5B8, 0xB5B8, 0xAD56, 0x94D4, 0xB597, 0xB597, 0xB597, 0xB5B8,
  0xB5B8, 0xAD97, 0xAD56, 0xAD77, 0xAD56, 0xB597, 0x736E, 0x39C8, 0x738F, 0xA4F4, 0x9B0F, 0x8008,
  0xA06B, 0xA06B, 0xA06A, 0xA88B, 0xA88B, 0xA8AB, 0xA0AB, 0xA0CB, 0x88C9, 0x70C8, 0x7109, 0x69A9,
  0x9411, 0x9C93, 0x736E, 0x7BCF, 0xD6FC, 0xB5F9, 0x7C11, 0x52CC, 0x5AEC, 0x9D15, 0xC63A, 0x52AC,
  0x31A7, 0xAD97, 0xDF1C, 0xA515, 0x8452, 0x6B8F, 0x6B8F, 0x8C72, 0x7BF0, 0x1904, 0x0883, 0x0883,
  0x0842, 0x0862, 0x634E, 0xC659, 0x9CF4, 0x73AF, 0x9CF4, 0x6B4E, 0x8C73, 0x6B2E, 0x69AA, 0x78EA,
  0x806A, 0x8029, 0x8009, 0x8008, 0x7808, 0x7807, 0x7008, 0x7889, 0x716A, 0x72AD, 0x8C31, 0x83F0,
  0x526B, 0x5AAC, 0x31A8, 0xBDB8, 0x5AED, 0x10A4, 0x52AC, 0x9CD4, 0x6B4D, 0x736E, 0x7BD0, 0xE75D,
  0xC65A, 0xB5B8, 0x7BD0, 0x7BEF, 0x9CD4, 0x8431, 0x7BF0, 0x5AEC, 0x73B0, 0x9CF5, 0x31A7, 0x73AF,
  0x7BF0, 0xA535, 0x6B8E, 0x29A7, 0x29C7, 0xA555, 0xB5D8, 0x8431, 0x4A6A, 0x1061, 0x0862, 0x0861,
  0x0862, 0x1082, 0x10A2, 0x1082, 0x10A3, 0x10A2, 0x18A2, 0x18A2, 0x1882, 0x18C3, 0x18A2, 0x1082,
  0x18A2, 0x18A2, 0x18A2, 0x18A2, 0x1082, 0x18A3, 0x18A3, 0x18C3, 0x18C3, 0x18A3, 0x20C3, 0x18C3,
  0x18C3, 0x20E3, 0x2104, 0x20E3, 0x18C3, 0x18A3, 0x18A3, 0x18A3, 0x18C3, 0x20E4, 0x2925, 0x2945,
  0x2945, 0x4208, 0x6B2D, 0x8410, 0x8431, 0x8411, 0x8410, 0x8431, 0x94B3, 0x8431, 0x738E, 0x73AF,
  0x8C72, 0xAD76, 0xB5B7, 0xB5B7, 0xAD76, 0xA535, 0xA535, 0xAD56, 0xB597, 0xB597, 0xB597, 0xB597,
  0xB597, 0xB597, 0xB597, 0xB597, 0xB597, 0xB597, 0xB597, 0xB597, 0xB597, 0xB597, 0xB597, 0xB597,
  0xB597, 0xB597, 0xB577, 0xB597, 0xB597, 0xB597, 0xB597, 0xAD76, 0xAD76, 0xAD76, 0xAD76, 0xAD76,
  0xAD76, 0xAD76, 0xB597, 0xAD76, 0xAD76, 0xAD76, 0xAD76, 0xAD76, 0xAD76, 0xAD76, 0xAD76, 0xAD76,
  0xB5B8, 0xB5B8, 0xB5B8, 0xB5B8, 0xB5B8, 0xB5B8, 0xB5B8, 0xB5B8, 0xB5B8, 0xB5B8, 0xB5B8, 0xB5B8,
  0xB5B8, 0xB5B8, 0xB5B8, 0xB5B8, 0xB5B8, 0xB5B8, 0xB5B8, 0xB5B8, 0xAD97, 0xB5B8, 0xB5B8, 0xB5B8,
  0xB5B8, 0xB5B8, 0xB5B8, 0xB5B8, 0xB5B8, 0xAD77, 0xA515, 0xAD77, 0xB5B7, 0xAD97, 0xB5B8, 0xB5B8,
  0xB5B8, 0xAD77, 0xA536, 0xAD77, 0xAD97, 0xAD97, 0x73AF, 0x5ACC, 0x9493, 0x9C73, 0x81AB, 0x8809,
  0xA08B, 0xA04A, 0xA06A, 0xA08A, 0xA0AB, 0xA0CB, 0xA0CA, 0x98EA, 0x88E9, 0x70E8, 0x7129, 0x7ACD,
  0xA4F4, 0x83F0, 0x8431, 0xC67A, 0x9D56, 0x6B8F, 0xC639, 0xC659, 0x6B8E, 0xA556, 0x5B0D, 0x10C4,
  0x4A6A, 0x8C52, 0xB5D8, 0xAD76, 0xAD76, 0xD6DB, 0x94F5, 0x8C93, 0x8432, 0x1925, 0x0042, 0x1905,
  0x5ACC, 0x94F4, 0xBE7A, 0xC69B, 0xCE7A, 0xADB7, 0x7C52, 0xA535, 0xBE3A, 0x8C93, 0x7BF1, 0x7A8D,
  0x796B, 0x80EB, 0x80CA, 0x806A, 0x7829, 0x7889, 0x712A, 0x726C, 0x83B0, 0x736E, 0x8C92, 0x9472,
  0x8411, 0xAD36, 0x94B3, 0xA535, 0xBE19, 0x8C93, 0x8C52, 0x632D, 0x632D, 0x738E, 0xA555, 0xE75D,
  0xB5F8, 0x2987, 0x4229, 0x52AC, 0x426A, 0x9493, 0x8C72, 0x8410, 0xBE18, 0xDF3D, 0x7BF0, 0x632D,
  0x2125, 0x9D35, 0x8431, 0x08A2, 0x10E4, 0x8431, 0xC659, 0x8C72, 0x4249, 0x1062, 0x1082, 0x1082,
  0x0861, 0x0861, 0x1062, 0x10A2, 0x1082, 0x10A2, 0x1882, 0x1882, 0x18A2, 0x18A3, 0x18C3, 0x1882,
  0x18A2, 0x18A2, 0x10A2, 0x18A2, 0x18A3, 0x18A2, 0x18A3, 0x18A2, 0x18A3, 0x18A3, 0x1082, 0x18C3,
  0x18A2, 0x18C3, 0x20E3, 0x20E3, 0x20E3, 0x18C3, 0x1082, 0x18A3, 0x18C3, 0x20C3, 0x20E3, 0x2104,
  0x2924, 0x2124, 0x2925, 0x39A7, 0x630C, 0x83F0, 0x8C31, 0x8411, 0x8C72, 0x94B3, 0x9492, 0x8410,
  0x632D, 0x7BD0, 0xAD56, 0xB5B7, 0xAD76, 0xA515, 0xA535, 0xAD56, 0xB597, 0xB597, 0xB597, 0xB597,
  0xB597, 0xB597, 0xB597, 0xB597, 0xB597, 0xB597, 0xB597, 0xB597, 0xB597, 0xB597, 0xB597, 0xB597,
  0xB597, 0xB597, 0xB597, 0xB597, 0xAD97, 0xB597, 0xB597, 0xB597, 0xB597, 0xAD76, 0xAD76, 0xAD76,
  0xAD76, 0xAD76, 0xAD76, 0xAD76, 0xAD76, 0xAD76, 0xAD76, 0xAD76, 0xAD76, 0xAD76, 0xAD76, 0xAD76,
  0xB5B8, 0xB5B8, 0xB5B8, 0xB5B8, 0xB5B8, 0xB5B8, 0xB5B8, 0xB5B8, 0xB5B8, 0xB5B8, 0xB5B8, 0xB5B8,
  0xB5B8, 0xB5B8, 0xB5B8, 0xB5B8, 0xB5B7, 0xB5B8, 0xADB8, 0xAD97, 0xB5B7, 0xB5B8, 0xB5B8, 0xB5B8,
  0xB5B8, 0xB5B8, 0xB5B8, 0xB5B8, 0xAD77, 0xA535, 0xB5B8, 0xB597, 0xAD77, 0xB5B7, 0xB5B8, 0xB5B8,
  0xB597, 0xAD77, 0xA556, 0xB5B7, 0xAD97, 0x7C32, 0x5AED, 0x9CD4, 0xAD35, 0x9C32, 0x7869, 0x980A,
  0xA08B, 0x982A, 0xA06A, 0xA08A, 0xA0AA, 0xA0CA, 0x98CA, 0x910A, 0x78E9, 0x70E8, 0x6989, 0x9C73,
  0x9CD4, 0x9492, 0xB5D7, 0xBE39, 0x5B0D, 0x52CC, 0xB5B7, 0xD6DC, 0x7C31, 0x5B0D, 0x2126, 0x0883,
  0x2987, 0x8431, 0x94B3, 0x8452, 0xAD97, 0x9D16, 0x29E8, 0x7C31, 0x8432, 0x3A09, 0x7C11, 0xBE39,
  0xB639, 0x8CB3, 0x530D, 0x3A4A, 0x8CD4, 0x3A4A, 0x0062, 0x8431, 0x73D0, 0x31C8, 0x6BAF, 0x9D56,
  0xACF6, 0x9370, 0x8ACF, 0x8AEF, 0x9330, 0x82EF, 0x7B8F, 0x7C10, 0x5AEC, 0x2946, 0x4229, 0x8431,
  0xBDF8, 0xEFBE, 0xC65A, 0x31C8, 0x1905, 0x2966, 0x2125, 0x10A3, 0x4A49, 0x73AF, 0x8C51, 0x9CF4,
  0x73D0, 0x4209, 0x422A, 0x2126, 0x10A4, 0x73B0, 0x8C52, 0x73AF, 0xA535, 0x94D4, 0x4A6A, 0x18C4,
  0x0862, 0x2967, 0x9CF5, 0x8410, 0x738E, 0x8430, 0xD6FC, 0x94D4, 0x4A49, 0x1082, 0x1082, 0x0862,
  0x0862, 0x0861, 0x0841, 0x0862, 0x1082, 0x10A2, 0x18A3, 0x18A2, 0x10A2, 0x18A2, 0x18A3, 0x18C3,
  0x10A2, 0x1082, 0x18C3, 0x18A2, 0x1082, 0x18A2, 0x1082, 0x1082, 0x10A2, 0x18C3, 0x10A2, 0x1082,
  0x18A2, 0x1082, 0x18C3, 0x20E4, 0x20C3, 0x2104, 0x18C3, 0x18A2, 0x18A3, 0x18A3, 0x18C3, 0x20E3,
  0x20E4, 0x2104, 0x2104, 0x2104, 0x2924, 0x4A29, 0x6B2D, 0x7BAF, 0x9472, 0x8C31, 0x94B3, 0x8C72,
  0x7BF0, 0x6B4D, 0x73AF, 0xA535, 0xAD76, 0xA515, 0xA535, 0xAD56, 0xB597, 0xB597, 0xB597, 0xB597,
  0xB597, 0xB597, 0xB597, 0xB597, 0xB597, 0xB597, 0xB597, 0xB597, 0xB597, 0xB597, 0xB597, 0xB597,
  0xB597, 0xB597, 0xB597, 0xAD97, 0xAD97, 0xB597, 0xB597, 0xB597, 0xB597, 0xB597, 0xAD76, 0xAD76,
  0xAD76, 0xAD76, 0xAD76, 0xAD76, 0xAD76, 0xAD76, 0xAD76, 0xAD76, 0xAD76, 0xAD76, 0xAD76, 0xAD76,
  0xB5B8, 0xB5B8, 0xB5B8, 0xB5B8, 0xB5B8, 0xB5B8, 0xB5B8, 0xB5B8, 0xB5B8, 0xB5B8, 0xB5B8, 0xB5B8,
  0xB5B8, 0xB5B8, 0xB5B8, 0xB5B8, 0xB5B8, 0xB5B8, 0xAD77, 0xB5B8, 0xB5B8, 0xB5B8, 0xB5B8, 0xB5B8,
  0xB5B8, 0xB5B8, 0xB5B8, 0xAD77, 0x9CF5, 0xB597, 0xB5B8, 0xAD77, 0xB597, 0xB5B8, 0xB5B8, 0xB5B7,
  0xAD97, 0xA536, 0xAD97, 0xAD97, 0x8C93, 0x6B6E, 0xA556, 0xC639, 0xAD35, 0x9370, 0x8009, 0xA8AC,
  0xA06B, 0xA04A, 0xA08A, 0xA08A, 0xA0AA, 0xA0CA, 0x990A, 0x912A, 0x70E8, 0x68E8, 0x7AAC, 0xB597,
  0x8411, 0x6B6E, 0x73AF, 0x94D4, 0x94D4, 0x73AF, 0x8C72, 0xAD76, 0x8451, 0x422A, 0x0063, 0x10C4,
  0x31A8, 0x8431, 0xBE19, 0xB5D7, 0x9D15, 0x6B8F, 0x8C92, 0xCE9A, 0xB5D8, 0xC65A, 0x9D56, 0x638F,
  0x3A4A, 0x2146, 0x10A4, 0x2105, 0xA576, 0x6B8E, 0x8431, 0xAD77, 0x2947, 0x1063, 0x20E5, 0x4A6B,
  0x7C12, 0x9D36, 0xADB7, 0xA577, 0x9CF5, 0x7BB0, 0x528B, 0x3147, 0x18A4, 0x1884, 0x39C8, 0x8C51,
  0x8451, 0xB5F8, 0x73F0, 0x2145, 0x0862, 0x0862, 0x0842, 0x0863, 0x18E4, 0x3187, 0x4229, 0x5AEC,
  0x7BF0, 0x8C51, 0x8C52, 0xA556, 0x6B6E, 0x8431, 0x9CF4, 0x6B2D, 0x6B4E, 0x6B4E, 0x2925, 0x18C4,
  0x18E4, 0x18A4, 0x39A8, 0x528B, 0x5AAB, 0x31A7, 0x94B3, 0xB5B7, 0x528A, 0x18A3, 0x1082, 0x1082,
  0x1062, 0x1082, 0x1082, 0x1082, 0x18A3, 0x18C3, 0x10A2, 0x10A2, 0x10A2, 0x10A2, 0x10A2, 0x10A2,
  0x18A2, 0x10A2, 0x1082, 0x18A2, 0x1082, 0x1061, 0x10A2, 0x10A2, 0x1082, 0x18A2, 0x18C3, 0x1082,
  0x1882, 0x18A2, 0x1082, 0x18A2, 0x20E3, 0x20E3, 0x20C3, 0x18C3, 0x10A2, 0x10A2, 0x10A2, 0x18A2,
  0x20E3, 0x20E3, 0x2104, 0x20E4, 0x20E3, 0x2104, 0x3186, 0x4A49, 0x738E, 0x94B3, 0x8C72, 0x9CD3,
  0x9492, 0x8C31, 0x6B2D, 0x6B4D, 0x9CF4, 0xA515, 0xA535, 0xAD56, 0xB597, 0xB597, 0xB597, 0xB597,
  0xB597, 0xB597, 0xB597, 0xB597, 0xB597, 0xB597, 0xB597, 0xB597, 0xB597, 0xB597, 0xB597, 0xB597,
  0xB597, 0xB597, 0xB597, 0xAD97, 0xAD97, 0xB597, 0xB597, 0xAD76, 0xAD76, 0xAD76, 0xAD76, 0xAD76,
  0xAD76, 0xAD76, 0xAD76, 0xAD76, 0xAD76, 0xAD76, 0xAD76, 0xAD76, 0xAD76, 0xAD76, 0xAD76, 0xAD76,
  0xB5B8, 0xB5B8, 0xB5B8, 0xB5B8, 0xB5B8, 0xB5B8, 0xB5B8, 0xB5B8, 0xB5B8, 0xB5B8, 0xB5B8, 0xB5B8,
  0xB5B8, 0xB5B8, 0xB5B8, 0xB5B8, 0xB5B7, 0xAD97, 0xB5B8, 0xB5B8, 0xB5B8, 0xB5B8, 0xB5B8, 0xB5B8,
  0xB5B8, 0xB5B8, 0xAD97, 0x9CF5, 0xAD97, 0xB5B8, 0xB5B8, 0xAD77, 0xAD97, 0xB5B8, 0xB5B8, 0xB5B7,
  0xAD77, 0xA535, 0xAD97, 0x8C93, 0x6B8F, 0x8C92, 0xD6DB, 0xE75E, 0xAD15, 0x8A8E, 0x880A, 0xA8CC,
  0xA08B, 0xA08B, 0xA0AB, 0xA0AB, 0x98CA, 0x990B, 0x912B, 0x894A, 0x7108, 0x6148, 0xACF4, 0xAD56,
  0x62ED, 0x738F, 0x20E5, 0x31A8, 0x73D0, 0xA556, 0xB5F8, 0x7C10, 0x634F, 0x2126, 0x6B8F, 0xADB7,
  0xB5F9, 0xCE9B, 0xADB7, 0x9D14, 0xA576, 0xBDF8, 0xF7DF, 0xD71D, 0x9D35, 0x52CC, 0x31E9, 0x1926,
  0x0863, 0x0042, 0x0843, 0x0862, 0x5B0D, 0xBE39, 0xA556, 0x52CC, 0x4209, 0x3187, 0x4209, 0x5AAC,
  0x5ACC, 0x94D4, 0xC65A, 0xAD97, 0xB597, 0x9472, 0x6B4E, 0x7BAF, 0x83F0, 0x8410, 0x8410, 0xB5B7,
  0xBDD7, 0x9CF4, 0x73AF, 0x52AB, 0x2946, 0x18C4, 0x0882, 0x0862, 0x1083, 0x10A4, 0x1083, 0x52AB,
  0x8C51, 0x2966, 0x08A3, 0x8C93, 0x9D14, 0xCEBB, 0x9CF4, 0x8411, 0x83F0, 0x8410, 0x7BCF, 0x7BAF,
  0x7BAF, 0x7BF0, 0x6B6E, 0x528B, 0x3187, 0x08A3, 0x5B0C, 0xCE5A, 0x528A, 0x18E3, 0x10A3, 0x18A3,
  0x18A3, 0x18C3, 0x18A3, 0x1082, 0x1082, 0x1082, 0x1082, 0x1082, 0x1082, 0x18C3, 0x1082, 0x10A2,
  0x10A2, 0x18A3, 0x1082, 0x1082, 0x18A2, 0x1082, 0x1061, 0x18A2, 0x18A3, 0x1082, 0x18A2, 0x18A3,
  0x1082, 0x1082, 0x1082, 0x18C3, 0x18A3, 0x20C3, 0x18C3, 0x18C3, 0x18C3, 0x10A2, 0x1082, 0x10A2,
  0x18A2, 0x20E3, 0x20E3, 0x2104, 0x20E4, 0x20C3, 0x20E3, 0x2104, 0x3166, 0x632D, 0x83F0, 0x8C72,
  0xAD55, 0x9CD3, 0x8C51, 0x73AF, 0x6B4E, 0x8C52, 0xA515, 0xAD56, 0xB597, 0xB597, 0xB597, 0xB597,
  0xB597, 0xB597, 0xB597, 0xB597, 0xB597, 0xB597, 0xB597, 0xB597, 0xB597, 0xB597, 0xB597, 0xB597,
  0xB597, 0xB597, 0xB597, 0xAD97, 0xAD97, 0xAD97, 0xB597, 0xAD76, 0xAD76, 0xAD76, 0xAD76, 0xAD76,
  0xAD76, 0xB577, 0xAD76, 0xAD76, 0xAD76, 0xAD76, 0xAD76, 0xAD76, 0xAD76, 0xAD76, 0xAD76, 0xAD76,
  0xB5B8, 0xB5B8, 0xB5B8, 0xB5B8, 0xB5B8, 0xB5B8, 0xB5B8, 0xB5B8, 0xB5B8, 0xB5B8, 0xB5B8, 0xB5B8,
  0xB5B8, 0xB5B8, 0xB5B8, 0xB5B8, 0xAD97, 0xB5B7, 0xB5B8, 0xB5B8, 0xB5B8, 0xB5B8, 0xB5B8, 0xB5B8,
  0xB5B8, 0xB5B8, 0xA536, 0xAD77, 0xB5B8, 0xB5B8, 0xAD97, 0xB5B8, 0xAD97, 0xB597, 0xB5B8, 0xB5B7,
  0xA556, 0xA535, 0x94D4, 0x73CF, 0x73AF, 0xB5D7, 0x9D15, 0xA576, 0xBD77, 0x8A0D, 0x980B, 0xA8ED,
  0xA08B, 0xA08B, 0xA0AB, 0xA0AB, 0x98EB, 0x992B, 0x914B, 0x898A, 0x7108, 0x7ACD, 0xCE9B, 0x630D,
  0x630D, 0x632D, 0x18E5, 0x2146, 0x6B8F, 0x9D35, 0x8CD4, 0x3A6B, 0x4AAB, 0xC659, 0xADD7, 0x636F,
  0x7C11, 0xADB8, 0x31E9, 0x8472, 0x9CF4, 0xC67A, 0xADD8, 0x5B2E, 0x31A8, 0x2967, 0x2146, 0x31A8,
  0x4A4A, 0x632E, 0x73D0, 0x8C72, 0x94D3, 0xADB7, 0xAD76, 0xB5B7, 0xB5D7, 0xB5D8, 0xBDD7, 0xBDD7,
  0xAD76, 0xA535, 0xAD96, 0xB5B7, 0xB5B7, 0xB5D7, 0xBDF8, 0xBDF8, 0xBE18, 0xBE18, 0xB5D7, 0xAD96,
  0xB5B7, 0xA535, 0xAD56, 0xA535, 0xA535, 0x9CF4, 0x8C72, 0x7BCF, 0x6B4E, 0x528A, 0x2966, 0x6B4D,
  0xA535, 0x18E4, 0x0842, 0x738F, 0x6BAF, 0x6BCF, 0xB5B7, 0x7BF0, 0x6B2D, 0x4A49, 0x39A7, 0x2966,
  0x2966, 0x31A7, 0x73AF, 0xA514, 0x8430, 0x8410, 0x8C51, 0xDEFC, 0x6B6E, 0x2104, 0x10A2, 0x10A2,
  0x1082, 0x1082, 0x1082, 0x1082, 0x1062, 0x0861, 0x1062, 0x1082, 0x1082, 0x1082, 0x10A2, 0x1082,
  0x1082, 0x1082, 0x1082, 0x1082, 0x1082, 0x1082, 0x1082, 0x0841, 0x1082, 0x10A2, 0x1082, 0x18A2,
  0x18A2, 0x1082, 0x1082, 0x1082, 0x10A2, 0x18C3, 0x18E3, 0x1082, 0x18A2, 0x20E3, 0x18A2, 0x1082,
  0x18A2, 0x18C3, 0x20E3, 0x20C3, 0x20C3, 0x2104, 0x20E3, 0x20E3, 0x2904, 0x2925, 0x526A, 0x7BAF,
  0x9492, 0xAD55, 0x9CF4, 0x9492, 0x7BAF, 0x62EC, 0x8431, 0xA535, 0xB597, 0xB597, 0xB597, 0xB597,
  0xB597, 0xB597, 0xB597, 0xB597, 0xB597, 0xB597, 0xB597, 0xB597, 0xB597, 0xB597, 0xAD97, 0xAD97,
  0xAD97, 0xAD97, 0xAD97, 0xAD97, 0xAD97, 0xAD97, 0xAD97, 0xAD76, 0xAD76, 0xAD76, 0xAD76, 0xAD76,
  0xAD76, 0xAD76, 0xAD76, 0xAD76, 0xAD76, 0xAD76, 0xAD76, 0xAD76, 0xAD76, 0xAD76, 0xAD76, 0xAD76,
  0xB5B8, 0xB5B8, 0xB5B8, 0xB5B8, 0xB5B8, 0xB5B8, 0xB5B8, 0xB5B8, 0xB5B8, 0xB5B8, 0xB5B8, 0xB5B8,
  0xB5B8, 0xB5B8, 0xB5B8, 0xB597, 0xB5B7, 0xB5B8, 0xB5B8, 0xB5B8, 0xB5B8, 0xB5B8, 0xB5B8, 0xB5B8,
  0xB5B8, 0xA536, 0xAD77, 0xB5B8, 0xB5B8, 0xB5B8, 0xAD97, 0xB5B8, 0xB5B8, 0xAD97, 0xB5B7, 0xB5B7,
  0xA556, 0x94B3, 0x6B8E, 0x636E, 0x634E, 0xAD76, 0xAD97, 0x8C73, 0xACF5, 0x89AC, 0xA02C, 0xA8ED,
  0xA0AB, 0xA0AB, 0xA0AB, 0x98CB, 0x98EB, 0x912B, 0x896B, 0x898B, 0x6989, 0xB597, 0xA556, 0x6B6E,
  0x7BF0, 0x2987, 0x1063, 0x6B8F, 0xC67B, 0x73B0, 0x8472, 0x8472, 0xCEDB, 0x73F1, 0x3A2A, 0x1926,
  0x7C11, 0x52CC, 0x52CC, 0xC659, 0xD6FC, 0xA597, 0x73F0, 0x7C10, 0x94B3, 0xA535, 0xAD97, 0xBE19,
  0xBE19, 0xC639, 0xC67A, 0xBE39, 0xB5D7, 0xB5D7, 0xB5B7, 0xAD76, 0xAD76, 0xADB7, 0xB5D8, 0xB5F8,
  0xB5D8, 0xADB7, 0xB5D7, 0xADB7, 0xADB7, 0xADB7, 0xAD97, 0xB5B7, 0xB5F8, 0xADB7, 0xA536, 0x94D4,
  0xA556, 0x94B3, 0x73AF, 0x738E, 0x6B6E, 0x738E, 0x73AE, 0x7BF0, 0x8C51, 0x9492, 0x94B3, 0x94B3,
  0x9CF4, 0x8410, 0x7BCF, 0x9492, 0x4AAB, 0x10C3, 0xAD55, 0x6B4E, 0x0862, 0x0862, 0x0862, 0x0862,
  0x0842, 0x0021, 0x73AF, 0x7BF0, 0x39E7, 0x52AB, 0xB5B7, 0xDEFC, 0x8410, 0x2125, 0x1082, 0x10A3,
  0x1082, 0x1082, 0x1082, 0x1082, 0x1082, 0x1062, 0x0861, 0x1061, 0x0861, 0x1062, 0x1062, 0x10A2,
  0x1082, 0x0861, 0x0861, 0x1082, 0x1082, 0x1082, 0x1061, 0x1061, 0x0861, 0x1082, 0x1082, 0x18A2,
  0x18A2, 0x10A2, 0x10A2, 0x1061, 0x0861, 0x10A2, 0x18C3, 0x18C3, 0x1082, 0x10A2, 0x20E3, 0x18C3,
  0x10A2, 0x18A2, 0x20E3, 0x20E3, 0x18A3, 0x20C3, 0x2104, 0x2104, 0x20E3, 0x20E3, 0x20E4, 0x39A7,
  0x632C, 0x8C72, 0xAD55, 0x9CD3, 0x8C72, 0x7BCF, 0x6B2D, 0x8C31, 0xAD56, 0xB597, 0xB597, 0xB597,
  0xB597, 0xB597, 0xB597, 0xB597, 0xB597, 0xB597, 0xB597, 0xB597, 0xB597, 0xAD97, 0xAD97, 0xAD97,
  0xAD77, 0xAD97, 0xAD97, 0xAD97, 0xAD97, 0xAD76, 0xAD97, 0xAD97, 0xAD97, 0xAD76, 0xAD76, 0xAD76,
  0xAD76, 0xAD76, 0xAD76, 0xAD76, 0xAD76, 0xAD76, 0xAD76, 0xAD76, 0xAD76, 0xAD76, 0xAD76, 0xAD76,
  0xB5B8, 0xB5B8, 0xB5B8, 0xB5B8, 0xB5B8, 0xB5B8, 0xB5B8, 0xB5B8, 0xB5B8, 0xB5B8, 0xB5B8, 0xB5B8,
  0xB5B8, 0xB5B8, 0xB5B8, 0xAD97, 0xB5B8, 0xB5B8, 0xB5B8, 0xB5B8, 0xB5B8, 0xB5B8, 0xB5B8, 0xB5B8,
  0xA556, 0xA536, 0xB5B8, 0xB5B8, 0xB5B8, 0xAD97, 0xAD97, 0xB5B8, 0xB5B8, 0xB5B8, 0xAD97, 0xAD97,
  0xAD76, 0x7C10, 0x3A08, 0x634D, 0xCE7A, 0xA535, 0xBDF8, 0xCE7A, 0xAD15, 0x7909, 0x980A, 0xA8CD,
  0xA0CB, 0xA0AB, 0xA0AB, 0x98EB, 0x990B, 0x916B, 0x91AB, 0x798A, 0x9C12, 0xBE3A, 0x528B, 0x94B3,
  0x73F0, 0x0862, 0x10A4, 0x8C93, 0x7C52, 0x5AED, 0xBE18, 0xCEBB, 0x5B2E, 0x2987, 0x08A4, 0x10A4,
  0x8C52, 0xA535, 0xCE7A, 0xC65A, 0xB5F9, 0xADB7, 0xB5B8, 0xAD97, 0xADB7, 0xADB7, 0xB5F8, 0xBE19,
  0xB5F8, 0xB5D8, 0xBE18, 0xB5F8, 0xAD97, 0xAD76, 0xAD76, 0xA535, 0xA576, 0xA577, 0x94F4, 0xA555,
  0xAD55, 0xA555, 0xA555, 0x9D15, 0x8C93, 0x94B4, 0x94B3, 0x94B3, 0xA535, 0xA555, 0x9CD3, 0x8451,
  0x73F0, 0xA535, 0xA534, 0x9491, 0x9492, 0x8C71, 0x8C31, 0x83F0, 0x7BAF, 0x6B2D, 0x6B6E, 0x736E,
  0x738F, 0x7BCF, 0x8431, 0x94B2, 0x9492, 0x7C10, 0x8C51, 0x8410, 0x39C7, 0x2104, 0x1083, 0x0862,
  0x0842, 0x0041, 0x94B3, 0x7BEF, 0x0041, 0x10A3, 0x9492, 0xD6BB, 0x94B3, 0x3186, 0x1062, 0x1082,
  0x1082, 0x1082, 0x1082, 0x1082, 0x1062, 0x1082, 0x0841, 0x0841, 0x0861, 0x1062, 0x0861, 0x1082,
  0x1082, 0x1082, 0x1061, 0x0861, 0x1082, 0x1082, 0x0861, 0x1061, 0x1061, 0x0861, 0x1082, 0x1082,
  0x18A2, 0x10A2, 0x1082, 0x10A2, 0x1061, 0x1062, 0x18A2, 0x18C3, 0x1082, 0x1082, 0x18A2, 0x20E3,
  0x20E3, 0x18A2, 0x20E3, 0x20C3, 0x20E3, 0x18A3, 0x20C3, 0x20E4, 0x2104, 0x20E3, 0x20E3, 0x2104,
  0x2945, 0x4A29, 0x8410, 0xAD56, 0x9CD3, 0x8C72, 0x83F0, 0x73AF, 0x8C72, 0xA535, 0xB597, 0xB597,
  0xB597, 0xB597, 0xB597, 0xB597, 0xB597, 0xB597, 0xB597, 0xB597, 0xB597, 0xB597, 0xB597, 0xAD97,
  0xAD97, 0xAD77, 0xAD77, 0xAD97, 0xAD97, 0xAD77, 0xAD76, 0xAD76, 0xAD76, 0xAD76, 0xAD76, 0xAD76,
  0xAD76, 0xAD76, 0xAD76, 0xAD76, 0xAD76, 0xAD76, 0xAD76, 0xAD76, 0xAD76, 0xAD76, 0xAD76, 0xAD76,
  0xB5B8, 0xB5B8, 0xB5B8, 0xB5B8, 0xB5B8, 0xB5B8, 0xB5B8, 0xB5B8, 0xB5B8, 0xB5B8, 0xB5B8, 0xB5B8,
  0xB5B8, 0xB5B8, 0xAD97, 0xB5B8, 0xB5B8, 0xB5B8, 0xB5B8, 0xB5B8, 0xB5B8, 0xB5B8, 0xB5B8, 0xAD77,
  0x9CF5, 0xB5B8, 0xB5B8, 0xB5B8, 0xB5B8, 0xAD77, 0xB5B8, 0xB5B8, 0xB5B8, 0xB5B8, 0xB5B7, 0xAD97,
  0x94D4, 0x4249, 0x2145, 0x6B8E, 0xB5F8, 0xBE19, 0x9514, 0xBE18, 0xEF1D, 0x792A, 0x980B, 0xA8ED,
  0xA0CC, 0xA0CB, 0xA0CB, 0x992B, 0x994B, 0x918C, 0x818B, 0x724B, 0xD6DC, 0x8CD4, 0x630D, 0x8C93,
  0x428B, 0x0842, 0x2946, 0x8CB4, 0x8452, 0xCE9A, 0xDEFC, 0x7BF1, 0x5AEC, 0x632D, 0x7C11, 0x9D15,
  0xB5D8, 0xAD97, 0x94D4, 0x94F4, 0xA556, 0xA556, 0xAD97, 0xADB7, 0xAD76, 0xA556, 0xA556, 0xA555,
  0x9D35, 0x9D15, 0x8C93, 0x8C93, 0xA555, 0xAD96, 0xB5B7, 0x94D3, 0xB5B7, 0xCEBB, 0xA536, 0xAD76,
  0xB596, 0xAD96, 0x9CD3, 0xB5B7, 0xAD96, 0xCE9B, 0xA535, 0x9CD3, 0xAD55, 0xAD75, 0x8410, 0xA576,
  0xA556, 0xDEFC, 0xCE7A, 0x94B2, 0x9CD3, 0xA514, 0x9CD3, 0x8410, 0x736E, 0x8C51, 0x9492, 0x8431,
  0x8410, 0x73AF, 0x6B2D, 0x736E, 0x8430, 0x8C51, 0x8C51, 0x8C71, 0x9492, 0x8C51, 0x7BEF, 0x632C,
  0x4A29, 0x2125, 0x526A, 0x9CF4, 0x52AA, 0x5ACB, 0x8410, 0xD6BA, 0xB596, 0x41E8, 0x1062, 0x1062,
  0x1062, 0x1082, 0x1082, 0x1082, 0x1082, 0x1082, 0x0861, 0x0841, 0x0841, 0x0861, 0x1082, 0x1082,
  0x1062, 0x1082, 0x1082, 0x1082, 0x0861, 0x10A2, 0x1082, 0x0861, 0x0861, 0x1061, 0x1061, 0x1082,
  0x10A2, 0x10A2, 0x1082, 0x1082, 0x1082, 0x1082, 0x1082, 0x18C3, 0x18A3, 0x0861, 0x0861, 0x1082,
  0x18C3, 0x2103, 0x20E3, 0x20C3, 0x20C3, 0x20C3, 0x18A3, 0x20C3, 0x2904, 0x20E4, 0x2104, 0x20E4,
  0x20C3, 0x2904, 0x41E8, 0x7BAF, 0xA514, 0x9CB3, 0x9493, 0x8410, 0x73AF, 0x9493, 0xA535, 0xB597,
  0xB597, 0xB597, 0xB597, 0xB597, 0xB597, 0xB597, 0xB597, 0xB597, 0xB597, 0xB597, 0xB597, 0xAD97,
  0xAD97, 0xAD77, 0xAD77, 0xAD77, 0xAD77, 0xAD76, 0xAD76, 0xAD76, 0xAD76, 0xAD76, 0xAD76, 0xAD76,
  0xAD76, 0xAD76, 0xAD76, 0xAD76, 0xAD76, 0xAD76, 0xAD76, 0xAD76, 0xAD76, 0xAD76, 0xAD76, 0xAD76,
  0xB5B8, 0xB5B8, 0xB5B8, 0xB5B8, 0xB5B8, 0xB5B8, 0xB5B8, 0xB5B8, 0xB5B8, 0xB5B8, 0xB5B8, 0xB5B8,
  0xB5B8, 0xB5B8, 0xB5B7, 0xB5B8, 0xB5B8, 0xB5B8, 0xB5B8, 0xB5B8, 0xB5B8, 0xB5B8, 0xAD97, 0x9D15,
  0xAD77, 0xB5B8, 0xB5B8, 0xB5B8, 0xAD97, 0xAD97, 0xB5B8, 0xB5B8, 0xB5B8, 0xB5B8, 0xB5B7, 0xD6BB,
  0x8CB3, 0x2986, 0x4A49, 0x73CF, 0x73CF, 0xADB7, 0x94F4, 0x94F4, 0xA494, 0x70C9, 0xA0AD, 0xA92D,
  0xA0EC, 0xA0CB, 0xA0EB, 0x994C, 0x996C, 0x896B, 0x7189, 0xACF5, 0xB639, 0xDEFC, 0x9D35, 0x73F0,
  0x634E, 0x18E5, 0x0863, 0x6B8F, 0xA576, 0xC67A, 0xB5F9, 0xAD77, 0xA556, 0x9D15, 0x8C93, 0x7C31,
  0x7C11, 0x8472, 0x8C93, 0x94D4, 0x9CF4, 0xA555, 0xAD76, 0x94B4, 0x94D4, 0xA555, 0xA556, 0xAD76,
  0xA555, 0xC639, 0xC639, 0x94D4, 0xB5B7, 0xBDF8, 0xAD76, 0x7BF0, 0xAD96, 0xD6BB, 0xDEFC, 0xB5B7,
  0xB596, 0xB5B7, 0x7C10, 0x8C71, 0xD6DB, 0xE77E, 0xC639, 0xA514, 0xAD75, 0xA514, 0x738E, 0x8410,
  0xCE9B, 0xE75D, 0xCE9A, 0x9492, 0x9CF3, 0xAD35, 0x94B2, 0x8C52, 0x4229, 0x8452, 0xBDF8, 0x8C72,
  0x9492, 0x8C92, 0x8C72, 0x8431, 0x8431, 0x8C72, 0x94D3, 0x9CF3, 0x9CD3, 0x8431, 0x7BEF, 0x8430,
  0x8C51, 0x8C51, 0x7BCF, 0x7BCF, 0x8430, 0x7BAE, 0x62EC, 0x8C72, 0xC618, 0x5AAB, 0x1082, 0x1062,
  0x1082, 0x1082, 0x1082, 0x1082, 0x0861, 0x1062, 0x0862, 0x0861, 0x0841, 0x0861, 0x1062, 0x1061,
  0x1061, 0x1082, 0x0861, 0x1082, 0x1082, 0x1061, 0x1082, 0x0861, 0x1061, 0x1061, 0x0861, 0x1061,
  0x1082, 0x18A2, 0x1062, 0x1082, 0x1082, 0x1082, 0x1082, 0x1082, 0x18C3, 0x1082, 0x1061, 0x0861,
  0x1082, 0x18C3, 0x2103, 0x20C3, 0x20C3, 0x20E3, 0x20C3, 0x20C3, 0x20E3, 0x20E3, 0x2104, 0x20E4,
  0x20C3, 0x20C3, 0x2104, 0x3986, 0x630C, 0x9492, 0x9CD3, 0x9CD3, 0x7BAF, 0x6B2D, 0x94B3, 0xAD56,
  0xB597, 0xB597, 0xB597, 0xB597, 0xB597, 0xB597, 0xB597, 0xB597, 0xB597, 0xB597, 0xB597, 0xB597,
  0xAD97, 0xAD77, 0xAD77, 0xAD76, 0xAD76, 0xAD76, 0xAD76, 0xAD76, 0xAD76, 0xAD76, 0xAD76, 0xAD76,
  0xAD76, 0xAD76, 0xAD76, 0xAD76, 0xAD76, 0xAD76, 0xAD76, 0xAD76, 0xAD76, 0xAD76, 0xAD76, 0xAD76,
  0xB5B8, 0xB5B8, 0xB5B8, 0xB5B8, 0xB5B8, 0xB5B8, 0xB5B8, 0xB5B8, 0xB5B8, 0xB5B8, 0xB5B8, 0xB5B8,
  0xB5B8, 0xAD97, 0xB5B8, 0xB5B8, 0xB5B8, 0xB5B8, 0xB5B8, 0xB5B8, 0xB5B8, 0xB5B8, 0xA536, 0xA536,
  0xB5B8, 0xB5B8, 0xB5B8, 0xB5B8, 0xAD77, 0xB5B8, 0xB5B8, 0xB5B8, 0xB5B8, 0xB5B8, 0xAD97, 0xADB7,
  0x5B4D, 0x31C7, 0x6B8E, 0x8451, 0xAD97, 0xD6DB, 0xCE9A, 0x9CF4, 0x628C, 0x70E9, 0xA90E, 0xB12E,
  0xA90C, 0xA0EC, 0x990B, 0x914B, 0x998C, 0x7109, 0x93D1, 0xB639, 0x6B6F, 0xD6DB, 0xDF5D, 0x94B4,
  0x6B6E, 0x4A6B, 0x5B0D, 0x94D4, 0xA556, 0x9D15, 0x8452, 0x73F0, 0x7BF0, 0x8452, 0x9CF4, 0xA556,
  0x9D15, 0x8C93, 0xAD97, 0xAD97, 0xB597, 0xADB7, 0xDEFC, 0xBDF8, 0x9D35, 0xB5D7, 0xB5D7, 0x94D3,
  0x73CF, 0x94D3, 0xDF1D, 0xCE9B, 0xAD96, 0xBDD7, 0xAD55, 0x73AE, 0x73AF, 0xB5D7, 0xDF1C, 0xAD96,
  0xAD75, 0xB596, 0x94B3, 0x738E, 0x8431, 0xBE18, 0xB5B7, 0xA534, 0xAD55, 0xB596, 0x8430, 0x738E,
  0x9CD3, 0xCE7A, 0xB5B7, 0x8C71, 0xA513, 0xA514, 0x8410, 0x8C52, 0x8C72, 0xE73D, 0xDEFC, 0x9492,
  0x94B2, 0x9CD3, 0x8C71, 0x7BCF, 0x5B0D, 0x7C31, 0x9492, 0x8410, 0x8C31, 0x8C51, 0x8C51, 0x8430,
  0x8410, 0x94B2, 0x94B2, 0x8C10, 0x83EF, 0x8C10, 0x8C10, 0x7BCF, 0x9CB2, 0x738E, 0x18C3, 0x0861,
  0x1082, 0x1082, 0x1082, 0x1082, 0x1082, 0x1082, 0x1082, 0x1082, 0x1082, 0x1082, 0x1082, 0x1062,
  0x0861, 0x1062, 0x1082, 0x1061, 0x1082, 0x1082, 0x1082, 0x1082, 0x0861, 0x0861, 0x1062, 0x0861,
  0x1082, 0x18A2, 0x18A2, 0x1061, 0x1082, 0x1082, 0x1082, 0x1061, 0x1882, 0x18C3, 0x1082, 0x1062,
  0x0861, 0x1082, 0x18C3, 0x20E3, 0x18A2, 0x18C3, 0x18A3, 0x18C3, 0x18C3, 0x20E3, 0x2104, 0x20E3,
  0x20E3, 0x20C3, 0x20C3, 0x20E3, 0x3145, 0x62EC, 0x8C51, 0x9CD3, 0x9CD4, 0x6B4E, 0x738E, 0x9CD4,
  0xAD56, 0xB597, 0xB597, 0xB597, 0xB597, 0xB597, 0xB597, 0xB597, 0xB597, 0xAD97, 0xAD97, 0xAD97,
  0xAD97, 0xAD76, 0xAD76, 0xAD76, 0xAD76, 0xAD76, 0xAD76, 0xB576, 0xAD76, 0xAD76, 0xAD76, 0xAD76,
  0xAD76, 0xAD76, 0xAD76, 0xAD76, 0xAD76, 0xAD76, 0xAD76, 0xAD76, 0xAD76, 0xAD76, 0xAD76, 0xAD76,
  0xB5B8, 0xB5B8, 0xB5B8, 0xB5B8, 0xB5B8, 0xB5B8, 0xB5B8, 0xB5B8, 0xB5B8, 0xB5B8, 0xB5B8, 0xB5B8,
  0xB5B8, 0xB5B8, 0xB5B8, 0xB5B8, 0xB5B8, 0xB5B8, 0xB5B8, 0xB5B8, 0xB5B8, 0xAD77, 0x9D15, 0xB5B8,
  0xB5B8, 0xB5B8, 0xB5B8, 0xB597, 0xAD97, 0xB5B8, 0xB5B8, 0xB5B8, 0xB5B8, 0xB5B8, 0xAD97, 0x52AB,
  0x2145, 0x5AEC, 0x8C92, 0x8472, 0xD6DB, 0xEF9E, 0xADB7, 0x7BF0, 0x9412, 0x796B, 0xA94E, 0xB16E,
  0xA94D, 0x992C, 0x914B, 0x918C, 0x896B, 0x7A6C, 0xB619, 0x5B2D, 0x4A4A, 0x94B3, 0xBE5A, 0x94F4,
  0x94B4, 0xA556, 0x9D15, 0x8C73, 0x73D0, 0x7C11, 0x8C72, 0xA535, 0xB5D7, 0xBDF8, 0xB5D7, 0xBE18,
  0xADB7, 0x7C10, 0xAD76, 0xBE18, 0xAD96, 0x8C72, 0xA555, 0xD6DB, 0xC659, 0xADB6, 0xADB6, 0x9D14,
  0x73AF, 0x7BF0, 0xAD96, 0xBE18, 0xA535, 0xAD55, 0xAD76, 0x9CF4, 0x8C72, 0x9CD3, 0xA555, 0x9D14,
  0x94D3, 0x9CF4, 0xA534, 0x9CF4, 0x9CF4, 0xA514, 0x9CF3, 0x9CD3, 0x94B3, 0x9CF3, 0xA514, 0x8C71,
  0x8C71, 0xA514, 0x8C72, 0x8C71, 0x9CD3, 0xA514, 0x73AF, 0x738E, 0x9CF3, 0xD6BA, 0xCE9A, 0x8C71,
  0x94B2, 0x9CD3, 0x8C71, 0x8C72, 0x8C72, 0xD6FB, 0xD6BB, 0x8C51, 0x8430, 0x8C31, 0x8C30, 0x8430,
  0x94B2, 0xCE79, 0xBDD7, 0x8C30, 0x8C51, 0x840F, 0x8C51, 0x8410, 0x8C51, 0x9451, 0x3186, 0x0861,
  0x1082, 0x0861, 0x1061, 0x1082, 0x10A2, 0x10A2, 0x1082, 0x1082, 0x1061, 0x0861, 0x0841, 0x0861,
  0x1062, 0x1061, 0x1082, 0x1082, 0x1062, 0x1082, 0x1082, 0x1082, 0x1082, 0x0841, 0x1061, 0x1082,
  0x1082, 0x18C2, 0x18C3, 0x1082, 0x1082, 0x1082, 0x1082, 0x1082, 0x1082, 0x1082, 0x18A2, 0x1082,
  0x1082, 0x1061, 0x18C2, 0x18A3, 0x18C3, 0x18A2, 0x18A2, 0x18A2, 0x18A2, 0x20E4, 0x20E3, 0x20E4,
  0x2904, 0x2904, 0x2904, 0x20E3, 0x20E3, 0x2945, 0x5ACB, 0x8C31, 0x9CF4, 0x9CB3, 0x632D, 0x73AF,
  0xA515, 0xAD56, 0xB597, 0xB597, 0xB597, 0xB597, 0xB597, 0xB597, 0xB597, 0xAD97, 0xAD97, 0xAD97,
  0xAD97, 0xAD76, 0xAD97, 0xAD76, 0xAD76, 0xAD76, 0xAD76, 0xB576, 0xAD76, 0xAD76, 0xAD76, 0xAD76,
  0xAD76, 0xAD76, 0xAD76, 0xAD76, 0xAD76, 0xAD76, 0xAD76, 0xAD76, 0xAD76, 0xAD76, 0xAD76, 0xAD76,
  0xB5B8, 0xB5B8, 0xB5B8, 0xB5B8, 0xB5B8, 0xB5B8, 0xB5B8, 0xB5B8, 0xB5B8, 0xB5B8, 0xB5B8, 0xB5B8,
  0xB5B8, 0xB5B8, 0xB5B8, 0xB5B8, 0xB5B8, 0xB5B8, 0xB5B8, 0xB5B8, 0xAD97, 0xA515, 0xAD77, 0xB5B8,
  0xB5B8, 0xB5B8, 0xB5B8, 0xAD77, 0xB5B8, 0xB5B8, 0xB5B8, 0xB5B8, 0xB5B8, 0xB5B8, 0xAD97, 0x7BF0,
  0x630D, 0x8431, 0x8452, 0xBE18, 0xF7DF, 0xBE59, 0x8C93, 0x73B0, 0x9C73, 0x718B, 0xA98E, 0xA98E,
  0x996D, 0x914C, 0x916C, 0x91AC, 0x718A, 0x9C94, 0x7BB0, 0x39A8, 0x52AB, 0x9D35, 0x9CF5, 0x7C12,
  0x6B90, 0x6B6F, 0x8452, 0x9D15, 0xAD97, 0xBDF8, 0x94D4, 0x8452, 0xBDF8, 0xBE18, 0x9CD4, 0xAD75,
  0xDF3D, 0xC659, 0xB5D7, 0xB5B7, 0xAD76, 0x7BCF, 0x7BF0, 0xA535, 0xA556, 0xA535, 0xAD55, 0xAD76,
  0x9D14, 0xA535, 0xA535, 0xA535, 0x9D35, 0xA535, 0xA555, 0xA556, 0xA535, 0x94F4, 0x94D4, 0x8CB3,
  0x8C92, 0x8C72, 0x8C72, 0x8C92, 0x8C92, 0x8C92, 0x9492, 0x8C72, 0x8C51, 0x8C71, 0x8C92, 0x9492,
  0x8C72, 0x8C51, 0x8C31, 0x8431, 0x8431, 0x8C71, 0x8C71, 0x8430, 0x8C51, 0x94B2, 0x94B3, 0x9492,
  0x94B2, 0x9CD3, 0x7BCF, 0x7BCF, 0xAD96, 0xDF3C, 0xD6DB, 0x9492, 0x8C71, 0x8C51, 0x8C51, 0x8430,
  0xBDF8, 0xEF7E, 0xB5B6, 0x8430, 0xBDD7, 0x9492, 0x8C71, 0x8410, 0xAD76, 0xAD35, 0x526A, 0x0861,
  0x1082, 0x1082, 0x1082, 0x1082, 0x1082, 0x18A2, 0x1082, 0x1061, 0x1061, 0x1082, 0x0861, 0x0861,
  0x1061, 0x1062, 0x1061, 0x1082, 0x1082, 0x1082, 0x1082, 0x18A2, 0x18C2, 0x18A2, 0x1082, 0x10A2,
  0x1082, 0x1082, 0x18A2, 0x18A2, 0x0841, 0x1082, 0x1082, 0x1082, 0x1082, 0x1082, 0x1082, 0x1082,
  0x10A2, 0x1082, 0x18C3, 0x18A2, 0x10A2, 0x18C3, 0x18A2, 0x1882, 0x18A2, 0x18A3, 0x20E3, 0x20E3,
  0x2104, 0x20E3, 0x20E3, 0x20E3, 0x20E3, 0x20E3, 0x2945, 0x5AAA, 0x8C31, 0x9CF4, 0x9CB3, 0x6B4E,
  0x8411, 0xA535, 0xAD76, 0xB597, 0xB597, 0xAD77, 0xB597, 0xB597, 0xB597, 0xB597, 0xB597, 0xAD97,
  0xAD97, 0xAD76, 0xAD76, 0xAD76, 0xAD76, 0xAD76, 0xAD76, 0xAD76, 0xAD76, 0xAD76, 0xAD76, 0xAD76,
  0xAD76, 0xAD76, 0xAD76, 0xAD76, 0xAD76, 0xAD76, 0xAD76, 0xAD76, 0xAD76, 0xAD76, 0xAD76, 0xAD76,
  0xB5B8, 0xB5B8, 0xB5B8, 0xB5B8, 0xB5B8, 0xB5B8, 0xB5B8, 0xB5B8, 0xB5B8, 0xB5B8, 0xB5B8, 0xB5B8,
  0xB5B8, 0xB5B8, 0xB5B8, 0xB5B8, 0xB5B8, 0xB5B8, 0xB5B8, 0xB5B8, 0xA556, 0xA556, 0xB5B8, 0xB5B8,
  0xB5B8, 0xB5B8, 0xB5B8, 0xAD77, 0xB5B8, 0xB5B8, 0xB5B8, 0xB5B8, 0xB5B8, 0xB5B8, 0xAD76, 0xAD76,
  0xA535, 0x9CF4, 0x94B3, 0xE73C, 0xDF9E, 0x8CF4, 0x8451, 0x8C72, 0xCE7A, 0x8ACE, 0x91AD, 0x99CD,
  0x918C, 0x896C, 0x898C, 0x826D, 0x8BD1, 0x8411, 0x83F1, 0x9493, 0x94B4, 0x7390, 0x528C, 0x5AED,
  0x73F0, 0x9CF4, 0xB5B7, 0xB5D8, 0xBDF8, 0xCE9A, 0xDEFC, 0xA556, 0xBDF8, 0xBE18, 0x8C72, 0x73CF,
  0x94D3, 0xBE18, 0xAD76, 0xA555, 0xAD76, 0x9D14, 0x9D14, 0xA555, 0xA535, 0xA555, 0xAD76, 0xA576,
  0x94F4, 0x8CB3, 0x8C72, 0x7C11, 0x73AF, 0x636E, 0x5AEC, 0x52AB, 0x4A6A, 0x4229, 0x39E8, 0x31A7,
  0x2986, 0x2966, 0x2986, 0x4229, 0x39E7, 0x2966, 0x2965, 0x2965, 0x2966, 0x39C7, 0x4A49, 0x528A,
  0x528A, 0x52AB, 0x630C, 0x7BCF, 0x7BF0, 0x8410, 0x8431, 0x8C51, 0x8C51, 0x8C51, 0x8C51, 0x8C51,
  0x8C71, 0x9492, 0x9492, 0x8430, 0x8C51, 0x8C71, 0x9CD3, 0x8C71, 0x9472, 0x8C71, 0x8C51, 0x9492,
  0xCE7A, 0xDF1C, 0x94B2, 0x8C72, 0xBDD7, 0x9492, 0x8410, 0x8C51, 0xB596, 0xA514, 0x4228, 0x0020,
  0x0861, 0x1082, 0x1082, 0x10A2, 0x18A2, 0x1882, 0x18C2, 0x1882, 0x1082, 0x1062, 0x1082, 0x1062,
  0x0841, 0x1061, 0x1062, 0x1082, 0x1082, 0x1082, 0x1082, 0x1082, 0x1082, 0x18A2, 0x1082, 0x1061,
  0x1062, 0x1082, 0x1082, 0x18A2, 0x1061, 0x0841, 0x10A2, 0x1082, 0x0861, 0x1062, 0x10A2, 0x1082,
  0x0861, 0x10A2, 0x18A2, 0x18C3, 0x1082, 0x1082, 0x18C3, 0x18A2, 0x18C3, 0x18A2, 0x18A2, 0x20E3,
  0x2104, 0x2104, 0x20E3, 0x20E3, 0x2104, 0x20E3, 0x20C3, 0x2924, 0x5AAA, 0x8C51, 0x9CD3, 0x8C51,
  0x6B6E, 0x9493, 0xAD56, 0xAD76, 0xB597, 0xB597, 0xAD97, 0xB597, 0xB597, 0xB597, 0xB597, 0xAD97,
  0xAD97, 0xAD76, 0xAD77, 0xAD76, 0xAD76, 0xAD76, 0xAD76, 0xAD76, 0xAD76, 0xAD76, 0xAD76, 0xAD76,
  0xAD76, 0xAD76, 0xAD76, 0xAD76, 0xAD76, 0xAD76, 0xAD76, 0xAD76, 0xAD76, 0xAD76, 0xAD76, 0xAD76,
  0xB5B8, 0xB5B8, 0xB5B8, 0xB5B8, 0xB5B8, 0xB5B8, 0xB5B8, 0xB5B8, 0xB5B8, 0xB5B8, 0xB5B8, 0xB5B8,
  0xB5B8, 0xB5B8, 0xB5B8, 0xB5B8, 0xB5B8, 0xB5B8, 0xB5B8, 0xAD77, 0xA536, 0xAD97, 0xB5B8, 0xB5B8,
  0xB5B8, 0xB5B8, 0xAD97, 0xAD97, 0xB5B8, 0xB5B8, 0xB5B8, 0xB5B8, 0xB5B8, 0xAD97, 0xAD76, 0xAD97,
  0x9D15, 0xA556, 0x9D35, 0xB5F8, 0x9535, 0x8451, 0x94D3, 0x9CF3, 0xDF3C, 0xACD5, 0x79CC, 0x922E,
  0x89CC, 0x820C, 0x82CE, 0x8C32, 0x8C32, 0x9473, 0x8C53, 0x630D, 0x5AED, 0x632E, 0x73B0, 0x94D4,
  0x8432, 0x73AF, 0xB5B7, 0xBDF8, 0x94D3, 0xA535, 0xCE7A, 0xC639, 0xB5D7, 0xB5D7, 0xAD76, 0x9CD3,
  0xA555, 0xAD76, 0xA555, 0x9D14, 0x9CF4, 0x8CB3, 0x8431, 0x73AF, 0x632D, 0x5B0C, 0x52CB, 0x3A08,
  0x2966, 0x2945, 0x2945, 0x2125, 0x2104, 0x18C3, 0x18C3, 0x18C3, 0x18C3, 0x18C3, 0x18E4, 0x18C3,
  0x18C3, 0x18C3, 0x2125, 0x31A7, 0x3166, 0x2966, 0x2124, 0x2104, 0x18C3, 0x18A3, 0x10A2, 0x10A2,
  0x1082, 0x1082, 0x10A3, 0x18E4, 0x2125, 0x3166, 0x39E8, 0x528A, 0x630C, 0x738E, 0x8410, 0x8430,
  0x8C51, 0x8C71, 0x8C71, 0x8C71, 0x8430, 0x8C51, 0x8C31, 0x8C51, 0x8C51, 0x8C51, 0x8C51, 0x9CF4,
  0x94B3, 0x9CF3, 0x7BCF, 0xA514, 0xB576, 0x8C30, 0x8C50, 0x8410, 0x9CD3, 0x9492, 0x4208, 0x0020,
  0x0841, 0x1061, 0x1062, 0x1082, 0x18A2, 0x18A2, 0x18A2, 0x18A2, 0x18A2, 0x18A2, 0x1082, 0x1082,
  0x1061, 0x0841, 0x1062, 0x1061, 0x1082, 0x1082, 0x1082, 0x1082, 0x1061, 0x10A2, 0x18C3, 0x1882,
  0x1061, 0x10A2, 0x1082, 0x18A2, 0x10A2, 0x0861, 0x1061, 0x18A2, 0x1082, 0x0862, 0x1082, 0x18A3,
  0x1062, 0x1082, 0x18A2, 0x1082, 0x18A2, 0x1082, 0x1082, 0x20E3, 0x20C3, 0x18A2, 0x1082, 0x18A2,
  0x2104, 0x2904, 0x2104, 0x20E3, 0x20E3, 0x2904, 0x20E3, 0x20E3, 0x2924, 0x5AAB, 0x8C52, 0x9492,
  0x8C52, 0x738F, 0xA4F4, 0xAD56, 0xB597, 0xB597, 0xB597, 0xAD76, 0xAD97, 0xB597, 0xB597, 0xAD97,
  0xAD97, 0xAD76, 0xAD76, 0xAD76, 0xAD76, 0xAD76, 0xAD76, 0xAD76, 0xAD76, 0xAD76, 0xAD76, 0xAD76,
  0xAD76, 0xAD76, 0xAD76, 0xAD76, 0xAD76, 0xAD76, 0xAD76, 0xAD76, 0xAD76, 0xAD76, 0xAD76, 0xAD76,
  0xB5B8, 0xB5B8, 0xB5B8, 0xB5B8, 0xB5B8, 0xB5B8, 0xB5B8, 0xB5B8, 0xB5B8, 0xB5B8, 0xB5B8, 0xB5B8,
  0xB5B8, 0xB5B8, 0xB5B8, 0xB5B8, 0xB5B8, 0xB5B8, 0xAD97, 0xA556, 0xAD77, 0xB5B8, 0xB5B8, 0xB5B8,
  0xB5B8, 0xB5B8, 0xAD97, 0xAD97, 0xB5B8, 0xB5B8, 0xB5B8, 0xB5B8, 0xAD97, 0xAD77, 0xAD97, 0xAD97,
  0x8C93, 0x94D4, 0xAD96, 0xA555, 0x73F0, 0x7BF0, 0x94B3, 0x8431, 0x94B3, 0x8C93, 0x8BB0, 0x8B2F,
  0x8AEF, 0x7B2E, 0x736E, 0x7BD0, 0x8411, 0x5AED, 0x5AED, 0x7BD0, 0x8C93, 0x9CF4, 0x94B3, 0xC659,
  0xDF1D, 0xAD76, 0xBDD8, 0xBDD7, 0x94B3, 0x8C72, 0xAD76, 0xB5B7, 0xAD97, 0xAD76, 0xA535, 0x94B3,
  0x8451, 0x73CF, 0x5B0C, 0x4249, 0x31C7, 0x2945, 0x1904, 0x18C3, 0x18C3, 0x18C3, 0x18C3, 0x18C3,
  0x18E3, 0x20E4, 0x2104, 0x2104, 0x2104, 0x2104, 0x2104, 0x2104, 0x2104, 0x2104, 0x2125, 0x2104,
  0x2925, 0x2925, 0x2925, 0x2925, 0x2925, 0x2945, 0x2945, 0x2965, 0x2966, 0x3166, 0x3166, 0x3166,
  0x2966, 0x2965, 0x2945, 0x2104, 0x18E3, 0x18A3, 0x10A2, 0x10A2, 0x10A3, 0x18E3, 0x2945, 0x31A7,
  0x4A49, 0x632D, 0x73AF, 0x8410, 0x8431, 0x8C51, 0x8C51, 0x8C51, 0x8C30, 0x8430, 0x8C31, 0x9492,
  0xA514, 0x632C, 0x6B4D, 0x8C51, 0x8410, 0x738E, 0x840F, 0x8410, 0x8C31, 0x8C51, 0x3186, 0x18A2,
  0x18C3, 0x18C3, 0x18A2, 0x1082, 0x1082, 0x1082, 0x18A2, 0x1882, 0x1882, 0x18A2, 0x10A2, 0x1082,
  0x1082, 0x0841, 0x0861, 0x1061, 0x1082, 0x1082, 0x1082, 0x1082, 0x1882, 0x1061, 0x1082, 0x18C3,
  0x1082, 0x1082, 0x1082, 0x18A2, 0x18A2, 0x1082, 0x0841, 0x10A2, 0x10A2, 0x1082, 0x1062, 0x10A2,
  0x10A2, 0x1082, 0x10A2, 0x1082, 0x1062, 0x1082, 0x1082, 0x10A2, 0x18C3, 0x18C3, 0x18A2, 0x1082,
  0x1082, 0x2104, 0x2924, 0x2104, 0x20C3, 0x20E3, 0x2904, 0x2104, 0x20E3, 0x2925, 0x526A, 0x8C31,
  0x8C72, 0x7BCF, 0x7BAF, 0xAD55, 0xAD56, 0xB597, 0xB597, 0xB597, 0xAD97, 0xAD76, 0xB597, 0xAD97,
  0xAD97, 0xAD76, 0xAD76, 0xAD76, 0xAD76, 0xAD76, 0xAD76, 0xAD76, 0xAD76, 0xAD76, 0xAD76, 0xAD76,
  0xAD76, 0xAD76, 0xAD76, 0xAD76, 0xAD76, 0xAD76, 0xAD76, 0xAD76, 0xAD76, 0xAD76, 0xAD76, 0xAD76,
  0xB5B8, 0xB5B8, 0xB5B8, 0xB5B8, 0xB5B8, 0xB5B8, 0xB5B8, 0xB5B8, 0xB5B8, 0xB5B8, 0xB5B8, 0xB5B8,
  0xB5B8, 0xB5B8, 0xB5B8, 0xB5B8, 0xB5B8, 0xB5B7, 0xAD77, 0xAD77, 0xAD97, 0xB5B8, 0xB5B8, 0xB5B8,
  0xB5B8, 0xB5B8, 0xAD77, 0xB5B8, 0xB5B8, 0xB5B8, 0xB5B8, 0xB5B8, 0xAD97, 0xAD97, 0xB5B7, 0xAD76,
  0xA555, 0x94F4, 0xBE18, 0xDF3D, 0x9CF4, 0x94D3, 0xA556, 0x8410, 0x9CF4, 0x94F4, 0x6B6E, 0x7BF0,
  0x7BF1, 0x62ED, 0x630D, 0x632D, 0x52AC, 0x7BD0, 0xAD77, 0x7C31, 0x73B0, 0x94D4, 0x9493, 0x94B2,
  0xB5D7, 0xC639, 0xB5B7, 0xB5B7, 0xAD76, 0xA514, 0x9CF4, 0x9493, 0x73CF, 0x52CB, 0x4229, 0x31A6,
  0x2925, 0x2104, 0x2104, 0x18E4, 0x18C3, 0x18C3, 0x18C3, 0x18C3, 0x18C3, 0x18C3, 0x18C3, 0x18A3,
  0x10A2, 0x18A3, 0x18C3, 0x18A3, 0x10A2, 0x10A2, 0x10A2, 0x1082, 0x1082, 0x1082, 0x1082, 0x1082,
  0x0862, 0x1082, 0x1082, 0x1082, 0x10A2, 0x10A3, 0x18A3, 0x18C3, 0x18E3, 0x20E4, 0x2104, 0x2945,
  0x2966, 0x3186, 0x31A7, 0x39C7, 0x39C7, 0x39C7, 0x39A7, 0x3186, 0x3166, 0x2945, 0x2104, 0x18C3,
  0x1082, 0x1082, 0x10C3, 0x2125, 0x39C7, 0x528A, 0x738E, 0x8410, 0x8C31, 0x8C51, 0x8C51, 0x8C51,
  0x9CF3, 0x8C51, 0x7BCF, 0x7BEF, 0x7BEF, 0x8C71, 0x8430, 0x8C51, 0x8C71, 0x7BCF, 0x10A2, 0x1082,
  0x3986, 0x39C7, 0x2945, 0x10A2, 0x18A2, 0x18C3, 0x1082, 0x1082, 0x1082, 0x10A2, 0x1882, 0x1082,
  0x1082, 0x1061, 0x0841, 0x1061, 0x0861, 0x1062, 0x1082, 0x1061, 0x1082, 0x1082, 0x1061, 0x18A2,
  0x18A2, 0x1081, 0x1061, 0x18A2, 0x18A2, 0x1082, 0x1062, 0x1082, 0x10A2, 0x10A2, 0x1082, 0x1082,
  0x10A2, 0x1082, 0x1082, 0x1082, 0x1061, 0x1082, 0x1082, 0x1062, 0x10A2, 0x20C3, 0x20E3, 0x18A3,
  0x1082, 0x18A2, 0x2904, 0x2924, 0x2104, 0x20C3, 0x20E3, 0x2904, 0x20E3, 0x20C3, 0x39A6, 0x5A8A,
  0x8C51, 0x8C31, 0x6B2D, 0x8C52, 0xAD55, 0xAD76, 0xB597, 0xB597, 0xB597, 0xB597, 0xAD77, 0xAD76,
  0xAD76, 0xAD76, 0xAD76, 0xAD76, 0xAD76, 0xAD76, 0xAD76, 0xAD76, 0xAD76, 0xAD76, 0xAD76, 0xAD76,
  0xAD76, 0xAD76, 0xAD76, 0xAD76, 0xAD76, 0xAD76, 0xAD76, 0xAD76, 0xB577, 0xAD76, 0xAD76, 0xAD76,
  0xB5B8, 0xB5B8, 0xB5B8, 0xB5B8, 0xB5B8, 0xB5B8, 0xB5B8, 0xB5B8, 0xB5B8, 0xB5B8, 0xB5B8, 0xB5B8,
  0xB5B8, 0xB5B8, 0xB5B8, 0xB5B8, 0xB5B8, 0xAD77, 0xAD77, 0xAD77, 0xB5B8, 0xB5B8, 0xB5B8, 0xB5B8,
  0xB5B8, 0xB5B8, 0xAD77, 0xB5B8, 0xB5B8, 0xB5B8, 0xB5B8, 0xAD97, 0xAD97, 0xAD77, 0xADB7, 0xA556,
  0xA555, 0xA535, 0x9D14, 0xADD7, 0xDF1C, 0x7C31, 0x73D0, 0xA535, 0xA556, 0xAD56, 0x9493, 0x94B3,
  0x9493, 0x5ACC, 0x528B, 0x73B0, 0x9CF4, 0xB5B7, 0xDEFB, 0xDF3D, 0x8C93, 0x94B4, 0x94B3, 0x8C72,
  0xAD55, 0xB597, 0xAD56, 0x8C72, 0x632C, 0x5ACB, 0x4A28, 0x39E7, 0x2945, 0x20E4, 0x18E3, 0x18C3,
  0x18C3, 0x18C3, 0x18C3, 0x18C3, 0x10C3, 0x10A3, 0x10A2, 0x1082, 0x0862, 0x0861, 0x0841, 0x0020,
  0x0020, 0x0020, 0x0020, 0x0020, 0x0020, 0x0020, 0x0020, 0x0020, 0x0020, 0x0020, 0x0020, 0x0841,
  0x0020, 0x0020, 0x0000, 0x0000, 0x0000, 0x0000, 0x0000, 0x0000, 0x0000, 0x0000, 0x0000, 0x0000,
  0x0021, 0x0841, 0x0841, 0x1062, 0x10A3, 0x18E4, 0x2124, 0x2945, 0x3186, 0x39A7, 0x39C7, 0x39C7,
  0x39A7, 0x3186, 0x2925, 0x18E4, 0x10A3, 0x1082, 0x10A2, 0x1904, 0x3186, 0x4A49, 0x630C, 0x73AE,
  0x8430, 0x8C71, 0x9471, 0x8C71, 0x8C30, 0x8C50, 0x8430, 0x9492, 0x9492, 0x738E, 0x18C3, 0x1062,
  0x2104, 0x4208, 0x4A28, 0x3185, 0x1082, 0x20C2, 0x2103, 0x18A2, 0x1082, 0x1082, 0x1082, 0x1082,
  0x1082, 0x1081, 0x0841, 0x0841, 0x0861, 0x1062, 0x1061, 0x1082, 0x1061, 0x1082, 0x1061, 0x1061,
  0x18A2, 0x18A2, 0x0861, 0x1082, 0x18A2, 0x1882, 0x1062, 0x1061, 0x1082, 0x10A2, 0x1082, 0x1061,
  0x18A2, 0x10A2, 0x1082, 0x1082, 0x1082, 0x10A2, 0x1082, 0x1061, 0x1062, 0x18A3, 0x20E3, 0x18C3,
  0x18A2, 0x18A2, 0x18A2, 0x2904, 0x2924, 0x2103, 0x18C3, 0x20E3, 0x2904, 0x20C3, 0x2104, 0x41E8,
  0x5AAB, 0x8C51, 0x83F0, 0x630C, 0x94B3, 0xAD56, 0xAD76, 0xB597, 0xB597, 0xB597, 0xB597, 0xAD76,
  0xAD76, 0xAD76, 0xAD76, 0xAD76, 0xAD76, 0xAD76, 0xAD76, 0xAD76, 0xAD76, 0xAD76, 0xAD76, 0xAD76,
  0xAD76, 0xAD76, 0xAD76, 0xAD76, 0xAD76, 0xAD76, 0xAD76, 0xAD76, 0xB576, 0xAD76, 0xAD76, 0xAD76,
  0xB5B8, 0xB5B8, 0xB5B8, 0xB5B8, 0xB5B8, 0xB5B8, 0xB5B8, 0xB5B8, 0xB5B8, 0xB5B8, 0xB5B8, 0xB5B8,
  0xB5B8, 0xB5B8, 0xB5B8, 0xB5B7, 0xAD97, 0xAD77, 0xAD77, 0xAD97, 0xB5B8, 0xB5B8, 0xB5B8, 0xB5B8,
  0xB5B8, 0xADB7, 0xAD97, 0xB5B8, 0xB5B8, 0xB5B8, 0xB5B8, 0xAD97, 0xAD97, 0xAD77, 0xAD97, 0xA535,
  0x6B8F, 0x94D3, 0x94D3, 0x6B8E, 0x94F4, 0x9514, 0x8431, 0x8432, 0x7C11, 0x9D15, 0x9D15, 0x7BF1,
  0x736F, 0x7BF1, 0x738F, 0x9493, 0xB5D8, 0x9CF4, 0xA514, 0xC69A, 0x94D4, 0x94B3, 0x94F4, 0x9D15,
  0x94B3, 0x73AF, 0x5AAA, 0x4A07, 0x41C6, 0x3165, 0x3145, 0x2944, 0x20E3, 0x18E3, 0x18C3, 0x18C3,
  0x10A3, 0x1082, 0x0862, 0x0841, 0x0020, 0x0020, 0x0000, 0x0000, 0x0000, 0x0020, 0x0020, 0x0021,
  0x0021, 0x0021, 0x0841, 0x0841, 0x0861, 0x0861, 0x0862, 0x0861, 0x0841, 0x0841, 0x0841, 0x0861,
  0x0861, 0x0841, 0x0841, 0x0041, 0x0021, 0x0021, 0x0021, 0x0021, 0x0021, 0x0021, 0x0020, 0x0020,
  0x0021, 0x0020, 0x0021, 0x0020, 0x0000, 0x0000, 0x0000, 0x0000, 0x0020, 0x0841, 0x1082, 0x18C3,
  0x2104, 0x2945, 0x3186, 0x39C7, 0x39C7, 0x39A7, 0x3166, 0x2125, 0x18E3, 0x1082, 0x1082, 0x18C3,
  0x2945, 0x4228, 0x630C, 0x7BCF, 0x8410, 0x8C71, 0x8C51, 0x8C51, 0x8C71, 0x62EB, 0x31A6, 0x3166,
  0x20E3, 0x3986, 0x5269, 0x4A28, 0x2924, 0x18A2, 0x20E3, 0x2103, 0x18A2, 0x1881, 0x1882, 0x1882,
  0x1082, 0x1082, 0x1061, 0x0841, 0x0861, 0x1061, 0x1061, 0x1081, 0x1081, 0x1061, 0x1082, 0x1061,
  0x1882, 0x18A2, 0x1082, 0x0861, 0x18A2, 0x18A2, 0x1062, 0x1061, 0x1061, 0x10A2, 0x1082, 0x0861,
  0x1062, 0x10A2, 0x10A2, 0x1062, 0x1082, 0x1082, 0x10A2, 0x1061, 0x1082, 0x1082, 0x18A3, 0x20C3,
  0x10A2, 0x18A2, 0x18A2, 0x18A3, 0x2924, 0x2924, 0x20E3, 0x20C3, 0x20E3, 0x20E3, 0x20C3, 0x20E4,
  0x4A49, 0x630C, 0x9492, 0x7B8E, 0x7BAF, 0x9CF4, 0xAD76, 0xB597, 0xB597, 0xB597, 0xB597, 0xAD97,
  0xAD76, 0xAD76, 0xAD76, 0xAD76, 0xAD76, 0xAD76, 0xAD76, 0xAD76, 0xAD76, 0xAD76, 0xAD76, 0xAD76,
  0xAD76, 0xAD76, 0xAD76, 0xAD76, 0xAD76, 0xAD76, 0xAD76, 0xAD76, 0xAD76, 0xAD76, 0xAD76, 0xAD76,
  0xB5B8, 0xB5B8, 0xB5B8, 0xB5B8, 0xB5B8, 0xB5B8, 0xB5B8, 0xB5B8, 0xB5B8, 0xB5B8, 0xB5B8, 0xB5B8,
  0xB5B8, 0xB5B8, 0xB5B8, 0xAD97, 0xAD97, 0xAD77, 0xAD97, 0xB5B8, 0xB5B8, 0xB5B8, 0xB5B8, 0xB5B8,
  0xB5B8, 0xAD97, 0xAD97, 0xB5B8, 0xB5B8, 0xB5B8, 0xB5B8, 0xB597, 0xAD77, 0xAD97, 0xAD76, 0xCE5A,
  0xCEBB, 0x8C93, 0x8431, 0x632D, 0x7BF0, 0xA556, 0x9D55, 0x6B6E, 0x8452, 0x8432, 0x630D, 0x73B0,
  0x9CF4, 0xAD97, 0xBDF8, 0x94D4, 0xB5B7, 0xA515, 0x94B3, 0x8C72, 0x94B4, 0x8451, 0x6B4D, 0x5A8A,
  0x41E7, 0x39A6, 0x3965, 0x3124, 0x2924, 0x2904, 0x2904, 0x20E3, 0x18C3, 0x1082, 0x0841, 0x0021,
  0x0000, 0x0000, 0x0020, 0x0020, 0x0020, 0x0021, 0x0841, 0x0841, 0x0841, 0x0841, 0x0841, 0x0841,
  0x0841, 0x1061, 0x0861, 0x0841, 0x0841, 0x0861, 0x1082, 0x0861, 0x0841, 0x0841, 0x0841, 0x0841,
  0x1082, 0x0841, 0x0841, 0x0841, 0x0841, 0x0841, 0x0841, 0x0041, 0x0041, 0x0841, 0x0841, 0x0841,
  0x0841, 0x0841, 0x0021, 0x0841, 0x0841, 0x0841, 0x0020, 0x0020, 0x0000, 0x0000, 0x0000, 0x0000,
  0x0000, 0x0000, 0x0841, 0x0862, 0x18C3, 0x2124, 0x3166, 0x39A7, 0x39E8, 0x41E8, 0x31A6, 0x2945,
  0x18E3, 0x1082, 0x0882, 0x18C3, 0x31A6, 0x528A, 0x630C, 0x6B6D, 0x6B6D, 0x39A7, 0x5ACB, 0x5AAB,
  0x4A28, 0x3186, 0x4A08, 0x4A28, 0x41E7, 0x2945, 0x2103, 0x2924, 0x2924, 0x18C2, 0x1082, 0x18A2,
  0x18A2, 0x1882, 0x1061, 0x0841, 0x0861, 0x1061, 0x1081, 0x1061, 0x1082, 0x1081, 0x1081, 0x1061,
  0x1061, 0x18A2, 0x1082, 0x1081, 0x1061, 0x18A2, 0x1082, 0x1061, 0x0841, 0x1082, 0x10A2, 0x1082,
  0x0861, 0x1082, 0x10A2, 0x1082, 0x1082, 0x1061, 0x1082, 0x1082, 0x0861, 0x1082, 0x1082, 0x20C3,
  0x18C3, 0x1061, 0x18C3, 0x18A3, 0x20E3, 0x2924, 0x2924, 0x20C3, 0x20C3, 0x20E3, 0x20E3, 0x18A3,
  0x2924, 0x62CB, 0x6B0C, 0x9451, 0x6B4D, 0x8C31, 0xA535, 0xAD76, 0xB597, 0xB597, 0xB597, 0xAD97,
  0xAD77, 0xAD77, 0xAD76, 0xAD77, 0xAD77, 0xAD76, 0xAD76, 0xAD76, 0xAD76, 0xAD76, 0xAD76, 0xAD76,
  0xAD76, 0xAD76, 0xAD76, 0xAD76, 0xAD76, 0xAD76, 0xAD76, 0xAD76, 0xAD76, 0xAD76, 0xAD76, 0xAD76,
  0xB5B8, 0xB5B8, 0xB5B8, 0xB5B8, 0xB5B8, 0xB5B8, 0xB5B8, 0xB5B8, 0xB5B8, 0xB5B8, 0xB5B8, 0xB5B8,
  0xB5B8, 0xB5B8, 0xB5B7, 0xAD97, 0xAD97, 0xAD97, 0xB597, 0xB5B8, 0xB5B8, 0xB5B8, 0xB5B8, 0xB5B8,
  0xB5B8, 0xAD97, 0xAD97, 0xB5B8, 0xB5B8, 0xB5B8, 0xAD97, 0xB597, 0xAD77, 0xAD97, 0xA535, 0xA535,
  0xA535, 0x52AB, 0x5ACC, 0x7BF0, 0xA576, 0xAD97, 0x9CF4, 0x8C73, 0x6BAF, 0x52CC, 0x738F, 0xA535,
  0x9D15, 0xAD96, 0xCEBB, 0xAD97, 0xAD97, 0xAD76, 0x9CD4, 0x6B6E, 0x528A, 0x41E7, 0x41C6, 0x3965,
  0x3124, 0x2924, 0x2924, 0x2924, 0x20E4, 0x18C3, 0x1061, 0x0841, 0x0000, 0x0000, 0x0020, 0x0020,
  0x0020, 0x0841, 0x0841, 0x0841, 0x0861, 0x0861, 0x0841, 0x0841, 0x0841, 0x0841, 0x0841, 0x1082,
  0x1082, 0x1082, 0x0841, 0x0841, 0x0841, 0x0841, 0x1082, 0x0861, 0x0841, 0x0841, 0x0841, 0x0841,
  0x0861, 0x0861, 0x0841, 0x0841, 0x0841, 0x0841, 0x0841, 0x0841, 0x0041, 0x0841, 0x0841, 0x0841,
  0x0841, 0x0841, 0x0841, 0x0020, 0x0021, 0x0841, 0x0861, 0x0861, 0x0041, 0x0021, 0x0041, 0x0021,
  0x0020, 0x0020, 0x0000, 0x0020, 0x0020, 0x0020, 0x0841, 0x0841, 0x1082, 0x2104, 0x3186, 0x31A7,
  0x39A7, 0x31A7, 0x3186, 0x2925, 0x2104, 0x10A3, 0x1082, 0x10A3, 0x18C3, 0x31A7, 0x6B4D, 0x6B4D,
  0x738E, 0x630C, 0x39C7, 0x41E7, 0x4A48, 0x39A6, 0x2904, 0x2924, 0x2904, 0x2103, 0x20C3, 0x1882,
  0x1882, 0x18A2, 0x18A2, 0x10A2, 0x1061, 0x1081, 0x1081, 0x1082, 0x1081, 0x1061, 0x1061, 0x1082,
  0x1882, 0x1061, 0x1082, 0x1081, 0x1081, 0x10A2, 0x1082, 0x1082, 0x0861, 0x1061, 0x1082, 0x1082,
  0x1062, 0x1082, 0x1082, 0x1082, 0x10A2, 0x1082, 0x0861, 0x1082, 0x1062, 0x0861, 0x1082, 0x18A2,
  0x20C3, 0x18A2, 0x1061, 0x18A3, 0x20E3, 0x2924, 0x2945, 0x2924, 0x18A2, 0x20E3, 0x2904, 0x20E3,
  0x18A2, 0x2945, 0x5AAA, 0x6B0C, 0x7BAF, 0x6B2D, 0x8C72, 0xAD56, 0xAD76, 0xB597, 0xB597, 0xB597,
  0xAD97, 0xAD76, 0xAD77, 0xAD76, 0xAD76, 0xAD76, 0xAD76, 0xAD76, 0xAD76, 0xAD76, 0xAD76, 0xAD76,
  0xAD76, 0xAD76, 0xAD76, 0xAD76, 0xAD76, 0xAD76, 0xAD76, 0xAD76, 0xAD76, 0xAD76, 0xAD76, 0xAD76,
  0xB5B8, 0xB5B8, 0xB5B8, 0xB5B8, 0xB5B8, 0xB5B8, 0xB5B8, 0xB5B8, 0xB5B8, 0xB5B8, 0xB5B8, 0xB5B8,
  0xB5B8, 0xB5B8, 0xAD97, 0xAD97, 0xB5B7, 0xAD97, 0xB5B8, 0xB5B8, 0xB5B8, 0xB5B8, 0xB5B8, 0xB5B8,
  0xB5B8, 0xAD97, 0xB597, 0xB5B8, 0xB5B8, 0xAD97, 0xAD97, 0xAD97, 0xAD77, 0xAD97, 0x9D14, 0x94D3,
  0x7BF0, 0x424A, 0x4229, 0x7BF0, 0xC67A, 0xCE7A, 0x94D4, 0x632D, 0x73AF, 0xA576, 0x8C72, 0x94F4,
  0x9CF4, 0x8C93, 0x9D35, 0xA556, 0x8C72, 0x630C, 0x4208, 0x3986, 0x2944, 0x2924, 0x2904, 0x2904,
  0x2904, 0x2904, 0x20C3, 0x1061, 0x0820, 0x0020, 0x0020, 0x0820, 0x0821, 0x0841, 0x0841, 0x0841,
  0x1062, 0x1082, 0x0841, 0x0841, 0x0841, 0x0861, 0x0861, 0x0841, 0x0841, 0x0841, 0x0861, 0x1882,
  0x1082, 0x1061, 0x0841, 0x0861, 0x0861, 0x0841, 0x1081, 0x0841, 0x0841, 0x0841, 0x0841, 0x0841,
  0x0841, 0x1082, 0x0861, 0x0841, 0x0841, 0x0841, 0x0841, 0x0841, 0x0041, 0x0021, 0x0841, 0x0841,
  0x0841, 0x0841, 0x0841, 0x0841, 0x0841, 0x0841, 0x0841, 0x0861, 0x1062, 0x0841, 0x0841, 0x0841,
  0x0041, 0x0020, 0x0020, 0x0020, 0x0861, 0x0841, 0x0841, 0x0861, 0x0000, 0x0000, 0x0000, 0x0021,
  0x1082, 0x3166, 0x41E8, 0x4208, 0x5ACB, 0x5ACB, 0x4A6A, 0x39E8, 0x4A49, 0x630C, 0x73CF, 0x8410,
  0x8C71, 0x8C72, 0x630C, 0x41C7, 0x4208, 0x4207, 0x2924, 0x20C3, 0x2904, 0x2944, 0x20C3, 0x18C2,
  0x1882, 0x1082, 0x1082, 0x1082, 0x1082, 0x1081, 0x1082, 0x1082, 0x1061, 0x1061, 0x1061, 0x1061,
  0x1082, 0x1082, 0x1081, 0x1061, 0x1082, 0x18A2, 0x18A2, 0x1081, 0x1082, 0x0861, 0x1082, 0x1062,
  0x1082, 0x1082, 0x1082, 0x1082, 0x1082, 0x1082, 0x1082, 0x0841, 0x18A2, 0x1061, 0x0861, 0x1082,
  0x18A2, 0x18C3, 0x1082, 0x1062, 0x18A2, 0x20E3, 0x2904, 0x3145, 0x2904, 0x18A3, 0x28E4, 0x2904,
  0x20E3, 0x20A2, 0x3986, 0x62EC, 0x62EC, 0x630C, 0x6B2D, 0x94B3, 0xAD56, 0xB597, 0xB597, 0xB597,
  0xAD97, 0xAD77, 0xAD76, 0xAD76, 0xAD76, 0xAD76, 0xAD76, 0xAD76, 0xAD76, 0xAD76, 0xAD76, 0xAD76,
  0xAD76, 0xAD76, 0xAD76, 0xAD76, 0xAD76, 0xAD76, 0xAD76, 0xAD76, 0xAD76, 0xAD76, 0xAD76, 0xAD76,
  0xB5B8, 0xB5B8, 0xB5B8, 0xB5B8, 0xB5B8, 0xB5B8, 0xB5B8, 0xB5B8, 0xB5B8, 0xB5B8, 0xB5B8, 0xB5B8,
  0xB5B8, 0xAD97, 0xAD97, 0xAD97, 0xB597, 0xAD97, 0xB5B8, 0xB5B8, 0xB5B8, 0xB5B8, 0xB5B8, 0xB5B8,
  0xB5B8, 0xAD97, 0xAD97, 0xB5B8, 0xB5B8, 0xAD97, 0xAD97, 0xAD97, 0xAD97, 0xAD77, 0x9D15, 0xBE18,
  0x94B3, 0x424A, 0x528B, 0x7BF0, 0xA535, 0x7C31, 0x5B0D, 0x8431, 0xAD97, 0xEF7E, 0xD6BB, 0x9CF4,
  0xA535, 0xA535, 0x8431, 0x5AAA, 0x41C6, 0x39A6, 0x3124, 0x20E3, 0x20E3, 0x20E3, 0x20E3, 0x18A2,
  0x1061, 0x1041, 0x0841, 0x1061, 0x1061, 0x1061, 0x18A2, 0x1062, 0x1061, 0x1082, 0x1062, 0x1061,
  0x20A3, 0x1882, 0x0841, 0x0861, 0x0861, 0x0861, 0x0861, 0x0861, 0x0861, 0x1061, 0x1061, 0x1081,
  0x18A2, 0x18A2, 0x0841, 0x1082, 0x1061, 0x0841, 0x10A2, 0x1061, 0x0841, 0x0841, 0x0841, 0x0861,
  0x0841, 0x1062, 0x0861, 0x0861, 0x0861, 0x0841, 0x0841, 0x0841, 0x0841, 0x0041, 0x0841, 0x0841,
  0x0841, 0x0841, 0x0841, 0x0021, 0x0841, 0x0861, 0x0861, 0x0841, 0x0841, 0x1082, 0x0861, 0x0841,
  0x0841, 0x0021, 0x0841, 0x0021, 0x0841, 0x0861, 0x0841, 0x0861, 0x10A3, 0x0841, 0x0020, 0x0020,
  0x0000, 0x0021, 0x0841, 0x0841, 0x2124, 0x4229, 0x5ACB, 0x6B6E, 0x7BF0, 0x7BF0, 0x8C72, 0x9CF4,
  0xA555, 0xA555, 0x9CD3, 0x6B4D, 0x4208, 0x5269, 0x4208, 0x2103, 0x20E3, 0x20E3, 0x3145, 0x2904,
  0x18A2, 0x1082, 0x1081, 0x1081, 0x1061, 0x1061, 0x1081, 0x1081, 0x1061, 0x1061, 0x1082, 0x1082,
  0x1082, 0x1882, 0x1061, 0x1081, 0x1061, 0x18C2, 0x18C2, 0x1082, 0x1062, 0x0861, 0x1061, 0x1082,
  0x1061, 0x1062, 0x1062, 0x1082, 0x1082, 0x0861, 0x1082, 0x1061, 0x1082, 0x10A2, 0x0861, 0x1082,
  0x18A2, 0x18A2, 0x18C3, 0x1062, 0x1061, 0x18A2, 0x20E3, 0x2904, 0x3145, 0x20E3, 0x20C3, 0x28E3,
  0x2904, 0x20E3, 0x20A2, 0x39A6, 0x62EB, 0x5AAA, 0x62CB, 0x7BCF, 0x9CF4, 0xAD76, 0xB597, 0xB597,
  0xAD97, 0xAD97, 0xAD77, 0xAD76, 0xAD76, 0xAD76, 0xAD76, 0xAD76, 0xAD76, 0xAD76, 0xAD76, 0xAD76,
  0xAD76, 0xAD76, 0xAD76, 0xAD76, 0xAD76, 0xAD76, 0xAD76, 0xAD76, 0xAD76, 0xAD76, 0xAD76, 0xAD76,
  0xB5B8, 0xB5B8, 0xB5B8, 0xB5B8, 0xB5B8, 0xB5B8, 0xB5B8, 0xB5B8, 0xB5B8, 0xB5B8, 0xB5B8, 0xB5B8,
  0xB5B8, 0xAD97, 0xAD97, 0xB5B8, 0xAD97, 0xB5B8, 0xB5B8, 0xB5B8, 0xB5B8, 0xB5B8, 0xB5B8, 0xB5B8,
  0xB5B8, 0xAD77, 0xAD97, 0xB5B8, 0xB5B8, 0xB597, 0xB597, 0xB5B8, 0xAD97, 0xA556, 0x94D4, 0x8451,
  0x8C92, 0x6B6E, 0x9492, 0x9D15, 0x8411, 0x630D, 0x6B8E, 0x9D15, 0x9D14, 0xA535, 0xBDF8, 0xA535,
  0x8C51, 0x5ACB, 0x39A6, 0x41A6, 0x3944, 0x3124, 0x2904, 0x2904, 0x20C3, 0x1082, 0x0840, 0x1041,
  0x20A2, 0x20A2, 0x20A2, 0x20A2, 0x20A2, 0x3103, 0x20C2, 0x0841, 0x0861, 0x1061, 0x1861, 0x28C2,
  0x20C3, 0x1882, 0x1082, 0x1082, 0x1082, 0x1082, 0x1062, 0x1082, 0x1082, 0x1082, 0x1882, 0x18A2,
  0x2904, 0x1082, 0x1061, 0x18A2, 0x1061, 0x1061, 0x18A2, 0x1061, 0x0861, 0x0841, 0x0861, 0x1081,
  0x1061, 0x1061, 0x1082, 0x1061, 0x1082, 0x0861, 0x0841, 0x0841, 0x0841, 0x0841, 0x0020, 0x0841,
  0x0841, 0x0841, 0x0861, 0x0841, 0x0020, 0x0861, 0x1061, 0x0861, 0x0861, 0x0861, 0x0861, 0x0861,
  0x0861, 0x0841, 0x0020, 0x0841, 0x0841, 0x0841, 0x0861, 0x0021, 0x0862, 0x18E3, 0x0861, 0x0041,
  0x0021, 0x0021, 0x0021, 0x0000, 0x0000, 0x0000, 0x0862, 0x2125, 0x4229, 0x630C, 0x8411, 0x94D3,
  0xA556, 0xAD97, 0xB597, 0x9CD3, 0x5AEB, 0x4A28, 0x5ACB, 0x3186, 0x2904, 0x20E3, 0x2904, 0x3165,
  0x20E3, 0x18A2, 0x18A2, 0x1082, 0x1082, 0x1061, 0x0861, 0x1082, 0x1081, 0x0861, 0x1061, 0x1061,
  0x1081, 0x1082, 0x1082, 0x1061, 0x1061, 0x1082, 0x18C3, 0x18A2, 0x1061, 0x1082, 0x1061, 0x1082,
  0x1061, 0x1082, 0x0861, 0x1082, 0x1082, 0x1062, 0x0841, 0x1082, 0x1082, 0x1082, 0x1082, 0x1061,
  0x18A2, 0x18A2, 0x18C3, 0x18A2, 0x1082, 0x1082, 0x18C2, 0x20E3, 0x2945, 0x2924, 0x18C2, 0x20C3,
  0x20E3, 0x2904, 0x20C3, 0x18A2, 0x41C7, 0x5269, 0x528A, 0x6B2D, 0x9492, 0xA4F4, 0xB597, 0xB597,
  0xB597, 0xAD97, 0xAD77, 0xAD76, 0xAD76, 0xAD76, 0xAD76, 0xAD76, 0xAD76, 0xAD76, 0xAD76, 0xAD76,
  0xAD76, 0xAD76, 0xAD76, 0xAD76, 0xAD76, 0xAD76, 0xAD76, 0xAD76, 0xAD76, 0xAD76, 0xAD76, 0xAD76,
  0xB5B8, 0xB5B8, 0xB5B8, 0xB5B8, 0xB5B8, 0xB5B8, 0xB5B8, 0xB5B8, 0xB5B8, 0xB5B8, 0xB5B8, 0xB5B8,
  0xAD97, 0xAD97, 0xAD97, 0xB5B8, 0xAD97, 0xB5B8, 0xB5B8, 0xB5B8, 0xB5B8, 0xB5B8, 0xB5B8, 0xB5B8,
  0xB5B8, 0xAD97, 0xAD97, 0xB5B8, 0xB597, 0xAD97, 0xB597, 0xB5B8, 0xAD77, 0xA536, 0x9D14, 0xBE18,
  0xC639, 0xAD76, 0xA535, 0x7C11, 0x73D0, 0xB5D7, 0x9D15, 0x94D4, 0xA535, 0x9CF4, 0x8C52, 0x5ACB,
  0x39A6, 0x3124, 0x3124, 0x3144, 0x3124, 0x3104, 0x20E3, 0x1082, 0x0841, 0x1040, 0x28E2, 0x4144,
  0x30E3, 0x3903, 0x30E2, 0x28A2, 0x3924, 0x3103, 0x1061, 0x0841, 0x0841, 0x1861, 0x30E3, 0x3103,
  0x1882, 0x1062, 0x0841, 0x0841, 0x1061, 0x1082, 0x1061, 0x1062, 0x1082, 0x1082, 0x1882, 0x1882,
  0x20C3, 0x1061, 0x1061, 0x1882, 0x1081, 0x1081, 0x20A2, 0x1081, 0x1061, 0x1061, 0x1061, 0x1082,
  0x1061, 0x1061, 0x1082, 0x1061, 0x1082, 0x1082, 0x1061, 0x0841, 0x0841, 0x0841, 0x0841, 0x0841,
  0x0861, 0x0021, 0x0861, 0x0841, 0x0841, 0x0841, 0x1082, 0x1082, 0x1061, 0x0861, 0x0861, 0x0861,
  0x1082, 0x1061, 0x0820, 0x0841, 0x0841, 0x0841, 0x0841, 0x0882, 0x0020, 0x1082, 0x18E3, 0x1082,
  0x0841, 0x0021, 0x0861, 0x0021, 0x0021, 0x0020, 0x0000, 0x0000, 0x0020, 0x10A3, 0x3186, 0x5ACB,
  0x7BF0, 0x94B3, 0xA556, 0xA535, 0x8C52, 0x52AB, 0x526A, 0x5AAA, 0x20E3, 0x2924, 0x20C3, 0x2904,
  0x18A3, 0x18A2, 0x18A2, 0x10A2, 0x18A2, 0x18A2, 0x1082, 0x1082, 0x1082, 0x1082, 0x1081, 0x1061,
  0x1061, 0x1061, 0x1061, 0x1081, 0x1082, 0x1061, 0x18A2, 0x18C2, 0x1081, 0x1061, 0x1061, 0x1062,
  0x1082, 0x0861, 0x1062, 0x1062, 0x1082, 0x1061, 0x1062, 0x1061, 0x0861, 0x1082, 0x1082, 0x1082,
  0x1882, 0x18A2, 0x18A2, 0x18A2, 0x18A2, 0x1082, 0x1082, 0x18C3, 0x20E3, 0x2924, 0x2104, 0x18A2,
  0x20C3, 0x28E3, 0x2904, 0x20A3, 0x20C3, 0x5249, 0x5249, 0x526A, 0x83F0, 0x9CB3, 0xAD56, 0xB597,
  0xB597, 0xB597, 0xAD97, 0xAD76, 0xAD76, 0xAD76, 0xAD76, 0xAD76, 0xAD76, 0xAD76, 0xAD76, 0xAD76,
  0xAD76, 0xAD76, 0xAD76, 0xAD76, 0xAD76, 0xAD76, 0xAD76, 0xAD76, 0xAD76, 0xAD76, 0xAD76, 0xAD76,
  0xB5B8, 0xB5B8, 0xB5B8, 0xB5B8, 0xB5B8, 0xB5B8, 0xB5B8, 0xB5B8, 0xB5B8, 0xB5B8, 0xB5B8, 0xAD97,
  0xAD97, 0xAD97, 0xB5B8, 0xAD97, 0xAD97, 0xB5B8, 0xB5B8, 0xB5B8, 0xB5B8, 0xB5B8, 0xB5B8, 0xB5B8,
  0xB5B8, 0xAD97, 0xAD97, 0xB5B8, 0xAD97, 0xB597, 0xB597, 0xAD97, 0xAD76, 0xB5B7, 0xAD76, 0xBE39,
  0xBE19, 0xAD76, 0x7BF0, 0x73AF, 0xA535, 0xCE9A, 0xDF3D, 0xA556, 0x9CF4, 0x6B4D, 0x39A6, 0x3145,
  0x3124, 0x3124, 0x3965, 0x3965, 0x3104, 0x20A2, 0x1881, 0x1041, 0x28A2, 0x4985, 0x51A5, 0x4123,
  0x4144, 0x3903, 0x3903, 0x4144, 0x3944, 0x1881, 0x1041, 0x1041, 0x1041, 0x38E3, 0x4164, 0x28C2,
  0x20C2, 0x20A2, 0x1082, 0x0841, 0x1061, 0x10A2, 0x1082, 0x1061, 0x1082, 0x18A2, 0x18A2, 0x18A2,
  0x18A2, 0x1061, 0x1861, 0x20E3, 0x20A2, 0x1861, 0x20A2, 0x18A2, 0x1061, 0x1061, 0x1061, 0x1081,
  0x1082, 0x1082, 0x1061, 0x18A2, 0x1061, 0x1882, 0x1082, 0x1082, 0x0861, 0x0841, 0x0841, 0x0841,
  0x0861, 0x0841, 0x0861, 0x0861, 0x0841, 0x0861, 0x1061, 0x1082, 0x1082, 0x1061, 0x0861, 0x0861,
  0x0861, 0x1082, 0x0861, 0x0841, 0x0841, 0x0861, 0x0841, 0x1082, 0x0861, 0x0020, 0x1082, 0x10A2,
  0x1082, 0x0861, 0x0861, 0x0841, 0x0841, 0x0041, 0x0021, 0x0021, 0x0021, 0x0841, 0x0821, 0x0841,
  0x18E4, 0x4208, 0x6B4E, 0x8C52, 0x8C51, 0x7BD0, 0x5ACB, 0x528A, 0x3145, 0x2904, 0x20E3, 0x20E3,
  0x20C3, 0x18A2, 0x18A2, 0x1082, 0x1082, 0x18A2, 0x1082, 0x1082, 0x1082, 0x1061, 0x1061, 0x1082,
  0x1081, 0x1082, 0x1061, 0x1061, 0x1061, 0x1082, 0x1082, 0x18A2, 0x18A2, 0x1061, 0x1082, 0x1061,
  0x1082, 0x0861, 0x1061, 0x1062, 0x1082, 0x0861, 0x1082, 0x1062, 0x1062, 0x1082, 0x1082, 0x1082,
  0x1082, 0x18A2, 0x18A2, 0x18A2, 0x18C2, 0x18A2, 0x1082, 0x18C3, 0x18C3, 0x2104, 0x2924, 0x18A2,
  0x18A2, 0x20C3, 0x2904, 0x2904, 0x20A2, 0x2924, 0x5249, 0x4A29, 0x62EC, 0x9472, 0x9493, 0xAD76,
  0xB597, 0xB597, 0xB597, 0xAD76, 0xAD76, 0xAD76, 0xAD76, 0xAD76, 0xAD76, 0xAD76, 0xAD76, 0xAD76,
  0xAD76, 0xAD76, 0xAD76, 0xAD76, 0xAD76, 0xAD76, 0xAD76, 0xAD76, 0xAD76, 0xAD76, 0xAD76, 0xAD76,
  0xB5B8, 0xB5B8, 0xB5B8, 0xB5B8, 0xB5B8, 0xB5B8, 0xB5B8, 0xB5B8, 0xB5B8, 0xB5B8, 0xB5B7, 0xAD97,
  0xAD97, 0xAD97, 0xB5B8, 0xAD77, 0xB5B8, 0xB5B8, 0xB5B8, 0xB5B8, 0xB5B8, 0xB5B8, 0xB5B8, 0xB5B8,
  0xB5B8, 0xAD97, 0xAD97, 0xB5B8, 0xAD97, 0xB597, 0xB5B8, 0xAD97, 0xAD56, 0xD6BB, 0xC639, 0xAD76,
  0x94D4, 0x8452, 0x6B6E, 0x8452, 0xAD76, 0x9D14, 0xA556, 0x8431, 0x4A29, 0x3145, 0x3145, 0x3124,
  0x3965, 0x4186, 0x3965, 0x2903, 0x28C3, 0x20A2, 0x2081, 0x3903, 0x51A5, 0x5184, 0x4964, 0x59A5,
  0x5164, 0x4123, 0x4944, 0x49A5, 0x28C3, 0x1061, 0x1061, 0x1861, 0x28A2, 0x51C6, 0x3923, 0x28C2,
  0x30E3, 0x28C2, 0x1882, 0x1061, 0x1081, 0x1882, 0x18A2, 0x1061, 0x1882, 0x18A2, 0x18A2, 0x18A2,
  0x18A2, 0x1882, 0x18A2, 0x2903, 0x28E3, 0x1881, 0x28E3, 0x20C2, 0x1061, 0x1081, 0x1061, 0x1081,
  0x18A2, 0x1881, 0x1082, 0x1882, 0x1882, 0x1882, 0x18A2, 0x10A2, 0x1082, 0x0841, 0x0841, 0x0841,
  0x0861, 0x0861, 0x0841, 0x1061, 0x0841, 0x0861, 0x1061, 0x1082, 0x1882, 0x1081, 0x1061, 0x0861,
  0x0861, 0x1082, 0x1082, 0x0861, 0x0841, 0x0861, 0x0841, 0x0841, 0x0861, 0x0841, 0x0841, 0x18A2,
  0x1082, 0x1082, 0x1082, 0x0861, 0x0841, 0x0841, 0x0841, 0x0021, 0x0841, 0x0841, 0x0841, 0x0861,
  0x0821, 0x0020, 0x1082, 0x3186, 0x526A, 0x6B4E, 0x632D, 0x528A, 0x3986, 0x2104, 0x2924, 0x20E3,
  0x2924, 0x18A2, 0x10A2, 0x18A2, 0x1061, 0x1082, 0x1082, 0x1082, 0x1082, 0x1082, 0x1061, 0x1061,
  0x1082, 0x1082, 0x1061, 0x1061, 0x1061, 0x1082, 0x18A2, 0x18A2, 0x18A2, 0x1082, 0x1061, 0x1061,
  0x1082, 0x1082, 0x1082, 0x1061, 0x1882, 0x1061, 0x0841, 0x1082, 0x1061, 0x1061, 0x1082, 0x10A2,
  0x18A2, 0x18A2, 0x10A2, 0x18A2, 0x18A2, 0x18C3, 0x18A2, 0x1082, 0x20E3, 0x20E3, 0x2104, 0x2904,
  0x18A2, 0x18A2, 0x20C3, 0x2904, 0x20E3, 0x20C3, 0x3124, 0x4A08, 0x528A, 0x736D, 0x8C72, 0x9CD3,
  0xB597, 0xB597, 0xB597, 0xAD77, 0xAD77, 0xAD76, 0xAD76, 0xAD76, 0xAD76, 0xAD76, 0xAD76, 0xAD76,
  0xAD76, 0xAD76, 0xAD76, 0xAD76, 0xAD76, 0xAD76, 0xAD76, 0xAD76, 0xAD76, 0xAD76, 0xAD76, 0xAD76,
  0xB5B8, 0xB5B8, 0xB5B8, 0xB5B8, 0xB5B8, 0xB5B8, 0xB5B8, 0xB5B8, 0xB5B8, 0xB5B8, 0xAD97, 0xB597,
  0xAD97, 0xB5B8, 0xB5B8, 0xAD97, 0xB5B8, 0xB5B8, 0xB5B8, 0xB5B8, 0xB5B8, 0xB5B8, 0xB5B8, 0xB5B8,
  0xB5B8, 0xAD97, 0xAD97, 0xB597, 0xAD97, 0xB5B8, 0xB597, 0xAD97, 0xAD97, 0xE75D, 0xBDF8, 0xA535,
  0x94B3, 0x7C10, 0xA556, 0x8C72, 0xAD76, 0x94D3, 0x632D, 0x2965, 0x2104, 0x2904, 0x2904, 0x3124,
  0x3144, 0x2903, 0x28E3, 0x28E3, 0x28C2, 0x30C2, 0x5184, 0x7247, 0x59C5, 0x61E5, 0x6A06, 0x6A26,
  0x4964, 0x4964, 0x51A5, 0x3944, 0x1061, 0x1061, 0x1881, 0x1861, 0x4964, 0x59E6, 0x28C2, 0x3903,
  0x30E2, 0x3944, 0x20A2, 0x1861, 0x18A2, 0x20A2, 0x18A2, 0x18A2, 0x1882, 0x18A2, 0x18A2, 0x1882,
  0x1882, 0x1882, 0x18A2, 0x2904, 0x28E3, 0x18A2, 0x28E3, 0x28E3, 0x1082, 0x1082, 0x1061, 0x1881,
  0x20C2, 0x18A2, 0x18A2, 0x1082, 0x18A2, 0x1081, 0x1882, 0x18A2, 0x18A2, 0x1082, 0x1061, 0x0861,
  0x0841, 0x1062, 0x0020, 0x1061, 0x0841, 0x0841, 0x1081, 0x18A2, 0x18A2, 0x1882, 0x1082, 0x0861,
  0x1062, 0x1062, 0x1082, 0x1061, 0x1082, 0x0861, 0x0841, 0x0841, 0x0841, 0x0861, 0x0841, 0x0861,
  0x10A2, 0x1061, 0x1082, 0x0861, 0x0841, 0x0841, 0x0841, 0x0020, 0x0841, 0x0841, 0x0861, 0x0861,
  0x1082, 0x0841, 0x0841, 0x0000, 0x0841, 0x2125, 0x41E8, 0x4A49, 0x41E8, 0x2924, 0x2904, 0x2904,
  0x2904, 0x20E3, 0x1061, 0x10A2, 0x1082, 0x1061, 0x1082, 0x1082, 0x1062, 0x1061, 0x1061, 0x1061,
  0x0861, 0x1061, 0x18A2, 0x1061, 0x1061, 0x1082, 0x18A2, 0x18A2, 0x1882, 0x10A2, 0x1082, 0x1061,
  0x0861, 0x1882, 0x1082, 0x1062, 0x1082, 0x1082, 0x0841, 0x1082, 0x1082, 0x1061, 0x1082, 0x0861,
  0x18A2, 0x18C3, 0x18A2, 0x18A2, 0x1882, 0x18A2, 0x18C3, 0x1082, 0x18A2, 0x20E3, 0x20C3, 0x2924,
  0x20E3, 0x18A2, 0x18A3, 0x20E3, 0x28E4, 0x20E3, 0x2903, 0x3124, 0x4A28, 0x4A08, 0x83F0, 0x8C72,
  0xA515, 0xB597, 0xB597, 0xB597, 0xB597, 0xAD77, 0xAD77, 0xAD76, 0xAD76, 0xAD76, 0xAD76, 0xAD76,
  0xAD76, 0xAD76, 0xAD76, 0xAD76, 0xAD76, 0xAD76, 0xAD76, 0xAD77, 0xAD76, 0xAD76, 0xAD76, 0xAD76,
  0xB5B8, 0xB5B8, 0xB5B8, 0xB5B8, 0xB5B8, 0xB5B8, 0xB5B8, 0xB5B8, 0xB5B8, 0xB597, 0xAD97, 0xAD97,
  0xAD97, 0xB5B8, 0xAD97, 0xAD97, 0xB5B8, 0xB5B8, 0xB5B8, 0xB5B8, 0xB5B8, 0xB5B8, 0xB5B8, 0xB5B8,
  0xB5B8, 0xB5B8, 0xAD77, 0xB597, 0xB5B8, 0xB5B8, 0xB5B8, 0xAD97, 0xB5D8, 0xEF7E, 0xE75D, 0x9D35,
  0x8411, 0x94D3, 0xD6DB, 0xB597, 0x9493, 0x4A6A, 0x18E4, 0x2104, 0x20C3, 0x20E3, 0x2924, 0x28E3,
  0x28E3, 0x2903, 0x2903, 0x28C2, 0x4123, 0x6206, 0x82C9, 0x7247, 0x82A8, 0x7267, 0x7A88, 0x5184,
  0x5164, 0x5185, 0x59E6, 0x28E3, 0x1882, 0x1881, 0x2081, 0x30C2, 0x59C6, 0x51A5, 0x28C2, 0x3903,
  0x4964, 0x4985, 0x20A2, 0x1881, 0x20A2, 0x20A2, 0x20A2, 0x20A2, 0x1882, 0x1882, 0x18A2, 0x18A2,
  0x18A2, 0x1882, 0x1882, 0x20C2, 0x2903, 0x18A2, 0x20A2, 0x2903, 0x1061, 0x1082, 0x1061, 0x18A2,
  0x28E3, 0x20A2, 0x18A2, 0x1082, 0x1082, 0x1882, 0x1082, 0x1082, 0x1882, 0x1882, 0x1082, 0x1061,
  0x0861, 0x1061, 0x0841, 0x0861, 0x1062, 0x0841, 0x1081, 0x18A2, 0x20C2, 0x18A2, 0x1082, 0x1082,
  0x1061, 0x1082, 0x1082, 0x1082, 0x0861, 0x1082, 0x0861, 0x0841, 0x0841, 0x0861, 0x0861, 0x0841,
  0x1082, 0x1082, 0x1061, 0x10A2, 0x0841, 0x0841, 0x0861, 0x0040, 0x0841, 0x0841, 0x0841, 0x0841,
  0x1062, 0x1062, 0x0841, 0x0861, 0x0820, 0x0841, 0x0020, 0x10A2, 0x3186, 0x2945, 0x2904, 0x2904,
  0x2103, 0x2924, 0x1882, 0x1082, 0x1882, 0x1081, 0x1082, 0x1082, 0x1061, 0x0861, 0x0861, 0x0861,
  0x1061, 0x1061, 0x1082, 0x1081, 0x1061, 0x1081, 0x1082, 0x18A2, 0x1882, 0x1081, 0x10A2, 0x18A2,
  0x0841, 0x1082, 0x1082, 0x1062, 0x1082, 0x18A2, 0x1061, 0x0861, 0x1082, 0x1082, 0x0861, 0x1082,
  0x1061, 0x18C3, 0x18C3, 0x1882, 0x18A2, 0x1082, 0x18C3, 0x18A3, 0x1082, 0x18C3, 0x20C3, 0x20E3,
  0x2945, 0x18C3, 0x18A2, 0x20C3, 0x20E3, 0x20E3, 0x20E3, 0x2904, 0x3145, 0x49E7, 0x62EB, 0x8C72,
  0x9493, 0xAD56, 0xB597, 0xB597, 0xB597, 0xAD97, 0xAD97, 0xAD77, 0xAD76, 0xAD76, 0xAD76, 0xAD76,
  0xAD76, 0xAD76, 0xAD76, 0xAD77, 0xAD77, 0xAD77, 0xAD76, 0xAD76, 0xAD76, 0xAD76, 0xAD76, 0xAD76,
  0xB5B8, 0xB5B8, 0xB5B8, 0xB5B8, 0xB5B8, 0xB5B8, 0xB5B8, 0xB5B8, 0xB5B8, 0xAD97, 0xB5B7, 0xAD97,
  0xB5B8, 0xB5B8, 0xAD77, 0xB5B8, 0xB5B8, 0xB5B8, 0xB5B8, 0xB5B8, 0xB5B8, 0xB5B8, 0xB5B8, 0xB5B8,
  0xB5B8, 0xB5B8, 0xAD77, 0xB5B8, 0xB5B8, 0xB5B8, 0xB5B8, 0xAD97, 0xB5D7, 0xE77E, 0xD6FC, 0x8C72,
  0x7BCF, 0x9CF4, 0xA556, 0x8451, 0x39C7, 0x18C3, 0x18C3, 0x20E3, 0x2904, 0x20E3, 0x20C3, 0x3104,
  0x3945, 0x28E3, 0x30E2, 0x5185, 0x7267, 0x932A, 0x82A8, 0x932A, 0x82A8, 0x8B0A, 0x7268, 0x4964,
  0x5184, 0x6206, 0x4185, 0x28C2, 0x2081, 0x20A2, 0x2081, 0x4103, 0x59C6, 0x4985, 0x30E2, 0x3903,
  0x51A5, 0x4985, 0x20A2, 0x1881, 0x20A2, 0x20A2, 0x28E3, 0x20A2, 0x18A2, 0x1882, 0x1882, 0x18A2,
  0x1882, 0x18A2, 0x1882, 0x20A2, 0x28E3, 0x20C2, 0x20A2, 0x2903, 0x1061, 0x1081, 0x1861, 0x20A2,
  0x28E3, 0x20A2, 0x20A2, 0x18A2, 0x1061, 0x1082, 0x1082, 0x18A2, 0x1882, 0x18A2, 0x1082, 0x10A2,
  0x1081, 0x0861, 0x0861, 0x0861, 0x1082, 0x1061, 0x1061, 0x18A2, 0x20C2, 0x18A2, 0x1082, 0x1061,
  0x1081, 0x1082, 0x1082, 0x10A2, 0x0861, 0x0861, 0x0861, 0x0841, 0x0861, 0x0861, 0x1062, 0x1082,
  0x1061, 0x10A2, 0x1061, 0x1082, 0x1061, 0x0841, 0x0841, 0x0841, 0x0841, 0x0841, 0x0841, 0x0861,
  0x0841, 0x1082, 0x0861, 0x0841, 0x0861, 0x0841, 0x0821, 0x0000, 0x0841, 0x10A2, 0x2104, 0x2103,
  0x2103, 0x2904, 0x20C3, 0x1882, 0x1082, 0x18A2, 0x1082, 0x1082, 0x1061, 0x1061, 0x0861, 0x0841,
  0x0841, 0x1061, 0x1081, 0x1061, 0x1061, 0x1882, 0x1062, 0x18A2, 0x1882, 0x1061, 0x1061, 0x1082,
  0x1082, 0x1061, 0x18A2, 0x1061, 0x1082, 0x10A2, 0x10A2, 0x0861, 0x1061, 0x1082, 0x1061, 0x1061,
  0x1061, 0x1082, 0x20E3, 0x18A2, 0x18A2, 0x1082, 0x18A2, 0x18C3, 0x18A2, 0x18A2, 0x18C3, 0x20C3,
  0x2904, 0x2945, 0x18A2, 0x18A2, 0x20E3, 0x20C3, 0x20E3, 0x2903, 0x2904, 0x3145, 0x41C7, 0x736E,
  0x9472, 0x9CD3, 0xAD76, 0xB597, 0xB597, 0xB597, 0xAD97, 0xAD97, 0xAD77, 0xAD76, 0xAD76, 0xAD76,
  0xAD76, 0xAD76, 0xAD76, 0xAD76, 0xAD97, 0xAD97, 0xAD76, 0xAD76, 0xAD76, 0xAD76, 0xAD76, 0xAD76,
  0xB5B8, 0xB5B8, 0xB5B8, 0xB5B8, 0xB5B8, 0xB5B8, 0xB5B8, 0xB5B8, 0xAD97, 0xAD97, 0xAD97, 0xAD97,
  0xB5B8, 0xB5B8, 0xAD97, 0xB5B8, 0xB5B8, 0xB5B8, 0xB5B8, 0xB5B8, 0xB5B8, 0xB5B8, 0xB5B8, 0xB5B8,
  0xB5B8, 0xB5B8, 0xAD77, 0xB5B8, 0xB5B8, 0xB5B8, 0xB5B8, 0xB598, 0xA576, 0xADB7, 0x9D15, 0x9CF4,
  0x9D14, 0x9CF4, 0x7BCF, 0x3186, 0x2104, 0x20C3, 0x20E3, 0x2904, 0x20E3, 0x20C3, 0x3104, 0x4165,
  0x30E3, 0x4964, 0x7247, 0x7AA8, 0x9B4A, 0x82C8, 0x934A, 0x932A, 0x934A, 0x8B0A, 0x61E6, 0x5184,
  0x6A06, 0x6206, 0x3944, 0x20A2, 0x20A2, 0x28E3, 0x2081, 0x4944, 0x5185, 0x51A5, 0x3902, 0x4123,
  0x51A5, 0x51E6, 0x20C2, 0x20A2, 0x20A2, 0x28C2, 0x20C2, 0x20C2, 0x20C2, 0x20A2, 0x1882, 0x18A2,
  0x18A2, 0x1882, 0x18A2, 0x1882, 0x20C3, 0x20C2, 0x1882, 0x2904, 0x1061, 0x1082, 0x1061, 0x20A2,
  0x28C3, 0x20A2, 0x28E3, 0x28E3, 0x1061, 0x1081, 0x1082, 0x1882, 0x18C2, 0x18A2, 0x18A2, 0x10A2,
  0x10A2, 0x1082, 0x1061, 0x0861, 0x1082, 0x1061, 0x1061, 0x18A2, 0x20C2, 0x20C2, 0x1081, 0x1081,
  0x1061, 0x1081, 0x10A2, 0x10A2, 0x1082, 0x1061, 0x0861, 0x0861, 0x0841, 0x0861, 0x0861, 0x1082,
  0x1082, 0x1082, 0x18A2, 0x1082, 0x1082, 0x0841, 0x0861, 0x0861, 0x0841, 0x0841, 0x0861, 0x0841,
  0x0861, 0x0861, 0x18A2, 0x0861, 0x1061, 0x0861, 0x0861, 0x0020, 0x0020, 0x0020, 0x18C3, 0x2104,
  0x2104, 0x2104, 0x2104, 0x18A2, 0x1882, 0x1082, 0x1082, 0x1082, 0x1082, 0x0861, 0x1062, 0x0861,
  0x0841, 0x1061, 0x1061, 0x1061, 0x1061, 0x1061, 0x18A2, 0x18A2, 0x18A2, 0x1082, 0x0841, 0x1081,
  0x1082, 0x1061, 0x10A2, 0x1061, 0x1061, 0x1082, 0x10A2, 0x0861, 0x0861, 0x1061, 0x1062, 0x1061,
  0x0861, 0x1061, 0x18A2, 0x18C3, 0x18A2, 0x18A2, 0x1081, 0x18A2, 0x18C3, 0x18A2, 0x18C3, 0x18C3,
  0x18C3, 0x3145, 0x2104, 0x18A2, 0x20C3, 0x20C3, 0x20C2, 0x20E3, 0x2904, 0x28E3, 0x3145, 0x41E7,
  0x7BAF, 0x9CD3, 0xA515, 0xB597, 0xB597, 0xB597, 0xB597, 0xAD97, 0xAD97, 0xAD97, 0xAD97, 0xAD76,
  0xAD97, 0xAD76, 0xAD97, 0xAD97, 0xAD97, 0xAD97, 0xAD76, 0xAD76, 0xAD76, 0xAD76, 0xAD76, 0xAD76,
  0xB5B8, 0xB5B8, 0xB5B8, 0xB5B8, 0xB5B8, 0xB5B8, 0xB5B8, 0xB5B8, 0xAD97, 0xB5B7, 0xAD97, 0xB5B8,
  0xB5B8, 0xAD97, 0xAD97, 0xB5B8, 0xB5B8, 0xB5B8, 0xB5B8, 0xB5B8, 0xB5B8, 0xB5B8, 0xB5B8, 0xB5B8,
  0xB5B8, 0xB5B8, 0xAD77, 0xAD97, 0xB5B8, 0xB5B8, 0xB5B8, 0xB5B8, 0xAD97, 0x8431, 0x73CF, 0xC639,
  0xCE9B, 0x73AF, 0x31A6, 0x2925, 0x2104, 0x20E3, 0x2904, 0x20E3, 0x2904, 0x3945, 0x3965, 0x28C2,
  0x4964, 0x7A88, 0x8AC8, 0x9B6B, 0x8AE9, 0x932A, 0x9B4B, 0x9B4A, 0x9B4A, 0x82C8, 0x6206, 0x5184,
  0x6A06, 0x6A47, 0x3124, 0x2081, 0x28C2, 0x28A2, 0x28A1, 0x4944, 0x59C5, 0x51A5, 0x4103, 0x4944,
  0x6A47, 0x6268, 0x20A2, 0x20A2, 0x28C2, 0x28C2, 0x20A2, 0x20A2, 0x28C3, 0x20A2, 0x20A2, 0x20A2,
  0x18A2, 0x18A2, 0x20A2, 0x20A2, 0x20A2, 0x20A2, 0x1881, 0x28E3, 0x1882, 0x1082, 0x1061, 0x1882,
  0x28E3, 0x20A2, 0x28C3, 0x3103, 0x1882, 0x1061, 0x1882, 0x1061, 0x1082, 0x18C3, 0x18C3, 0x18C3,
  0x18A2, 0x18C3, 0x1082, 0x0841, 0x1081, 0x1081, 0x1061, 0x18A2, 0x20A2, 0x20C2, 0x18A2, 0x1081,
  0x1061, 0x0861, 0x1081, 0x1082, 0x18A2, 0x1062, 0x1061, 0x1082, 0x0841, 0x0841, 0x1061, 0x1062,
  0x1061, 0x1082, 0x18A2, 0x18A2, 0x10A2, 0x0861, 0x0841, 0x1061, 0x0841, 0x0841, 0x0841, 0x0841,
  0x1061, 0x0841, 0x1082, 0x18A3, 0x0841, 0x1082, 0x0861, 0x0841, 0x0020, 0x0841, 0x0861, 0x2924,
  0x2103, 0x2104, 0x2924, 0x18A2, 0x18A2, 0x1882, 0x1082, 0x1061, 0x1082, 0x0861, 0x0861, 0x0841,
  0x0841, 0x0861, 0x1061, 0x1061, 0x1061, 0x1061, 0x1082, 0x1082, 0x1882, 0x18A2, 0x1061, 0x1061,
  0x1882, 0x1061, 0x1082, 0x1082, 0x1041, 0x1061, 0x1061, 0x1082, 0x1061, 0x0861, 0x1062, 0x1062,
  0x1061, 0x0861, 0x1082, 0x18C2, 0x18A2, 0x18A2, 0x1081, 0x1082, 0x18A3, 0x18C3, 0x18A2, 0x18C3,
  0x18C3, 0x2104, 0x2924, 0x18A3, 0x18A2, 0x20E3, 0x20E3, 0x20C2, 0x28E3, 0x2903, 0x28E3, 0x3165,
  0x5269, 0x8C51, 0x94B3, 0xAD56, 0xB597, 0xB597, 0xB597, 0xB597, 0xAD97, 0xAD97, 0xAD97, 0xAD97,
  0xAD77, 0xAD77, 0xAD97, 0xAD97, 0xAD97, 0xAD97, 0xAD76, 0xAD76, 0xAD76, 0xAD76, 0xAD76, 0xAD76,
  0xB5B8, 0xB5B8, 0xB5B8, 0xB5B8, 0xB5B8, 0xB5B8, 0xB5B8, 0xB597, 0xB5B8, 0xAD97, 0xB5B7, 0xB5B8,
  0xB5B8, 0xAD97, 0xB5B8, 0xB5B8, 0xB5B8, 0xB5B8, 0xB5B8, 0xB5B8, 0xB5B8, 0xB5B8, 0xB5B8, 0xB5B8,
  0xB5B8, 0xB5B8, 0xAD97, 0xAD97, 0xB5B8, 0xB5B8, 0xB5B8, 0xB5B8, 0xA556, 0x7BCF, 0x7C10, 0x94D3,
  0x73F0, 0x4208, 0x3186, 0x20E4, 0x2104, 0x2924, 0x2903, 0x28E3, 0x3924, 0x3124, 0x28C2, 0x51A5,
  0x8AE9, 0x82C8, 0x9B4A, 0x932A, 0x932A, 0x9B6B, 0x9B4A, 0xA38B, 0x8AE9, 0x7247, 0x5184, 0x6206,
  0x7AA8, 0x6A47, 0x28C2, 0x2081, 0x28C2, 0x28C2, 0x30C2, 0x5164, 0x7268, 0x4964, 0x4964, 0x5184,
  0x7AC9, 0x5207, 0x28C2, 0x20A2, 0x28A2, 0x3923, 0x30E3, 0x20A2, 0x3103, 0x28E3, 0x20A2, 0x20A2,
  0x1882, 0x18A2, 0x20C2, 0x20A2, 0x20A2, 0x20A2, 0x1882, 0x20A2, 0x18A2, 0x1062, 0x1061, 0x1881,
  0x28C2, 0x20C2, 0x28E2, 0x2903, 0x18A2, 0x1061, 0x1061, 0x1082, 0x1061, 0x18A2, 0x20E3, 0x20E3,
  0x20E3, 0x18C3, 0x2103, 0x1081, 0x1061, 0x1082, 0x1061, 0x1881, 0x20A2, 0x20E3, 0x20A2, 0x1882,
  0x1061, 0x0841, 0x1061, 0x1062, 0x18A2, 0x1082, 0x0861, 0x1062, 0x1082, 0x0841, 0x0861, 0x1082,
  0x1061, 0x0861, 0x1061, 0x18A2, 0x10A2, 0x1061, 0x0841, 0x0861, 0x1061, 0x0861, 0x0861, 0x0841,
  0x0861, 0x1061, 0x1061, 0x18C3, 0x10A2, 0x0861, 0x1082, 0x0861, 0x0020, 0x0020, 0x0861, 0x18C3,
  0x2103, 0x2104, 0x2104, 0x2104, 0x18A2, 0x18A2, 0x1082, 0x1061, 0x1082, 0x0861, 0x0841, 0x0841,
  0x0841, 0x0861, 0x1061, 0x1061, 0x1061, 0x1061, 0x1081, 0x1082, 0x18A2, 0x1882, 0x1061, 0x0861,
  0x1061, 0x1082, 0x1081, 0x1882, 0x1081, 0x1082, 0x1061, 0x1082, 0x1082, 0x1061, 0x1082, 0x0841,
  0x1082, 0x0861, 0x1061, 0x10A2, 0x10A2, 0x18A2, 0x18A2, 0x1082, 0x1082, 0x18C3, 0x18A3, 0x20C3,
  0x18C3, 0x20C3, 0x2104, 0x20E3, 0x18A2, 0x20C2, 0x20E3, 0x20E3, 0x20C2, 0x2904, 0x20E3, 0x28E3,
  0x39A6, 0x62EC, 0x8C72, 0x9CF4, 0xAD76, 0xB597, 0xB597, 0xB597, 0xB597, 0xB597, 0xB597, 0xAD97,
  0xAD97, 0xAD77, 0xAD97, 0xAD77, 0xAD97, 0xAD97, 0xAD97, 0xAD76, 0xAD76, 0xAD76, 0xAD76, 0xAD76,
  0xB5B8, 0xB5B8, 0xB5B8, 0xB5B8, 0xB5B8, 0xB5B8, 0xB5B8, 0xAD97, 0xB5B8, 0xAD97, 0xB5B8, 0xB5B8,
  0xB5B8, 0xAD97, 0xB5B8, 0xB5B8, 0xB5B8, 0xB5B8, 0xB5B8, 0xB5B8, 0xB5B8, 0xB5B8, 0xB5B8, 0xB5B8,
  0xB5B8, 0xB5B8, 0xB5B8, 0xAD77, 0xB5B8, 0xB5B8, 0xB5B8, 0xB5B8, 0x8452, 0x6B4D, 0x7BF0, 0x7BCF,
  0x4A29, 0x41E7, 0x2104, 0x2104, 0x2924, 0x2904, 0x2903, 0x3124, 0x3103, 0x30C2, 0x59E6, 0x932A,
  0x82E9, 0x934A, 0xA36B, 0x8B09, 0xA38B, 0x9B6A, 0xABCC, 0x9B6A, 0x82C9, 0x61C5, 0x59A4, 0x82C8,
  0x82C9, 0x51C5, 0x2081, 0x2882, 0x30E2, 0x28C2, 0x4123, 0x59A5, 0x6A27, 0x59A5, 0x59C5, 0x61E6,
  0x82E9, 0x4964, 0x30E3, 0x20A1, 0x30C2, 0x4985, 0x4965, 0x20A2, 0x30E2, 0x3924, 0x28C2, 0x20A2,
  0x20A2, 0x1882, 0x20C2, 0x28C2, 0x20C2, 0x20A2, 0x18A2, 0x1882, 0x18A2, 0x1861, 0x1061, 0x1861,
  0x20C2, 0x28C2, 0x28E3, 0x3103, 0x20A2, 0x1882, 0x1061, 0x1061, 0x18A2, 0x18A2, 0x18C2, 0x20E3,
  0x20E3, 0x20E3, 0x18C3, 0x2924, 0x1081, 0x1061, 0x1082, 0x1881, 0x20C2, 0x20E3, 0x20A2, 0x18A2,
  0x1881, 0x0841, 0x1061, 0x1082, 0x1082, 0x18A2, 0x1061, 0x1062, 0x1082, 0x0861, 0x0841, 0x1082,
  0x1082, 0x1061, 0x1061, 0x1081, 0x18A2, 0x1082, 0x0841, 0x0841, 0x0861, 0x1061, 0x1061, 0x0861,
  0x0861, 0x1082, 0x0861, 0x1082, 0x18C3, 0x10A2, 0x10A2, 0x1062, 0x0841, 0x0000, 0x0841, 0x18C3,
  0x2104, 0x2904, 0x2104, 0x2104, 0x18A2, 0x18A2, 0x18A2, 0x1082, 0x1082, 0x1082, 0x0861, 0x0861,
  0x0841, 0x0861, 0x1061, 0x1061, 0x1041, 0x1061, 0x1061, 0x1082, 0x1882, 0x18A2, 0x0861, 0x0841,
  0x0841, 0x1082, 0x1061, 0x1081, 0x1061, 0x1082, 0x1081, 0x1081, 0x1082, 0x1082, 0x1082, 0x1082,
  0x1061, 0x1082, 0x0861, 0x1082, 0x1082, 0x1082, 0x18A2, 0x1882, 0x1061, 0x18A3, 0x20E3, 0x18C3,
  0x18C3, 0x20E3, 0x2104, 0x2924, 0x18A3, 0x18A2, 0x20C3, 0x20E3, 0x20C3, 0x20E3, 0x2904, 0x20C2,
  0x2924, 0x5269, 0x7BAF, 0x94B3, 0xA514, 0xB597, 0xB597, 0xB597, 0xB597, 0xB597, 0xB597, 0xAD97,
  0xAD97, 0xAD97, 0xAD97, 0xAD97, 0xAD97, 0xAD97, 0xAD97, 0xAD97, 0xAD76, 0xAD76, 0xAD77, 0xAD77,
  0xB5B8, 0xB5B8, 0xB5B8, 0xB5B8, 0xB5B8, 0xB5B8, 0xAD97, 0xADB7, 0xAD97, 0xB597, 0xB5B8, 0xB5B8,
  0xB5B8, 0xAD97, 0xB5B8, 0xB5B8, 0xB5B8, 0xB5B8, 0xB5B8, 0xB5B8, 0xB5B8, 0xB5B8, 0xB5B8, 0xB5B8,
  0xB5B8, 0xB5B8, 0xB5B8, 0xAD77, 0xAD97, 0xAD77, 0xAD77, 0xA556, 0x6B8F, 0x8410, 0xAD97, 0x528A,
  0x4A49, 0x2925, 0x2104, 0x2924, 0x2924, 0x3104, 0x3924, 0x3124, 0x30E2, 0x6206, 0x9B6B, 0x8AE9,
  0x8B2A, 0xA3AB, 0x932A, 0xA38B, 0x9B6A, 0xA3CC, 0xAC0D, 0x9B4A, 0x7267, 0x5184, 0x7A87, 0x9B6B,
  0x7AA8, 0x49A5, 0x1881, 0x28C2, 0x28C2, 0x30C2, 0x4923, 0x61E6, 0x59C5, 0x6A27, 0x61E6, 0x6A47,
  0x7288, 0x4123, 0x30C2, 0x28C2, 0x30E2, 0x59C6, 0x4965, 0x30E3, 0x30E3, 0x28C2, 0x3103, 0x28C2,
  0x20A2, 0x20A2, 0x20C2, 0x28E3, 0x28C3, 0x20A2, 0x1882, 0x1882, 0x18A2, 0x1881, 0x1061, 0x1061,
  0x18A2, 0x28E3, 0x28E3, 0x3103, 0x20C2, 0x18A2, 0x1081, 0x1061, 0x1081, 0x18A2, 0x18A2, 0x18A2,
  0x20E3, 0x2104, 0x2104, 0x2103, 0x2104, 0x1082, 0x1082, 0x1882, 0x20A2, 0x20C2, 0x20A2, 0x18A2,
  0x18A2, 0x1061, 0x0841, 0x1082, 0x1082, 0x1082, 0x10A2, 0x1081, 0x1061, 0x0861, 0x0841, 0x0861,
  0x1082, 0x1082, 0x1061, 0x1081, 0x1082, 0x18A2, 0x1061, 0x0841, 0x0841, 0x0861, 0x1061, 0x0861,
  0x0861, 0x1082, 0x1082, 0x0861, 0x18A2, 0x18C3, 0x18A3, 0x1082, 0x0861, 0x0820, 0x0000, 0x1082,
  0x2104, 0x2104, 0x2924, 0x2104, 0x18C3, 0x1082, 0x18A2, 0x10A2, 0x1082, 0x1082, 0x0841, 0x0841,
  0x0841, 0x0861, 0x0861, 0x1061, 0x1061, 0x1061, 0x1061, 0x1082, 0x1882, 0x1882, 0x1082, 0x0841,
  0x0841, 0x1061, 0x1082, 0x1082, 0x1061, 0x1061, 0x1082, 0x1061, 0x1061, 0x1061, 0x1082, 0x18A3,
  0x1061, 0x1082, 0x0861, 0x1082, 0x1082, 0x1082, 0x18A2, 0x18A2, 0x1082, 0x1082, 0x20E3, 0x18C3,
  0x18C3, 0x20E3, 0x20E3, 0x2924, 0x2103, 0x18A2, 0x20A2, 0x20E3, 0x20E3, 0x20C2, 0x2904, 0x28E3,
  0x20A2, 0x41A6, 0x62CB, 0x9472, 0x9CD3, 0xAD55, 0xB596, 0xB597, 0xB597, 0xB597, 0xB597, 0xB597,
  0xAD97, 0xAD97, 0xAD97, 0xAD97, 0xAD97, 0xAD97, 0xAD97, 0xAD97, 0xAD97, 0xAD97, 0xAD77, 0xAD97,
  0xB5B8, 0xB5B8, 0xB5B8, 0xB5B8, 0xB5B8, 0xB5B8, 0xB5B8, 0xB5B8, 0xAD77, 0xB5B8, 0xB5B8, 0xB5B8,
  0xAD97, 0xB5B8, 0xB5B8, 0xB5B8, 0xB5B8, 0xB5B8, 0xB5B8, 0xB5B8, 0xB5B8, 0xB5B8, 0xB5B8, 0xB5B8,
  0xAD97, 0xAD97, 0xAD77, 0xA556, 0xA556, 0xB597, 0xB5B8, 0xB597, 0x73AF, 0x8431, 0x73AF, 0x4A69,
  0x3186, 0x18C3, 0x2104, 0x3124, 0x3124, 0x3124, 0x3924, 0x30E2, 0x59E6, 0x934B, 0x8B0A, 0x8B09,
  0xA3AC, 0x9B6A, 0xA38B, 0xA3AB, 0xA3AC, 0xB44E, 0x9B6B, 0x8B09, 0x61E6, 0x6A06, 0x936B, 0x9B6B,
  0x6A67, 0x3944, 0x28A2, 0x30E2, 0x28A2, 0x30C2, 0x4903, 0x61A5, 0x6A27, 0x7247, 0x7247, 0x7A88,
  0x6A68, 0x38E2, 0x28A1, 0x4964, 0x30E2, 0x51A5, 0x5185, 0x38E3, 0x59C6, 0x30E2, 0x30E2, 0x3903,
  0x28C2, 0x20A2, 0x28E3, 0x28E3, 0x28E3, 0x20C2, 0x20A2, 0x20A2, 0x20A2, 0x18A2, 0x1882, 0x1061,
  0x1881, 0x28C2, 0x28E3, 0x3103, 0x28E3, 0x20A2, 0x18A2, 0x1081, 0x1061, 0x1081, 0x1082, 0x18A2,
  0x18A2, 0x2103, 0x2924, 0x2904, 0x20E3, 0x2924, 0x1082, 0x1061, 0x20A2, 0x20C2, 0x18A2, 0x18A1,
  0x18A2, 0x1882, 0x1061, 0x1061, 0x1082, 0x1082, 0x10A2, 0x10A2, 0x1081, 0x1062, 0x0861, 0x0841,
  0x1061, 0x1082, 0x1081, 0x1081, 0x1082, 0x18A2, 0x1082, 0x1061, 0x0861, 0x0841, 0x1062, 0x0861,
  0x0861, 0x1061, 0x1082, 0x0861, 0x1061, 0x18C2, 0x18E3, 0x18C3, 0x1061, 0x0841, 0x0020, 0x0841,
  0x2124, 0x2104, 0x2104, 0x2104, 0x20E3, 0x18C3, 0x1061, 0x18A2, 0x10A2, 0x1082, 0x0861, 0x0861,
  0x0841, 0x0841, 0x0841, 0x1061, 0x1061, 0x1061, 0x1061, 0x1082, 0x1882, 0x18A2, 0x1082, 0x0841,
  0x0821, 0x0861, 0x1082, 0x1082, 0x1082, 0x0841, 0x1082, 0x1081, 0x1061, 0x1061, 0x1061, 0x1082,
  0x10A2, 0x1061, 0x1082, 0x1082, 0x1082, 0x1082, 0x18A2, 0x18A2, 0x18A2, 0x1082, 0x18C3, 0x20E3,
  0x18C3, 0x18C3, 0x20E3, 0x2104, 0x2924, 0x18A2, 0x18A2, 0x20A2, 0x20E3, 0x20C2, 0x2904, 0x2904,
  0x20C2, 0x28E3, 0x41E7, 0x6B0C, 0x9CD4, 0xA515, 0xAD76, 0xAD76, 0xAD97, 0xB597, 0xB597, 0xB597,
  0xAD97, 0xAD97, 0xAD97, 0xAD97, 0xAD97, 0xAD97, 0xAD97, 0xAD97, 0xB597, 0xAD97, 0xAD97, 0xAD97,
  0xB5B8, 0xB5B8, 0xB5B8, 0xB5B8, 0xB5B8, 0xB5B8, 0xB5B8, 0xB5B7, 0xAD97, 0xB5B8, 0xB5B8, 0xB5B8,
  0xAD97, 0xB5B8, 0xB5B8, 0xB5B8, 0xB5B8, 0xB5B8, 0xB5B8, 0xB5B8, 0xAD97, 0xAD77, 0xAD77, 0xAD77,
  0xAD76, 0xAD97, 0xB5B8, 0xB5B8, 0xAD97, 0xB5B8, 0xB5B8, 0xAD97, 0x73AF, 0x738E, 0x528A, 0x39E8,
  0x18E3, 0x20C3, 0x3145, 0x3144, 0x3944, 0x3944, 0x3103, 0x6207, 0x9B8C, 0x9B4B, 0x8B0A, 0xA38B,
  0xA38B, 0x9B6A, 0x9B6B, 0xABCC, 0xA3CC, 0xC46E, 0x82A8, 0x8AE9, 0x59C5, 0x82E9, 0xA38C, 0x8B2B,
  0x6206, 0x30E3, 0x30C2, 0x30C2, 0x30C2, 0x38E3, 0x40E2, 0x61C5, 0x82C9, 0x7AA8, 0x7AA8, 0x82C9,
  0x6A47, 0x30A1, 0x38C2, 0x59A5, 0x4144, 0x4103, 0x59C5, 0x4103, 0x59A5, 0x5184, 0x4144, 0x3903,
  0x3103, 0x20A2, 0x28C2, 0x28C3, 0x20A2, 0x20C2, 0x20C3, 0x20A2, 0x20A2, 0x20A2, 0x20A2, 0x18A2,
  0x1881, 0x20A2, 0x28E3, 0x3944, 0x28E3, 0x20C2, 0x18A2, 0x1082, 0x1081, 0x1082, 0x1081, 0x18A2,
  0x18C2, 0x18C2, 0x2104, 0x2945, 0x2945, 0x2104, 0x2924, 0x18A2, 0x1882, 0x20A2, 0x20E3, 0x1881,
  0x18A2, 0x18A2, 0x1061, 0x1081, 0x1081, 0x1061, 0x1082, 0x10A2, 0x10A2, 0x1061, 0x1082, 0x0841,
  0x0861, 0x1082, 0x10A2, 0x10A2, 0x1081, 0x1882, 0x1082, 0x1082, 0x1061, 0x0841, 0x1062, 0x1061,
  0x0861, 0x0861, 0x1082, 0x1082, 0x0841, 0x1082, 0x18C3, 0x2104, 0x18C3, 0x0841, 0x0020, 0x0020,
  0x18E3, 0x2945, 0x2104, 0x20E3, 0x20E3, 0x18A2, 0x18A2, 0x1082, 0x1082, 0x18A2, 0x1062, 0x0861,
  0x0861, 0x0841, 0x0841, 0x1061, 0x0861, 0x1061, 0x1061, 0x1081, 0x1882, 0x1881, 0x1882, 0x1061,
  0x0821, 0x0841, 0x1061, 0x1082, 0x1082, 0x1061, 0x1061, 0x1082, 0x1082, 0x1061, 0x1081, 0x0861,
  0x10A2, 0x1062, 0x1061, 0x1062, 0x1082, 0x1082, 0x1081, 0x18A2, 0x18A2, 0x1082, 0x1882, 0x20C3,
  0x20C3, 0x18C3, 0x2104, 0x20E3, 0x2924, 0x2104, 0x18A2, 0x18A2, 0x20E3, 0x20C2, 0x20E3, 0x3124,
  0x20E3, 0x20C3, 0x3104, 0x41E7, 0x83F0, 0x9CF4, 0xAD56, 0xB597, 0xAD76, 0xAD76, 0xAD76, 0xB597,
  0xB597, 0xB597, 0xAD97, 0xAD97, 0xAD97, 0xAD97, 0xB597, 0xB597, 0xB597, 0xB597, 0xB597, 0xB597,
  0xB5B8, 0xB5B8, 0xB5B8, 0xB5B8, 0xB5B8, 0xB5B8, 0xB5B8, 0xB5B8, 0xB5B8, 0xB5B8, 0xB5B8, 0xB5B8,
  0xAD97, 0xB5B8, 0xB5B8, 0xB5B8, 0xB5B8, 0xB5B8, 0xB5B8, 0xB5B8, 0xAD97, 0xAD97, 0xB5B8, 0xB5B8,
  0xB5B8, 0xB5B8, 0xB5B8, 0xB5B8, 0xB5B8, 0xAD97, 0xB5B8, 0xA556, 0x73AF, 0x5ACB, 0x4A49, 0x2945,
  0x20E4, 0x3125, 0x3965, 0x4186, 0x4165, 0x3903, 0x59E6, 0x9BAC, 0x9B8C, 0x8B0A, 0x9B8B, 0xABCC,
  0xA3AC, 0x9B6A, 0xABCC, 0xA3CC, 0xBC8E, 0xA38B, 0x8AE9, 0x7A88, 0x6A06, 0x9B6B, 0xA3AB, 0x8B2A,
  0x51A5, 0x3103, 0x30C2, 0x30C2, 0x38E2, 0x38C2, 0x5184, 0x6A06, 0x8B0A, 0x82C9, 0x82C9, 0x8B0A,
  0x51C5, 0x3081, 0x4943, 0x59C5, 0x6207, 0x4123, 0x5185, 0x5184, 0x5164, 0x59A5, 0x6206, 0x49A5,
  0x3103, 0x28C2, 0x30E3, 0x28C2, 0x28C3, 0x20A2, 0x20A2, 0x20A2, 0x1881, 0x20A2, 0x20A2, 0x20A2,
  0x20A2, 0x20A2, 0x28C2, 0x4185, 0x28E3, 0x20C2, 0x20C2, 0x1882, 0x1082, 0x1081, 0x18A2, 0x1061,
  0x1882, 0x20C3, 0x18A2, 0x20E3, 0x3986, 0x3186, 0x2104, 0x3165, 0x2903, 0x20C3, 0x20E3, 0x18A2,
  0x1882, 0x18A2, 0x1061, 0x1061, 0x10A2, 0x0861, 0x1081, 0x1082, 0x10A2, 0x1081, 0x1061, 0x0861,
  0x0841, 0x1061, 0x1082, 0x18A2, 0x18A2, 0x1082, 0x1082, 0x1081, 0x1082, 0x0861, 0x0861, 0x1061,
  0x1061, 0x1082, 0x0861, 0x1082, 0x1061, 0x1061, 0x10A2, 0x20E3, 0x2104, 0x18C3, 0x0841, 0x0020,
  0x1062, 0x2945, 0x3145, 0x20E3, 0x20E3, 0x1882, 0x18A2, 0x1082, 0x10A2, 0x10A2, 0x1082, 0x1061,
  0x0841, 0x0841, 0x0841, 0x0841, 0x1082, 0x1061, 0x1061, 0x1081, 0x1882, 0x1061, 0x18A2, 0x1082,
  0x0841, 0x0841, 0x0841, 0x1082, 0x18A2, 0x1061, 0x1061, 0x1081, 0x1082, 0x1061, 0x1061, 0x1082,
  0x1061, 0x10A2, 0x0861, 0x1062, 0x1082, 0x10A2, 0x1061, 0x18C2, 0x18A2, 0x1882, 0x1082, 0x18A2,
  0x20E3, 0x18C3, 0x20E3, 0x20E3, 0x2104, 0x2924, 0x18A3, 0x18A2, 0x18A2, 0x20C2, 0x18A2, 0x2924,
  0x2904, 0x20C3, 0x20C3, 0x3965, 0x5A8A, 0x9CD3, 0x9CD3, 0xB597, 0xB597, 0xB597, 0xAD76, 0xAD76,
  0xAD76, 0xB597, 0xB597, 0xB597, 0xB597, 0xB597, 0xB597, 0xB597, 0xB597, 0xB597, 0xB597, 0xB597,
  0xB5B8, 0xB5B8, 0xB5B8, 0xB5B8, 0xB5B8, 0xB5B8, 0xB5B8, 0xB5B8, 0xB5B8, 0xB5B8, 0xB5B8, 0xAD97,
  0xAD97, 0xB5B8, 0xB5B8, 0xB5B8, 0xB5B8, 0xB5B8, 0xB5B8, 0xB5B8, 0xB5B8, 0xB5D8, 0xB5B8, 0xB5B8,
  0xB5B8, 0xB5B8, 0xB5B8, 0xB5B8, 0xB5B8, 0xB597, 0xAD97, 0xA535, 0x73AF, 0x526A, 0x39C7, 0x2945,
  0x2924, 0x3965, 0x41A6, 0x4165, 0x3924, 0x59E6, 0x9B8C, 0xA3AC, 0x932A, 0x934A, 0xABEC, 0xABCC,
  0xABAC, 0xA38B, 0xABCC, 0xB40D, 0xBC4E, 0x82C8, 0x8AE9, 0x7A88, 0x7AA7, 0xABEC, 0xA3AC, 0x7A88,
  0x59E6, 0x30E3, 0x30E3, 0x30C2, 0x3903, 0x38C2, 0x6206, 0x6A06, 0x9B6B, 0x8B0A, 0x830A, 0x8B0A,
  0x5184, 0x30A1, 0x5964, 0x61C6, 0x61E6, 0x51C5, 0x4123, 0x59C5, 0x5164, 0x61C5, 0x6A27, 0x6206,
  0x51E6, 0x28C2, 0x3103, 0x30E3, 0x28C2, 0x28C2, 0x1882, 0x1882, 0x1882, 0x1881, 0x20A2, 0x20C3,
  0x20A2, 0x20A2, 0x28C2, 0x4165, 0x28E3, 0x28E3, 0x3103, 0x18A2, 0x1082, 0x1062, 0x10A2, 0x1082,
  0x1061, 0x18A2, 0x18C2, 0x10A2, 0x2104, 0x39A6, 0x3186, 0x3165, 0x3165, 0x2924, 0x2103, 0x20C3,
  0x18A2, 0x1882, 0x1082, 0x0861, 0x10A2, 0x1081, 0x1081, 0x10A2, 0x1081, 0x1082, 0x1061, 0x0861,
  0x0861, 0x0861, 0x1082, 0x1081, 0x18A2, 0x18A2, 0x1882, 0x1082, 0x1082, 0x10A2, 0x0841, 0x1061,
  0x1061, 0x0861, 0x1082, 0x1081, 0x1082, 0x1061, 0x1061, 0x10A2, 0x2104, 0x18C3, 0x1082, 0x0841,
  0x0841, 0x2104, 0x3186, 0x2104, 0x20E3, 0x18A2, 0x1082, 0x1082, 0x1082, 0x18C3, 0x10A2, 0x1082,
  0x0861, 0x0841, 0x0861, 0x0841, 0x1082, 0x1061, 0x1061, 0x1061, 0x18A2, 0x1061, 0x18A2, 0x1882,
  0x1061, 0x0841, 0x0841, 0x0841, 0x18A2, 0x1882, 0x1041, 0x1082, 0x1082, 0x1061, 0x1061, 0x1082,
  0x1061, 0x1882, 0x1082, 0x0841, 0x1882, 0x1882, 0x1082, 0x18A2, 0x18A2, 0x1082, 0x1082, 0x1082,
  0x18C3, 0x18C3, 0x20E3, 0x20E3, 0x20E3, 0x2924, 0x2904, 0x18A2, 0x18A2, 0x20C2, 0x18A2, 0x20E3,
  0x2924, 0x28E3, 0x20A2, 0x2904, 0x41E7, 0x7BCF, 0x9CD3, 0xA535, 0xB5B7, 0xB597, 0xB597, 0xB597,
  0xAD76, 0xAD76, 0xAD76, 0xAD97, 0xB597, 0xB597, 0xB597, 0xB597, 0xB597, 0xB597, 0xB597, 0xB597,
  0xB5B8, 0xB5B8, 0xB5B8, 0xB5B8, 0xB5B8, 0xB5B8, 0xB5B8, 0xB5B8, 0xB5B8, 0xB5B8, 0xB5B8, 0xAD97,
  0xB5B7, 0xB5B8, 0xB5B8, 0xB5B8, 0xB5B8, 0xB5B8, 0xB5B8, 0xB5B8, 0xB5B8, 0xB5B8, 0xB5B8, 0xB5B8,
  0xB5B8, 0xB5B8, 0xB5B8, 0xB5B8, 0xB5B8, 0xAD97, 0xAD97, 0xB597, 0x6B2D, 0x4A29, 0x3166, 0x3145,
  0x3124, 0x49A6, 0x4185, 0x3923, 0x51C5, 0x9BAD, 0xA3CD, 0x9B6B, 0x934A, 0xABEC, 0xABCC, 0xABEC,
  0x9B8B, 0xBC0D, 0xA3AB, 0xBC4E, 0xA3AC, 0x82C8, 0x8B09, 0x82A8, 0x934A, 0xABAC, 0x9B6B, 0x7288,
  0x51C5, 0x30C2, 0x38E2, 0x30C2, 0x4103, 0x38C2, 0x69E6, 0x6A05, 0x934B, 0x936B, 0x82C9, 0x82C9,
  0x59E6, 0x3081, 0x5964, 0x6A06, 0x59A5, 0x82EA, 0x4964, 0x4123, 0x5984, 0x6A06, 0x6A06, 0x6206,
  0x6247, 0x3903, 0x3903, 0x3923, 0x30E3, 0x28C2, 0x28C2, 0x20A2, 0x1882, 0x1881, 0x1861, 0x20A2,
  0x20C3, 0x20C2, 0x28C3, 0x3124, 0x28C2, 0x28E3, 0x3144, 0x20E2, 0x1061, 0x1882, 0x1882, 0x18A2,
  0x1061, 0x1082, 0x18C2, 0x18A2, 0x18A2, 0x2104, 0x3166, 0x39A7, 0x3186, 0x2945, 0x2945, 0x20E3,
  0x18A3, 0x18A2, 0x1082, 0x0861, 0x1081, 0x1081, 0x1081, 0x10A2, 0x1082, 0x1082, 0x1061, 0x1061,
  0x0841, 0x1061, 0x1061, 0x18A2, 0x1082, 0x18A2, 0x18C2, 0x1082, 0x1061, 0x1082, 0x0861, 0x0841,
  0x1061, 0x1062, 0x1082, 0x1082, 0x1882, 0x1082, 0x0861, 0x0861, 0x1082, 0x2104, 0x10A2, 0x1082,
  0x0841, 0x18C3, 0x3186, 0x3165, 0x18C3, 0x18A3, 0x1082, 0x18C3, 0x0861, 0x1082, 0x18A2, 0x1082,
  0x18A2, 0x0861, 0x0861, 0x0841, 0x1082, 0x1081, 0x1061, 0x1061, 0x18A2, 0x1061, 0x1882, 0x1882,
  0x1082, 0x0821, 0x0841, 0x0841, 0x1081, 0x20C3, 0x1061, 0x1081, 0x1082, 0x1082, 0x1061, 0x1061,
  0x1062, 0x1061, 0x1082, 0x0841, 0x1082, 0x18A2, 0x18A2, 0x1081, 0x20E3, 0x1082, 0x1082, 0x1082,
  0x1082, 0x18C3, 0x18C3, 0x20E3, 0x20E3, 0x20E3, 0x3145, 0x20E3, 0x18A2, 0x20A2, 0x20A2, 0x20A2,
  0x3124, 0x2903, 0x20C2, 0x20C2, 0x3165, 0x4A28, 0x9472, 0x9CD3, 0xB597, 0xB5B7, 0xB5B7, 0xB5B7,
  0xB5B7, 0xB597, 0xB597, 0xB597, 0xB597, 0xB5B7, 0xB5B7, 0xB5B7, 0xB5B7, 0xB5B7, 0xB597, 0xB597,
  0xB5B8, 0xB5B8, 0xB5B8, 0xB5B8, 0xB5B8, 0xB5B8, 0xB5B8, 0xB5B8, 0xB5B8, 0xB5B8, 0xB5B8, 0xAD77,
  0xB5B8, 0xB5B8, 0xB5B8, 0xB5B8, 0xB5B8, 0xB5B8, 0xB5B8, 0xB5B8, 0xB5B8, 0xB5B8, 0xB5B8, 0xB5B8,
  0xB5B8, 0xB5B8, 0xB5B8, 0xB5B8, 0xAD97, 0xB597, 0xB5D8, 0xAD97, 0x5ACB, 0x4208, 0x3145, 0x3124,
  0x41A6, 0x49A6, 0x3924, 0x4984, 0x936B, 0xAC0E, 0xA38C, 0x932A, 0xABEC, 0xB3EC, 0xABEC, 0xA3AB,
  0xABEC, 0xABCC, 0xB42D, 0xABEC, 0x9B4B, 0x82E9, 0x934A, 0x82C8, 0x9B6A, 0x932A, 0x9B6B, 0x7288,
  0x4985, 0x38C2, 0x3903, 0x38E3, 0x4944, 0x4903, 0x5164, 0x6A06, 0x932A, 0x9BAC, 0x7267, 0x934B,
  0x6227, 0x3081, 0x5963, 0x69E6, 0x5984, 0x932A, 0x6A68, 0x38E2, 0x5164, 0x6A26, 0x69E6, 0x7247,
  0x6A27, 0x3923, 0x59E6, 0x4124, 0x30E3, 0x28C2, 0x28A2, 0x28C2, 0x28C3, 0x20C2, 0x1061, 0x1061,
  0x18A2, 0x28E3, 0x28E3, 0x28E3, 0x28E3, 0x28E2, 0x3944, 0x3144, 0x1061, 0x1881, 0x1882, 0x1882,
  0x1882, 0x1061, 0x18C2, 0x1082, 0x18A2, 0x18C3, 0x2124, 0x2945, 0x39A6, 0x3166, 0x2945, 0x2924,
  0x20E3, 0x18C3, 0x18A2, 0x1081, 0x0861, 0x1082, 0x1061, 0x1081, 0x1082, 0x10A2, 0x1081, 0x1081,
  0x0841, 0x0861, 0x0861, 0x1082, 0x18A2, 0x1082, 0x18A2, 0x18C2, 0x0861, 0x1061, 0x1061, 0x0841,
  0x0861, 0x1081, 0x1082, 0x1082, 0x1082, 0x18A2, 0x1062, 0x0861, 0x0861, 0x18A3, 0x2945, 0x1082,
  0x10A2, 0x10A2, 0x3165, 0x31A6, 0x2104, 0x18C3, 0x1082, 0x18C3, 0x18A2, 0x1061, 0x1082, 0x1061,
  0x1082, 0x10A2, 0x1082, 0x1061, 0x1061, 0x1082, 0x0841, 0x1061, 0x1882, 0x1882, 0x1882, 0x1882,
  0x1082, 0x1061, 0x0821, 0x0841, 0x0841, 0x18C3, 0x10A2, 0x1061, 0x1082, 0x10A2, 0x1061, 0x1061,
  0x1061, 0x1062, 0x1082, 0x1082, 0x0861, 0x18A2, 0x1082, 0x1082, 0x18C2, 0x18C2, 0x1061, 0x1082,
  0x1082, 0x18A2, 0x20E3, 0x20E3, 0x2103, 0x18C3, 0x2924, 0x2924, 0x18A3, 0x18A2, 0x20E3, 0x18A2,
  0x2903, 0x3124, 0x28E3, 0x18A2, 0x2903, 0x2924, 0x6B2D, 0xA4F4, 0xAD56, 0xBDD8, 0xB5B7, 0xB5B7,
  0xB5B7, 0xB5B7, 0xB5B7, 0xB5B7, 0xB5B7, 0xB5B7, 0xB5B7, 0xB5B7, 0xB5B7, 0xB5B7, 0xB5B7, 0xB5B7,
  0xB5B8, 0xB5B8, 0xB5B8, 0xB5B8, 0xB5B8, 0xB5B8, 0xB5B8, 0xB5B8, 0xB5B8, 0xB5B8, 0xB5B8, 0xAD77,
  0xB5B8, 0xB5B8, 0xB5B8, 0xB5B8, 0xB5B8, 0xB5B8, 0xB5B8, 0xB5B8, 0xB5B8, 0xB5B8, 0xB5B8, 0xB5B8,
  0xB5B8, 0xB5B8, 0xB5B8, 0xAD97, 0xAD97, 0xB5D8, 0xB5D8, 0x9CF4, 0x526A, 0x41E7, 0x3145, 0x4186,
  0x49C6, 0x3944, 0x4984, 0x938C, 0xAC2E, 0xA3CD, 0x934A, 0xA3AC, 0xB42D, 0xABEC, 0xB42D, 0xA38B,
  0xABCC, 0xABEC, 0xABEC, 0xABEC, 0x9B4A, 0x934A, 0x9B8B, 0x82A8, 0x932A, 0x934A, 0x932A, 0x6206,
  0x51A5, 0x4103, 0x4103, 0x4103, 0x4944, 0x4964, 0x4923, 0x7226, 0x934A, 0xA38C, 0x7268, 0x936B,
  0x6227, 0x3080, 0x61A5, 0x69E6, 0x61C5, 0x82E9, 0x934B, 0x59C5, 0x4123, 0x6A06, 0x7227, 0x6A26,
  0x6A27, 0x4144, 0x59C5, 0x51A5, 0x4944, 0x3903, 0x30E2, 0x28C2, 0x28C2, 0x28C2, 0x20A2, 0x1881,
  0x20A2, 0x20C2, 0x20C2, 0x28E3, 0x28E2, 0x28C2, 0x3944, 0x3985, 0x18A2, 0x1061, 0x1882, 0x18A2,
  0x1082, 0x1082, 0x1082, 0x18C2, 0x1082, 0x18A2, 0x20E3, 0x2924, 0x3165, 0x39A6, 0x3986, 0x2945,
  0x20E3, 0x20C3, 0x18C3, 0x10A2, 0x0861, 0x1081, 0x0861, 0x0861, 0x10A2, 0x1081, 0x1082, 0x0861,
  0x0861, 0x0861, 0x0861, 0x0861, 0x1882, 0x18A2, 0x1081, 0x18C2, 0x1082, 0x0861, 0x1081, 0x0861,
  0x0841, 0x1081, 0x10A2, 0x10A2, 0x1081, 0x18A2, 0x1082, 0x1062, 0x0841, 0x1082, 0x18C3, 0x2104,
  0x0861, 0x18E3, 0x2945, 0x3186, 0x3165, 0x2104, 0x18A2, 0x1082, 0x18E3, 0x1061, 0x1082, 0x0861,
  0x0861, 0x0841, 0x1081, 0x1082, 0x1061, 0x1082, 0x0861, 0x0861, 0x1882, 0x18A2, 0x1882, 0x1082,
  0x1081, 0x1082, 0x0821, 0x0841, 0x0841, 0x1082, 0x20E3, 0x1061, 0x1081, 0x18A2, 0x1081, 0x1061,
  0x1061, 0x1061, 0x1062, 0x1082, 0x0861, 0x1062, 0x18A2, 0x1081, 0x18A2, 0x18C3, 0x1082, 0x1062,
  0x18A2, 0x1082, 0x20E4, 0x20E3, 0x20E3, 0x20E3, 0x20E3, 0x2904, 0x20E3, 0x18A2, 0x20C2, 0x18A2,
  0x18A2, 0x2924, 0x2924, 0x20A2, 0x20A2, 0x2904, 0x39A7, 0x9472, 0x9CD4, 0xB5B7, 0xBDD8, 0xB5B7,
  0xB5B8, 0xB5B7, 0xB5B7, 0xB5B7, 0xB5B7, 0xB5B7, 0xB5B7, 0xB5B7, 0xB5B7, 0xB5B7, 0xB5B7, 0xB5B7,
  0xB5B8, 0xB5B8, 0xB5B8, 0xB5B8, 0xB5B8, 0xB5B8, 0xB5B8, 0xB5B8, 0xB5B8, 0xB5B8, 0xB5B8, 0xAD97,
  0xB5B8, 0xB5B8, 0xB5B8, 0xB5B8, 0xB5B8, 0xB5B8, 0xB5B8, 0xB5B8, 0xB5B8, 0xB5B8, 0xB5B8, 0xB5B8,
  0xB5B8, 0xB5B8, 0xAD97, 0xAD97, 0xB5D8, 0xB5D8, 0xB5D8, 0x8411, 0x5A8A, 0x41C7, 0x3986, 0x51E7,
  0x4165, 0x4144, 0x832A, 0xAC2E, 0xABED, 0x9B6B, 0x934A, 0xB42D, 0xB42D, 0xBC4E, 0xABCC, 0xABAB,
  0xA3AB, 0xABCC, 0xABEC, 0xABEC, 0x8B2A, 0xA3CC, 0x9B6B, 0x82C8, 0xA38B, 0x9B4A, 0x82C9, 0x6226,
  0x51C6, 0x38E2, 0x4944, 0x38E2, 0x4944, 0x5184, 0x4923, 0x7226, 0x932A, 0x932A, 0x82C9, 0x934B,
  0x6A88, 0x3080, 0x7206, 0x69C5, 0x7A67, 0x7A88, 0x936B, 0x7AC9, 0x3902, 0x59A5, 0x7247, 0x61E5,
  0x61C5, 0x61E6, 0x4944, 0x6A47, 0x5164, 0x4964, 0x3923, 0x30E3, 0x28E3, 0x20A2, 0x20A2, 0x20A2,
  0x1882, 0x1882, 0x20A2, 0x20C2, 0x2903, 0x3103, 0x3944, 0x3965, 0x2924, 0x1881, 0x18A2, 0x18A2,
  0x1882, 0x1882, 0x1061, 0x18A2, 0x18A2, 0x18C2, 0x18C3, 0x20E3, 0x2924, 0x3165, 0x3986, 0x39C6,
  0x3165, 0x18C3, 0x18A2, 0x1082, 0x1061, 0x1081, 0x1082, 0x0841, 0x1081, 0x10A2, 0x1081, 0x0841,
  0x0861, 0x1061, 0x0861, 0x0841, 0x1061, 0x10A2, 0x1061, 0x1882, 0x18A2, 0x0861, 0x1061, 0x0861,
  0x1061, 0x0861, 0x1082, 0x10A2, 0x1082, 0x1082, 0x10A2, 0x1061, 0x0861, 0x1082, 0x1082, 0x18E3,
  0x18E3, 0x0841, 0x2124, 0x3165, 0x3186, 0x2945, 0x20E3, 0x1082, 0x18C3, 0x1062, 0x1082, 0x1061,
  0x0861, 0x0861, 0x0861, 0x1082, 0x1061, 0x1082, 0x1081, 0x0861, 0x1882, 0x18A2, 0x18A2, 0x1082,
  0x1082, 0x1882, 0x0841, 0x0841, 0x1061, 0x1041, 0x18A2, 0x18C2, 0x1061, 0x1081, 0x1082, 0x1061,
  0x1082, 0x0861, 0x1062, 0x1082, 0x1082, 0x1061, 0x18A2, 0x1081, 0x1882, 0x18A2, 0x1882, 0x1061,
  0x1082, 0x18A2, 0x18A3, 0x2104, 0x20C3, 0x20E3, 0x20C3, 0x2904, 0x2904, 0x20E3, 0x18A2, 0x20C2,
  0x18A2, 0x20E3, 0x3124, 0x20E3, 0x18A2, 0x2903, 0x2904, 0x5AAB, 0x9492, 0xAD56, 0xBDF8, 0xB5D8,
  0xB5B7, 0xB5B7, 0xB5B7, 0xB5B7, 0xB5B7, 0xB5B7, 0xB5B7, 0xB5B7, 0xB5B7, 0xB5B7, 0xB5B7, 0xB5B7,
  0xB5B8, 0xB5B8, 0xB5B8, 0xB5B8, 0xB5B8, 0xB5B8, 0xB5B8, 0xB5B8, 0xB5B8, 0xB5B8, 0xAD97, 0xAD97,
  0xB5B8, 0xB5B8, 0xB5B8, 0xB5B8, 0xB5B8, 0xB5B8, 0xB5B8, 0xB5B8, 0xB5B8, 0xB5B8, 0xB5B8, 0xB5B8,
  0xB5B8, 0xAD97, 0xAD97, 0xB5D8, 0xB5D8, 0xB5B8, 0xAD76, 0x736E, 0x5269, 0x3986, 0x49C7, 0x4185,
  0x3923, 0x72A9, 0xAC2E, 0xAC2E, 0xA3CC, 0x934A, 0xABED, 0xBC4E, 0xB40D, 0xB42D, 0xABCC, 0xA38B,
  0xABCC, 0xA3AC, 0xB40D, 0xA3AB, 0x9B6B, 0xA3AC, 0x9B6B, 0x932A, 0xA38B, 0x932A, 0x7A88, 0x6A26,
  0x51A5, 0x4944, 0x4944, 0x38C2, 0x5144, 0x5184, 0x5144, 0x7247, 0x930A, 0x82E9, 0x932A, 0x8309,
  0x7AEA, 0x38A1, 0x69E6, 0x69E5, 0x8288, 0x7A88, 0x8B2A, 0x934B, 0x4964, 0x4923, 0x7A88, 0x6A06,
  0x5985, 0x6A06, 0x4943, 0x6206, 0x5164, 0x59C5, 0x4984, 0x4144, 0x28C2, 0x28E3, 0x20A2, 0x20A2,
  0x20A2, 0x20A2, 0x20A2, 0x20A2, 0x28E3, 0x3124, 0x3124, 0x3124, 0x3124, 0x1882, 0x1882, 0x18A2,
  0x18A2, 0x18A2, 0x18A2, 0x1081, 0x18C2, 0x18A2, 0x18C3, 0x18C3, 0x18A3, 0x2104, 0x3145, 0x3186,
  0x3986, 0x3165, 0x20C3, 0x1082, 0x0861, 0x1061, 0x1082, 0x0841, 0x0841, 0x1081, 0x1082, 0x0841,
  0x0841, 0x0841, 0x0861, 0x0841, 0x1081, 0x0861, 0x10A2, 0x1882, 0x18A2, 0x1082, 0x10A2, 0x0861,
  0x1061, 0x1061, 0x1082, 0x1082, 0x10A2, 0x10A2, 0x18C3, 0x1082, 0x1082, 0x0841, 0x10A2, 0x10A2,
  0x2945, 0x18C3, 0x18A3, 0x2966, 0x2945, 0x2945, 0x2924, 0x10A2, 0x10A2, 0x1082, 0x1062, 0x1082,
  0x1061, 0x0861, 0x0861, 0x0861, 0x0841, 0x1061, 0x1082, 0x0841, 0x1882, 0x1882, 0x18A2, 0x1081,
  0x18A2, 0x1061, 0x1081, 0x0820, 0x1061, 0x0861, 0x1081, 0x18C3, 0x1082, 0x1082, 0x1082, 0x1061,
  0x1061, 0x1082, 0x0861, 0x0861, 0x1082, 0x1061, 0x1082, 0x1082, 0x1882, 0x18C2, 0x1082, 0x1082,
  0x1082, 0x1882, 0x18A2, 0x20E3, 0x20E3, 0x20E3, 0x20E3, 0x20E3, 0x2904, 0x2904, 0x18A2, 0x18C2,
  0x18A2, 0x18A2, 0x3104, 0x2903, 0x20A2, 0x20A2, 0x2924, 0x3145, 0x738E, 0xA515, 0xBDD8, 0xBDD8,
  0xB5B8, 0xB5B7, 0xB5B7, 0xB5B7, 0xB5B7, 0xB5B7, 0xB5B7, 0xB5B7, 0xB5B7, 0xB5B7, 0xB5B7, 0xB5B7,
  0xB5B8, 0xB5B8, 0xB5B8, 0xB5B8, 0xB5B8, 0xB5B8, 0xB5B8, 0xB5B8, 0xB5B8, 0xB5B8, 0xAD97, 0xB5B8,
  0xB5B8, 0xB5B8, 0xB5B8, 0xB5B8, 0xB5B8, 0xB5B8, 0xB5B8, 0xB5B8, 0xB5B8, 0xB5B8, 0xB5B8, 0xB5B8,
  0xB5B8, 0xB5B7, 0xB5D8, 0xB5D8, 0xB5B8, 0xAD77, 0xA536, 0x6B4D, 0x5249, 0x41A6, 0x49A6, 0x4144,
  0x6227, 0xA3ED, 0xB42E, 0xABCD, 0x934B, 0xA3CC, 0xBC4E, 0xB42D, 0xBC4E, 0xABCC, 0xABEC, 0xA3AB,
  0xA3AC, 0xB40D, 0xABCC, 0xA3AC, 0xABCC, 0x8B2A, 0xAC0D, 0x8B09, 0x9B6B, 0x8B09, 0x8B0A, 0x7267,
  0x59C5, 0x59E5, 0x4984, 0x38E2, 0x59A5, 0x5184, 0x61A5, 0x7A67, 0x930A, 0x82C9, 0x9B6B, 0x7AC9,
  0x8B4B, 0x38C1, 0x61A5, 0x7226, 0x8AE9, 0x7A88, 0x8B09, 0x9B8C, 0x6206, 0x4923, 0x61E5, 0x7267,
  0x5184, 0x61E6, 0x4943, 0x61E5, 0x59A5, 0x59C5, 0x51A5, 0x51A5, 0x3923, 0x30E3, 0x28C2, 0x20A2,
  0x20A2, 0x20A2, 0x20A2, 0x20A2, 0x20C2, 0x28C3, 0x3944, 0x3965, 0x3965, 0x20C3, 0x1861, 0x1882,
  0x1882, 0x18A2, 0x20E3, 0x18C2, 0x1882, 0x18A2, 0x18A2, 0x20E3, 0x18C2, 0x18A2, 0x2904, 0x2944,
  0x3165, 0x3986, 0x3165, 0x2103, 0x1081, 0x0841, 0x1081, 0x1061, 0x0841, 0x0861, 0x1081, 0x0861,
  0x0861, 0x0841, 0x0861, 0x0841, 0x0861, 0x0861, 0x18A2, 0x18A2, 0x18C3, 0x1082, 0x18A2, 0x18A2,
  0x0841, 0x1082, 0x1081, 0x10A2, 0x1082, 0x18A2, 0x1082, 0x18C3, 0x1082, 0x0861, 0x0861, 0x1082,
  0x18C3, 0x2945, 0x18A3, 0x2966, 0x2925, 0x2104, 0x2945, 0x18C3, 0x1082, 0x1082, 0x1082, 0x1082,
  0x1062, 0x1061, 0x0861, 0x0861, 0x0841, 0x0841, 0x10A2, 0x0841, 0x1082, 0x1081, 0x18A2, 0x1082,
  0x18A2, 0x1061, 0x1082, 0x0841, 0x0841, 0x1061, 0x1061, 0x1882, 0x18C3, 0x1061, 0x1082, 0x1061,
  0x0861, 0x1082, 0x1061, 0x0861, 0x0861, 0x1082, 0x1082, 0x18A2, 0x1082, 0x18A2, 0x1082, 0x1882,
  0x1082, 0x1082, 0x10A2, 0x18A3, 0x2104, 0x18C3, 0x20E3, 0x20E3, 0x2904, 0x2924, 0x20C3, 0x18A2,
  0x18A2, 0x18A2, 0x20E3, 0x3104, 0x20E3, 0x18A2, 0x2904, 0x2904, 0x39C7, 0x8C51, 0xAD96, 0xBDD8,
  0xB5D8, 0xB5B7, 0xB5B7, 0xB5B7, 0xB5B7, 0xB5B7, 0xB5B7, 0xB5B7, 0xB5B7, 0xB5B7, 0xB5B7, 0xB5B7,
  0xB5B8, 0xB5B8, 0xB5B8, 0xB5B8, 0xB5B8, 0xB5B8, 0xB5B8, 0xB5B8, 0xB5B8, 0xB5B8, 0xAD97, 0xB5B8,
  0xB5B8, 0xB5B8, 0xB5B8, 0xB5B8, 0xB5B8, 0xB5B8, 0xB5B8, 0xB5B8, 0xB5B8, 0xB5B8, 0xB5B8, 0xB5B8,
  0xB5B8, 0xB5D8, 0xB5D8, 0xB5B8, 0xAD77, 0xA536, 0xAD77, 0x6B2D, 0x5A49, 0x49A7, 0x4165, 0x4984,
  0x938C, 0xB42E, 0xABED, 0x9B6B, 0xA3AC, 0xB42D, 0xBC2D, 0xB42D, 0xB42D, 0xABCC, 0xABEC, 0xABCC,
  0xABEC, 0xABED, 0xABED, 0xA38B, 0xA3AC, 0x9B8B, 0xABED, 0x7A88, 0x8AE9, 0xA3AB, 0x8AE9, 0x7267,
  0x6A47, 0x59E6, 0x51A5, 0x4102, 0x6A07, 0x5185, 0x59A5, 0x8288, 0x8AC9, 0x936B, 0x9B6B, 0x7AA8,
  0x936C, 0x38C1, 0x5984, 0x7A47, 0x8B09, 0x7AA8, 0x8B0A, 0x9B8B, 0x82EA, 0x59A5, 0x5984, 0x61E5,
  0x7226, 0x6A06, 0x5985, 0x61E6, 0x61C5, 0x59C5, 0x61C5, 0x59A5, 0x51A5, 0x3903, 0x28E3, 0x20A2,
  0x1882, 0x20C2, 0x20A2, 0x20A2, 0x20A2, 0x28C2, 0x28C2, 0x3945, 0x4165, 0x3104, 0x20C2, 0x1082,
  0x18A2, 0x18A2, 0x18C3, 0x20C3, 0x1882, 0x1882, 0x18A2, 0x18C2, 0x18C3, 0x1882, 0x18A2, 0x2924,
  0x2924, 0x3145, 0x3165, 0x3165, 0x2904, 0x1081, 0x1061, 0x1061, 0x0861, 0x0861, 0x1081, 0x0861,
  0x0861, 0x0861, 0x0841, 0x0861, 0x0841, 0x1081, 0x1061, 0x18C2, 0x18C3, 0x18A2, 0x1081, 0x18A2,
  0x1082, 0x1081, 0x1061, 0x1082, 0x1082, 0x1082, 0x1082, 0x20E3, 0x18A2, 0x0861, 0x0861, 0x0841,
  0x10A3, 0x18C3, 0x2104, 0x2945, 0x3186, 0x2104, 0x2104, 0x20E4, 0x10A2, 0x1082, 0x1082, 0x1082,
  0x0861, 0x1061, 0x0861, 0x0841, 0x0861, 0x0841, 0x1082, 0x1041, 0x1061, 0x1081, 0x1882, 0x18A2,
  0x1082, 0x1882, 0x1082, 0x1081, 0x0821, 0x1082, 0x1061, 0x1082, 0x18C3, 0x1082, 0x1082, 0x1061,
  0x0861, 0x0861, 0x10A2, 0x0861, 0x0861, 0x1061, 0x1082, 0x18C3, 0x1882, 0x18A2, 0x18A2, 0x1082,
  0x1082, 0x1882, 0x10A2, 0x1082, 0x20C3, 0x2104, 0x20C3, 0x20E3, 0x2104, 0x2904, 0x20E3, 0x18A2,
  0x18A1, 0x18A2, 0x18A2, 0x3104, 0x28E3, 0x20A2, 0x20A2, 0x2904, 0x20E3, 0x5AAA, 0x9CD3, 0xBDD8,
  0xBDD8, 0xB5B8, 0xB5B7, 0xB5B7, 0xB5B7, 0xB5B7, 0xB5B7, 0xB5B7, 0xB5B7, 0xB5B7, 0xB5B7, 0xB5B7,
  0xB5B8, 0xB5B8, 0xB5B8, 0xB5B8, 0xB5B8, 0xB5B8, 0xB5B8, 0xB5B8, 0xB5B8, 0xB5B8, 0xAD77, 0xB5B8,
  0xB5B8, 0xB5B8, 0xB5B8, 0xB5B8, 0xB5B8, 0xB5B8, 0xB5B8, 0xB5B8, 0xB5B8, 0xB5B8, 0xB5B8, 0xB5B8,
  0xB5B8, 0xB5D8, 0xB5B8, 0xAD97, 0xA556, 0xAD97, 0xB597, 0x62CB, 0x49E7, 0x49A6, 0x4164, 0x830A,
  0xAC2E, 0xAC2E, 0xA3AC, 0x936B, 0xB42D, 0xB44E, 0xB44E, 0xBC4D, 0xABCC, 0xABEC, 0xABEC, 0xA3AC,
  0xB3ED, 0xA3CC, 0xB40D, 0x9B8B, 0xABED, 0x9B8B, 0xABED, 0x7A67, 0x930A, 0xB40D, 0x7AA8, 0x7267,
  0x6A47, 0x6227, 0x51A5, 0x4102, 0x7227, 0x5984, 0x61A5, 0x8288, 0x8AC9, 0x9BAC, 0x9B6B, 0x82C9,
  0x936C, 0x38C2, 0x5984, 0x7A47, 0x8B09, 0x8AE9, 0x932A, 0x934B, 0x936C, 0x6A06, 0x7267, 0x59C5,
  0x7247, 0x6A06, 0x6A26, 0x5184, 0x6A06, 0x59C5, 0x61E5, 0x6A26, 0x59C5, 0x4164, 0x30E2, 0x28C2,
  0x1861, 0x1861, 0x20A2, 0x20C2, 0x20C2, 0x28C3, 0x28C2, 0x3103, 0x3965, 0x3124, 0x2903, 0x20C2,
  0x20E3, 0x20E3, 0x18A3, 0x20E3, 0x20C3, 0x18A2, 0x18A2, 0x18C2, 0x20E3, 0x18A2, 0x1061, 0x20C3,
  0x2904, 0x2904, 0x2924, 0x2924, 0x2924, 0x20E3, 0x1082, 0x1082, 0x0861, 0x0861, 0x1081, 0x1081,
  0x0861, 0x0861, 0x0841, 0x0861, 0x0841, 0x1081, 0x1061, 0x1882, 0x20E3, 0x18C2, 0x1082, 0x1882,
  0x1082, 0x1082, 0x1061, 0x1081, 0x1082, 0x1082, 0x18C2, 0x18A2, 0x2104, 0x1082, 0x1082, 0x0861,
  0x0861, 0x18E4, 0x18C3, 0x2124, 0x3186, 0x3186, 0x20E3, 0x18C3, 0x20E4, 0x1082, 0x1061, 0x10A2,
  0x0861, 0x1061, 0x1061, 0x1061, 0x0841, 0x0841, 0x1082, 0x1061, 0x1061, 0x1082, 0x1082, 0x18A2,
  0x1081, 0x18A2, 0x1061, 0x10A2, 0x0821, 0x1061, 0x1081, 0x18A2, 0x1882, 0x18C3, 0x1082, 0x1082,
  0x0861, 0x1082, 0x1062, 0x1062, 0x1061, 0x0841, 0x1061, 0x18A2, 0x18A2, 0x18A2, 0x18A2, 0x1061,
  0x1082, 0x1082, 0x18A2, 0x1082, 0x18A2, 0x2104, 0x20E3, 0x20E3, 0x20E3, 0x2904, 0x2904, 0x18C2,
  0x1881, 0x18A2, 0x18A2, 0x2903, 0x2903, 0x20C3, 0x18A2, 0x2904, 0x2903, 0x3186, 0x7BAF, 0xB597,
  0xBDD8, 0xB5B8, 0xB5B7, 0xB5B7, 0xB5B7, 0xB5B7, 0xB5B7, 0xB5B7, 0xB5B7, 0xB5B7, 0xB5B7, 0xB5B7,
  0xB5B8, 0xB5B8, 0xB5B8, 0xB5B8, 0xB5B8, 0xB5B8, 0xB5B8, 0xB5B8, 0xB5B8, 0xB5B8, 0xAD97, 0xB5D8,
  0xB5B8, 0xB5B8, 0xB5B8, 0xB5B8, 0xB5B8, 0xB5B8, 0xB5B8, 0xB5B8, 0xB5B8, 0xB5B8, 0xB5B8, 0xB5B8,
  0xB5D8, 0xB5D8, 0xB5D8, 0xAD97, 0xAD77, 0xBDF8, 0xA4F4, 0x5228, 0x3965, 0x4165, 0x7288, 0xAC2E,
  0xB44E, 0xABED, 0x936B, 0xA3ED, 0xB44E, 0xBC6E, 0xBC6E, 0xB42D, 0xB40D, 0xABEC, 0xABED, 0xB40D,
  0xA3AC, 0xB40D, 0x9B6B, 0xABED, 0xABCC, 0x9B6B, 0xABCC, 0x82A8, 0x9B8B, 0xB42E, 0x7AA8, 0x7288,
  0x6A47, 0x6227, 0x5164, 0x4923, 0x6A06, 0x61A5, 0x69E6, 0x8267, 0x9309, 0xA3AC, 0x9B8B, 0x82A8,
  0x934B, 0x40E2, 0x59A5, 0x8288, 0x82A8, 0x8AE9, 0x934A, 0x9B8C, 0x9B8B, 0x6A26, 0x8B0A, 0x6A26,
  0x6A26, 0x61E5, 0x7AA8, 0x5164, 0x7267, 0x61E6, 0x61E6, 0x6A26, 0x61E6, 0x59C5, 0x3903, 0x30E2,
  0x20A2, 0x1881, 0x1881, 0x1882, 0x20C2, 0x28E3, 0x28C2, 0x28E3, 0x3965, 0x3124, 0x28E3, 0x28E3,
  0x20C2, 0x18A2, 0x18A3, 0x20E3, 0x20E3, 0x20E3, 0x20E3, 0x18C3, 0x20C3, 0x20C3, 0x18A2, 0x1081,
  0x18A3, 0x20E3, 0x20E3, 0x2104, 0x2924, 0x2103, 0x2103, 0x18C3, 0x1081, 0x0841, 0x1061, 0x1082,
  0x1061, 0x0861, 0x0841, 0x0861, 0x0841, 0x1061, 0x1082, 0x1061, 0x18A2, 0x2103, 0x1882, 0x10A2,
  0x1082, 0x1082, 0x1082, 0x1082, 0x1082, 0x1082, 0x18A2, 0x18C2, 0x18C3, 0x2104, 0x1082, 0x10A2,
  0x0841, 0x1082, 0x18C3, 0x2104, 0x3166, 0x3186, 0x2925, 0x18C3, 0x18C3, 0x18A3, 0x1082, 0x10A2,
  0x1061, 0x0861, 0x1061, 0x0861, 0x0841, 0x0841, 0x1061, 0x18A2, 0x1061, 0x1082, 0x1082, 0x18A2,
  0x1082, 0x18A2, 0x1082, 0x1082, 0x0861, 0x0841, 0x1081, 0x18A2, 0x1082, 0x20E3, 0x1882, 0x1082,
  0x1061, 0x1062, 0x0841, 0x1082, 0x1062, 0x0861, 0x1061, 0x1082, 0x18A2, 0x18A2, 0x18C2, 0x1061,
  0x1082, 0x1082, 0x18A2, 0x18A2, 0x10A2, 0x20E3, 0x20E4, 0x18C3, 0x20C3, 0x2103, 0x2924, 0x20E3,
  0x18A2, 0x18A2, 0x18A2, 0x20E3, 0x2904, 0x20E3, 0x20C2, 0x20A2, 0x2924, 0x20C3, 0x526A, 0x9CF4,
  0xBDD8, 0xB5D8, 0xB5B7, 0xB5B7, 0xB5B7, 0xB5B7, 0xB5B7, 0xB5B8, 0xB5B7, 0xB5B7, 0xB5B7, 0xB5B7,
  0xB5B8, 0xB5B8, 0xB5B8, 0xB5B8, 0xB5B8, 0xB5B8, 0xB5B8, 0xB5B8, 0xB5B8, 0xAD97, 0xAD97, 0xB5D8,
  0xB5B8, 0xB5B8, 0xB5B8, 0xB5B8, 0xB5B8, 0xB5B8, 0xB5B8, 0xB5B8, 0xB5B8, 0xB5B8, 0xB5B8, 0xB5B8,
  0xB5D8, 0xB5D8, 0xB5B8, 0xAD77, 0xB5D8, 0xB597, 0x734D, 0x4185, 0x3944, 0x5A06, 0xA3CD, 0xB46F,
  0xB42E, 0x9B8B, 0x9BAC, 0xB44E, 0xBC4E, 0xBC6F, 0xBC6E, 0xB40D, 0xB40D, 0xABEC, 0xABED, 0xB40D,
  0xA3AB, 0xABCC, 0xA3AC, 0xB44E, 0xAC0D, 0x9B6B, 0xA3AC, 0x932A, 0x9B8B, 0xAC0D, 0x82E9, 0x72A8,
  0x7A88, 0x59A5, 0x4923, 0x4943, 0x6A07, 0x61E6, 0x61C5, 0x7A27, 0x8AA8, 0xA3CC, 0xA3CC, 0x82E9,
  0x9BAC, 0x4964, 0x4943, 0x8AC9, 0x7A67, 0x932A, 0x82E9, 0xAC0D, 0x8B2A, 0x7267, 0x8B09, 0x7A88,
  0x82C9, 0x61E5, 0x6A26, 0x5184, 0x7247, 0x6A26, 0x6A06, 0x7246, 0x6A26, 0x59C5, 0x4984, 0x30E2,
  0x30E3, 0x2082, 0x2081, 0x1881, 0x2081, 0x28C3, 0x28E3, 0x3103, 0x3124, 0x3944, 0x20C3, 0x20A2,
  0x20C2, 0x18A2, 0x18A2, 0x18A2, 0x2104, 0x20E3, 0x2904, 0x2904, 0x20E3, 0x2104, 0x20E3, 0x18A2,
  0x20E3, 0x18A2, 0x20E3, 0x2924, 0x2904, 0x2104, 0x20C3, 0x2904, 0x20E3, 0x1061, 0x1081, 0x1082,
  0x1061, 0x0861, 0x0861, 0x0861, 0x0861, 0x1061, 0x1081, 0x1081, 0x1061, 0x18C3, 0x10A2, 0x18A2,
  0x18C2, 0x1061, 0x1061, 0x1082, 0x10A2, 0x10A2, 0x1082, 0x20E3, 0x1082, 0x2124, 0x18C3, 0x1082,
  0x0862, 0x0841, 0x18E4, 0x18A3, 0x3166, 0x2945, 0x2945, 0x18E3, 0x18A2, 0x10A2, 0x10A2, 0x1082,
  0x1082, 0x0861, 0x0861, 0x1061, 0x0861, 0x0841, 0x1061, 0x18A2, 0x1061, 0x1081, 0x1061, 0x18A2,
  0x1082, 0x1082, 0x18A2, 0x1082, 0x1082, 0x0841, 0x1061, 0x18A2, 0x1882, 0x20C3, 0x20E3, 0x1082,
  0x1061, 0x1061, 0x0841, 0x0861, 0x10A2, 0x0861, 0x0841, 0x1882, 0x1082, 0x18A2, 0x20C2, 0x1081,
  0x1062, 0x1082, 0x1082, 0x18A2, 0x1082, 0x18C3, 0x20E3, 0x18C3, 0x18C3, 0x20C3, 0x2904, 0x2103,
  0x18C2, 0x18A2, 0x18A2, 0x20A2, 0x2904, 0x20E3, 0x20E3, 0x18A2, 0x2904, 0x20C2, 0x3145, 0x7BCF,
  0xAD76, 0xBDD8, 0xB5B7, 0xB5B7, 0xB5B7, 0xB5B7, 0xB5B7, 0xB5B7, 0xB5B7, 0xB5B7, 0xB5B7, 0xB5B7,
  0xB5B8, 0xB5B8, 0xB5B8, 0xB5B8, 0xB5B8, 0xB5B8, 0xB5B8, 0xB5B8, 0xB5B8, 0xAD97, 0xB5B8, 0xB5B8,
  0xB5B8, 0xB5B8, 0xB5B8, 0xB5B8, 0xB5B8, 0xB5B8, 0xB5B8, 0xB5B8, 0xB5B8, 0xB5B8, 0xB5B8, 0xB5B8,
  0xB5D8, 0xB5D8, 0xAD97, 0xB5B8, 0xBDD8, 0x8410, 0x49E7, 0x4165, 0x4164, 0x832A, 0xAC2E, 0xB44E,
  0xABCD, 0x936B, 0xAC2E, 0xBC8F, 0xBC4E, 0xC48F, 0xBC4E, 0xB42E, 0xABEC, 0xABEC, 0xB42E, 0xABCC,
  0xA3CC, 0xABEC, 0xB40D, 0xB42D, 0xB44E, 0x9B8B, 0xA3AC, 0x934A, 0x934A, 0xAC0D, 0x82E9, 0x7AA8,
  0x82E9, 0x69E6, 0x4944, 0x5144, 0x7267, 0x69E6, 0x69E5, 0x69C5, 0x8288, 0xA38C, 0x9B8C, 0x8B2A,
  0xA3CC, 0x6A27, 0x4102, 0x8AE9, 0x82A8, 0x8AE9, 0x8B09, 0xA3CC, 0xA3CC, 0x7A88, 0x82C8, 0x82E9,
  0x7AA8, 0x7AA8, 0x61E5, 0x59A5, 0x61E5, 0x7267, 0x6A06, 0x7A67, 0x7247, 0x61E6, 0x59C6, 0x3903,
  0x28C2, 0x28C2, 0x20A2, 0x20A2, 0x20A2, 0x20A2, 0x28C2, 0x28E3, 0x3944, 0x3945, 0x28E3, 0x20A2,
  0x18A2, 0x20C3, 0x20C3, 0x20C3, 0x20E3, 0x20E3, 0x18A2, 0x20C3, 0x20C3, 0x2104, 0x2904, 0x20E3,
  0x2104, 0x20C3, 0x1082, 0x20E3, 0x3165, 0x20E3, 0x18A2, 0x18C2, 0x2103, 0x2103, 0x18C3, 0x18A2,
  0x1081, 0x1061, 0x0861, 0x0861, 0x0861, 0x0861, 0x1081, 0x1081, 0x1061, 0x10A2, 0x18C3, 0x18A2,
  0x18C3, 0x18A2, 0x1061, 0x1082, 0x18A2, 0x18C3, 0x18A2, 0x18A2, 0x18C3, 0x10A2, 0x2124, 0x10A2,
  0x1082, 0x0841, 0x18A3, 0x18E3, 0x2125, 0x3186, 0x2124, 0x20E4, 0x10A2, 0x18E3, 0x1082, 0x10A2,
  0x1062, 0x1061, 0x1061, 0x0841, 0x0861, 0x0841, 0x0841, 0x18A2, 0x1081, 0x1081, 0x1061, 0x18A2,
  0x18A2, 0x1081, 0x18A2, 0x1062, 0x10A2, 0x0841, 0x0841, 0x1882, 0x18A2, 0x1882, 0x2924, 0x1082,
  0x1082, 0x0861, 0x0861, 0x0841, 0x1082, 0x1082, 0x0841, 0x1082, 0x18A2, 0x1882, 0x20E3, 0x1082,
  0x1062, 0x1082, 0x1061, 0x10A2, 0x18A2, 0x18A2, 0x20E3, 0x20E3, 0x18C3, 0x18A2, 0x2104, 0x2904,
  0x18A2, 0x18A2, 0x18A2, 0x18A2, 0x2903, 0x2903, 0x20C2, 0x20C2, 0x20C3, 0x20C3, 0x20C2, 0x5AAA,
  0x9CD3, 0xB597, 0xBDD8, 0xB5B7, 0xB5B7, 0xB5B7, 0xB5B7, 0xB5B7, 0xB5B7, 0xB5B7, 0xB5B7, 0xB5B7,
  0xB5B8, 0xB5B8, 0xB5B8, 0xB5B8, 0xB5B8, 0xB5B8, 0xB5B8, 0xB5B8, 0xB5B8, 0xB5B8, 0xB5B8, 0xB5B8,
  0xB5B8, 0xB5B8, 0xB5B8, 0xB5B8, 0xB5B8, 0xB5B8, 0xB5B8, 0xB5B8, 0xB5B8, 0xB5B8, 0xB5B8, 0xB5B8,
  0xB5B8, 0xB5B8, 0xAD97, 0xB5D8, 0xA515, 0x62AA, 0x49A6, 0x4985, 0x6226, 0xA3ED, 0xB46F, 0xB42E,
  0x9B8B, 0xA3CC, 0xBC8F, 0xBC6F, 0xBC8F, 0xC4AF, 0xAC0D, 0xB42E, 0xABCC, 0xAC0D, 0xB42E, 0xA3AC,
  0xAC0D, 0xB40D, 0xBC6F, 0xB40D, 0xBC4E, 0x9B6B, 0xA3CC, 0xA3AC, 0x934A, 0xB42E, 0x82A8, 0x82C9,
  0x932B, 0x7AA9, 0x5985, 0x4923, 0x82A8, 0x7226, 0x61A5, 0x7206, 0x7A47, 0xA3AC, 0x9BAC, 0x8B2A,
  0x9B8B, 0x830A, 0x40E2, 0x7A88, 0x8AC9, 0x8AC8, 0x9309, 0x936B, 0xAC2E, 0x936B, 0x7267, 0x936B,
  0x7AA8, 0x8B09, 0x7A67, 0x7A88, 0x5184, 0x7A67, 0x7246, 0x7246, 0x7A88, 0x6A26, 0x61E6, 0x4984,
  0x28C2, 0x20A2, 0x28C2, 0x28C2, 0x20A2, 0x28A2, 0x28C2, 0x28A2, 0x28E3, 0x3124, 0x3103, 0x28E3,
  0x20A2, 0x18A2, 0x18A2, 0x18C2, 0x20C3, 0x20E3, 0x18A3, 0x18A2, 0x18A2, 0x20E3, 0x20E3, 0x20C3,
  0x18A2, 0x20E3, 0x1882, 0x1082, 0x18A2, 0x2904, 0x2104, 0x18A2, 0x18A2, 0x20E3, 0x2103, 0x2104,
  0x18A2, 0x1061, 0x1061, 0x0861, 0x1061, 0x0841, 0x1082, 0x1061, 0x1081, 0x1081, 0x20E3, 0x18C3,
  0x18C3, 0x20E3, 0x1882, 0x1061, 0x1082, 0x18A2, 0x18C3, 0x1882, 0x18C3, 0x18A3, 0x20E3, 0x20E4,
  0x10A2, 0x0862, 0x0841, 0x18E3, 0x20E4, 0x31A7, 0x2925, 0x20E4, 0x10A2, 0x18E3, 0x1082, 0x1082,
  0x1062, 0x0861, 0x1061, 0x0841, 0x0861, 0x0821, 0x0841, 0x1882, 0x18A2, 0x1061, 0x0841, 0x1882,
  0x18A2, 0x1081, 0x1882, 0x1882, 0x1082, 0x1061, 0x1041, 0x1061, 0x18A2, 0x1882, 0x2104, 0x20E3,
  0x1082, 0x1061, 0x0861, 0x0841, 0x0841, 0x1082, 0x0841, 0x1082, 0x18A2, 0x1882, 0x20C2, 0x18A2,
  0x1061, 0x1082, 0x1882, 0x1082, 0x18A2, 0x1082, 0x18A2, 0x20E3, 0x18C3, 0x18C3, 0x20E3, 0x2924,
  0x20E3, 0x20A2, 0x18A2, 0x18A2, 0x20E3, 0x2903, 0x20C2, 0x20C2, 0x20A2, 0x20C2, 0x18A2, 0x3165,
  0x8C31, 0xA515, 0xB597, 0xB5B7, 0xB5B7, 0xB5B7, 0xB5B8, 0xB5B7, 0xB5B7, 0xB5B7, 0xB5B7, 0xB5B7,
  0xB5B8, 0xB5B8, 0xB5B8, 0xB5B8, 0xB5B8, 0xB5B8, 0xB5B8, 0xB5B8, 0xB5B8, 0xB5B8, 0xB5B8, 0xB5B8,
  0xB5B8, 0xB5B8, 0xB5B8, 0xB5B8, 0xB5B8, 0xB5B8, 0xB5B8, 0xB5B8, 0xB5B8, 0xB5B8, 0xB5B8, 0xB5B8,
  0xB5D8, 0xAD97, 0xB5B8, 0xAD77, 0x7B6E, 0x49E7, 0x4185, 0x49A5, 0x8B4A, 0xAC0D, 0xBC6F, 0xABCC,
  0x9BAC, 0xB44E, 0xC4AF, 0xBC6F, 0xC4D0, 0xBC6E, 0xB40D, 0xABEC, 0xA3AC, 0xBC6E, 0xB40D, 0xA3AC,
  0xBC4E, 0xB42D, 0xC48F, 0xABEC, 0xAC2D, 0xABED, 0xA3CC, 0xA3CC, 0x934A, 0xBC8F, 0x82C9, 0x8B0A,
  0x8AE9, 0x7AA9, 0x59C5, 0x5184, 0x82A9, 0x7247, 0x5964, 0x7206, 0x7226, 0x9B8B, 0x9B8B, 0x82E9,
  0x9B8B, 0x936B, 0x4143, 0x7247, 0x8AE9, 0x82A8, 0x8AC8, 0x934B, 0xAC2E, 0xA40D, 0x7267, 0x82C9,
  0x82E9, 0x82E9, 0x82A8, 0x82C9, 0x59C5, 0x6A26, 0x7247, 0x6A06, 0x7AA8, 0x7AA8, 0x7267, 0x59C5,
  0x3923, 0x28A2, 0x28A2, 0x28C2, 0x28C2, 0x28E2, 0x28C2, 0x28E3, 0x28C2, 0x3103, 0x3124, 0x28E3,
  0x20A2, 0x18A2, 0x20E3, 0x18C3, 0x18A2, 0x2904, 0x20E3, 0x18A2, 0x18A2, 0x18A2, 0x2904, 0x20E3,
  0x1882, 0x18A2, 0x18A2, 0x1061, 0x1061, 0x1082, 0x2104, 0x3145, 0x18A2, 0x18A2, 0x18A2, 0x18C2,
  0x2104, 0x18A2, 0x1081, 0x0861, 0x1061, 0x0841, 0x1082, 0x1061, 0x1082, 0x1061, 0x18C3, 0x2104,
  0x18C3, 0x2104, 0x18C3, 0x1062, 0x1082, 0x1082, 0x18A2, 0x18A2, 0x18A2, 0x18C3, 0x18C3, 0x2104,
  0x18C3, 0x1082, 0x0841, 0x1082, 0x20E4, 0x2965, 0x2965, 0x2124, 0x18A3, 0x18C3, 0x18C3, 0x1082,
  0x1082, 0x0841, 0x1062, 0x0861, 0x0861, 0x0841, 0x0841, 0x1082, 0x18C2, 0x1061, 0x0841, 0x1081,
  0x18A2, 0x18A2, 0x1081, 0x18A2, 0x1061, 0x1082, 0x0861, 0x0841, 0x18A2, 0x18A2, 0x18A2, 0x2944,
  0x1082, 0x1082, 0x0861, 0x0861, 0x0841, 0x1061, 0x1062, 0x1061, 0x1882, 0x18A2, 0x18A2, 0x18C2,
  0x1082, 0x1061, 0x1882, 0x1082, 0x18A2, 0x1882, 0x1882, 0x18C3, 0x20E3, 0x18C3, 0x18C3, 0x2924,
  0x2904, 0x20A2, 0x20C2, 0x18A2, 0x20C2, 0x28E3, 0x20E3, 0x18A2, 0x20C3, 0x20C3, 0x18A2, 0x2104,
  0x632D, 0xA4F4, 0xA535, 0xB597, 0xB5B7, 0xB5B8, 0xB5B7, 0xB5B7, 0xB5B7, 0xB5B7, 0xB5B7, 0xB5B7,
  0xB5B8, 0xB5B8, 0xB5B8, 0xB5B8, 0xB5B8, 0xB5B8, 0xB5B8, 0xB5B8, 0xB5B8, 0xB5B8, 0xB5B8, 0xB5B8,
  0xB5B8, 0xB5B8, 0xB5B8, 0xB5B8, 0xB5B8, 0xB5B8, 0xB5B8, 0xB5B8, 0xB5B8, 0xB5B8, 0xB5B8, 0xB5B8,
  0xB5B8, 0xAD97, 0xB5B8, 0x8C31, 0x5A49, 0x49A6, 0x4185, 0x6226, 0xABED, 0xAC0D, 0xB42E, 0xA3AC,
  0xAC0D, 0xBC6F, 0xC4AF, 0xBC8F, 0xC4AF, 0xB40D, 0xB40D, 0xA3AC, 0xB42E, 0xC48F, 0xA3AB, 0xB42E,
  0xBC4E, 0xB44E, 0xC48F, 0xA3CC, 0xBC8F, 0xB42E, 0xAC0D, 0xA3CC, 0x8B09, 0xBC8F, 0x930A, 0x8AE9,
  0x930A, 0x72A9, 0x4964, 0x5985, 0x82A9, 0x8AC9, 0x5964, 0x7206, 0x7A47, 0x9B4A, 0x9B6B, 0x8B0A,
  0x9BCC, 0xA3CD, 0x5184, 0x5164, 0x8AE9, 0x8287, 0x8287, 0x8B0A, 0xA3CD, 0xAC0E, 0x8B0A, 0x61E5,
  0x8B0A, 0x82E9, 0x8B09, 0x82C9, 0x7A88, 0x5184, 0x82A8, 0x7267, 0x7A88, 0x82A8, 0x7267, 0x6A27,
  0x4984, 0x30E2, 0x2081, 0x28C3, 0x28C2, 0x28E2, 0x30C2, 0x30E2, 0x28C2, 0x28C2, 0x3124, 0x28E3,
  0x20A2, 0x18A2, 0x18A2, 0x20C3, 0x20E3, 0x20C3, 0x2924, 0x2904, 0x20E3, 0x1082, 0x20E3, 0x2904,
  0x20C3, 0x1882, 0x18A2, 0x1882, 0x1882, 0x1082, 0x1081, 0x18C3, 0x2104, 0x18A2, 0x1061, 0x1082,
  0x20E3, 0x20E3, 0x18C2, 0x1081, 0x0861, 0x0861, 0x1061, 0x1061, 0x1081, 0x10A2, 0x1081, 0x2924,
  0x20E3, 0x20E3, 0x20E4, 0x1082, 0x1082, 0x1082, 0x1082, 0x18A2, 0x1882, 0x18C3, 0x18C3, 0x18E3,
  0x2104, 0x1082, 0x1082, 0x0841, 0x20E4, 0x2945, 0x2965, 0x2965, 0x20E4, 0x18C3, 0x18C3, 0x10A2,
  0x1062, 0x0861, 0x1062, 0x1061, 0x0861, 0x0841, 0x0841, 0x1061, 0x18A2, 0x1082, 0x0861, 0x1061,
  0x18A2, 0x18A2, 0x1081, 0x18A2, 0x1061, 0x1082, 0x1061, 0x0841, 0x10A2, 0x20C3, 0x1082, 0x2924,
  0x20E3, 0x10A2, 0x0861, 0x0861, 0x0841, 0x0861, 0x1082, 0x1061, 0x1082, 0x18A2, 0x18A2, 0x18A2,
  0x18A2, 0x1061, 0x1082, 0x1082, 0x10A2, 0x18A2, 0x1082, 0x18A2, 0x20E3, 0x18C2, 0x18C3, 0x2104,
  0x2924, 0x20A2, 0x20C2, 0x18A2, 0x18A2, 0x20E3, 0x20E3, 0x18A2, 0x20C2, 0x20E3, 0x20E3, 0x18C2,
  0x5249, 0x8C72, 0xA535, 0xAD56, 0xB5B7, 0xB5B7, 0xB5B7, 0xB5B8, 0xB5B7, 0xB5B7, 0xB5B7, 0xB5B7,
  0xB5B8, 0xB5B8, 0xB5B8, 0xB5B8, 0xB5B8, 0xB5B8, 0xB5B8, 0xB5B8, 0xB5B8, 0xB5B8, 0xB5B8, 0xB5B8,
  0xB5B8, 0xB5B8, 0xB5B8, 0xB5B8, 0xB5B8, 0xB5B8, 0xB5B8, 0xB5B8, 0xB5B8, 0xB5B8, 0xB5B8, 0xB5B8,
  0xB5B8, 0xAD77, 0xA515, 0x6ACB, 0x51E7, 0x49C6, 0x4144, 0x7AC9, 0xB44E, 0xB42E, 0xAC0D, 0xA3ED,
  0xAC2E, 0xBC8F, 0xBCAF, 0xC4AF, 0xC48F, 0xA3CC, 0xABED, 0xB42D, 0xBC8F, 0xBC4E, 0x9B8B, 0xBC6F,
  0xBC6E, 0xBC6E, 0xBC6E, 0xAC2D, 0xB44E, 0xB44E, 0xBC8F, 0xA3CC, 0x82E9, 0xBC8F, 0xA36B, 0x7A88,
  0x934A, 0x82EA, 0x5185, 0x5164, 0x7248, 0x932B, 0x69E6, 0x69E6, 0x7226, 0x8AE9, 0x9B6B, 0x930A,
  0x9B8C, 0xA3ED, 0x6A47, 0x4902, 0x7A67, 0x82A8, 0x8288, 0x8AE9, 0x9B8B, 0xAC2E, 0xA3ED, 0x6206,
  0x934A, 0x82A8, 0x9B8B, 0x7AA8, 0x8B09, 0x59A4, 0x7A67, 0x82C9, 0x7A67, 0x82A8, 0x7A88, 0x7AA8,
  0x6206, 0x3923, 0x28A2, 0x20A1, 0x3103, 0x28C2, 0x30E3, 0x30E3, 0x30E3, 0x28C2, 0x3924, 0x3103,
  0x20C2, 0x18A2, 0x20C2, 0x18A2, 0x10A2, 0x10A2, 0x18A2, 0x2924, 0x2924, 0x18A2, 0x18A2, 0x20E3,
  0x2904, 0x1882, 0x18A2, 0x1061, 0x1881, 0x1081, 0x1081, 0x1061, 0x18A2, 0x20C3, 0x18C3, 0x1082,
  0x1082, 0x20C3, 0x18A2, 0x18C2, 0x10A2, 0x1081, 0x1061, 0x1082, 0x0861, 0x10A2, 0x1061, 0x2104,
  0x2924, 0x20E3, 0x20E4, 0x18C3, 0x1061, 0x1082, 0x1082, 0x10A2, 0x18C3, 0x18A2, 0x20E3, 0x18C3,
  0x2104, 0x18C3, 0x1082, 0x0862, 0x18C3, 0x2965, 0x2945, 0x2965, 0x2124, 0x20E3, 0x18A3, 0x10A2,
  0x1082, 0x0841, 0x1082, 0x1062, 0x0861, 0x0841, 0x0841, 0x1061, 0x18C2, 0x10A2, 0x1061, 0x1061,
  0x18A2, 0x18C2, 0x1081, 0x18A2, 0x1082, 0x1062, 0x1062, 0x1061, 0x1061, 0x20E3, 0x10A2, 0x18C2,
  0x2944, 0x18A2, 0x0861, 0x1062, 0x0841, 0x0861, 0x1082, 0x0861, 0x1082, 0x1082, 0x1881, 0x18A2,
  0x18A2, 0x1061, 0x1061, 0x1082, 0x1082, 0x18A3, 0x1082, 0x18A2, 0x18C3, 0x18C3, 0x18A3, 0x20C3,
  0x2924, 0x20E3, 0x20C2, 0x18A2, 0x18A2, 0x18A2, 0x20C2, 0x20A2, 0x18A2, 0x20A2, 0x2103, 0x18A2,
  0x3145, 0x738E, 0x9CF4, 0xA555, 0xAD76, 0xB5B7, 0xB5B7, 0xB5B7, 0xB5B7, 0xB5B7, 0xB5B7, 0xB5B7,
  0xB5B8, 0xB5B8, 0xB5B8, 0xB5B8, 0xB5B8, 0xB5B8, 0xB5B8, 0xB5B8, 0xB5B8, 0xB5B8, 0xB5B8, 0xB5B8,
  0xB5B8, 0xB5B8, 0xB5B8, 0xB5B8, 0xB5B8, 0xB5B8, 0xB5B8, 0xB5B8, 0xB5B8, 0xB5B8, 0xB5B8, 0xB5D8,
  0xADB8, 0xB597, 0x83F0, 0x5208, 0x49C6, 0x49A6, 0x51A5, 0xA3CC, 0xB46F, 0xB44E, 0xA3CD, 0xAC0D,
  0xB46F, 0xBCAF, 0xC4AF, 0xC4CF, 0xAC0D, 0xA3CC, 0xB42E, 0xBC6E, 0xBC8F, 0xA3CC, 0xAC0D, 0xC4AF,
  0xC4B0, 0xB44E, 0xB42E, 0xBC6F, 0xAC2E, 0xC4B0, 0xC4B0, 0xB42E, 0x8B0A, 0xB46F, 0xA38B, 0x7A88,
  0x9B4B, 0x82C9, 0x6206, 0x5185, 0x61C6, 0x930A, 0x7A68, 0x69C6, 0x7206, 0x8288, 0x9B4B, 0x8AE9,
  0x9B6B, 0xA3CC, 0x8B0A, 0x4902, 0x61A5, 0x8AA8, 0x8287, 0x8AE9, 0x934A, 0xABED, 0xB44E, 0x8B2A,
  0x7267, 0x9B4A, 0x8B2A, 0x9B4B, 0x8AE9, 0x7A87, 0x6A26, 0x8AE9, 0x8288, 0x8288, 0x82C8, 0x7A87,
  0x7AA8, 0x51A5, 0x30E3, 0x20A1, 0x30E2, 0x3103, 0x30E2, 0x30E3, 0x3103, 0x30E3, 0x30E3, 0x3103,
  0x28C3, 0x20A2, 0x20C3, 0x20C3, 0x1882, 0x18A2, 0x1082, 0x20C3, 0x2104, 0x2104, 0x20C3, 0x20E3,
  0x20E3, 0x20E3, 0x18A2, 0x1881, 0x1081, 0x1081, 0x1082, 0x1082, 0x18A2, 0x18A2, 0x18A2, 0x20E3,
  0x18A2, 0x1082, 0x1082, 0x1081, 0x10A2, 0x1082, 0x1081, 0x18C2, 0x1082, 0x1082, 0x1082, 0x1062,
  0x2924, 0x20E3, 0x2104, 0x2925, 0x1082, 0x1062, 0x1082, 0x1082, 0x18C3, 0x18C3, 0x18C3, 0x10A2,
  0x2104, 0x2104, 0x10A2, 0x10A3, 0x0862, 0x2945, 0x2925, 0x2925, 0x2925, 0x2104, 0x18C3, 0x1082,
  0x1082, 0x1061, 0x1061, 0x1082, 0x1061, 0x0861, 0x0821, 0x1061, 0x18A2, 0x10A2, 0x1061, 0x1061,
  0x1882, 0x20C3, 0x1082, 0x1082, 0x1882, 0x1882, 0x1082, 0x1082, 0x0841, 0x18C2, 0x18C2, 0x1061,
  0x2944, 0x2103, 0x1081, 0x1061, 0x0841, 0x0861, 0x1082, 0x0861, 0x1081, 0x18A2, 0x18A2, 0x18A2,
  0x18A2, 0x1082, 0x1061, 0x1082, 0x1082, 0x18A3, 0x10A2, 0x1082, 0x18A2, 0x20E3, 0x18A2, 0x18A3,
  0x2103, 0x2903, 0x20C2, 0x18A2, 0x18A2, 0x18A2, 0x18A2, 0x18A2, 0x20A2, 0x1882, 0x2103, 0x20E3,
  0x18C2, 0x4A28, 0x8431, 0xAD55, 0xAD56, 0xB597, 0xB5B8, 0xB5B7, 0xB5B7, 0xB5B7, 0xB5B7, 0xB5B7,
  0xB5B8, 0xB5B8, 0xB5B8, 0xB5B8, 0xB5B8, 0xB5B8, 0xB5B8, 0xB5B8, 0xB5B8, 0xB5B8, 0xB5B8, 0xB5B8,
  0xB5B8, 0xB5B8, 0xB5B8, 0xB5B8, 0xB5B8, 0xB5B8, 0xB5B8, 0xB5B8, 0xB5B8, 0xB5B8, 0xB5B8, 0xB5D8,
  0xB5B8, 0x9CB3, 0x5A8A, 0x49E7, 0x49A6, 0x3944, 0x7288, 0xB44E, 0xBC6F, 0xB44E, 0xA3AC, 0xAC2E,
  0xBC8F, 0xC4D0, 0xBC8F, 0xBC6E, 0xABED, 0xAC2D, 0xB44E, 0xBC6F, 0xBC6E, 0xA3CC, 0xBC8F, 0xC4D0,
  0xC4AF, 0xB44E, 0xBC6E, 0xBC6E, 0xB44E, 0xC4F1, 0xBCB0, 0xBCAF, 0xA3AC, 0xABED, 0x9BAC, 0x7288,
  0x9B4B, 0x8B0A, 0x82C9, 0x59A5, 0x61C5, 0x8AEA, 0x82A8, 0x7206, 0x69E6, 0x7A88, 0x932B, 0x8B09,
  0x934A, 0x9BAC, 0x8B0A, 0x61E6, 0x5123, 0x7226, 0x8AC8, 0x82A8, 0x9B6B, 0x9BAC, 0xB46F, 0xABED,
  0x6A26, 0xA3AC, 0x932A, 0x9B6B, 0x8AC9, 0x9309, 0x7226, 0x8AC8, 0x8B09, 0x82A8, 0x8288, 0x82A8,
  0x82A8, 0x7267, 0x4144, 0x30E2, 0x30E2, 0x3103, 0x30E3, 0x30E3, 0x3103, 0x3103, 0x3103, 0x3103,
  0x3103, 0x20C2, 0x20A2, 0x2904, 0x20C3, 0x18A2, 0x18A2, 0x1082, 0x20C3, 0x20E3, 0x20E3, 0x20C3,
  0x20E3, 0x2924, 0x18A2, 0x18A2, 0x1081, 0x1081, 0x1081, 0x1082, 0x1882, 0x18A2, 0x18A2, 0x1081,
  0x18C2, 0x20E3, 0x1882, 0x1882, 0x18A2, 0x10A2, 0x1081, 0x1082, 0x10A2, 0x18C2, 0x1082, 0x1082,
  0x18C3, 0x2104, 0x2924, 0x2945, 0x20E3, 0x1082, 0x1082, 0x1082, 0x18A3, 0x18C3, 0x18E3, 0x18C3,
  0x10A2, 0x2104, 0x18C3, 0x18C3, 0x1082, 0x18E3, 0x2965, 0x18E3, 0x2104, 0x20E4, 0x20E4, 0x1062,
  0x10A2, 0x1082, 0x1061, 0x1082, 0x1082, 0x0861, 0x0821, 0x1061, 0x18A2, 0x18A2, 0x1061, 0x1061,
  0x1082, 0x18C2, 0x18A2, 0x1061, 0x1062, 0x18A2, 0x1082, 0x1082, 0x0841, 0x1082, 0x18C3, 0x1061,
  0x20E3, 0x3145, 0x18A2, 0x1061, 0x0841, 0x0841, 0x0861, 0x1061, 0x1061, 0x1882, 0x18A2, 0x18A2,
  0x18A2, 0x18A2, 0x1061, 0x1061, 0x1082, 0x10A2, 0x18A3, 0x1082, 0x1082, 0x18C3, 0x18C2, 0x18A2,
  0x20C3, 0x2924, 0x20E3, 0x20A2, 0x18A2, 0x18C2, 0x18A2, 0x18A2, 0x18A2, 0x18A2, 0x20C2, 0x2903,
  0x18A2, 0x3186, 0x73AF, 0xA515, 0xAD56, 0xAD56, 0xB5B7, 0xB5B7, 0xB5B7, 0xB5B7, 0xB5B7, 0xB5B7,
  0xB5B8, 0xB5B8, 0xB5B8, 0xB5B8, 0xB5B8, 0xB5B8, 0xB5B8, 0xB5B8, 0xB5B8, 0xB5B8, 0xB5B8, 0xB5B8,
  0xB5B8, 0xB5B8, 0xB5B8, 0xB5B8, 0xB5B8, 0xB5B8, 0xB5B8, 0xB5B8, 0xB5B8, 0xB5D8, 0xB5D8, 0xB5D8,
  0xAD76, 0x62EB, 0x5208, 0x49C6, 0x4185, 0x4143, 0x936B, 0xB44E, 0xBC6F, 0xB42E, 0xA3CC, 0xAC0D,
  0xBCAF, 0xBC8F, 0xBC8F, 0xBC6E, 0xA3EC, 0xB42E, 0xBC6F, 0xBC6E, 0xB40D, 0xAC0D, 0xC4B0, 0xC4D0,
  0xC4D0, 0xBC8F, 0xB46E, 0xB44E, 0xB46F, 0xCD11, 0xBCAF, 0xBCAF, 0xB44E, 0x9B6B, 0x9BAC, 0x7267,
  0x934B, 0x8AEA, 0x8AC9, 0x59A5, 0x59C5, 0x82C9, 0x82A8, 0x7A67, 0x69E6, 0x8288, 0x8B09, 0x9B2A,
  0x932A, 0x9B8C, 0x934B, 0x82A9, 0x5143, 0x69C5, 0x82A8, 0x8AC9, 0x932A, 0x9B8C, 0xB42E, 0xAC2E,
  0x932A, 0x82C8, 0xA3CC, 0x934A, 0x9B4A, 0x8AC9, 0x82A8, 0x8287, 0x9309, 0x8AE9, 0x82C8, 0x8AC8,
  0x7AA8, 0x82A8, 0x59E6, 0x4144, 0x28C2, 0x3903, 0x3103, 0x3103, 0x3923, 0x3903, 0x3103, 0x3924,
  0x3103, 0x2903, 0x20C3, 0x28E3, 0x20E3, 0x20E3, 0x18A3, 0x18A2, 0x1882, 0x18A3, 0x18A3, 0x20C3,
  0x18C3, 0x2904, 0x2103, 0x18A1, 0x1881, 0x1081, 0x1081, 0x18A2, 0x1082, 0x1082, 0x20E3, 0x18C2,
  0x1061, 0x18A2, 0x18C3, 0x1081, 0x18A2, 0x18A2, 0x1081, 0x1081, 0x0861, 0x1081, 0x1082, 0x18A2,
  0x1082, 0x2104, 0x20E3, 0x2104, 0x2945, 0x1082, 0x1082, 0x1082, 0x18A2, 0x18C3, 0x18E3, 0x2104,
  0x18C3, 0x18E3, 0x18E3, 0x10A3, 0x10A3, 0x1082, 0x2925, 0x2104, 0x2104, 0x18E3, 0x2124, 0x18A3,
  0x1082, 0x1082, 0x1082, 0x1082, 0x1082, 0x0861, 0x0841, 0x1082, 0x18A2, 0x20C3, 0x1061, 0x1081,
  0x1082, 0x10A2, 0x20C3, 0x1082, 0x1082, 0x1082, 0x18A2, 0x1082, 0x1061, 0x1061, 0x2104, 0x1082,
  0x10A2, 0x3165, 0x2924, 0x1062, 0x0841, 0x0841, 0x0861, 0x1082, 0x0861, 0x1081, 0x18A2, 0x18A2,
  0x18A2, 0x18A2, 0x1082, 0x1061, 0x1082, 0x1082, 0x18A2, 0x1082, 0x1082, 0x18A2, 0x20E3, 0x18A2,
  0x18A2, 0x2103, 0x2903, 0x20C3, 0x18A2, 0x20C2, 0x18A2, 0x18A2, 0x18A2, 0x20C2, 0x1882, 0x2903,
  0x18A2, 0x2904, 0x5ACB, 0x9CD3, 0xAD56, 0xAD56, 0xB597, 0xB5B7, 0xB5B7, 0xB5B7, 0xB5B7, 0xB5B7,
  0xB5B8, 0xB5B8, 0xB5B8, 0xB5B8, 0xB5B8, 0xB5B8, 0xB5B8, 0xB5B8, 0xB5B8, 0xB5B8, 0xB5B8, 0xB5B8,
  0xB5B8, 0xB5B8, 0xB5B8, 0xB5B8, 0xB5B8, 0xB5B8, 0xB5D8, 0xB5D8, 0xB5D8, 0xB5D8, 0xB5D8, 0xB5D8,
  0x8C51, 0x5228, 0x5207, 0x49A6, 0x3945, 0x51C5, 0xAC0D, 0xB46F, 0xBC8F, 0xAC0E, 0xAC2E, 0xAC2E,
  0xB44E, 0xC4D0, 0xC4D0, 0xAC0D, 0xA3ED, 0xB46E, 0xC48F, 0xB42E, 0xAC2D, 0xB46E, 0xC4D0, 0xBCAF,
  0xC4D0, 0xBC8F, 0xBC6E, 0xBC8F, 0xC4F0, 0xC4D0, 0xC4B0, 0xBC8F, 0xB46F, 0xAC0D, 0x9B4B, 0x7A68,
  0x934B, 0x8AC9, 0x932B, 0x6A47, 0x5985, 0x82A8, 0x82A9, 0x82A8, 0x7A47, 0x7A67, 0x82A8, 0x92E9,
  0x934A, 0x9B8B, 0x9B6B, 0x8B0A, 0x7AA8, 0x5964, 0x7226, 0x8AE9, 0x8B09, 0xA3AC, 0xA3CC, 0xB44F,
  0xABED, 0x7A87, 0xA38C, 0x9B8B, 0xA3AC, 0x8AE9, 0x8B09, 0x82A8, 0x8AC8, 0x9309, 0x932A, 0x82C8,
  0x8AE9, 0x82C9, 0x7247, 0x59C5, 0x4123, 0x30E2, 0x4124, 0x30E3, 0x3924, 0x3924, 0x30E3, 0x3903,
  0x3944, 0x3103, 0x28E3, 0x28E3, 0x20E3, 0x20A2, 0x2904, 0x20C3, 0x18C3, 0x1882, 0x18A2, 0x18A2,
  0x18A2, 0x18C3, 0x2103, 0x18A2, 0x1081, 0x1081, 0x1061, 0x1082, 0x10A2, 0x1082, 0x18A2, 0x18C3,
  0x1082, 0x1061, 0x1081, 0x1082, 0x1081, 0x18A2, 0x1082, 0x0861, 0x0861, 0x0841, 0x0861, 0x1041,
  0x10A2, 0x18C3, 0x2104, 0x2124, 0x2925, 0x20E3, 0x1082, 0x1082, 0x10A2, 0x18E3, 0x18A3, 0x2924,
  0x2124, 0x18C3, 0x2104, 0x18C3, 0x10A2, 0x1082, 0x18C3, 0x2924, 0x2104, 0x2104, 0x18E3, 0x2104,
  0x1082, 0x1082, 0x1082, 0x10A2, 0x1082, 0x0861, 0x0841, 0x1082, 0x1082, 0x20E3, 0x1082, 0x1082,
  0x1082, 0x10A2, 0x20E3, 0x18A3, 0x1082, 0x0861, 0x18C3, 0x10A2, 0x1082, 0x0841, 0x2924, 0x18A2,
  0x1082, 0x2124, 0x3165, 0x10A2, 0x0861, 0x0841, 0x0841, 0x1082, 0x0861, 0x1061, 0x18A2, 0x18A2,
  0x18A2, 0x18A2, 0x1882, 0x1061, 0x1061, 0x1082, 0x10A2, 0x10A2, 0x1082, 0x1882, 0x20C3, 0x18A2,
  0x18A2, 0x20E3, 0x2903, 0x20E3, 0x20A2, 0x18A2, 0x20A2, 0x18A2, 0x18A2, 0x20C2, 0x1882, 0x20E3,
  0x20E3, 0x18C2, 0x41E8, 0x8C31, 0xA535, 0xAD56, 0xAD76, 0xB5B7, 0xB5B7, 0xB5B7, 0xB597, 0xB597,
  0xB5B8, 0xB5B8, 0xB5B8, 0xB5B8, 0xB5B8, 0xB5B8, 0xB5B8, 0xB5B8, 0xB5B8, 0xB5B8, 0xB5B8, 0xB5B8,
  0xB5B8, 0xB5B8, 0xB5B8, 0xB5B8, 0xB5B8, 0xB5B8, 0xB5D8, 0xB5D8, 0xB5D8, 0xB5D8, 0xBDD9, 0xA535,
  0x6B2D, 0x49E7, 0x5A28, 0x41A5, 0x3103, 0x7288, 0xB44E, 0xBC8F, 0xB44E, 0xA3CC, 0xAC0D, 0xBC6F,
  0xBCB0, 0xCCF0, 0xC48F, 0xA3CC, 0xB44E, 0xBC8F, 0xBC8F, 0xB44E, 0xBC6E, 0xC4AF, 0xC4AF, 0xC4D0,
  0xC4D0, 0xBC8F, 0xB44E, 0xBCD0, 0xCD31, 0xBCB0, 0xC4D0, 0xBCAF, 0xB48F, 0xBC8F, 0x936B, 0x7A88,
  0x934B, 0x932B, 0x932A, 0x8B2A, 0x59C5, 0x7A88, 0x8AE9, 0x8AE9, 0x8288, 0x7A67, 0x82A8, 0x8AC9,
  0x932A, 0xA38C, 0x934A, 0x932A, 0xA3AC, 0x61C5, 0x6A06, 0x82A8, 0x932A, 0x9B6B, 0xABED, 0xAC0D,
  0xB42E, 0x9B6B, 0x82E9, 0xABED, 0xA3AC, 0xA3AC, 0x8B09, 0x8AC8, 0x82A8, 0x9B4A, 0x9B4A, 0x8AE9,
  0x8AC8, 0x8B09, 0x82C8, 0x6A06, 0x61E6, 0x3923, 0x3903, 0x3923, 0x3903, 0x4144, 0x3923, 0x3103,
  0x3944, 0x3944, 0x3103, 0x28E3, 0x28E3, 0x20A2, 0x20A3, 0x2924, 0x20E3, 0x20C3, 0x20C3, 0x18A3,
  0x18A2, 0x20C3, 0x20C3, 0x20E3, 0x18A2, 0x1081, 0x1081, 0x1061, 0x18A2, 0x18A2, 0x1082, 0x18C2,
  0x18A2, 0x1082, 0x1082, 0x1061, 0x1061, 0x18A2, 0x1082, 0x18A2, 0x1061, 0x0861, 0x1081, 0x0841,
  0x0861, 0x1082, 0x2104, 0x2104, 0x3165, 0x2924, 0x10A2, 0x1082, 0x1082, 0x10A2, 0x1082, 0x20E3,
  0x2945, 0x2104, 0x18E4, 0x1904, 0x10A2, 0x1082, 0x18A3, 0x2925, 0x2104, 0x20E3, 0x18C3, 0x2124,
  0x18C3, 0x1082, 0x1062, 0x10A2, 0x1082, 0x1061, 0x0841, 0x1061, 0x1041, 0x20E3, 0x18A2, 0x1062,
  0x1082, 0x18A2, 0x20C3, 0x18C3, 0x10A2, 0x0841, 0x18A3, 0x18C3, 0x18C3, 0x0841, 0x20E3, 0x18E3,
  0x0861, 0x18C3, 0x2944, 0x20E3, 0x1061, 0x0841, 0x0841, 0x1061, 0x1081, 0x1061, 0x1882, 0x18A2,
  0x18A2, 0x18A2, 0x1082, 0x1882, 0x0841, 0x1061, 0x10A2, 0x10A2, 0x1082, 0x18A2, 0x18A2, 0x18C3,
  0x18A2, 0x20C3, 0x2903, 0x20C2, 0x20C3, 0x18A2, 0x20A2, 0x20C2, 0x18A2, 0x18A2, 0x18A2, 0x18A2,
  0x2904, 0x18A2, 0x3165, 0x73AF, 0x9CF4, 0xAD56, 0xA536, 0xB597, 0xB597, 0xB597, 0xB597, 0xB597,
  0xB5B8, 0xB5B8, 0xB5B8, 0xB5B8, 0xB5B8, 0xB5B8, 0xB5B8, 0xB5B8, 0xB5B8, 0xB5B8, 0xB5B8, 0xB5B8,
  0xB5B8, 0xB5B8, 0xB5B8, 0xB5B8, 0xB5B8, 0xB5D8, 0xB5D8, 0xB5D8, 0xB5D8, 0xB5D8, 0xB5D8, 0x9493,
  0x5A6A, 0x49E7, 0x49C6, 0x3965, 0x30E2, 0x934B, 0xB44E, 0xBC8F, 0xAC0D, 0xA3CC, 0xB44E, 0xC4D0,
  0xC4F0, 0xC4F0, 0xB42E, 0xA3CC, 0xB44E, 0xC4B0, 0xB44E, 0xBC6E, 0xBC6E, 0xC4AF, 0xC4D0, 0xC4F0,
  0xC4D0, 0xBC6F, 0xBC8F, 0xC4F1, 0xD572, 0xC4D0, 0xBCB0, 0xC4B0, 0xBCAF, 0xBCD0, 0xA3ED, 0x7AA9,
  0x82E9, 0xA3AC, 0x8B2A, 0xA3AC, 0x6A27, 0x6A06, 0x8AE9, 0x930A, 0x8AE9, 0x82A8, 0x82A8, 0x82A8,
  0x930A, 0xA38C, 0x932A, 0x932A, 0x9B8C, 0x8AC9, 0x61A4, 0x82A8, 0x8AC9, 0x934A, 0xA3AC, 0xA3CD,
  0xAC0D, 0xABED, 0x934A, 0xABED, 0xA3CC, 0xABEC, 0x934A, 0x8B09, 0x8AE9, 0x9309, 0x932A, 0x9329,
  0x9329, 0x8AE8, 0x9309, 0x7267, 0x7246, 0x59C5, 0x4964, 0x4144, 0x4123, 0x4144, 0x4144, 0x3903,
  0x3924, 0x4144, 0x3103, 0x3103, 0x28E3, 0x28E3, 0x18A2, 0x20E3, 0x2904, 0x2104, 0x20E3, 0x20E3,
  0x18A2, 0x20C3, 0x20E3, 0x20E3, 0x18A2, 0x1882, 0x1882, 0x1081, 0x18A2, 0x18A2, 0x18A2, 0x18A2,
  0x18C2, 0x18A2, 0x1082, 0x1082, 0x1041, 0x1082, 0x1061, 0x1081, 0x10A2, 0x0861, 0x0861, 0x1061,
  0x0841, 0x1062, 0x18C3, 0x2924, 0x2124, 0x2945, 0x2124, 0x1082, 0x1082, 0x1082, 0x18A3, 0x10A2,
  0x2104, 0x2945, 0x2104, 0x18E4, 0x18E3, 0x1062, 0x18C3, 0x2124, 0x2104, 0x18C3, 0x18C3, 0x18E3,
  0x20E4, 0x1082, 0x1082, 0x1082, 0x1082, 0x1061, 0x0841, 0x1062, 0x0841, 0x18C3, 0x18A3, 0x1082,
  0x1082, 0x18C2, 0x18C3, 0x18C3, 0x18C3, 0x0861, 0x0861, 0x2104, 0x20E3, 0x0861, 0x1882, 0x2124,
  0x0841, 0x1082, 0x20E3, 0x2924, 0x1082, 0x0861, 0x0841, 0x0861, 0x1082, 0x0841, 0x1882, 0x18A2,
  0x20A2, 0x18A2, 0x1882, 0x18A2, 0x1082, 0x0861, 0x1082, 0x10A2, 0x1082, 0x10A2, 0x18A2, 0x18C3,
  0x18A2, 0x18A3, 0x20E3, 0x20C2, 0x20E3, 0x18A2, 0x20A2, 0x20C3, 0x18A2, 0x1881, 0x18C2, 0x1882,
  0x2904, 0x20E2, 0x20E3, 0x630C, 0x8C72, 0xAD56, 0xA535, 0xB597, 0xB597, 0xAD76, 0xAD76, 0xAD77,
  0xB5B8, 0xB5B8, 0xB5B8, 0xB5B8, 0xB5B8, 0xB5B8, 0xB5B8, 0xB5B8, 0xB5B8, 0xB5B8, 0xB5B8, 0xB5B8,
  0xB5B8, 0xB5B8, 0xB5B8, 0xB5D8, 0xB5D8, 0xB5D8, 0xB5D8, 0xB5D8, 0xB5D8, 0xBDD8, 0xA556, 0x7BF0,
  0x4A08, 0x51E7, 0x49A6, 0x2924, 0x4144, 0xA3CC, 0xB44E, 0xBC8F, 0xB42E, 0xAC2D, 0xB46F, 0xC4AF,
  0xC4F0, 0xC4D0, 0xAC0D, 0xB42E, 0xBC6F, 0xC4D0, 0xB44E, 0xBC6E, 0xB44E, 0xC4B0, 0xC4D0, 0xC4D0,
  0xC4D0, 0xB46F, 0xBC8F, 0xC511, 0xCD72, 0xCD31, 0xBC8F, 0xC4F1, 0xBCB0, 0xC4F1, 0xBC8F, 0x7A88,
  0x82E9, 0x9B8C, 0x8B2A, 0xA3AC, 0x8AC9, 0x61A5, 0x8AE9, 0x932A, 0x8B09, 0x932A, 0x82A8, 0x8288,
  0x82C9, 0x9B4B, 0x934A, 0x932A, 0x9B6B, 0x9B6B, 0x7A67, 0x6A06, 0x932A, 0x8AE9, 0x934A, 0xA3AC,
  0xA3CC, 0xA3CD, 0xA3AC, 0x936B, 0xB42D, 0xA3AB, 0xA3AB, 0x932A, 0x9B4A, 0x92E9, 0x932A, 0x934A,
  0x9B4A, 0x9329, 0x8AE9, 0x8AE9, 0x6A26, 0x7267, 0x59C5, 0x4964, 0x4144, 0x4124, 0x4144, 0x4144,
  0x3903, 0x4144, 0x3924, 0x3903, 0x3944, 0x2903, 0x20E3, 0x1882, 0x2904, 0x2924, 0x20E3, 0x20E3,
  0x20C3, 0x20C3, 0x2904, 0x2104, 0x18A2, 0x1882, 0x18A2, 0x18A2, 0x1882, 0x18A2, 0x18C2, 0x10A2,
  0x18C3, 0x18A2, 0x18A2, 0x1061, 0x0841, 0x1061, 0x1061, 0x0841, 0x1061, 0x1081, 0x0861, 0x1082,
  0x0841, 0x1061, 0x1082, 0x2104, 0x2104, 0x2104, 0x2965, 0x18C3, 0x1062, 0x1061, 0x1082, 0x10A2,
  0x18C3, 0x2124, 0x2104, 0x18E3, 0x18C3, 0x1082, 0x10A2, 0x2124, 0x2124, 0x18A2, 0x18A3, 0x18C3,
  0x18E3, 0x10A2, 0x1082, 0x1082, 0x1082, 0x0861, 0x0841, 0x1061, 0x0861, 0x18A2, 0x18C3, 0x1082,
  0x1082, 0x18C2, 0x18C3, 0x18A2, 0x18C3, 0x1082, 0x0020, 0x10A2, 0x2104, 0x1082, 0x1061, 0x2924,
  0x18A2, 0x1061, 0x18A2, 0x2924, 0x20E3, 0x1061, 0x0841, 0x0841, 0x1082, 0x0841, 0x1082, 0x18A2,
  0x18A2, 0x20C2, 0x18A2, 0x1882, 0x10A2, 0x0841, 0x1061, 0x1082, 0x10A2, 0x1082, 0x18A2, 0x20C3,
  0x18A2, 0x18A2, 0x20E3, 0x20A2, 0x20C2, 0x20C3, 0x18A2, 0x20A2, 0x18A2, 0x18A2, 0x18A2, 0x18A2,
  0x20C3, 0x2903, 0x18A2, 0x4208, 0x7BCF, 0xA535, 0xA515, 0xAD76, 0xAD76, 0xAD76, 0xAD76, 0xAD76,
  0xB5B8, 0xB5B8, 0xB5B8, 0xB5B8, 0xB5B8, 0xB5B8, 0xB5B8, 0xB5B8, 0xB5B8, 0xB5B8, 0xB5B8, 0xB5B8,
  0xB5B8, 0xB5B8, 0xB5B8, 0xB5D8, 0xB5D8, 0xB5D8, 0xB5D8, 0xB5D8, 0xB5D8, 0xAD77, 0x9CD4, 0x62EC,
  0x5228, 0x49C6, 0x49E7, 0x18A1, 0x59E6, 0xAC2D, 0xB46F, 0xBC6F, 0xAC2D, 0xB44E, 0xBCAF, 0xC4D0,
  0xC4F0, 0xBC8F, 0xAC2D, 0xBC6E, 0xBC8F, 0xC4AF, 0xB42E, 0xB42E, 0xBC8F, 0xC4D0, 0xC4D0, 0xBCAF,
  0xC511, 0xB46F, 0xBCB0, 0xCD11, 0xD573, 0xCD32, 0xBCB0, 0xC511, 0xBCB0, 0xC4F0, 0xCD32, 0x8B2A,
  0x8AE9, 0xA3CD, 0x934B, 0x9B8B, 0x9B4B, 0x61A5, 0x8AE9, 0x934B, 0x8AE9, 0x934A, 0x8B0A, 0x8288,
  0x82C9, 0x9B6B, 0x9B8B, 0x9B4B, 0x932A, 0xA38B, 0x934A, 0x82A8, 0x8AC8, 0x9B4A, 0x8AE9, 0x9B6B,
  0xA3CC, 0x9B8B, 0xABCC, 0x934A, 0xABCC, 0xABCC, 0xA3AC, 0x9B6B, 0x9B2A, 0x8AE9, 0x9309, 0x9B4A,
  0x9B4A, 0x9B4A, 0x932A, 0x9329, 0x7A87, 0x7247, 0x7226, 0x59C5, 0x4944, 0x4964, 0x4123, 0x4144,
  0x3903, 0x4124, 0x4144, 0x3923, 0x3924, 0x3944, 0x28E3, 0x20A2, 0x1882, 0x3145, 0x20E3, 0x20E3,
  0x20E3, 0x20C3, 0x20E3, 0x2924, 0x20E3, 0x18A2, 0x18A2, 0x18A2, 0x1882, 0x18A2, 0x18A2, 0x1082,
  0x20E3, 0x18A2, 0x18A2, 0x18A2, 0x1061, 0x1061, 0x1061, 0x0861, 0x1061, 0x1082, 0x1082, 0x1082,
  0x0861, 0x0861, 0x0861, 0x18C3, 0x2104, 0x18C3, 0x2945, 0x2925, 0x18A2, 0x0861, 0x0862, 0x18A3,
  0x10A3, 0x18C3, 0x2925, 0x10A3, 0x18C3, 0x10A2, 0x1082, 0x2104, 0x2104, 0x18C3, 0x1082, 0x18E3,
  0x18C3, 0x18A3, 0x1082, 0x1082, 0x1082, 0x1062, 0x0841, 0x1061, 0x1061, 0x18A2, 0x18C3, 0x10A2,
  0x1082, 0x18C3, 0x18C3, 0x10A2, 0x18A2, 0x10A2, 0x0821, 0x0841, 0x2104, 0x10A2, 0x0841, 0x2104,
  0x2924, 0x1061, 0x18A2, 0x20E3, 0x2104, 0x10A2, 0x0841, 0x0841, 0x1082, 0x1041, 0x1061, 0x18A2,
  0x18A2, 0x20C2, 0x18A2, 0x1882, 0x18A2, 0x1061, 0x0861, 0x1081, 0x18A2, 0x1082, 0x10A2, 0x18A2,
  0x18A2, 0x18A2, 0x20E3, 0x20E3, 0x18A2, 0x20E3, 0x18A2, 0x18A2, 0x18A2, 0x18A2, 0x1881, 0x18A2,
  0x18A2, 0x2903, 0x20A2, 0x2924, 0x630C, 0x9CD3, 0xA514, 0xAD56, 0xAD76, 0xAD76, 0xAD76, 0xAD76,
  0xB5B8, 0xB5B8, 0xB5B8, 0xB5B8, 0xB5B8, 0xB5B8, 0xB5B8, 0xB5B8, 0xB5B8, 0xB5B8, 0xB5B8, 0xB5B8,
  0xB5B8, 0xB5B8, 0xB5D8, 0xB5D8, 0xB5D8, 0xB5D8, 0xB5D8, 0xBDD8, 0xB5B7, 0xA556, 0x8C72, 0x5A69,
  0x5208, 0x49C6, 0x41A6, 0x1860, 0x7288, 0xB44E, 0xBC8F, 0xB46E, 0xAC0D, 0xB44E, 0xC4AF, 0xC4D0,
  0xC4F0, 0xB44E, 0xB44E, 0xBC6F, 0xBC8F, 0xBC8E, 0xB42D, 0xB42D, 0xC4D0, 0xC4F0, 0xC4D0, 0xC4D0,
  0xCD11, 0xBCB0, 0xC4F1, 0xCD52, 0xD572, 0xCD52, 0xC511, 0xC511, 0xC4D0, 0xBCB0, 0xD572, 0xA3AC,
  0x8B09, 0xA3AC, 0xA3AC, 0xA3AC, 0xA3AC, 0x6A05, 0x82A8, 0x9B8B, 0x8B09, 0x8AE9, 0x9B8B, 0x82C9,
  0x7A67, 0x934A, 0xA3CC, 0xA3CC, 0x8B09, 0x9B6B, 0x9B4B, 0x9B8B, 0x8AC9, 0x932A, 0x9B4B, 0x932A,
  0x9B6B, 0xA3CC, 0x9BAC, 0xA3AB, 0x9B6B, 0xABCC, 0xA3AB, 0xA3AB, 0x932A, 0x9B4A, 0x9309, 0x9309,
  0x9B6A, 0x9329, 0x9B4A, 0x9B4A, 0x932A, 0x7246, 0x7A88, 0x61E5, 0x6206, 0x5164, 0x4964, 0x4144,
  0x4144, 0x38E3, 0x4144, 0x3923, 0x3903, 0x3944, 0x3124, 0x20C3, 0x1082, 0x20E3, 0x3165, 0x20E3,
  0x2924, 0x20E3, 0x20C3, 0x2924, 0x2945, 0x18A2, 0x18A2, 0x18A3, 0x18A2, 0x18A2, 0x18A2, 0x10A2,
  0x18C2, 0x18C2, 0x18A2, 0x1081, 0x18A2, 0x1061, 0x1082, 0x0861, 0x1061, 0x1061, 0x18A2, 0x1082,
  0x1082, 0x1061, 0x1082, 0x0841, 0x2104, 0x2104, 0x20E4, 0x3186, 0x20E4, 0x1082, 0x0841, 0x10A3,
  0x10A3, 0x18C3, 0x2925, 0x2104, 0x18C3, 0x1082, 0x1082, 0x20E3, 0x20E3, 0x18A2, 0x1082, 0x18C3,
  0x2104, 0x18A2, 0x18C3, 0x1082, 0x1082, 0x1061, 0x0861, 0x0861, 0x1061, 0x1082, 0x18C3, 0x18A2,
  0x1082, 0x18A3, 0x20C3, 0x18A2, 0x1082, 0x18A3, 0x0841, 0x0020, 0x18C3, 0x18C3, 0x0861, 0x18C3,
  0x2945, 0x1082, 0x18A2, 0x20E3, 0x2104, 0x18C3, 0x1061, 0x0841, 0x1082, 0x1061, 0x1061, 0x18A2,
  0x1882, 0x20A2, 0x20A2, 0x1882, 0x18A2, 0x1082, 0x0841, 0x1061, 0x18A2, 0x10A2, 0x1082, 0x18A2,
  0x18C2, 0x1082, 0x18C2, 0x20E3, 0x18A2, 0x20E3, 0x18C2, 0x18A2, 0x20C2, 0x18A2, 0x1882, 0x18A2,
  0x1881, 0x20E3, 0x20E3, 0x18A2, 0x5269, 0x8C51, 0xA515, 0xA535, 0xAD76, 0xAD76, 0xAD76, 0xAD76,
  0xB5B8, 0xB5B8, 0xB5B8, 0xB5B8, 0xB5B8, 0xB5B8, 0xB5B8, 0xB5B8, 0xB5B8, 0xB5B8, 0xB5B8, 0xB5B8,
  0xB5B8, 0xB5B8, 0xB5B8, 0xB5D8, 0xB5D8, 0xB5D8, 0xB5D8, 0xB5B8, 0xAD97, 0xA535, 0x7BAF, 0x5249,
  0x4186, 0x49A6, 0x2904, 0x2081, 0x8B0A, 0xB46E, 0xBC8F, 0xBC6F, 0xAC2D, 0xB46F, 0xC4AF, 0xC4D0,
  0xBCAF, 0xAC2D, 0xB44E, 0xBC8F, 0xBC6E, 0xBC6E, 0xB44E, 0xAC2D, 0xC4D0, 0xC4F0, 0xC4D0, 0xCD11,
  0xCD31, 0xBCAF, 0xC511, 0xCD52, 0xD572, 0xCD52, 0xCD31, 0xCD31, 0xC4F1, 0xB46E, 0xD552, 0xB42E,
  0x82C9, 0x9B8C, 0xA3CC, 0x9BAC, 0xABED, 0x82C9, 0x6A06, 0x9B6B, 0x934A, 0x8B0A, 0x9B8B, 0x9B6B,
  0x7A88, 0x82E9, 0xA3AC, 0xABED, 0x932A, 0x8B0A, 0xA3AC, 0x932A, 0x9B6B, 0x8AC9, 0x932A, 0x9B6B,
  0x9B6B, 0xA3AC, 0xA3ED, 0xA3CC, 0x9B6A, 0xABED, 0xA3CC, 0xA38B, 0x9B6A, 0x9B6A, 0x9B4A, 0x9309,
  0x9B4A, 0x9B6A, 0x9B6A, 0x9B6A, 0x9B4A, 0x8AE9, 0x7A88, 0x7246, 0x6A26, 0x61E6, 0x51A5, 0x4964,
  0x4964, 0x4124, 0x4124, 0x4124, 0x3903, 0x3924, 0x3944, 0x3145, 0x18A2, 0x1882, 0x2924, 0x3145,
  0x2104, 0x2924, 0x18C2, 0x20C3, 0x3145, 0x20E3, 0x18A3, 0x18A2, 0x18C3, 0x18C2, 0x18A2, 0x18C3,
  0x1082, 0x18C3, 0x18A2, 0x18A2, 0x1082, 0x1082, 0x10A2, 0x0861, 0x1061, 0x1081, 0x1082, 0x1082,
  0x10A2, 0x1061, 0x1082, 0x0841, 0x10A2, 0x2924, 0x20E4, 0x2945, 0x3166, 0x18E3, 0x10A2, 0x1082,
  0x18A3, 0x18E3, 0x18E4, 0x2125, 0x2104, 0x18A3, 0x1082, 0x18C3, 0x2104, 0x10A2, 0x1082, 0x1082,
  0x18E3, 0x18A3, 0x18C3, 0x1082, 0x1082, 0x1082, 0x0861, 0x0841, 0x1061, 0x1062, 0x18C3, 0x18A3,
  0x18A2, 0x18C3, 0x20E3, 0x18A3, 0x1082, 0x18C3, 0x0861, 0x0021, 0x1082, 0x18E3, 0x0861, 0x1882,
  0x2945, 0x18C3, 0x1082, 0x20E3, 0x2104, 0x2104, 0x1082, 0x0841, 0x1061, 0x1082, 0x1061, 0x18A2,
  0x18A2, 0x20A2, 0x20C2, 0x1882, 0x1882, 0x18A2, 0x0861, 0x0841, 0x1082, 0x18A2, 0x1082, 0x18A2,
  0x18C2, 0x1882, 0x18A2, 0x20E3, 0x20C2, 0x20C2, 0x20E3, 0x18A2, 0x20C2, 0x18A2, 0x18A2, 0x1881,
  0x18A2, 0x20A2, 0x2103, 0x1882, 0x4A49, 0x738E, 0x9CF4, 0xA535, 0xAD76, 0xAD76, 0xAD76, 0xAD76,
  0xB5B8, 0xB5B8, 0xB5B8, 0xB5B8, 0xB5B8, 0xB5B8, 0xB5B8, 0xB5B8, 0xB5B8, 0xB5B8, 0xB5B8, 0xB5B8,
  0xB5B8, 0xB5B8, 0xB5D8, 0xB5D8, 0xB5D8, 0xB5D8, 0xB5D8, 0xAD97, 0xAD77, 0x94B3, 0x734D, 0x4A08,
  0x3124, 0x41C6, 0x1882, 0x30C2, 0x9B6B, 0xB44E, 0xBC8F, 0xBC6F, 0xAC2E, 0xBC8F, 0xC4AF, 0xC4D0,
  0xBC8F, 0xB42E, 0xBC8F, 0xB44E, 0xBC6E, 0xBC8F, 0xBC6F, 0xBC4E, 0xC4D0, 0xC4D0, 0xC4D0, 0xCD52,
  0xCD32, 0xB46F, 0xCD31, 0xCD32, 0xD552, 0xCD52, 0xCD32, 0xCD52, 0xCD11, 0xBC8F, 0xC4F0, 0xC4D0,
  0x82C9, 0x932A, 0xABCD, 0x9B8C, 0xA3CC, 0xA38B, 0x7226, 0x9B6B, 0x932A, 0x9B6B, 0x936B, 0xABED,
  0x82C8, 0x82C9, 0x932A, 0xA3AC, 0xA38B, 0x82C9, 0xA3AC, 0x9B4B, 0x9B6B, 0xA3AC, 0x932A, 0x8B09,
  0x9B6A, 0x9B8B, 0xA3AB, 0xABEC, 0xA38B, 0x9B8B, 0xABCC, 0x9B6A, 0x9B6A, 0x9B6B, 0x9B6B, 0x9B6A,
  0x9329, 0x9B6A, 0x9B6A, 0x9B6A, 0x9B4A, 0x9B2A, 0x8AC9, 0x8288, 0x7206, 0x7247, 0x61C5, 0x61E6,
  0x4984, 0x4964, 0x3903, 0x4124, 0x4124, 0x3903, 0x3924, 0x4165, 0x2904, 0x1082, 0x18A2, 0x3165,
  0x3145, 0x20C3, 0x20E3, 0x18A2, 0x2945, 0x2924, 0x20C3, 0x20E3, 0x18C3, 0x20E3, 0x18C3, 0x20C3,
  0x10A2, 0x18C3, 0x18C2, 0x18C2, 0x1082, 0x1082, 0x1082, 0x1081, 0x1061, 0x1081, 0x1082, 0x18A2,
  0x10A2, 0x1061, 0x1082, 0x0861, 0x0841, 0x2124, 0x2104, 0x2925, 0x3166, 0x2925, 0x18E3, 0x1082,
  0x10A2, 0x18C3, 0x18E4, 0x2104, 0x20E4, 0x18C3, 0x10A2, 0x18C3, 0x20E3, 0x10A2, 0x10A2, 0x1082,
  0x18A2, 0x18C3, 0x18C3, 0x10A2, 0x1082, 0x1061, 0x0861, 0x0841, 0x1082, 0x1061, 0x18A2, 0x18C3,
  0x18A2, 0x18C3, 0x20E3, 0x18A2, 0x1082, 0x18C3, 0x1082, 0x0021, 0x0861, 0x2104, 0x1062, 0x1082,
  0x3165, 0x2104, 0x1082, 0x20E3, 0x2924, 0x2924, 0x1082, 0x1061, 0x1061, 0x1062, 0x1081, 0x18A2,
  0x1882, 0x20A2, 0x20A2, 0x18A2, 0x1882, 0x18A2, 0x1082, 0x0841, 0x1061, 0x18A2, 0x10A2, 0x1082,
  0x18A2, 0x18C2, 0x1082, 0x20E3, 0x20E3, 0x20A2, 0x20E3, 0x1882, 0x20C2, 0x18A2, 0x18A2, 0x1881,
  0x18A2, 0x18A2, 0x20E3, 0x18A2, 0x39A6, 0x6B4D, 0x8C72, 0xAD55, 0xAD76, 0xAD76, 0xAD76, 0xAD76,
  0xB5B8, 0xB5B8, 0xB5B8, 0xB5B8, 0xB5B8, 0xB5B8, 0xB5B8, 0xB5B8, 0xB5B8, 0xB5B8, 0xB5B8, 0xB5B8,
  0xB5B8, 0xB5B8, 0xB5D8, 0xB5D8, 0xB5D8, 0xB5D8, 0xAD97, 0xB5B7, 0xAD77, 0x8C51, 0x732C, 0x41A6,
  0x3944, 0x4186, 0x1061, 0x4123, 0xA3CC, 0xB46F, 0xC4AF, 0xB46E, 0xAC2E, 0xBC8F, 0xC4D0, 0xC4AF,
  0xBC6F, 0xB44E, 0xBC6F, 0xAC2D, 0xBC8F, 0xBC8F, 0xBC6F, 0xBC6E, 0xC4D0, 0xC4D0, 0xC4D0, 0xD552,
  0xCD31, 0xAC4E, 0xCD32, 0xCD32, 0xD572, 0xD572, 0xCD52, 0xCD52, 0xCD52, 0xCD11, 0xBC8F, 0xCCF0,
  0x936B, 0x82A8, 0xB42E, 0xA3AC, 0xABED, 0xA3AC, 0x8AE9, 0x932A, 0x934A, 0x9BAC, 0xA3AC, 0xA3CC,
  0x9B8B, 0x7AA8, 0x9B4B, 0x936B, 0x9B8B, 0x8AE9, 0x9B6B, 0xA3AC, 0x934A, 0xA3CC, 0xABED, 0x934A,
  0x932A, 0x934A, 0x9B6B, 0x9B8B, 0xA3CC, 0x9B6B, 0x9B6B, 0xA3AB, 0x9B6A, 0xA3AB, 0x9B4A, 0x9B4A,
  0x9B6A, 0x9B6A, 0xA38B, 0x9B6A, 0x9B4A, 0x9329, 0x9329, 0x8288, 0x7A87, 0x7A67, 0x7267, 0x6A06,
  0x59E6, 0x5185, 0x4944, 0x4123, 0x4144, 0x3923, 0x4124, 0x4144, 0x3985, 0x18A2, 0x18A2, 0x2104,
  0x3186, 0x2924, 0x18A2, 0x20E3, 0x20C3, 0x3165, 0x20E3, 0x20E3, 0x18C3, 0x18C3, 0x18C3, 0x18C3,
  0x10A2, 0x18C3, 0x20C3, 0x20E3, 0x1062, 0x18A2, 0x1081, 0x1081, 0x1082, 0x1082, 0x1081, 0x18A2,
  0x10A2, 0x1061, 0x1082, 0x1061, 0x0841, 0x10A2, 0x2104, 0x2104, 0x2925, 0x2945, 0x20E4, 0x18C3,
  0x1082, 0x10A2, 0x2104, 0x18E4, 0x18C3, 0x2104, 0x10A3, 0x18E3, 0x20E3, 0x18C3, 0x18C3, 0x1082,
  0x1082, 0x18A3, 0x18A2, 0x18A3, 0x1082, 0x1061, 0x0861, 0x0841, 0x1082, 0x1061, 0x18A2, 0x18C3,
  0x18C3, 0x18A2, 0x2104, 0x18C3, 0x1082, 0x18A2, 0x18A3, 0x0841, 0x0841, 0x20E3, 0x1082, 0x1082,
  0x2924, 0x2124, 0x18C3, 0x18C3, 0x3145, 0x2104, 0x2104, 0x1061, 0x1082, 0x1061, 0x1081, 0x18C2,
  0x1882, 0x20C2, 0x18A2, 0x18A2, 0x1082, 0x18A2, 0x18A2, 0x0841, 0x0841, 0x10A2, 0x18A2, 0x1082,
  0x10A2, 0x18C3, 0x1082, 0x20C2, 0x2903, 0x20A2, 0x20C2, 0x20A2, 0x18A2, 0x18A2, 0x18A2, 0x1881,
  0x18A2, 0x18A2, 0x20C3, 0x20C2, 0x20E3, 0x62EC, 0x7BF0, 0xAD76, 0xAD76, 0xB597, 0xB597, 0xAD77,
  0xB5B8, 0xB5B8, 0xB5B8, 0xB5B8, 0xB5B8, 0xB5B8, 0xB5B8, 0xB5B8, 0xB5B8, 0xB5B8, 0xB5B8, 0xB5B8,
  0xB5B8, 0xB5B8, 0xB5D8, 0xB5D8, 0xB5D8, 0xB5B8, 0xB5B8, 0xBDD8, 0xA515, 0x83CF, 0x62AA, 0x3986,
  0x3965, 0x3985, 0x1041, 0x4984, 0xA3CD, 0xBC6F, 0xBC8F, 0xB44E, 0xB44E, 0xBCAF, 0xC4B0, 0xBC8F,
  0xB46E, 0xB44E, 0xB44E, 0xBCAF, 0xBC8F, 0xBC8F, 0xBC8F, 0xBC8F, 0xC4D0, 0xC4F0, 0xCD11, 0xCD52,
  0xCD11, 0xB46F, 0xCD32, 0xCD31, 0xCD52, 0xD573, 0xCD52, 0xCD52, 0xD572, 0xD552, 0xBCB0, 0xB46F,
  0xB42E, 0x8B0A, 0x9B8B, 0xB44E, 0x9B6B, 0xAC0D, 0xA38C, 0x82C8, 0x934B, 0xA3CC, 0xABED, 0x9B6B,
  0xA3CC, 0x8B09, 0x8AE9, 0xA3CC, 0x9B6B, 0x932A, 0x82C8, 0xABED, 0x9B6B, 0x9B8B, 0xABED, 0xA3CC,
  0x936B, 0x932A, 0x932A, 0x932A, 0x9B6B, 0xA3AC, 0x9B6B, 0x9B8B, 0xA38B, 0x9B6B, 0xA38B, 0x9B4A,
  0x9B4A, 0x9B6A, 0xA38A, 0x9B6A, 0x9B4A, 0x9329, 0x9B6A, 0x8AE9, 0x7A87, 0x82A8, 0x7A87, 0x7267,
  0x6A27, 0x59C6, 0x51A5, 0x4944, 0x4964, 0x4124, 0x4144, 0x4165, 0x4165, 0x2924, 0x1882, 0x20E3,
  0x2924, 0x3986, 0x20C3, 0x20C3, 0x20C3, 0x2904, 0x2945, 0x2103, 0x20E3, 0x20E3, 0x18C3, 0x18C3,
  0x18A2, 0x18A2, 0x20E3, 0x2104, 0x1082, 0x1882, 0x1082, 0x1082, 0x1061, 0x1082, 0x1082, 0x1081,
  0x18A2, 0x1082, 0x1061, 0x10A2, 0x0841, 0x0861, 0x20E4, 0x18E3, 0x20E3, 0x18E3, 0x2945, 0x18A3,
  0x18C3, 0x1082, 0x20E4, 0x18E3, 0x10A2, 0x18C3, 0x18C3, 0x20E3, 0x2104, 0x10A2, 0x18C3, 0x10A2,
  0x1062, 0x18A2, 0x18A2, 0x18C3, 0x1082, 0x1082, 0x0861, 0x0841, 0x1082, 0x1082, 0x10A2, 0x20C3,
  0x18C3, 0x18A2, 0x20E3, 0x20E3, 0x10A2, 0x1062, 0x10A2, 0x0841, 0x0841, 0x10A2, 0x18C3, 0x1082,
  0x20E3, 0x2945, 0x18C3, 0x18A2, 0x2124, 0x2104, 0x2104, 0x18A2, 0x1062, 0x1082, 0x1061, 0x18A2,
  0x18A2, 0x18C2, 0x1882, 0x1062, 0x1882, 0x1882, 0x18A2, 0x0861, 0x0841, 0x1061, 0x18A2, 0x18A2,
  0x1082, 0x1882, 0x18A2, 0x1882, 0x2903, 0x20C2, 0x20C2, 0x20C2, 0x18A2, 0x20C2, 0x18A2, 0x18A2,
  0x1881, 0x18A2, 0x20C2, 0x20E3, 0x1882, 0x5249, 0x738E, 0xAD56, 0xAD76, 0xB597, 0xB597, 0xB597,
  0xB5B8, 0xB5B8, 0xB5B8, 0xB5B8, 0xB5B8, 0xB5B8, 0xB5B8, 0xB5B8, 0xB5B8, 0xB5B8, 0xB5B8, 0xB5B8,
  0xB5B8, 0xB5B8, 0xB5D8, 0xB5D8, 0xB5D8, 0xB5D8, 0xB5D8, 0xBDD8, 0x94B3, 0x6B0C, 0x5229, 0x3945,
  0x3965, 0x3124, 0x1061, 0x51C5, 0xAC0D, 0xBC8F, 0xBC8F, 0xB44E, 0xB46E, 0xC4AF, 0xBCAF, 0xBC8F,
  0xAC2E, 0xB44E, 0xBC6F, 0xC4D0, 0xBC8F, 0xBC8F, 0xBC8F, 0xBC6F, 0xC4F1, 0xC4D0, 0xCD52, 0xCD32,
  0xCD52, 0xB48F, 0xCD31, 0xCD32, 0xCD32, 0xD573, 0xCD52, 0xCD52, 0xCD52, 0xD573, 0xC511, 0xBC8F,
  0xBC6F, 0x9B8B, 0x9BAC, 0xB44E, 0xA3AC, 0xA3CC, 0xB40D, 0x7A67, 0x8B0A, 0x9B6B, 0xABED, 0xA3AC,
  0x9B6B, 0x9B8B, 0x82C9, 0x934B, 0xA3AC, 0x9B6B, 0x8AE9, 0x934B, 0x9B6B, 0x934A, 0xA3CC, 0xA3CC,
  0xA3AC, 0xA3AC, 0x932A, 0x8B09, 0x932A, 0x9B4A, 0x9B6A, 0x9B6A, 0xA3AB, 0xA38B, 0x9B8B, 0xA3AB,
  0x9329, 0x9B4A, 0x9B8A, 0x9B8A, 0x9B6A, 0x9329, 0x9B4A, 0x9B4A, 0x8AC8, 0x82A8, 0x7A87, 0x7A88,
  0x7246, 0x6A27, 0x59C6, 0x5185, 0x4964, 0x4944, 0x4144, 0x4144, 0x4165, 0x3945, 0x18A2, 0x18A3,
  0x20E3, 0x3145, 0x2924, 0x20E3, 0x20E3, 0x20E3, 0x2904, 0x2904, 0x20E3, 0x20E3, 0x18A3, 0x18C3,
  0x18A3, 0x18A3, 0x20E3, 0x2104, 0x18A2, 0x1082, 0x18A2, 0x1082, 0x1082, 0x1061, 0x1082, 0x1081,
  0x1061, 0x18C3, 0x0861, 0x10A2, 0x0841, 0x0841, 0x18C3, 0x2104, 0x18C3, 0x2104, 0x2104, 0x2925,
  0x18A3, 0x10A3, 0x10A3, 0x18E3, 0x10A2, 0x1082, 0x20E4, 0x18A3, 0x2104, 0x18A3, 0x18C3, 0x10A2,
  0x1082, 0x18C3, 0x18A2, 0x18A2, 0x1082, 0x1082, 0x0861, 0x0841, 0x1061, 0x1082, 0x10A2, 0x20E3,
  0x20E3, 0x18A2, 0x18C3, 0x2103, 0x10A2, 0x1061, 0x1082, 0x0862, 0x0841, 0x0861, 0x18E3, 0x1082,
  0x18C3, 0x2945, 0x18C3, 0x18C3, 0x20E3, 0x2945, 0x20E3, 0x2104, 0x1061, 0x1082, 0x1082, 0x1882,
  0x18A2, 0x18A2, 0x18A2, 0x1882, 0x18A2, 0x1082, 0x18C2, 0x1082, 0x0841, 0x0841, 0x10A2, 0x18A2,
  0x1082, 0x1882, 0x18C2, 0x1081, 0x20E3, 0x20E3, 0x20C3, 0x20E3, 0x18A2, 0x20C2, 0x1882, 0x20A2,
  0x18A2, 0x18A2, 0x18A2, 0x2903, 0x1881, 0x31A6, 0x736E, 0x9CD3, 0xAD76, 0xB597, 0xB597, 0xB597,
  0xB5B8, 0xB5B8, 0xB5B8, 0xB5B8, 0xB5B8, 0xB5B8, 0xB5B8, 0xB5B8, 0xB5B8, 0xB5B8, 0xB5B8, 0xB5B8,
  0xB5B8, 0xB5B8, 0xB5D8, 0xB5D8, 0xB5D8, 0xB5D8, 0xBDD8, 0xB5B8, 0x8C52, 0x6ACB, 0x5228, 0x2904,
  0x4186, 0x28E3, 0x1861, 0x59E6, 0xAC0D, 0xBC8F, 0xBC6F, 0xB42E, 0xB46F, 0xBCAF, 0xBCAF, 0xBC8F,
  0xB44E, 0xBC6F, 0xBC8F, 0xC4D0, 0xBCAF, 0xBCAF, 0xBC8F, 0xBCAF, 0xCCF1, 0xC4D0, 0xD552, 0xCD31,
  0xCD52, 0xBCD0, 0xC511, 0xCD52, 0xCD32, 0xD572, 0xCD52, 0xCD31, 0xCD52, 0xCD11, 0xBC8F, 0xC4B0,
  0xBC6F, 0xA3CC, 0xABED, 0xB42E, 0xB42E, 0x9B8B, 0xABCD, 0x9B6B, 0x7A67, 0x9B8B, 0xA3CC, 0xABED,
  0x9B8B, 0xA3AC, 0x9B4B, 0x82C8, 0x9B8C, 0xA3CC, 0x934B, 0x932A, 0x9B8B, 0x932A, 0x934A, 0x9B8B,
  0x9B8B, 0x9B6B, 0xA3AC, 0x932A, 0x8AE9, 0x932A, 0x8AE9, 0x9B8B, 0x9B8B, 0xABCC, 0xA38B, 0x9B8B,
  0xA3AB, 0x9329, 0xA3AB, 0xA3AB, 0xA38A, 0x9B6A, 0x9B4A, 0x9B4A, 0x932A, 0x7A87, 0x82A8, 0x7A67,
  0x7AA8, 0x7247, 0x6206, 0x59C5, 0x51A5, 0x5185, 0x4144, 0x4144, 0x4144, 0x4165, 0x3124, 0x18A2,
  0x20E3, 0x2924, 0x3145, 0x2924, 0x20E3, 0x20E3, 0x20E3, 0x2904, 0x2104, 0x18C3, 0x18C3, 0x1882,
  0x18C3, 0x18C3, 0x18C3, 0x2104, 0x20E3, 0x1082, 0x18C3, 0x1082, 0x1082, 0x1061, 0x1082, 0x1082,
  0x1061, 0x18A2, 0x1062, 0x1082, 0x1082, 0x0861, 0x0861, 0x20E4, 0x20E4, 0x18C3, 0x2104, 0x2124,
  0x20E4, 0x10A2, 0x1082, 0x18C3, 0x18C3, 0x1082, 0x18C3, 0x2104, 0x2945, 0x18E3, 0x18C3, 0x10A2,
  0x1061, 0x18C3, 0x1082, 0x18A2, 0x1882, 0x1082, 0x1061, 0x0841, 0x0861, 0x1082, 0x10A2, 0x20E3,
  0x2104, 0x20C3, 0x18C3, 0x2104, 0x18A2, 0x1062, 0x1082, 0x1082, 0x0841, 0x0841, 0x20E4, 0x1082,
  0x18C3, 0x2945, 0x18A3, 0x18C3, 0x20E3, 0x2945, 0x2104, 0x2924, 0x1082, 0x1082, 0x1082, 0x1082,
  0x20E3, 0x18A2, 0x18A2, 0x18A2, 0x18A2, 0x18A2, 0x18A2, 0x10A2, 0x1061, 0x0841, 0x1082, 0x18C3,
  0x1882, 0x1081, 0x18C2, 0x18A2, 0x18A2, 0x20E3, 0x20C2, 0x20C3, 0x20C2, 0x20A2, 0x18A2, 0x18A2,
  0x18A2, 0x18A2, 0x18A2, 0x20E3, 0x18A2, 0x2924, 0x7BAF, 0x8C51, 0xAD56, 0xAD76, 0xB597, 0xB597,
  0xB5B8, 0xB5B8, 0xB5B8, 0xB5B8, 0xB5B8, 0xB5B8, 0xB5B8, 0xB5B8, 0xB5B8, 0xB5B8, 0xB5B8, 0xB5B8,
  0xB5B8, 0xB5B8, 0xB5D8, 0xB5D8, 0xB5D8, 0xB5D8, 0xBDD8, 0xB598, 0x8C11, 0x5A8A, 0x4A08, 0x2904,
  0x4186, 0x28E3, 0x2081, 0x6226, 0xAC0D, 0xBC8F, 0xB46E, 0xB42E, 0xBC8F, 0xBCAF, 0xC4D0, 0xBC8F,
  0xBC6F, 0xB44E, 0xBC8F, 0xBCB0, 0xBCAF, 0xBCB0, 0xBCB0, 0xC4D0, 0xC4F0, 0xC4F0, 0xD552, 0xC511,
  0xD572, 0xC4F0, 0xC4F0, 0xD572, 0xCD52, 0xD573, 0xD572, 0xCD32, 0xCD52, 0xC4B0, 0xB44E, 0xCD11,
  0xB44E, 0xB44E, 0xA3AC, 0xBC4E, 0xA3CD, 0xABCC, 0xA3AC, 0xABED, 0x7A88, 0x936B, 0xABED, 0xAC0E,
  0xA3CC, 0x936B, 0xA3AC, 0x934A, 0x8B0A, 0x9BAC, 0xA3AC, 0x82E9, 0x934A, 0x932A, 0x8B0A, 0x934A,
  0x9B8B, 0x9B8B, 0x9B6B, 0xA3CC, 0x9B6B, 0x9B4A, 0x8B09, 0x9B6A, 0x9B6A, 0xA3AC, 0xABCC, 0x9B6B,
  0x9B8B, 0x9B6B, 0x934A, 0xA3AB, 0xA38B, 0x9B6A, 0x9B6A, 0x9329, 0x9B4A, 0x8AE9, 0x7A67, 0x7A88,
  0x7A88, 0x82A8, 0x7247, 0x61E6, 0x51A5, 0x51A5, 0x4985, 0x4965, 0x4164, 0x4144, 0x3945, 0x2904,
  0x20A3, 0x2904, 0x3145, 0x2924, 0x20E3, 0x20E3, 0x20E3, 0x2104, 0x2124, 0x20C3, 0x18C3, 0x18A2,
  0x18C3, 0x18C3, 0x20E3, 0x20E4, 0x2104, 0x0861, 0x18C3, 0x10A2, 0x1061, 0x0861, 0x1082, 0x1061,
  0x1061, 0x18A2, 0x10A2, 0x1061, 0x18A2, 0x0861, 0x0841, 0x18A2, 0x20E3, 0x18C3, 0x18E3, 0x2104,
  0x2104, 0x18A3, 0x10A2, 0x18A3, 0x18A3, 0x10A2, 0x1082, 0x18E3, 0x2966, 0x18E4, 0x18C3, 0x1082,
  0x1061, 0x18A3, 0x1082, 0x18C3, 0x18C3, 0x18A2, 0x1061, 0x0841, 0x0861, 0x1082, 0x18C3, 0x18C3,
  0x2104, 0x20E4, 0x20E3, 0x2104, 0x18A2, 0x1062, 0x1061, 0x1082, 0x0841, 0x0841, 0x18C3, 0x18C3,
  0x18C3, 0x2124, 0x18C3, 0x18C3, 0x18C3, 0x2924, 0x3165, 0x2904, 0x18A3, 0x1082, 0x1082, 0x18A2,
  0x20E3, 0x18C3, 0x18A2, 0x1882, 0x20C3, 0x18A2, 0x18A2, 0x18A2, 0x1062, 0x0841, 0x1061, 0x18A2,
  0x18A2, 0x1082, 0x1081, 0x18A2, 0x1081, 0x20E3, 0x20C2, 0x20E3, 0x20C2, 0x20C2, 0x20C2, 0x18A2,
  0x20A2, 0x18A2, 0x20A2, 0x20E3, 0x20C2, 0x18C2, 0x7BAE, 0x8410, 0xA515, 0xAD76, 0xB597, 0xB597,
  0xB5B8, 0xB5B8, 0xB5B8, 0xB5B8, 0xB5B8, 0xB5B8, 0xB5B8, 0xB5B8, 0xB5B8, 0xB5B8, 0xB5B8, 0xB5B8,
  0xB5B8, 0xB5B8, 0xB5B8, 0xB5D8, 0xB5D8, 0xB5D8, 0xBDD8, 0xAD56, 0x7BAE, 0x628A, 0x41A6, 0x3104,
  0x3965, 0x20C3, 0x2081, 0x7268, 0xAC2E, 0xB46F, 0xB46F, 0xB44E, 0xBC8F, 0xC4AF, 0xC4D0, 0xB46E,
  0xBCAF, 0xBC8F, 0xC4D0, 0xC4AF, 0xBCB0, 0xC4D0, 0xBCB0, 0xC4D0, 0xC4F0, 0xCD31, 0xCD52, 0xC511,
  0xCD52, 0xC4D0, 0xC4F1, 0xCD72, 0xD572, 0xD573, 0xD573, 0xCD52, 0xCD52, 0xCD11, 0xC511, 0xCD31,
  0xBCB0, 0xBC8F, 0xA3CC, 0xB44E, 0xABED, 0xA3AC, 0x9B6B, 0xB42E, 0x9B6B, 0x82C9, 0xABED, 0xABED,
  0xA3CC, 0x9BAC, 0x9B6B, 0x9B8B, 0x82E9, 0x9B6B, 0xA3CC, 0x9B8B, 0x8AE9, 0x932A, 0x8AE9, 0x8B09,
  0x934A, 0x9B6B, 0x9B8B, 0x9B8B, 0xABED, 0x9B8B, 0x934A, 0x9B6B, 0xA38B, 0x9B8B, 0xABCC, 0xA38B,
  0x9B6A, 0x9B6A, 0x932A, 0x9B4A, 0x9B6A, 0x9B29, 0x9329, 0x9309, 0x9329, 0x9B4A, 0x8AC8, 0x82A8,
  0x82A8, 0x82C8, 0x82A8, 0x6A26, 0x61E6, 0x5185, 0x51A5, 0x4964, 0x4964, 0x4164, 0x3944, 0x3124,
  0x28E3, 0x20A2, 0x2904, 0x2924, 0x2904, 0x20C3, 0x2904, 0x20E3, 0x2945, 0x2104, 0x18C3, 0x18C3,
  0x18C3, 0x18C3, 0x20E3, 0x18E3, 0x2104, 0x1061, 0x10A2, 0x18E3, 0x1061, 0x1061, 0x1082, 0x1061,
  0x1061, 0x18C2, 0x18A2, 0x1061, 0x10A2, 0x1082, 0x0861, 0x1062, 0x2104, 0x10A2, 0x18C3, 0x18C3,
  0x18E4, 0x18C3, 0x1082, 0x10A2, 0x10A3, 0x1082, 0x0862, 0x10A3, 0x2945, 0x2124, 0x18E3, 0x18A2,
  0x1061, 0x18C3, 0x18A2, 0x18A2, 0x20C3, 0x18A3, 0x1061, 0x0861, 0x0861, 0x1062, 0x18C3, 0x18C3,
  0x20E4, 0x20E3, 0x20E3, 0x20E3, 0x18C3, 0x1061, 0x1062, 0x1082, 0x0861, 0x0861, 0x1082, 0x2104,
  0x18C3, 0x2104, 0x20E4, 0x18C3, 0x18C3, 0x20E3, 0x2924, 0x2924, 0x20E4, 0x1082, 0x1882, 0x18A2,
  0x18A3, 0x18C2, 0x18C3, 0x1882, 0x20C3, 0x18C2, 0x18A2, 0x18C3, 0x1061, 0x1061, 0x0841, 0x18A2,
  0x18A2, 0x1082, 0x1061, 0x18A2, 0x18A2, 0x20C2, 0x20E3, 0x20E3, 0x20C2, 0x20C2, 0x20E3, 0x18A2,
  0x20A2, 0x18A2, 0x20A2, 0x20C2, 0x20C2, 0x1881, 0x62EB, 0x8410, 0x9CD3, 0xAD76, 0xB597, 0xB597,
  0xB5B8, 0xB5B8, 0xB5B8, 0xB5B8, 0xB5B8, 0xB5B8, 0xB5B8, 0xB5B8, 0xB5B8, 0xB5B8, 0xB5B8, 0xB5B8,
  0xB5B8, 0xB5B8, 0xB5B8, 0xB5D8, 0xB5D8, 0xB5D8, 0xB5D8, 0xA516, 0x6B2D, 0x5A6A, 0x3965, 0x3124,
  0x3965, 0x20A2, 0x2081, 0x7288, 0xAC0E, 0xB46F, 0xBC6F, 0xB44E, 0xBC8F, 0xC4AF, 0xC4B0, 0xBC8F,
  0xBCB0, 0xBCAF, 0xC4D0, 0xC4D0, 0xC4D0, 0xC4D0, 0xBCAF, 0xC4D0, 0xC4F0, 0xCD32, 0xCD52, 0xCD32,
  0xD572, 0xC4F0, 0xC4F1, 0xCD52, 0xD593, 0xCD72, 0xD573, 0xCD52, 0xCD52, 0xCD32, 0xCD72, 0xCD52,
  0xCD52, 0xBCB0, 0xAC0D, 0xB44E, 0xBC6F, 0xABED, 0xA38C, 0xA3CD, 0xB40E, 0x8B0A, 0x9B8B, 0xABED,
  0xA3AC, 0xA3AC, 0x9B8C, 0x936B, 0x934B, 0x8B2A, 0x936B, 0x9B8B, 0x82C9, 0x8AE9, 0x82C9, 0x8AE9,
  0x8B0A, 0x936B, 0x9B8B, 0xA3AC, 0x9B8C, 0xA3CC, 0xA3AC, 0x9B6B, 0xA3AC, 0xA3AC, 0xA38B, 0x9B8B,
  0xA38B, 0x9B4A, 0x9B4A, 0x8AE9, 0x9309, 0x9309, 0x8B09, 0x9309, 0x8B09, 0x9B4A, 0x9329, 0x8AE9,
  0x82A8, 0x82A8, 0x8AC8, 0x7A88, 0x7247, 0x59C5, 0x5185, 0x51A5, 0x5184, 0x4984, 0x3944, 0x3124,
  0x2904, 0x28E3, 0x20A3, 0x2904, 0x2924, 0x2904, 0x20E3, 0x2904, 0x2904, 0x2904, 0x18A3, 0x20E3,
  0x20E3, 0x20E3, 0x18C3, 0x18C3, 0x2104, 0x10A2, 0x1062, 0x2104, 0x1082, 0x1062, 0x1062, 0x1082,
  0x1082, 0x18C3, 0x18A2, 0x1082, 0x1082, 0x1082, 0x1082, 0x0841, 0x18E3, 0x18C3, 0x1082, 0x18C3,
  0x18C3, 0x20E4, 0x10A3, 0x1082, 0x18A3, 0x1082, 0x0862, 0x1082, 0x2104, 0x2104, 0x18E3, 0x18C3,
  0x1061, 0x18C3, 0x18A2, 0x18A2, 0x20E3, 0x18A3, 0x1082, 0x0841, 0x0861, 0x1082, 0x18C3, 0x18A3,
  0x2104, 0x18E3, 0x18C3, 0x18C3, 0x20E3, 0x1062, 0x1082, 0x1082, 0x0861, 0x0841, 0x0882, 0x18E4,
  0x18C3, 0x18C3, 0x20E4, 0x18C3, 0x18A2, 0x20C3, 0x2924, 0x2924, 0x2904, 0x18A2, 0x1882, 0x18A2,
  0x18A2, 0x18A2, 0x20E3, 0x20C3, 0x18A2, 0x20C3, 0x18A2, 0x18C3, 0x10A2, 0x0861, 0x0841, 0x1081,
  0x18A2, 0x1082, 0x1061, 0x1061, 0x18C2, 0x18A2, 0x2903, 0x20E3, 0x20E3, 0x20A2, 0x20C2, 0x20C2,
  0x18A2, 0x18A2, 0x18A2, 0x20C2, 0x28E3, 0x1881, 0x41C7, 0x83F0, 0x9472, 0xAD56, 0xB597, 0xB597,
  0xB5B8, 0xB5B8, 0xB5B8, 0xB5B8, 0xB5B8, 0xB5B8, 0xB5B8, 0xB5B8, 0xB5B8, 0xB5B8, 0xB5B8, 0xB5B8,
  0xB5B8, 0xB5B8, 0xB5B8, 0xB5D8, 0xB5D8, 0xB5D8, 0xB5D8, 0x9CD4, 0x62CB, 0x5228, 0x3125, 0x3124,
  0x3124, 0x20A2, 0x2081, 0x7AA8, 0xAC2E, 0xBC6F, 0xB46E, 0xB46E, 0xBC8F, 0xBCAF, 0xBC8F, 0xC4D0,
  0xBCB0, 0xC4B0, 0xC4D0, 0xC4D0, 0xC4F1, 0xC4F0, 0xC4B0, 0xC4D0, 0xC4F0, 0xCD52, 0xCD31, 0xCD52,
  0xCD52, 0xC511, 0xC511, 0xCD31, 0xD593, 0xCD72, 0xCD72, 0xCD52, 0xCD52, 0xCD52, 0xCD72, 0xCD72,
  0xD572, 0xCD52, 0xAC2E, 0xAC0D, 0xBCB0, 0xBC90, 0xA3AC, 0x9B6B, 0xAC0D, 0x9B6B, 0x936B, 0x9BAC,
  0xA3CC, 0x934A, 0x936B, 0x934B, 0x934B, 0x932A, 0x82E9, 0x8B09, 0x932A, 0x82C8, 0x8B0A, 0x82A8,
  0x82C9, 0x8B09, 0x9B8B, 0x9B6B, 0x9B6B, 0xA3AC, 0xAC2E, 0xA3CC, 0x9B8B, 0xABED, 0xA3AC, 0xA3CC,
  0x9B6A, 0x9B6A, 0x9B8B, 0x9329, 0x8AE8, 0x932A, 0x9309, 0x9B4A, 0x9309, 0x9B4A, 0x9329, 0x932A,
  0x82A8, 0x8288, 0x8AE9, 0x8AC8, 0x82A8, 0x6A06, 0x59A5, 0x51A5, 0x59A5, 0x51A5, 0x4144, 0x3924,
  0x3124, 0x28E3, 0x20E3, 0x20C3, 0x3124, 0x3145, 0x20E3, 0x2904, 0x2924, 0x2924, 0x18C3, 0x18C3,
  0x18C3, 0x20E3, 0x18C3, 0x18E3, 0x2104, 0x20E3, 0x0841, 0x18C3, 0x18C3, 0x1082, 0x1061, 0x1082,
  0x1082, 0x18C3, 0x18A2, 0x18A2, 0x1082, 0x1082, 0x1082, 0x0861, 0x1082, 0x2104, 0x10A2, 0x18C3,
  0x18A3, 0x18C3, 0x18E4, 0x18A3, 0x18A3, 0x1082, 0x1082, 0x1062, 0x18C3, 0x20E4, 0x18E4, 0x18E4,
  0x1062, 0x10A2, 0x18A2, 0x18A2, 0x20C3, 0x18A3, 0x1082, 0x0841, 0x0861, 0x1082, 0x20E4, 0x18A3,
  0x2104, 0x20E4, 0x20C3, 0x18C3, 0x20E3, 0x1082, 0x1062, 0x1082, 0x0861, 0x0041, 0x0862, 0x10C3,
  0x18E4, 0x18C3, 0x18E3, 0x20E3, 0x18A2, 0x10A2, 0x2924, 0x2904, 0x2104, 0x20C3, 0x10A2, 0x18A2,
  0x18A2, 0x18A2, 0x20E3, 0x20C3, 0x18A2, 0x18A2, 0x18C3, 0x18C3, 0x18C3, 0x0861, 0x0861, 0x0841,
  0x18A2, 0x10A2, 0x1061, 0x1061, 0x18A2, 0x18A2, 0x20C2, 0x20E3, 0x20E3, 0x20C2, 0x18A2, 0x20C3,
  0x18A2, 0x18A2, 0x1882, 0x20C3, 0x2903, 0x20A2, 0x3145, 0x7BCF, 0x8C51, 0xA515, 0xAD77, 0xB597,
  0xB5B8, 0xB5B8, 0xB5B8, 0xB5B8, 0xB5B8, 0xB5B8, 0xB5B8, 0xB5B8, 0xB5B8, 0xB5B8, 0xB5B8, 0xB5B8,
  0xB5B8, 0xB5B8, 0xB5D8, 0xB5D8, 0xB5D8, 0xB5D8, 0xB5B8, 0x8C32, 0x62AB, 0x5229, 0x41A6, 0x3124,
  0x28E4, 0x20A2, 0x1861, 0x7A88, 0xAC2E, 0xB46E, 0xB46F, 0xBC6F, 0xBCAF, 0xC4AF, 0xBC6F, 0xC4D0,
  0xBCB0, 0xC4D0, 0xC4D0, 0xC4F1, 0xCD11, 0xC4F0, 0xC4D0, 0xC4D0, 0xC4F1, 0xCD32, 0xCD52, 0xCD31,
  0xCD52, 0xC511, 0xC531, 0xCD31, 0xD593, 0xD5B3, 0xCD52, 0xD572, 0xCD52, 0xD572, 0xCD72, 0xCD52,
  0xCD72, 0xD573, 0xBCAF, 0xAC2E, 0xB46F, 0xC4D0, 0xB44E, 0x9B6B, 0xA3AC, 0xA3AC, 0x9B6B, 0x934B,
  0x936B, 0x9B8B, 0x936B, 0x934B, 0x82C9, 0x82C9, 0x82C9, 0x82C9, 0x82E9, 0x82A8, 0x8AE9, 0x934B,
  0x8B09, 0x8B0A, 0x932A, 0xA3CC, 0x9B8B, 0x932A, 0xAC0D, 0xAC0D, 0xA3AC, 0xA3CC, 0xABCC, 0xA3AB,
  0xA3AC, 0x9B6B, 0x9B6B, 0x932A, 0x934A, 0xA38B, 0x9309, 0x9329, 0x9329, 0x9329, 0x9329, 0x932A,
  0x9309, 0x7A67, 0x82C8, 0x8AE9, 0x8AC9, 0x7A67, 0x61E6, 0x59C5, 0x59A5, 0x59C5, 0x4985, 0x4124,
  0x3944, 0x28E3, 0x20A3, 0x20A3, 0x28E3, 0x2904, 0x3124, 0x28E3, 0x2904, 0x2945, 0x2904, 0x1082,
  0x18C3, 0x18C3, 0x18C3, 0x18A3, 0x18E3, 0x2945, 0x1062, 0x10A2, 0x18E3, 0x1082, 0x1062, 0x1082,
  0x1062, 0x18C3, 0x18C3, 0x10A2, 0x1082, 0x10A2, 0x1062, 0x1082, 0x0861, 0x20E4, 0x1082, 0x18A3,
  0x20E4, 0x1082, 0x2104, 0x20E4, 0x18C3, 0x1082, 0x1082, 0x0862, 0x18E4, 0x2104, 0x18E4, 0x18C3,
  0x1082, 0x10A2, 0x18A3, 0x20C3, 0x18C3, 0x20C3, 0x1882, 0x0841, 0x0841, 0x0862, 0x20C3, 0x20E3,
  0x2104, 0x18E3, 0x20E3, 0x18A3, 0x2104, 0x18C3, 0x1082, 0x1082, 0x1062, 0x0841, 0x0862, 0x10A2,
  0x2104, 0x18C3, 0x18C3, 0x20E3, 0x18C3, 0x1082, 0x20E3, 0x20E3, 0x2904, 0x20E3, 0x18A2, 0x1082,
  0x18C3, 0x18A2, 0x20E3, 0x18A2, 0x18C2, 0x1081, 0x20C3, 0x18C3, 0x20E3, 0x1061, 0x1061, 0x0861,
  0x1082, 0x18A2, 0x1082, 0x0841, 0x1881, 0x18A2, 0x20C2, 0x20E3, 0x20E3, 0x20C2, 0x20A2, 0x20C2,
  0x20C3, 0x20A2, 0x18A2, 0x20C2, 0x2903, 0x20C2, 0x20C3, 0x734D, 0x8C31, 0x9CD4, 0xAD76, 0xB597,
  0xB5B8, 0xB5B8, 0xB5B8, 0xB5B8, 0xB5B8, 0xB5B8, 0xB5B8, 0xB5B8, 0xB5B8, 0xB5B8, 0xB5B8, 0xB5B8,
  0xB5B8, 0xB5B8, 0xB5B8, 0xB5B8, 0xB5D8, 0xB5D8, 0xAD77, 0x83F0, 0x6B0C, 0x4A08, 0x49C7, 0x3124,
  0x20C3, 0x20A2, 0x2061, 0x7AC9, 0xAC0D, 0xB46F, 0xB46E, 0xB46E, 0xC4D0, 0xC4AF, 0xBC8F, 0xC4D0,
  0xC4D0, 0xC4D0, 0xC4F0, 0xCD11, 0xCD31, 0xC4D0, 0xC4F0, 0xC4F1, 0xCCF1, 0xCD32, 0xD572, 0xC511,
  0xD572, 0xCD52, 0xCD72, 0xCD72, 0xD573, 0xD5B3, 0xD593, 0xCD72, 0xCD72, 0xCD52, 0xCD52, 0xCD52,
  0xCD52, 0xCD52, 0xCD31, 0xBCB0, 0xBC8F, 0xB48F, 0xC4D0, 0x9B8C, 0x9B8C, 0x9B6B, 0x8B0A, 0x934A,
  0x9B6B, 0x9B6B, 0x9B6B, 0x934A, 0x8B0A, 0x934A, 0x8B0A, 0x82EA, 0x934B, 0x936B, 0x82E9, 0x934A,
  0x8B2A, 0xA3AC, 0x9BAC, 0x9B8C, 0xABED, 0xA3CC, 0xA3ED, 0xB44E, 0xB42E, 0xAC0D, 0xABED, 0xA3CC,
  0xA3CC, 0xABCC, 0x9B6A, 0x9B6A, 0x9329, 0x934A, 0x9B6A, 0x9309, 0x932A, 0x8B09, 0x9329, 0x9329,
  0x932A, 0x82E9, 0x7267, 0x8AE9, 0x8B09, 0x82C9, 0x7267, 0x61E6, 0x61E6, 0x59C6, 0x59A5, 0x4124,
  0x4124, 0x3103, 0x28C3, 0x20A2, 0x20A2, 0x28E3, 0x2904, 0x2904, 0x20A2, 0x20E3, 0x3165, 0x18A2,
  0x18C3, 0x18C3, 0x18C3, 0x18C3, 0x18E3, 0x2945, 0x10A2, 0x1061, 0x18C3, 0x1082, 0x1082, 0x1082,
  0x1061, 0x1082, 0x20C3, 0x1882, 0x10A2, 0x10A2, 0x1082, 0x10A2, 0x0861, 0x18C3, 0x1082, 0x10A3,
  0x18E4, 0x18C3, 0x18A3, 0x2104, 0x20E4, 0x18C3, 0x10A2, 0x0862, 0x18C3, 0x2104, 0x18E4, 0x18C3,
  0x10A3, 0x18C3, 0x18A3, 0x20E4, 0x18C3, 0x20E4, 0x18A3, 0x0841, 0x0841, 0x0861, 0x18C3, 0x2104,
  0x18C3, 0x20E4, 0x18E3, 0x18C3, 0x20E4, 0x18A3, 0x1082, 0x1082, 0x1062, 0x0841, 0x0861, 0x1082,
  0x2104, 0x18E3, 0x18A3, 0x20C3, 0x18C3, 0x1082, 0x18A2, 0x20E3, 0x2924, 0x20E3, 0x18C2, 0x1882,
  0x18A2, 0x18C3, 0x18C2, 0x20C3, 0x1061, 0x18C2, 0x18C2, 0x20C3, 0x20E3, 0x10A2, 0x0841, 0x0861,
  0x1061, 0x18A2, 0x1082, 0x1061, 0x1061, 0x18A2, 0x20C2, 0x20C3, 0x28E3, 0x20E3, 0x20C2, 0x20A2,
  0x20A2, 0x20C2, 0x18A2, 0x18A2, 0x28E3, 0x20C2, 0x1882, 0x526A, 0x83F0, 0x8C72, 0xAD76, 0xB597,
  0xB5B8, 0xB5B8, 0xB5B8, 0xB5B8, 0xB5B8, 0xB5B8, 0xB5B8, 0xB5B8, 0xB5B8, 0xB5B8, 0xB5B8, 0xB5B8,
  0xB5B8, 0xB5B8, 0xB5B8, 0xB5B8, 0xB5D8, 0xB5D8, 0xA515, 0x7BB0, 0x6B2D, 0x41C7, 0x3965, 0x3124,
  0x20C3, 0x20A2, 0x2060, 0x82C9, 0xAC0D, 0xB46E, 0xB46F, 0xBC8F, 0xC4D0, 0xC4AF, 0xBC8F, 0xC4D0,
  0xC4F0, 0xBCB0, 0xC4F0, 0xCD11, 0xCD31, 0xC4D0, 0xC4F1, 0xCCF1, 0xCD11, 0xCD52, 0xD593, 0xCD52,
  0xD573, 0xCD72, 0xD593, 0xD5B4, 0xCD72, 0xD5B4, 0xD5B4, 0xCD93, 0xCD73, 0xCD52, 0xCD52, 0xCD52,
  0xCD72, 0xCD52, 0xD552, 0xBC8F, 0xBC6F, 0xB44E, 0xBC6F, 0xA3CC, 0x8B2A, 0x932A, 0x934B, 0x934A,
  0x8B0A, 0x934A, 0x8AE9, 0x8B2A, 0x934A, 0x8B0A, 0x8B2A, 0x934B, 0x8B2A, 0x936B, 0x936B, 0x8B2A,
  0x9B8B, 0xA3ED, 0xAC4E, 0xB46F, 0xB44E, 0xB44E, 0xB42E, 0xB44E, 0xB46F, 0xBC8F, 0xB44E, 0xAC0D,
  0xAC0D, 0xAC0D, 0x9BAB, 0x9BAB, 0x9B6B, 0x9B6A, 0x9B8B, 0x9B6A, 0x9309, 0x9329, 0x934A, 0x9329,
  0x932A, 0x932A, 0x7AA8, 0x7A67, 0x8AE9, 0x8AE9, 0x82C9, 0x6A26, 0x59C5, 0x6206, 0x59C6, 0x5184,
  0x4144, 0x3924, 0x30E3, 0x28C2, 0x28C2, 0x28C2, 0x3104, 0x28E3, 0x20C2, 0x20A2, 0x3145, 0x20E3,
  0x18C2, 0x18C3, 0x18A3, 0x18C3, 0x18C3, 0x2945, 0x18C3, 0x1082, 0x18A3, 0x1082, 0x1082, 0x1082,
  0x1062, 0x1061, 0x20E3, 0x18A2, 0x10A2, 0x10A2, 0x10A2, 0x1082, 0x1082, 0x1082, 0x18E4, 0x10A3,
  0x18C3, 0x18E3, 0x10A3, 0x18C3, 0x18E4, 0x20E4, 0x18C3, 0x0862, 0x1082, 0x2104, 0x20E4, 0x18C3,
  0x10A3, 0x18E3, 0x18E3, 0x18C3, 0x18C3, 0x2104, 0x18C3, 0x0841, 0x0841, 0x1082, 0x1082, 0x2104,
  0x18A3, 0x2104, 0x18C3, 0x18C3, 0x20E3, 0x18A3, 0x1082, 0x1082, 0x1082, 0x0841, 0x0861, 0x1082,
  0x18C3, 0x2104, 0x10A2, 0x20C3, 0x18C3, 0x10A2, 0x1082, 0x18C3, 0x2904, 0x20E3, 0x2104, 0x18A2,
  0x18A2, 0x18C3, 0x18C2, 0x20E3, 0x1082, 0x18A2, 0x20E3, 0x20E3, 0x20E3, 0x18C3, 0x0841, 0x0861,
  0x1061, 0x18A2, 0x1082, 0x1082, 0x1061, 0x18A2, 0x20A2, 0x28E3, 0x20C3, 0x2903, 0x20C2, 0x20A2,
  0x18A2, 0x20C2, 0x20C2, 0x18A2, 0x28E3, 0x20C3, 0x1882, 0x39C7, 0x8410, 0x83F0, 0xA535, 0xB597,
  0xB5B8, 0xB5B8, 0xB5B8, 0xB5B8, 0xB5B8, 0xB5B8, 0xB5B8, 0xB5B8, 0xB5B8, 0xB5B8, 0xB5B8, 0xB5B8,
  0xB5B8, 0xB5B8, 0xB5B8, 0xB5B8, 0xB5D8, 0xAD77, 0x9CF5, 0x7BD0, 0x734E, 0x41A7, 0x3965, 0x3944,
  0x20A2, 0x20A2, 0x2060, 0x82C9, 0xAC0D, 0xB44E, 0xB46F, 0xBCB0, 0xC4D0, 0xBC8F, 0xBCAF, 0xC4D0,
  0xC4F1, 0xC4D0, 0xC4F1, 0xC4F1, 0xCD31, 0xC4F0, 0xCD11, 0xCD11, 0xCD31, 0xCD72, 0xD573, 0xCD52,
  0xCD72, 0xD593, 0xCD72, 0xD5D4, 0xD593, 0xD593, 0xD5B4, 0xD5B4, 0xD573, 0xC511, 0xCD52, 0xCD32,
  0xCD72, 0xCD52, 0xCD52, 0xB46F, 0xAC0D, 0xAC2E, 0x9BAC, 0x934B, 0x8AE9, 0x9B6B, 0x934A, 0x932A,
  0x932A, 0x8B0A, 0x8AE9, 0x932A, 0x82A9, 0x82C9, 0x8B0A, 0x82C9, 0x8B2A, 0x9BAC, 0xA3CD, 0x9B8B,
  0xAC0D, 0xA3ED, 0xAC2E, 0xBC8F, 0xBCB0, 0xC4D0, 0xBCB0, 0xBC8F, 0xBCB0, 0xBC8F, 0xB44E, 0xB44E,
  0xB42E, 0xB42E, 0xAC0D, 0xA3ED, 0xA3CC, 0x9B8B, 0xA3AC, 0x9B8B, 0x9B6A, 0x932A, 0x934A, 0x9B4A,
  0x9B4A, 0x932A, 0x8AE9, 0x7226, 0x8287, 0x8AE9, 0x8AE9, 0x7AA8, 0x61E6, 0x61E6, 0x6206, 0x59C5,
  0x4964, 0x4164, 0x3103, 0x30E3, 0x28C2, 0x28C2, 0x30E3, 0x30E3, 0x28E3, 0x20A2, 0x3104, 0x2924,
  0x18A2, 0x20C3, 0x18A3, 0x18E3, 0x18C3, 0x2104, 0x2104, 0x1082, 0x20E3, 0x18C3, 0x10A2, 0x1082,
  0x1061, 0x1061, 0x20E3, 0x18A2, 0x18A2, 0x1062, 0x18A3, 0x1082, 0x1082, 0x0862, 0x20E4, 0x10A2,
  0x18C3, 0x18C3, 0x18C3, 0x1082, 0x10A3, 0x18C3, 0x18C3, 0x1082, 0x1082, 0x20E4, 0x18C3, 0x18C3,
  0x10A3, 0x10A3, 0x20E4, 0x10A2, 0x20E4, 0x2104, 0x18C3, 0x0841, 0x0821, 0x1082, 0x1062, 0x2104,
  0x18A3, 0x2104, 0x18C3, 0x18E3, 0x20E4, 0x18A3, 0x1082, 0x1082, 0x10A2, 0x1062, 0x0841, 0x1082,
  0x1082, 0x2104, 0x18A3, 0x18C3, 0x18C3, 0x18C3, 0x1082, 0x18C3, 0x20E3, 0x18C3, 0x20E3, 0x18A2,
  0x1882, 0x18A2, 0x18A2, 0x20E3, 0x18A2, 0x1082, 0x20E3, 0x2103, 0x20C3, 0x20E3, 0x1062, 0x0861,
  0x0841, 0x1082, 0x1882, 0x1082, 0x1061, 0x1061, 0x18A2, 0x20C2, 0x28E3, 0x28E3, 0x28E3, 0x20A2,
  0x18A2, 0x18A2, 0x20C3, 0x18A2, 0x28E3, 0x28E3, 0x20A2, 0x2924, 0x8C10, 0x8410, 0x9CD4, 0xB597,
  0xB5B8, 0xB5B8, 0xB5B8, 0xB5B8, 0xB5B8, 0xB5B8, 0xB5B8, 0xB5B8, 0xB5B8, 0xB5B8, 0xB5B8, 0xB5B8,
  0xB5B8, 0xB5B8, 0xB5B8, 0xB5B8, 0xB5D8, 0xA536, 0x9CD4, 0x83F0, 0x7B8E, 0x3986, 0x3965, 0x3124,
  0x1882, 0x1882, 0x2060, 0x82E9, 0xAC0D, 0xB46E, 0xBC8F, 0xBCB0, 0xC4F0, 0xC4B0, 0xBCB0, 0xC4F0,
  0xCCF1, 0xC4D0, 0xC4F1, 0xCD11, 0xCD31, 0xC4D0, 0xCD11, 0xC4F0, 0xCD31, 0xCD72, 0xD572, 0xCD72,
  0xCD72, 0xD593, 0xCD73, 0xD5B4, 0xDDD4, 0xD5D4, 0xD5B4, 0xD593, 0xD5B4, 0xC511, 0xC4D0, 0xCD11,
  0xC511, 0xC4F0, 0xBCB0, 0xB42E, 0xAC2D, 0xA3CC, 0x9BAC, 0xA3AC, 0x8B0A, 0x932A, 0x8B0A, 0x934A,
  0x8B0A, 0x82E9, 0x82E9, 0x8AE9, 0x82C9, 0x8B0A, 0x8AE9, 0x934B, 0xA3ED, 0xA3ED, 0xAC2E, 0xB44E,
  0xA3ED, 0xB44E, 0xB44E, 0xBC8F, 0xBC8F, 0xBCB0, 0xC4D0, 0xBCB0, 0xBCB0, 0xC4F0, 0xC4D0, 0xBC8F,
  0xBC6E, 0xB42E, 0xB44E, 0xB44E, 0xA3EC, 0xA3CC, 0xA3AC, 0x9B6B, 0x9B8B, 0x9B6A, 0x9B4A, 0x9B6A,
  0x9B4A, 0x934A, 0x9329, 0x82C9, 0x6A06, 0x82A8, 0x82C8, 0x82C8, 0x7267, 0x61E6, 0x6A26, 0x61E6,
  0x59A5, 0x5185, 0x4144, 0x3903, 0x3903, 0x30E2, 0x3103, 0x30E3, 0x30E3, 0x30E3, 0x30E3, 0x3124,
  0x18A2, 0x18C3, 0x18C3, 0x18A3, 0x18E3, 0x18C3, 0x2965, 0x1082, 0x18C3, 0x2104, 0x10A2, 0x1082,
  0x1061, 0x1061, 0x20E3, 0x18C3, 0x18A2, 0x1062, 0x18C3, 0x1082, 0x10A2, 0x0841, 0x18C3, 0x10A3,
  0x18C3, 0x10A3, 0x20E4, 0x10A3, 0x1082, 0x18C3, 0x18C3, 0x1082, 0x1082, 0x20E4, 0x18A3, 0x18C3,
  0x18C3, 0x1082, 0x20E4, 0x1082, 0x20E4, 0x18C3, 0x18C3, 0x0841, 0x0021, 0x1082, 0x1062, 0x2925,
  0x18C3, 0x18C3, 0x18E3, 0x18E4, 0x2925, 0x10A2, 0x1082, 0x1082, 0x10A2, 0x1062, 0x0861, 0x1082,
  0x1082, 0x18E4, 0x18C3, 0x18A3, 0x20C3, 0x18C3, 0x18A2, 0x18A2, 0x20E3, 0x18C3, 0x18C2, 0x20E3,
  0x1082, 0x18A2, 0x18A2, 0x20E3, 0x18C3, 0x1061, 0x18A2, 0x20E3, 0x18C2, 0x20E3, 0x18C2, 0x0861,
  0x0841, 0x1061, 0x18A2, 0x1082, 0x1061, 0x1061, 0x1881, 0x18A2, 0x28E3, 0x28E3, 0x28E3, 0x20C2,
  0x18A2, 0x18A2, 0x20A2, 0x20A2, 0x28E3, 0x28E3, 0x20A2, 0x20C3, 0x7BCF, 0x8410, 0x9492, 0xAD56,
  0xB5B8, 0xB5B8, 0xB5B8, 0xB5B8, 0xB5B8, 0xB5B8, 0xB5B8, 0xAD97, 0xB597, 0xAD97, 0xB597, 0xB5B7,
  0xB5B8, 0xB5B8, 0xB5B8, 0xB5D8, 0xAD97, 0xA515, 0x9473, 0x9473, 0x6AEC, 0x3986, 0x3965, 0x3104,
  0x1882, 0x2082, 0x2060, 0x8B0A, 0xAC0D, 0xB46F, 0xBC8F, 0xC4D0, 0xC4F0, 0xC4D0, 0xBCD0, 0xC4F0,
  0xCD11, 0xC4D0, 0xC4F0, 0xCD11, 0xCD31, 0xC4F0, 0xCD11, 0xCD11, 0xCD52, 0xD573, 0xD573, 0xD593,
  0xCD72, 0xD5B3, 0xCD73, 0xD5B4, 0xD5B4, 0xD5B4, 0xD593, 0xCD52, 0xCD53, 0xCD11, 0xBC8F, 0xC4B0,
  0xB44E, 0xBC6F, 0xB44E, 0xAC2E, 0xA3AC, 0x9BAC, 0x936B, 0x9BAC, 0x934B, 0x936B, 0x9B6B, 0x934B,
  0x8B2A, 0x82C9, 0x8B2A, 0x8B09, 0x934B, 0x938B, 0x9BAC, 0xAC2E, 0xAC4E, 0xB46F, 0xBCB0, 0xBCD0,
  0xBCB0, 0xAC2E, 0xB44E, 0xB44E, 0xBC8F, 0xC4D0, 0xC4F1, 0xC4D0, 0xBC8F, 0xBCB0, 0xBCB0, 0xBC8F,
  0xBC8F, 0xBC6E, 0xABED, 0xAC0D, 0xB42E, 0xABED, 0xA3AC, 0x9B8B, 0x9B6B, 0x9B6B, 0x9B4A, 0x9329,
  0x9B4A, 0x9B4A, 0x9B4A, 0x934A, 0x82E9, 0x7226, 0x82A8, 0x82C8, 0x7A88, 0x6A26, 0x6A26, 0x6A06,
  0x61E6, 0x59C5, 0x59C5, 0x4144, 0x4964, 0x4123, 0x4144, 0x4144, 0x4124, 0x3924, 0x3903, 0x3944,
  0x20A2, 0x18A2, 0x20E3, 0x18A3, 0x2104, 0x10A2, 0x3165, 0x18E3, 0x1062, 0x18C3, 0x18A2, 0x1082,
  0x0841, 0x1061, 0x20E3, 0x20E4, 0x1082, 0x1082, 0x18A3, 0x1082, 0x1082, 0x0841, 0x10A3, 0x18C3,
  0x18C3, 0x18A3, 0x20E4, 0x18C3, 0x1082, 0x1082, 0x18E3, 0x18C3, 0x1082, 0x18E3, 0x18A3, 0x18E3,
  0x18C3, 0x1082, 0x2104, 0x18A2, 0x20E4, 0x10A2, 0x18A3, 0x0841, 0x0020, 0x1082, 0x0862, 0x2104,
  0x18E3, 0x1082, 0x20E4, 0x18C3, 0x2925, 0x18C3, 0x10A3, 0x1082, 0x1082, 0x1082, 0x0862, 0x0862,
  0x1082, 0x18A3, 0x2104, 0x18A2, 0x18A2, 0x18A2, 0x18C3, 0x18A2, 0x18C3, 0x20E3, 0x18A2, 0x20E3,
  0x18A2, 0x1882, 0x18A2, 0x18C2, 0x20E3, 0x1061, 0x1082, 0x20E3, 0x18C2, 0x20C3, 0x20E3, 0x1061,
  0x1061, 0x0841, 0x1882, 0x1882, 0x1081, 0x1061, 0x1081, 0x1881, 0x28E3, 0x28E3, 0x28E3, 0x2903,
  0x20A2, 0x18A2, 0x18A2, 0x20A2, 0x28E3, 0x28E3, 0x20A2, 0x20A2, 0x6B0C, 0x8C31, 0x8C72, 0xAD56,
  0xB5B8, 0xB5B8, 0xB5B8, 0xB5B8, 0xB5B8, 0xB5B7, 0xAD97, 0xAD97, 0xAD97, 0xAD97, 0xAD97, 0xB5B8,
  0xB5B8, 0xB5B8, 0xB5D8, 0xB5B8, 0xA515, 0xA536, 0x8C72, 0x9CF4, 0x6AEC, 0x41A7, 0x3985, 0x28E3,
  0x1881, 0x20A2, 0x2080, 0x8B0A, 0xAC0D, 0xB46E, 0xBC8F, 0xC4D0, 0xC4F0, 0xC4D0, 0xBCD0, 0xC4F0,
  0xCD11, 0xC4F0, 0xCD11, 0xCD11, 0xCD31, 0xCD11, 0xCD31, 0xCD52, 0xCD52, 0xD572, 0xD593, 0xD593,
  0xD593, 0xD5B3, 0xD573, 0xD593, 0xCD73, 0xCD73, 0xCD72, 0xCD52, 0xCD32, 0xC511, 0xBC8F, 0xAC2E,
  0xB44E, 0xB44E, 0xB40E, 0xAC0D, 0xA3CC, 0xABED, 0x9B8C, 0xA3CC, 0x936B, 0xA3CC, 0x9B8B, 0x9B8B,
  0x934A, 0x936B, 0x9B8C, 0x938B, 0xA3ED, 0xAC2E, 0xB46F, 0xC4F0, 0xBCD0, 0xC4F0, 0xC511, 0xC511,
  0xC4F1, 0xBC8F, 0xB44E, 0xBC8F, 0xBC8F, 0xBC90, 0xBCB0, 0xC4F1, 0xC4F1, 0xC4D0, 0xC4D0, 0xC4D0,
  0xBCAF, 0xBC8F, 0xB46E, 0xB44E, 0xAC2D, 0xAC0D, 0xABED, 0xABEC, 0x9B8B, 0x9B6A, 0x9B4A, 0x9B6A,
  0x932A, 0x932A, 0x9B4A, 0x932A, 0x934A, 0x8AE9, 0x7246, 0x82A8, 0x7A88, 0x7A88, 0x6A26, 0x6A06,
  0x69E6, 0x61E6, 0x61E6, 0x59C5, 0x5185, 0x51A5, 0x5185, 0x51A5, 0x51A5, 0x4964, 0x4964, 0x4165,
  0x3103, 0x20C3, 0x2904, 0x20C3, 0x18C3, 0x10A2, 0x2924, 0x2104, 0x1061, 0x18C3, 0x10A2, 0x1082,
  0x0841, 0x1061, 0x18A2, 0x2104, 0x1882, 0x18A2, 0x10A2, 0x1082, 0x1082, 0x0841, 0x1082, 0x18C3,
  0x18C3, 0x18A3, 0x18E3, 0x20E4, 0x10A3, 0x1082, 0x18C3, 0x20E4, 0x18C3, 0x18C3, 0x18C3, 0x18C3,
  0x10A3, 0x10A2, 0x18E3, 0x18A3, 0x2104, 0x18C3, 0x18A3, 0x0841, 0x0021, 0x1082, 0x1082, 0x18E3,
  0x20E4, 0x1082, 0x2104, 0x18C3, 0x2924, 0x18C3, 0x18C3, 0x1082, 0x1082, 0x1082, 0x1082, 0x0861,
  0x1082, 0x1082, 0x2104, 0x18C3, 0x1082, 0x10A2, 0x10A2, 0x18C3, 0x1082, 0x20E3, 0x18A2, 0x18C2,
  0x18C3, 0x1082, 0x18A2, 0x18C2, 0x2103, 0x1082, 0x0841, 0x20E3, 0x20E3, 0x18C2, 0x20E3, 0x1082,
  0x1061, 0x0841, 0x1061, 0x18A2, 0x1081, 0x1041, 0x1061, 0x1881, 0x20C2, 0x2903, 0x28E3, 0x2903,
  0x20A2, 0x1882, 0x20A2, 0x1882, 0x20C3, 0x28E3, 0x20C2, 0x20A2, 0x4A08, 0x8C51, 0x9472, 0xAD55,
  0xB5B8, 0xB5B8, 0xB5B8, 0xB5B8, 0xB5B8, 0xB597, 0xB597, 0xAD97, 0xAD97, 0xAD97, 0xB5B8, 0xB5B8,
  0xB5B8, 0xB5B8, 0xB5D8, 0xAD97, 0xA536, 0xA516, 0x9473, 0x9CF4, 0x736E, 0x49E8, 0x3965, 0x28C3,
  0x2082, 0x2081, 0x28A1, 0x8309, 0xABED, 0xB46F, 0xBCAF, 0xC4F0, 0xC511, 0xC4F0, 0xC4D0, 0xC4D0,
  0xCD11, 0xC4F0, 0xC4F0, 0xC4F1, 0xCD31, 0xC4F1, 0xCD32, 0xCD52, 0xCD52, 0xD572, 0xD573, 0xD593,
  0xD5B3, 0xD5B3, 0xD593, 0xCD72, 0xCD52, 0xCD72, 0xCD52, 0xCD32, 0xC4F1, 0xBCD0, 0xB46F, 0xA3CD,
  0xAC0D, 0xAC0D, 0xAC0D, 0xAC0D, 0xAC0D, 0xA3CC, 0x9B8C, 0xA3AC, 0x936B, 0xABED, 0x934B, 0x9BAC,
  0x936B, 0x9BAC, 0xAC2E, 0xAC2E, 0xB46F, 0xBCF0, 0xC511, 0xC4F1, 0xC511, 0xCD32, 0xCD32, 0xCD32,
  0xC511, 0xC4F1, 0xB48F, 0xB46F, 0xC4D0, 0xC4D0, 0xC4D0, 0xBCB0, 0xC4B0, 0xC4B0, 0xC4D0, 0xC4D0,
  0xBCB0, 0xB46F, 0xB46E, 0xB44E, 0xB42D, 0xB40D, 0xAC0D, 0xABCC, 0xA3AC, 0xA38B, 0x9B6A, 0x9B6A,
  0x9B4A, 0x932A, 0x932A, 0x934A, 0x932A, 0x9309, 0x8AC8, 0x7A47, 0x82C8, 0x82A8, 0x7267, 0x6A26,
  0x6A06, 0x6A06, 0x6A06, 0x6A06, 0x5185, 0x61E6, 0x6206, 0x6206, 0x6227, 0x59E6, 0x51C5, 0x51C6,
  0x3944, 0x28E3, 0x2924, 0x20E3, 0x18A2, 0x18A2, 0x2104, 0x2945, 0x18A3, 0x1082, 0x10A2, 0x18A2,
  0x1061, 0x1061, 0x1082, 0x2104, 0x1882, 0x18C3, 0x10A2, 0x1082, 0x1082, 0x0841, 0x1082, 0x18C3,
  0x10A3, 0x18C3, 0x18A3, 0x18E3, 0x18A3, 0x1082, 0x10A3, 0x10A3, 0x18C3, 0x2104, 0x18E4, 0x18E4,
  0x1082, 0x1082, 0x18C3, 0x18C3, 0x2104, 0x18E4, 0x18A3, 0x0861, 0x0021, 0x1082, 0x10A3, 0x18C3,
  0x2124, 0x0841, 0x18C3, 0x18C3, 0x2924, 0x18C3, 0x18C3, 0x1082, 0x1082, 0x1082, 0x1082, 0x0841,
  0x1082, 0x1082, 0x18C3, 0x2104, 0x1062, 0x10A2, 0x1082, 0x18C3, 0x1882, 0x18C3, 0x18C3, 0x18C2,
  0x18C3, 0x1882, 0x18A2, 0x18C2, 0x2124, 0x18A2, 0x0841, 0x18A2, 0x2104, 0x20C3, 0x2103, 0x18A2,
  0x1061, 0x1061, 0x1041, 0x18A2, 0x1882, 0x1061, 0x1041, 0x1881, 0x18A2, 0x2903, 0x28E3, 0x2903,
  0x20C3, 0x1882, 0x20A2, 0x18A2, 0x20A2, 0x28E3, 0x20C2, 0x20C2, 0x3165, 0x7BCF, 0x9492, 0x9CF4,
  0xB5B8, 0xB5B8, 0xB5B8, 0xB597, 0xAD97, 0xAD97, 0xAD97, 0xAD97, 0xAD97, 0xB5B7, 0xB5B8, 0xB5B8,
  0xB5D8, 0xB5D8, 0xB5B8, 0xAD77, 0xAD77, 0xA515, 0x9493, 0x9CB4, 0x6B0D, 0x49C7, 0x3945, 0x28C3,
  0x1882, 0x1861, 0x28A1, 0x830A, 0xA3ED, 0xB46E, 0xBCAF, 0xC4F0, 0xC511, 0xC4F1, 0xBCB0, 0xC4D0,
  0xCD11, 0xC4F1, 0xC511, 0xCD11, 0xCCF1, 0xCD11, 0xCD52, 0xCD52, 0xCD52, 0xD573, 0xD593, 0xD593,
  0xD593, 0xD593, 0xCD73, 0xCD72, 0xD593, 0xCD52, 0xCD31, 0xC531, 0xBCD0, 0xC4D0, 0xB44E, 0xA3CC,
  0xA3CD, 0xABED, 0xA3CC, 0xA3CC, 0xABED, 0x9B8B, 0xA3CC, 0x936B, 0xA3CC, 0xA3CC, 0x9B8B, 0xA3ED,
  0xA3ED, 0xAC4E, 0xB48F, 0xBCD0, 0xC4F0, 0xC511, 0xC511, 0xC511, 0xCD52, 0xD573, 0xCD52, 0xC511,
  0xC4F1, 0xC531, 0xCD52, 0xBCB0, 0xBCB0, 0xC4D0, 0xC4F1, 0xC4F1, 0xC4D0, 0xC4D0, 0xC4AF, 0xC4AF,
  0xC4AF, 0xC4AF, 0xC48F, 0xBC6E, 0xBC6F, 0xBC6E, 0xB42D, 0xABED, 0xABED, 0xABEC, 0xA3CC, 0xA3AB,
  0xA3AB, 0x9B8B, 0x9B6B, 0x9B4A, 0x932A, 0x9309, 0x9309, 0x8AC8, 0x7A67, 0x8AE9, 0x82C8, 0x7A88,
  0x7247, 0x7227, 0x61E6, 0x6206, 0x61E6, 0x61E6, 0x6A47, 0x7247, 0x6A27, 0x6A47, 0x6206, 0x59E6,
  0x49A5, 0x3944, 0x3104, 0x2924, 0x10A2, 0x18C3, 0x20E3, 0x3166, 0x2924, 0x1082, 0x18C3, 0x20E3,
  0x1061, 0x1061, 0x1061, 0x18C3, 0x18A2, 0x18C3, 0x1082, 0x1082, 0x1082, 0x0861, 0x0862, 0x20E4,
  0x1082, 0x18C3, 0x10A2, 0x18C3, 0x10A3, 0x10A2, 0x10A2, 0x10A3, 0x1082, 0x18E4, 0x2104, 0x18E4,
  0x1082, 0x1062, 0x18C3, 0x18E4, 0x2104, 0x18E4, 0x1082, 0x1062, 0x0841, 0x0862, 0x10A3, 0x10A3,
  0x2104, 0x1062, 0x20E4, 0x2104, 0x2925, 0x2104, 0x18A2, 0x18C3, 0x10A2, 0x1082, 0x10A2, 0x0841,
  0x0882, 0x0862, 0x10A2, 0x18E3, 0x10A2, 0x10A2, 0x18A2, 0x1082, 0x1882, 0x18A2, 0x18A2, 0x18A2,
  0x20E3, 0x18A2, 0x18C2, 0x20C3, 0x2903, 0x2924, 0x0841, 0x1061, 0x20E3, 0x20E3, 0x18C3, 0x20E3,
  0x1061, 0x1061, 0x1041, 0x1082, 0x1882, 0x1082, 0x1041, 0x1061, 0x1881, 0x28E3, 0x28E3, 0x28E3,
  0x2903, 0x20A2, 0x20A2, 0x20A2, 0x18A2, 0x28E3, 0x28E3, 0x20C2, 0x2904, 0x62EC, 0x9492, 0x94B3,
  0xAD97, 0xAD97, 0xB597, 0xAD97, 0xAD97, 0xAD97, 0xAD97, 0xB597, 0xB5B7, 0xB5B8, 0xB5B8, 0xB5D8,
  0xB5D8, 0xB5D8, 0xB597, 0xB597, 0xB577, 0xA536, 0x94B4, 0x9CB4, 0x62CC, 0x49E7, 0x3945, 0x28C3,
  0x1882, 0x1861, 0x30C2, 0x832A, 0xA40D, 0xB46F, 0xBCB0, 0xC4F0, 0xC511, 0xC4F1, 0xBCAF, 0xC4D0,
  0xCD11, 0xC4F1, 0xC4F0, 0xCD11, 0xCD11, 0xCD31, 0xCD31, 0xCD52, 0xD552, 0xCD72, 0xD593, 0xD593,
  0xD593, 0xD5B3, 0xD593, 0xCD32, 0xCD52, 0xCD72, 0xCD31, 0xBCF0, 0xC4D0, 0xBC8F, 0xB48F, 0xA3ED,
  0xAC0D, 0xA3CC, 0xA3CC, 0xA3CC, 0xA3CC, 0x9BAC, 0xAC0D, 0x9B8B, 0xA3ED, 0xA3CC, 0xAC0D, 0xB44E,
  0xB46E, 0xBCB0, 0xC4F1, 0xCD32, 0xCD31, 0xC511, 0xCD32, 0xCD72, 0xCD52, 0xC511, 0xC531, 0xCD52,
  0xCD32, 0xCD32, 0xCD31, 0xC4F1, 0xBC6F, 0xBC6F, 0xBC8F, 0xC4AF, 0xBC6E, 0xBC6F, 0xBC6F, 0xBC6E,
  0xB44E, 0xBC6E, 0xBC6E, 0xBC6E, 0xB44E, 0xBC6E, 0xB44E, 0xB44E, 0xB44E, 0xB42E, 0xABEC, 0xABEC,
  0xA3CC, 0xA3AC, 0xA3AC, 0xA3AB, 0x9B4A, 0x934A, 0x932A, 0x932A, 0x8AE9, 0x82A8, 0x8B09, 0x82C8,
  0x82A8, 0x7A87, 0x7247, 0x61E6, 0x6A07, 0x59C5, 0x7267, 0x7A87, 0x7267, 0x6A47, 0x6A67, 0x6226,
  0x5A07, 0x49A6, 0x3124, 0x3165, 0x18C3, 0x18A2, 0x18C3, 0x2945, 0x2925, 0x10A2, 0x10A2, 0x2104,
  0x1062, 0x1061, 0x0841, 0x18A3, 0x18C3, 0x20E3, 0x1082, 0x10A3, 0x1082, 0x10A3, 0x0841, 0x20E4,
  0x18C3, 0x18A3, 0x1082, 0x10A3, 0x1082, 0x10A2, 0x1082, 0x10A3, 0x1082, 0x18A3, 0x20E4, 0x20C4,
  0x1082, 0x1062, 0x20E4, 0x20E4, 0x20E4, 0x20E4, 0x10A2, 0x1082, 0x0841, 0x0841, 0x10A3, 0x1083,
  0x18E4, 0x1082, 0x18C3, 0x2125, 0x2124, 0x20E3, 0x10A2, 0x18C3, 0x10A2, 0x1082, 0x10A2, 0x0841,
  0x0862, 0x0862, 0x10A2, 0x10A2, 0x18E3, 0x1062, 0x18C3, 0x10A2, 0x1882, 0x1082, 0x18A2, 0x1082,
  0x18C2, 0x20E3, 0x18A2, 0x20E3, 0x20E3, 0x2944, 0x1061, 0x0841, 0x18A2, 0x20E3, 0x18C3, 0x2104,
  0x1061, 0x1061, 0x1061, 0x1061, 0x18A2, 0x1061, 0x1081, 0x1061, 0x1081, 0x20C2, 0x2903, 0x28E2,
  0x28E3, 0x20C2, 0x20A2, 0x20A2, 0x20A2, 0x20E3, 0x20E3, 0x28E3, 0x2903, 0x5269, 0x8C31, 0x9493,
  0xAD97, 0xAD97, 0xAD97, 0xAD97, 0xAD97, 0xB597, 0xB597, 0xB597, 0xB5B8, 0xB5B8, 0xB5B8, 0xB5D8,
  0xB5D8, 0xB5B8, 0xAD77, 0xB597, 0xB5B8, 0xB597, 0xA515, 0x9CD4, 0x5AAB, 0x41A7, 0x3145, 0x28C3,
  0x2082, 0x1861, 0x28C2, 0x830A, 0xA40D, 0xB46F, 0xBCB0, 0xC4F0, 0xC511, 0xC511, 0xBCD0, 0xC4D0,
  0xCD11, 0xC4F0, 0xC4F0, 0xCD11, 0xCD11, 0xCD31, 0xCD32, 0xCD52, 0xCD52, 0xD552, 0xD573, 0xD573,
  0xD593, 0xD593, 0xD573, 0xCD52, 0xCD32, 0xCD31, 0xC4F1, 0xC4D0, 0xBCB0, 0xB46F, 0xBCAF, 0xAC2E,
  0xB42E, 0xA3CC, 0xA3CC, 0xA3CC, 0xABED, 0xA3EC, 0xABED, 0xA3CC, 0xAC2E, 0xAC0E, 0xAC4E, 0xBCB0,
  0xBCB0, 0xC4D0, 0xC511, 0xCD52, 0xC4F1, 0xC511, 0xCD32, 0xCD32, 0xCD31, 0xCD32, 0xCD31, 0xCD52,
  0xCD32, 0xC511, 0xCD11, 0xC4D1, 0xC4B0, 0xBC6E, 0xB40D, 0xB42E, 0xBC8F, 0xC4D0, 0xC4D0, 0xC4B0,
  0xBC6F, 0xBC6F, 0xBC8F, 0xBC8F, 0xBC6E, 0xBC6E, 0xBC6E, 0xB42D, 0xB42D, 0xAC0D, 0xABEC, 0xABCC,
  0xABEC, 0xABCC, 0xA3AC, 0xA38B, 0x9B6B, 0x9B4A, 0x932A, 0x932A, 0x932A, 0x9309, 0x82C8, 0x8AE9,
  0x8AE9, 0x8AC9, 0x7A87, 0x7247, 0x6A06, 0x59A5, 0x6A26, 0x7A88, 0x7A88, 0x7A88, 0x7288, 0x6A67,
  0x6227, 0x5A07, 0x3965, 0x3125, 0x20E4, 0x1062, 0x1082, 0x2945, 0x2925, 0x18E3, 0x10A2, 0x2104,
  0x10A2, 0x1062, 0x1061, 0x1882, 0x18A3, 0x20E4, 0x10A3, 0x10A2, 0x0862, 0x18C3, 0x0821, 0x18C3,
  0x18E4, 0x18A3, 0x1062, 0x1082, 0x10A3, 0x10A3, 0x1082, 0x1082, 0x1082, 0x18A3, 0x18C3, 0x20C4,
  0x18A3, 0x1082, 0x20E4, 0x2104, 0x20E4, 0x2104, 0x1082, 0x1082, 0x0862, 0x0841, 0x10A3, 0x1083,
  0x18E4, 0x18C3, 0x10A3, 0x2945, 0x20E4, 0x20E4, 0x18A3, 0x10A2, 0x18E3, 0x1082, 0x1082, 0x0882,
  0x0861, 0x1062, 0x1082, 0x1082, 0x18E3, 0x1082, 0x10A2, 0x10A2, 0x1082, 0x1082, 0x18A2, 0x18A2,
  0x1882, 0x20E3, 0x18C2, 0x18A2, 0x20E3, 0x2924, 0x18C3, 0x0841, 0x1061, 0x20E3, 0x20C3, 0x20E3,
  0x18A2, 0x1041, 0x1082, 0x1061, 0x18A2, 0x1061, 0x1061, 0x1061, 0x1061, 0x1881, 0x28E3, 0x2903,
  0x20C2, 0x20E3, 0x1882, 0x20A2, 0x20A2, 0x20C2, 0x20C3, 0x28E3, 0x28E3, 0x49E7, 0x8C31, 0x9CB3,
  0xAD97, 0xAD97, 0xAD97, 0xAD97, 0xAD97, 0xB597, 0xB597, 0xB597, 0xB5B8, 0xB5B8, 0xB5B8, 0xB5D8,
  0xB5D8, 0xAD98, 0xB597, 0xB597, 0xB5B8, 0xB577, 0xAD57, 0x9CD4, 0x62EC, 0x41A6, 0x3124, 0x28C3,
  0x20A2, 0x1861, 0x28C2, 0x8B4B, 0xA40D, 0xB46F, 0xBCB0, 0xC4F0, 0xC4F1, 0xC511, 0xC4F0, 0xC4F1,
  0xCD11, 0xCD11, 0xC4D0, 0xCD11, 0xCD11, 0xCD11, 0xCD52, 0xCD52, 0xCD52, 0xCD32, 0xCD52, 0xD572,
  0xD593, 0xD572, 0xCD52, 0xC511, 0xCD32, 0xCD32, 0xBCD0, 0xBCB0, 0xB46F, 0xB46F, 0xBC6F, 0xB46E,
  0xB42E, 0xAC0D, 0xAC0D, 0xA3ED, 0xB42D, 0xA3ED, 0xAC0D, 0xB44E, 0xB44E, 0xAC2E, 0xB46F, 0xC4B0,
  0xC4D0, 0xCD11, 0xCD11, 0xC4F1, 0xC511, 0xCD31, 0xCD32, 0xCD52, 0xCD31, 0xCD52, 0xCD31, 0xCD32,
  0xCD32, 0xCD31, 0xCD11, 0xC4D0, 0xC4D0, 0xC4B0, 0xBC6F, 0xBC6E, 0xBC4E, 0xBC6E, 0xBC4E, 0xB44E,
  0xB44E, 0xBC4E, 0xBC6E, 0xBC6E, 0xB44E, 0xB42D, 0xB42E, 0xAC0D, 0xAC0D, 0xABED, 0xABEC, 0xA38B,
  0xA3AC, 0xA38B, 0xA38B, 0x9B6B, 0x9B6B, 0x9B6B, 0x9B4A, 0x9B4A, 0x9B4A, 0x932A, 0x9309, 0x8AC8,
  0x8AC9, 0x8AE9, 0x82A8, 0x7267, 0x7247, 0x6206, 0x61E5, 0x7A87, 0x7AA8, 0x7AA8, 0x7A88, 0x7288,
  0x6247, 0x5A27, 0x49A6, 0x3104, 0x2904, 0x1882, 0x1082, 0x2104, 0x2925, 0x2124, 0x10A2, 0x20C3,
  0x18C3, 0x0841, 0x1062, 0x1082, 0x20C3, 0x20E3, 0x18C3, 0x1082, 0x0861, 0x10C3, 0x0841, 0x10A2,
  0x2104, 0x18C3, 0x1082, 0x1062, 0x18A3, 0x10A3, 0x1082, 0x10A2, 0x1062, 0x18A3, 0x18A3, 0x18C3,
  0x18C3, 0x18A3, 0x2104, 0x20E4, 0x2104, 0x2945, 0x10A2, 0x0882, 0x0862, 0x0821, 0x1082, 0x18A3,
  0x18C3, 0x18E4, 0x10A3, 0x2945, 0x2104, 0x18C3, 0x20E4, 0x1062, 0x2104, 0x1082, 0x1082, 0x10A2,
  0x0861, 0x1082, 0x1062, 0x1082, 0x18C3, 0x18A2, 0x1082, 0x10A2, 0x10A2, 0x1061, 0x10A2, 0x18A2,
  0x18A2, 0x18A2, 0x20E3, 0x1082, 0x18A3, 0x2103, 0x2103, 0x1061, 0x0841, 0x18A2, 0x20E3, 0x20E3,
  0x2104, 0x1061, 0x1061, 0x1061, 0x10A2, 0x1082, 0x1061, 0x1041, 0x1061, 0x1061, 0x20A2, 0x2903,
  0x28E3, 0x20C3, 0x20A2, 0x1882, 0x20A2, 0x20C2, 0x20C2, 0x2904, 0x2903, 0x41A6, 0x83F0, 0x9CD4,
  0xAD77, 0xAD97, 0xAD97, 0xAD97, 0xB597, 0xB597, 0xB597, 0xB5B8, 0xB5B8, 0xB5B8, 0xB5B8, 0xB5B8,
  0xB5B8, 0xAD77, 0xB597, 0xB597, 0xB5B8, 0xAD77, 0xAD77, 0x9CF5, 0x736E, 0x41E7, 0x3104, 0x28C3,
  0x20A2, 0x1861, 0x3903, 0x938C, 0xAC2E, 0xAC6F, 0xBCD0, 0xC4F0, 0xC4F1, 0xCD31, 0xC4F1, 0xC4F0,
  0xC4F1, 0xC4F0, 0xC4D0, 0xC4D0, 0xC4F0, 0xCD31, 0xCD32, 0xCD52, 0xCD52, 0xCD52, 0xD572, 0xD573,
  0xD573, 0xD573, 0xD552, 0xC511, 0xC4F1, 0xCD11, 0xCD11, 0xBC8F, 0xB46E, 0xB44E, 0xAC2E, 0xB44E,
  0xB44E, 0xAC2D, 0xAC0D, 0xAC2D, 0xB44E, 0xAC0D, 0xAC2E, 0xBC6F, 0xB46E, 0xB46E, 0xBC8F, 0xC4B0,
  0xC4D0, 0xC4F0, 0xC4F0, 0xC4F0, 0xCD11, 0xCD32, 0xCD32, 0xCD31, 0xCD31, 0xC511, 0xC511, 0xC511,
  0xCD31, 0xCD11, 0xCCF1, 0xBCB0, 0xC4D0, 0xC4D0, 0xC4B0, 0xBC4E, 0xB42D, 0xBC4E, 0xBC4E, 0xBC4E,
  0xBC6E, 0xB42E, 0xB44E, 0xBC4E, 0xB42E, 0xB42D, 0xB40D, 0xB40D, 0xB42D, 0xABED, 0xABCC, 0xABCC,
  0xA38B, 0xABCC, 0xA3AC, 0xA38B, 0xA38B, 0x9B6B, 0x9B6A, 0x9B6B, 0x9B6A, 0x934A, 0x9B4A, 0x932A,
  0x82A8, 0x8AC9, 0x8AE9, 0x82A8, 0x7A67, 0x6A27, 0x61E5, 0x7247, 0x7A88, 0x7AA8, 0x7AA8, 0x7288,
  0x6A68, 0x6248, 0x51E7, 0x3104, 0x2904, 0x1882, 0x1882, 0x20E4, 0x2925, 0x2945, 0x18C3, 0x18A3,
  0x18C3, 0x0841, 0x1062, 0x1062, 0x18A3, 0x18C3, 0x20E4, 0x1082, 0x1082, 0x1082, 0x1082, 0x0862,
  0x18E4, 0x18C3, 0x10A3, 0x1082, 0x18C3, 0x10A3, 0x1082, 0x10A3, 0x1062, 0x18C3, 0x18C3, 0x18C3,
  0x20E4, 0x18C3, 0x2925, 0x20E4, 0x20E4, 0x2925, 0x18C3, 0x0862, 0x0862, 0x0021, 0x1082, 0x1083,
  0x18A3, 0x18C3, 0x10A2, 0x2945, 0x20E4, 0x18A3, 0x18C3, 0x1082, 0x20E3, 0x18C3, 0x1082, 0x10A2,
  0x1062, 0x10A2, 0x1062, 0x1082, 0x1082, 0x18A3, 0x1082, 0x1082, 0x10A2, 0x1061, 0x10A2, 0x18C3,
  0x18A2, 0x10A2, 0x20E3, 0x18A2, 0x18A2, 0x20C3, 0x2904, 0x18C2, 0x0841, 0x1081, 0x18C3, 0x18A3,
  0x2904, 0x1882, 0x0841, 0x1061, 0x1081, 0x18A2, 0x1061, 0x1061, 0x0841, 0x1081, 0x1881, 0x2903,
  0x28E3, 0x28E3, 0x20A2, 0x1861, 0x20A2, 0x20C2, 0x20A2, 0x2903, 0x3124, 0x3145, 0x7BAE, 0x9CD4,
  0xAD77, 0xAD97, 0xAD97, 0xB597, 0xB597, 0xB597, 0xB597, 0xB5B8, 0xB5B8, 0xB5B8, 0xB5B8, 0xB5B8,
  0xB5B8, 0xAD77, 0xB577, 0xB598, 0xB598, 0xB597, 0xB597, 0xA516, 0x7BAF, 0x4A08, 0x2904, 0x28C3,
  0x20A2, 0x1861, 0x3943, 0x93AC, 0xAC4E, 0xB48F, 0xBCAF, 0xC4F0, 0xC4F1, 0xC511, 0xC511, 0xC511,
  0xC4F0, 0xC4F1, 0xC4D0, 0xCD11, 0xCD11, 0xCD11, 0xCD32, 0xCD52, 0xCD52, 0xCD52, 0xD572, 0xD572,
  0xD572, 0xCD52, 0xCD52, 0xCD52, 0xC4F0, 0xBCB0, 0xBCB0, 0xC4D0, 0xB46F, 0xBC6F, 0xB46F, 0xB44E,
  0xB44E, 0xB42E, 0xB44E, 0xB44E, 0xB44E, 0xB46E, 0xB46E, 0xBCAF, 0xBC8F, 0xBC8F, 0xC4B0, 0xC4D0,
  0xC4D0, 0xC4D0, 0xC4D0, 0xC4F1, 0xCD11, 0xCD31, 0xC511, 0xCD31, 0xCD31, 0xC511, 0xCD52, 0xCD32,
  0xC511, 0xC4D0, 0xC4D0, 0xC4F1, 0xCCF1, 0xC4AF, 0xC4B0, 0xC48F, 0xB44E, 0xBC4E, 0xB42E, 0xBC4E,
  0xBC4E, 0xB42E, 0xB40D, 0xB40D, 0xABED, 0xABED, 0xABCC, 0xA38B, 0xA3AC, 0xABCC, 0xABCC, 0xABEC,
  0xA3AC, 0xA38B, 0xABCC, 0xA3AC, 0xA38B, 0x9B6B, 0x9B6B, 0xA36B, 0x9B6A, 0x9B4A, 0x932A, 0x9B4A,
  0x932A, 0x8AC8, 0x8AC9, 0x8AE9, 0x7AA8, 0x7247, 0x7247, 0x6A26, 0x7247, 0x7AA8, 0x7AA8, 0x7AA8,
  0x6A67, 0x6A68, 0x5A27, 0x3944, 0x3124, 0x20C3, 0x1882, 0x20C3, 0x20E4, 0x2925, 0x18C3, 0x18C3,
  0x18E3, 0x0841, 0x1062, 0x1041, 0x18C3, 0x20E3, 0x20C3, 0x1082, 0x1082, 0x0862, 0x1082, 0x0842,
  0x2104, 0x18C3, 0x18C4, 0x1082, 0x10A3, 0x18E4, 0x1082, 0x10A3, 0x1062, 0x18A3, 0x18C3, 0x18C3,
  0x20E4, 0x20E4, 0x2945, 0x20E4, 0x2104, 0x2124, 0x18E3, 0x0841, 0x0862, 0x0020, 0x1062, 0x1082,
  0x18C3, 0x10A3, 0x18A3, 0x2925, 0x20E4, 0x18A3, 0x18C3, 0x10A2, 0x1082, 0x18E4, 0x1062, 0x1082,
  0x1062, 0x10A2, 0x1062, 0x1082, 0x1082, 0x1082, 0x0861, 0x1082, 0x10A2, 0x1061, 0x1061, 0x20E3,
  0x18A2, 0x18A2, 0x18A2, 0x18C3, 0x10A2, 0x18A2, 0x2103, 0x20E3, 0x1081, 0x1061, 0x18A3, 0x18A2,
  0x2103, 0x18C3, 0x1061, 0x1061, 0x1061, 0x18A2, 0x1061, 0x1061, 0x0841, 0x1081, 0x1061, 0x20C2,
  0x2903, 0x28E3, 0x20C2, 0x18A2, 0x20A2, 0x20C2, 0x20A2, 0x28E3, 0x3124, 0x2904, 0x734D, 0x9CF4,
  0xAD77, 0xAD97, 0xAD97, 0xB597, 0xB597, 0xB597, 0xB597, 0xB598, 0xB5B8, 0xB5B8, 0xB5B8, 0xB5B8,
  0xAD97, 0xB597, 0xAD77, 0xB5B8, 0xB597, 0xB598, 0xB597, 0xAD36, 0x7B8E, 0x4A08, 0x28E4, 0x28C3,
  0x20A2, 0x1861, 0x4165, 0x93AD, 0xAC4E, 0xB46F, 0xBCAF, 0xC4F0, 0xC4F0, 0xC511, 0xC511, 0xC4F0,
  0xC4D0, 0xC4D0, 0xC4CF, 0xC4F0, 0xCCF0, 0xC4F1, 0xCD31, 0xCD52, 0xCD52, 0xD572, 0xD552, 0xD572,
  0xD572, 0xD573, 0xCD52, 0xCD52, 0xCD32, 0xC511, 0xBCB0, 0xBC8F, 0xBC8F, 0xB44E, 0xBC6F, 0xB44E,
  0xB46E, 0xB46E, 0xB44E, 0xB46E, 0xBC6E, 0xBC8F, 0xBC8F, 0xBCAF, 0xBCAF, 0xBCAF, 0xC4AF, 0xC4D0,
  0xC4D0, 0xC4F0, 0xC4D0, 0xCD11, 0xCD11, 0xCD31, 0xCD31, 0xC511, 0xC4F1, 0xC511, 0xCD31, 0xCD11,
  0xCD32, 0xCCF1, 0xCCF1, 0xC4D0, 0xC4B0, 0xBCAF, 0xBCAF, 0xBC6E, 0xB44E, 0xB40D, 0xB40D, 0xB42E,
  0xBC4E, 0xB42D, 0xB42D, 0xBC4E, 0xB42D, 0xB40D, 0xAC0D, 0xAC0D, 0xA3AC, 0xA3AB, 0xABCC, 0xABEC,
  0xABCC, 0xA38B, 0xA3AC, 0xA3AC, 0xA38B, 0x9B6B, 0x9B6B, 0x9B6A, 0x9B4A, 0x9B4A, 0x932A, 0x934A,
  0x9329, 0x9309, 0x82C8, 0x8AE9, 0x82C9, 0x7AA8, 0x7247, 0x7267, 0x7246, 0x7267, 0x7AA8, 0x7AA8,
  0x7288, 0x6A68, 0x6248, 0x4185, 0x3145, 0x20C3, 0x18A3, 0x20E4, 0x20E4, 0x2925, 0x20E4, 0x18C3,
  0x18E4, 0x0841, 0x0861, 0x1062, 0x18C3, 0x2925, 0x18C3, 0x18C3, 0x1082, 0x0862, 0x10A3, 0x0841,
  0x2104, 0x18C3, 0x18E4, 0x1083, 0x1082, 0x2104, 0x10A3, 0x1082, 0x1062, 0x18A3, 0x18A3, 0x20E4,
  0x20E4, 0x18C3, 0x2104, 0x2125, 0x18E4, 0x2124, 0x2124, 0x0861, 0x1082, 0x0021, 0x0862, 0x1062,
  0x18C3, 0x10A3, 0x18C3, 0x2904, 0x20E4, 0x18C3, 0x18C3, 0x18A3, 0x1082, 0x18C3, 0x10A3, 0x1082,
  0x1082, 0x1082, 0x1062, 0x10A3, 0x1082, 0x1082, 0x1061, 0x1061, 0x1082, 0x1082, 0x0841, 0x18A2,
  0x18C2, 0x1882, 0x1882, 0x18C3, 0x18A2, 0x1882, 0x20C3, 0x20E3, 0x18A2, 0x1082, 0x18A2, 0x18A2,
  0x20C3, 0x2103, 0x1061, 0x1041, 0x1061, 0x1081, 0x1081, 0x1061, 0x0841, 0x1061, 0x1061, 0x18A2,
  0x28E3, 0x28E3, 0x28C2, 0x20A2, 0x20A2, 0x20C2, 0x20A2, 0x28E3, 0x3124, 0x3124, 0x734D, 0x9CD3,
  0xAD77, 0xAD77, 0xB597, 0xB597, 0xB597, 0xB597, 0xB597, 0xB598, 0xB5B8, 0xB5B8, 0xB5B8, 0xB5B8,
  0xAD77, 0xB5B8, 0xB597, 0xB5B8, 0xAD77, 0xB5B8, 0xAD57, 0xA515, 0x734E, 0x4A08, 0x3104, 0x28C3,
  0x20A2, 0x1861, 0x51E6, 0x93AD, 0xAC2E, 0xB46F, 0xBCAF, 0xBCD0, 0xBCD0, 0xBCD0, 0xC4F0, 0xC4D0,
  0xC4D0, 0xC4D0, 0xC4D0, 0xC4F0, 0xCCF1, 0xCD11, 0xCD31, 0xCD31, 0xCD52, 0xCD72, 0xCD52, 0xCD52,
  0xCD52, 0xCD72, 0xCD52, 0xCD32, 0xCD31, 0xCD31, 0xC4D0, 0xBC8F, 0xB46E, 0xBC6F, 0xB44E, 0xB44E,
  0xB46F, 0xBC8F, 0xB46E, 0xBC8F, 0xBC8F, 0xBC8F, 0xC4AF, 0xC4AF, 0xC4AF, 0xBC8F, 0xC4AF, 0xC4AF,
  0xC4D0, 0xC4D0, 0xC4F1, 0xC4F1, 0xC4F1, 0xCD11, 0xCD11, 0xCD11, 0xC4F0, 0xC4F1, 0xCD11, 0xC4F1,
  0xC511, 0xC4F0, 0xC4F1, 0xCCF1, 0xC4D0, 0xC4D0, 0xC4B0, 0xBC8F, 0xBC6F, 0xBC6E, 0xB40D, 0xB40D,
  0xB40D, 0xB40D, 0xABEC, 0xB40C, 0xB40C, 0xB40D, 0xB40D, 0xB40D, 0xB40D, 0xABEC, 0xA3AB, 0xABCC,
  0xABCC, 0xABCC, 0xA38B, 0xA38B, 0xA38B, 0xA38B, 0xA38B, 0x9B6A, 0x9B4A, 0x9B4A, 0x9B4A, 0x932A,
  0x932A, 0x9329, 0x8AE9, 0x9309, 0x9309, 0x8B09, 0x7247, 0x7247, 0x7A88, 0x7267, 0x7A87, 0x7A88,
  0x7267, 0x7288, 0x6248, 0x4185, 0x3965, 0x28E4, 0x18C3, 0x20E4, 0x20C3, 0x3166, 0x2925, 0x18E3,
  0x18A3, 0x0861, 0x0841, 0x1082, 0x18C3, 0x2925, 0x20E4, 0x18E4, 0x10A2, 0x0861, 0x10A2, 0x0861,
  0x20E4, 0x20E4, 0x18E4, 0x1083, 0x0862, 0x2104, 0x18C3, 0x1082, 0x1062, 0x18A3, 0x18C3, 0x20E4,
  0x20E4, 0x18C3, 0x20E4, 0x2945, 0x18C4, 0x18C3, 0x2104, 0x0861, 0x1082, 0x0841, 0x0841, 0x0841,
  0x18C3, 0x18A3, 0x18A3, 0x2104, 0x2104, 0x18E3, 0x18C3, 0x10A2, 0x1082, 0x18C3, 0x18E3, 0x1062,
  0x1082, 0x1082, 0x1082, 0x1082, 0x10A2, 0x1061, 0x1061, 0x0861, 0x1082, 0x10A2, 0x0861, 0x1082,
  0x18C3, 0x1082, 0x18A2, 0x18A2, 0x18C2, 0x18A2, 0x18A2, 0x2104, 0x18A2, 0x18A2, 0x1082, 0x18A2,
  0x18A2, 0x2103, 0x20C3, 0x0841, 0x1061, 0x1061, 0x18A2, 0x1061, 0x1061, 0x0841, 0x1061, 0x1881,
  0x20C2, 0x2903, 0x28E3, 0x20C2, 0x20A2, 0x20C2, 0x20C2, 0x28E3, 0x3124, 0x3165, 0x738E, 0x8C31,
  0xAD77, 0xB577, 0xB577, 0xB597, 0xB597, 0xB597, 0xB597, 0xB597, 0xB5B7, 0xB5B7, 0xB5B8, 0xB5B8,
  0xB5B8, 0xB5B8, 0xB5B8, 0xB5B8, 0xB5B8, 0xB5B8, 0xB597, 0xAD35, 0x83AF, 0x5229, 0x3125, 0x28E3,
  0x20A2, 0x20A2, 0x6248, 0x938C, 0xA3ED, 0xAC4E, 0xB46E, 0xB46F, 0xB46F, 0xB46F, 0xB46F, 0xBC8F,
  0xBCAF, 0xBCAF, 0xC4AF, 0xC4D0, 0xC4F0, 0xCD10, 0xCD11, 0xCD11, 0xCD31, 0xCD52, 0xCD52, 0xD572,
  0xD572, 0xD572, 0xCD52, 0xCD32, 0xCD31, 0xC511, 0xC4F1, 0xBC8F, 0xB44E, 0xBC8F, 0xBC8F, 0xBC8F,
  0xBC8F, 0xBC8F, 0xBC8F, 0xBC8F, 0xBC8F, 0xBCAF, 0xC4AF, 0xBCAF, 0xBC8F, 0xC4AF, 0xC4AF, 0xC4CF,
  0xC4D0, 0xC4D0, 0xC4F1, 0xCD11, 0xCD11, 0xCD11, 0xCD11, 0xCD11, 0xC4F1, 0xC4F1, 0xC4D1, 0xCD11,
  0xC511, 0xC4F1, 0xC4D0, 0xC4B0, 0xBCB0, 0xC4D0, 0xC4B0, 0xBC8F, 0xBC6E, 0xBC6E, 0xBC4E, 0xB40D,
  0xABEC, 0xB40D, 0xB42D, 0xB40D, 0xABEC, 0xABEC, 0xABEC, 0xABEC, 0xABEC, 0xABEC, 0xABEC, 0xA3AB,
  0xA38B, 0xABAB, 0xABAB, 0x9B6A, 0xA3AB, 0xA38B, 0x9B6B, 0x9B6A, 0x9B6A, 0x9B4A, 0x9B4A, 0x932A,
  0x932A, 0x9329, 0x9309, 0x9309, 0x932A, 0x8B09, 0x82E9, 0x6A26, 0x7287, 0x7AA8, 0x7A87, 0x7A88,
  0x7267, 0x7288, 0x6A68, 0x49A6, 0x3945, 0x3125, 0x20C3, 0x20E4, 0x18A3, 0x2925, 0x2945, 0x2925,
  0x10A2, 0x0862, 0x0841, 0x10A3, 0x18C3, 0x2925, 0x18E4, 0x18E4, 0x18C3, 0x0841, 0x1082, 0x1082,
  0x18A3, 0x20E4, 0x18E4, 0x10A3, 0x0841, 0x18C3, 0x18C3, 0x1082, 0x1062, 0x10A3, 0x20E4, 0x18E4,
  0x2104, 0x18A3, 0x18C3, 0x3166, 0x18C4, 0x18C3, 0x2104, 0x0861, 0x1082, 0x0861, 0x0041, 0x0842,
  0x18A3, 0x10A3, 0x1082, 0x18C3, 0x2124, 0x18E3, 0x18C3, 0x18A3, 0x1082, 0x10A3, 0x18E3, 0x10A2,
  0x1082, 0x0861, 0x1082, 0x1082, 0x10A2, 0x0861, 0x1082, 0x0841, 0x1082, 0x18A2, 0x1062, 0x1061,
  0x18C2, 0x18A2, 0x18A2, 0x1082, 0x18A2, 0x18A2, 0x1882, 0x20E3, 0x20C3, 0x1082, 0x1061, 0x18A2,
  0x18A2, 0x20E3, 0x2103, 0x1061, 0x1061, 0x1061, 0x1882, 0x1082, 0x1081, 0x0841, 0x1061, 0x1081,
  0x18A2, 0x28E3, 0x2903, 0x28E3, 0x20A2, 0x28E3, 0x20C2, 0x28E3, 0x3124, 0x3965, 0x7BAE, 0x83F0,
  0xB577, 0xB577, 0xB577, 0xB597, 0xB597, 0xB597, 0xB597, 0xB597, 0xB597, 0xB597, 0xB5B7, 0xB5B8,
  0xB5B8, 0xB5B7, 0xB597, 0xB5B8, 0xB5B8, 0xB597, 0xB5B7, 0xAD15, 0x83D0, 0x5209, 0x3125, 0x28E4,
  0x20A2, 0x30E3, 0x6A89, 0x8B6B, 0x938C, 0xA3CD, 0xA3ED, 0xA3CD, 0xA3CC, 0xA3CC, 0xA3ED, 0xAC0D,
  0xAC2D, 0xB44E, 0xBC6E, 0xBC8F, 0xC4CF, 0xC4D0, 0xC4F0, 0xCD11, 0xCD31, 0xCD11, 0xCD52, 0xCD32,
  0xD572, 0xD552, 0xCD52, 0xCD52, 0xCD31, 0xC4F1, 0xC511, 0xC4D0, 0xBC8F, 0xBC8F, 0xC4B0, 0xBCAF,
  0xC4AF, 0xBC8F, 0xBC8F, 0xC4AF, 0xBC8F, 0xBCAF, 0xC4AF, 0xBC8E, 0xC48F, 0xC4AF, 0xC4AF, 0xC4AF,
  0xC4D0, 0xC4D0, 0xC4F0, 0xC4F0, 0xC4F0, 0xCCF1, 0xCD11, 0xCCF1, 0xC511, 0xCCF1, 0xC4D0, 0xC4F1,
  0xC511, 0xC4D0, 0xC4B0, 0xC4B0, 0xC4D0, 0xC4B0, 0xC4AF, 0xBC8F, 0xBC8F, 0xBC6E, 0xBC6E, 0xB44D,
  0xB40D, 0xABCC, 0xB3EC, 0xB3EC, 0xB3EC, 0xB3EC, 0xB3EC, 0xABCC, 0xB3EC, 0xB3EC, 0xB3EC, 0xABEC,
  0xABAB, 0xA36A, 0xA36A, 0xA38B, 0x9B6B, 0xA3AB, 0xA38B, 0x9B6B, 0x9B6A, 0x9B4A, 0x934A, 0x9B4A,
  0x934A, 0x932A, 0x9B4A, 0x932A, 0x932A, 0x932A, 0x8B2A, 0x7A88, 0x7267, 0x7AA8, 0x7A88, 0x7A88,
  0x7A88, 0x6A47, 0x6A68, 0x51E6, 0x3945, 0x3125, 0x20C3, 0x20E4, 0x18A3, 0x2104, 0x3166, 0x2925,
  0x18A3, 0x1082, 0x0841, 0x18C3, 0x18E4, 0x2945, 0x18E4, 0x18C3, 0x18E4, 0x0862, 0x0862, 0x1082,
  0x1062, 0x18C3, 0x18E3, 0x18C3, 0x0861, 0x18C3, 0x18C3, 0x1082, 0x1061, 0x1082, 0x18E4, 0x18E4,
  0x18C4, 0x18C3, 0x20E4, 0x2946, 0x20E4, 0x18C3, 0x2124, 0x1082, 0x0861, 0x0862, 0x0021, 0x0861,
  0x10A3, 0x10A3, 0x1082, 0x18A3, 0x18E4, 0x18C3, 0x18C3, 0x18A3, 0x10A2, 0x1082, 0x10A2, 0x18E3,
  0x1082, 0x1082, 0x1082, 0x1082, 0x10A2, 0x0841, 0x1062, 0x0861, 0x0861, 0x1082, 0x1082, 0x0841,
  0x10A2, 0x18A2, 0x1082, 0x1082, 0x1082, 0x18C3, 0x1882, 0x18A2, 0x20C3, 0x1061, 0x1061, 0x1081,
  0x18A3, 0x20C2, 0x2103, 0x18A2, 0x1061, 0x1061, 0x1082, 0x1881, 0x1882, 0x0841, 0x0841, 0x1081,
  0x1881, 0x20C2, 0x2903, 0x2903, 0x20A2, 0x28E3, 0x28E3, 0x28E3, 0x3104, 0x3145, 0x734D, 0x7BAF,
  0xB576, 0xB577, 0xB577, 0xB577, 0xB577, 0xB577, 0xB577, 0xB597, 0xB577, 0xB597, 0xB597, 0xB597,
  0xB597, 0xB597, 0xB597, 0xB597, 0xB597, 0xB577, 0xB597, 0xAD15, 0x9C73, 0x5249, 0x3945, 0x28E3,
  0x20C3, 0x4165, 0x72A9, 0x832B, 0x8B2A, 0x8B4A, 0x8B4A, 0x934A, 0x934B, 0x9B8B, 0xA3CC, 0xA3CC,
  0xA3CC, 0xAC2D, 0xB44E, 0xBC6E, 0xC4CF, 0xC4F0, 0xCD10, 0xCD11, 0xCD11, 0xCD31, 0xCD52, 0xCD52,
  0xD572, 0xCD52, 0xCD52, 0xCD52, 0xCD52, 0xCD31, 0xC4F0, 0xC4F1, 0xC4D0, 0xBC8F, 0xBC8F, 0xC4AF,
  0xBCAF, 0xBCAF, 0xBC8E, 0xBCAF, 0xBC8E, 0xBCAF, 0xBC8F, 0xBC6E, 0xC48F, 0xC48F, 0xBCAF, 0xC4AF,
  0xC4B0, 0xC4D0, 0xC4D0, 0xC4D0, 0xC4D0, 0xC4F0, 0xC4F0, 0xC4D0, 0xC511, 0xC4F1, 0xC4D0, 0xBCB0,
  0xC4D0, 0xC4D0, 0xC4B0, 0xBC8F, 0xBCAF, 0xBC8F, 0xBC8F, 0xBC8F, 0xBC6F, 0xBC6E, 0xB44D, 0xB42D,
  0xB40D, 0xB40D, 0xABEC, 0xABCC, 0xABCC, 0xB3EC, 0xB3EC, 0xABCC, 0xB3EC, 0xABCC, 0xABCC, 0xABCC,
  0xABCC, 0xA3AB, 0xA38B, 0x9B6A, 0x9B4A, 0x9B4A, 0xA36B, 0xA38B, 0x9B6B, 0x9B6A, 0x9B4A, 0x9B4A,
  0x9B4A, 0x934A, 0x9B4A, 0x932A, 0x930A, 0x934A, 0x934A, 0x82C9, 0x7267, 0x7AA8, 0x7A88, 0x7A88,
  0x7A88, 0x7267, 0x6A47, 0x5A07, 0x4185, 0x3124, 0x28E4, 0x20E4, 0x18C3, 0x18C3, 0x2965, 0x2124,
  0x18E3, 0x1082, 0x0841, 0x1082, 0x18C3, 0x2945, 0x20E4, 0x18C3, 0x2104, 0x18A3, 0x0841, 0x0862,
  0x0862, 0x18C3, 0x18C3, 0x18C3, 0x0862, 0x10A2, 0x18C3, 0x1082, 0x0841, 0x1082, 0x18C3, 0x18E4,
  0x18E4, 0x20E4, 0x20E4, 0x2125, 0x2104, 0x18E4, 0x20E4, 0x10A2, 0x0841, 0x0862, 0x0021, 0x0861,
  0x1062, 0x18C3, 0x1082, 0x18C3, 0x18A3, 0x18C3, 0x18C3, 0x10A2, 0x18A3, 0x1062, 0x1062, 0x18A2,
  0x1082, 0x1061, 0x1082, 0x1082, 0x18A3, 0x0861, 0x0861, 0x1082, 0x0861, 0x1082, 0x1062, 0x0861,
  0x1061, 0x18C3, 0x18A2, 0x1882, 0x1081, 0x18A2, 0x18A2, 0x18A2, 0x20E3, 0x18A2, 0x1061, 0x1061,
  0x18A2, 0x18A2, 0x2103, 0x20E3, 0x1882, 0x1061, 0x1081, 0x18A2, 0x1882, 0x1061, 0x0840, 0x1061,
  0x1881, 0x20A2, 0x28E3, 0x2903, 0x28E3, 0x20A2, 0x3103, 0x3103, 0x30E3, 0x3144, 0x62EC, 0x83F0,
  0xAD14, 0xAD15, 0xAD14, 0xAD14, 0xAD14, 0xAD14, 0xAD14, 0xAD14, 0xAD15, 0xAD15, 0xAD15, 0xAD15,
  0xAD15, 0xAD15, 0xAD15, 0xB515, 0xB535, 0xACF4, 0xB515, 0xACF4, 0x9411, 0x51E8, 0x3965, 0x28C3,
  0x3104, 0x49C6, 0x5A27, 0x6A88, 0x7AE9, 0x7AE9, 0x82E9, 0x8B0A, 0x934A, 0x8B2A, 0x936B, 0xA3CC,
  0xA3EC, 0xA3CC, 0xABEC, 0xBC6E, 0xBCAF, 0xC4CF, 0xC4F0, 0xCD10, 0xCD11, 0xCD31, 0xCD31, 0xCD52,
  0xCD52, 0xCD52, 0xCD52, 0xCD52, 0xCD52, 0xCD52, 0xCD31, 0xC4D0, 0xC4D0, 0xBCAF, 0xC4AF, 0xBCAF,
  0xC4B0, 0xBCAF, 0xC4AF, 0xC4AF, 0xC4AF, 0xBC8F, 0xBC8E, 0xBC6E, 0xBC8E, 0xBC8E, 0xC48F, 0xC48F,
  0xC4AF, 0xC4AF, 0xC4B0, 0xC4B0, 0xC4D0, 0xC4D0, 0xC4D0, 0xC4B0, 0xC4D0, 0xC4B0, 0xC4AF, 0xBC6F,
  0xBC4E, 0xBC4E, 0xBC2D, 0xB42D, 0xB40D, 0xB42D, 0xBC4E, 0xBC4E, 0xB44E, 0xB42D, 0xB42D, 0xB40D,
  0xB3EC, 0xB3EC, 0xB3EC, 0xABCC, 0xABAB, 0xA3AB, 0xABCC, 0xABCC, 0xABCC, 0xABCC, 0xABCB, 0xABCC,
  0xABAB, 0xABAC, 0xABCC, 0xABAB, 0xA36B, 0x9B4A, 0x9B29, 0x9329, 0x9B4A, 0x9B4A, 0x9B4A, 0x9B4A,
  0x9B4A, 0x9B6A, 0x9B4A, 0x9B4A, 0x932A, 0x934A, 0x934B, 0x8B2A, 0x7A67, 0x7A88, 0x7AA8, 0x7AA8,
  0x7A88, 0x7267, 0x7248, 0x5A07, 0x49A6, 0x3124, 0x2924, 0x2904, 0x20E4, 0x18A3, 0x3166, 0x2104,
  0x2104, 0x18A3, 0x0861, 0x1082, 0x1882, 0x2945, 0x18E4, 0x18A3, 0x20E4, 0x2104, 0x0841, 0x1082,
  0x0862, 0x10A3, 0x18C3, 0x18C3, 0x1082, 0x1062, 0x20E3, 0x1883, 0x0842, 0x1883, 0x18A3, 0x18C3,
  0x20E4, 0x20C4, 0x18C3, 0x18E4, 0x18E4, 0x18C3, 0x18E3, 0x10A3, 0x0841, 0x0861, 0x0021, 0x0861,
  0x1082, 0x18A3, 0x1082, 0x18C3, 0x18C3, 0x18C3, 0x10A2, 0x10A2, 0x10A2, 0x1082, 0x1062, 0x1082,
  0x1082, 0x1062, 0x1082, 0x1061, 0x18A2, 0x0861, 0x0841, 0x1082, 0x1061, 0x1082, 0x1082, 0x0861,
  0x0861, 0x18A2, 0x18A2, 0x1882, 0x1082, 0x1882, 0x18A2, 0x1081, 0x18C2, 0x20E3, 0x1061, 0x1081,
  0x1081, 0x18A2, 0x20C2, 0x2103, 0x1081, 0x1061, 0x1881, 0x18A2, 0x1081, 0x1061, 0x0841, 0x1041,
  0x1881, 0x1881, 0x28E3, 0x28E3, 0x2903, 0x20A2, 0x28E3, 0x3124, 0x3103, 0x3124, 0x6AEC, 0x8C10,
  0x9C30, 0xA410, 0xA410, 0xA410, 0xA410, 0xA410, 0xA40F, 0xA40F, 0xA40F, 0xA40F, 0xA410, 0xA410,
  0xA410, 0xA410, 0xA410, 0xA410, 0xA410, 0xA410, 0xA410, 0x9C0F, 0x8B6D, 0x5208, 0x51E7, 0x3924,
  0x4185, 0x49A7, 0x6248, 0x6A88, 0x7AC9, 0x82E9, 0x8B2A, 0x8B4A, 0x934A, 0x936B, 0x936B, 0x9B8B,
  0xA3AB, 0xA3EC, 0xAC0C, 0xAC2D, 0xBC8F, 0xC4AF, 0xC4D0, 0xCCF0, 0xCD11, 0xCD31, 0xCD51, 0xD552,
  0xCD52, 0xCD52, 0xD572, 0xCD52, 0xCD32, 0xCD31, 0xCD31, 0xC4F1, 0xC4D0, 0xC4D0, 0xC4D0, 0xC4D0,
  0xBCAF, 0xC4AF, 0xC4AF, 0xBCAF, 0xC4AF, 0xBC8F, 0xBC8E, 0xBC6E, 0xBC8E, 0xC48F, 0xBC8F, 0xBC8F,
  0xBCAF, 0xBC8F, 0xBCAF, 0xC4AF, 0xC4AF, 0xC4D0, 0xBC8F, 0xBC4E, 0xB40D, 0xB3EC, 0xAB8B, 0xA34A,
  0x92E8, 0x8AA7, 0x8266, 0x8267, 0x8267, 0x8A87, 0x92C8, 0x9309, 0x9B4A, 0xA38B, 0xABAB, 0xABCC,
  0xABAC, 0xABAB, 0xABCB, 0xABCB, 0xABCC, 0xABAB, 0xABAB, 0xA3AB, 0xABAB, 0xABAB, 0xA3AB, 0xABAB,
  0xABAB, 0xA38B, 0xA38B, 0xA38B, 0xA36A, 0xA36A, 0x9B6A, 0x9B6A, 0x9B4A, 0x9329, 0x9309, 0x9309,
  0x9309, 0x9329, 0x9329, 0x932A, 0x932A, 0x932A, 0x932A, 0x8B0A, 0x7A88, 0x7247, 0x7AA8, 0x82A8,
  0x82C8, 0x7AA8, 0x7247, 0x6207, 0x51C6, 0x3124, 0x2904, 0x2904, 0x20E4, 0x18C3, 0x3165, 0x2104,
  0x18E3, 0x18C3, 0x0861, 0x0862, 0x1062, 0x2104, 0x2104, 0x1082, 0x18E3, 0x2124, 0x0862, 0x0861,
  0x0882, 0x1082, 0x18C3, 0x18C3, 0x10A2, 0x0861, 0x18C3, 0x1082, 0x0841, 0x1083, 0x18A3, 0x18C3,
  0x2104, 0x18A3, 0x18A3, 0x18C3, 0x18C3, 0x18C4, 0x18C3, 0x10A3, 0x0841, 0x0841, 0x0841, 0x0862,
  0x0862, 0x10A2, 0x1082, 0x1082, 0x20E4, 0x20E4, 0x10A2, 0x10A2, 0x1082, 0x1082, 0x1062, 0x0861,
  0x1082, 0x1062, 0x1062, 0x0861, 0x1082, 0x0862, 0x0841, 0x1062, 0x1082, 0x1061, 0x1082, 0x0861,
  0x0861, 0x1061, 0x18A2, 0x10A2, 0x1082, 0x1082, 0x18A2, 0x18A2, 0x1882, 0x20E3, 0x1082, 0x1061,
  0x1061, 0x18A2, 0x18A2, 0x20E3, 0x20C2, 0x1041, 0x18A2, 0x18A2, 0x1081, 0x1061, 0x1041, 0x0841,
  0x1061, 0x18A2, 0x20C2, 0x28E3, 0x28E3, 0x28E3, 0x28C2, 0x3123, 0x3124, 0x3124, 0x5249, 0x83CF,
  0x8AA8, 0x8AA8, 0x8AA8, 0x8AA8, 0x8AA8, 0x8AA8, 0x8AA8, 0x8AA8, 0x8AA8, 0x8AA8, 0x8AA8, 0x8AA8,
  0x8AA8, 0x8AA8, 0x8AA8, 0x8A87, 0x8A88, 0x8A88, 0x8A87, 0x82A8, 0x7A89, 0x59E7, 0x51E7, 0x3965,
  0x4186, 0x4186, 0x6227, 0x6A88, 0x72A9, 0x7AE9, 0x7AC9, 0x8B0A, 0x934A, 0x9B8B, 0x9B8B, 0x9B8B,
  0x9BAB, 0x9BAB, 0xAC0C, 0xB44D, 0xBC6E, 0xC4AF, 0xC4AF, 0xC4D0, 0xCD10, 0xCD10, 0xCD11, 0xCD31,
  0xCD52, 0xCD31, 0xCD52, 0xCD52, 0xCD52, 0xCD52, 0xCD31, 0xCD11, 0xC4F0, 0xC4D0, 0xC4D0, 0xC4D0,
  0xBCAF, 0xBCAF, 0xBCAF, 0xBC8F, 0xBC8F, 0xBC8E, 0xBC8E, 0xBC6E, 0xBC8E, 0xBC8F, 0xBC8F, 0xBC8F,
  0xBC8E, 0xBC8E, 0xBC8F, 0xC4AF, 0xC48F, 0xC46E, 0xB40C, 0xA34A, 0x8A87, 0x7226, 0x7206, 0x6A26,
  0x7247, 0x7AA8, 0x7AA8, 0x82E9, 0x82E9, 0x82E9, 0x7AA8, 0x7267, 0x7267, 0x7A67, 0x7A67, 0x8AA8,
  0x9B09, 0xA36A, 0xA38B, 0xA38B, 0xABAB, 0xA3AB, 0xA3AB, 0xABAB, 0xA3AB, 0xA3AB, 0xA3AB, 0xA3AB,
  0xABAB, 0xA38B, 0xA38B, 0xA36A, 0xA36B, 0xA36A, 0x9B6A, 0x9B6A, 0x9B6A, 0x9B6A, 0x9B6A, 0x9B6A,
  0x9B4A, 0x934A, 0x934A, 0x932A, 0x934A, 0x9329, 0x932A, 0x932A, 0x8B0A, 0x7247, 0x7A87, 0x7A87,
  0x7A87, 0x82C8, 0x7A88, 0x6227, 0x51E7, 0x3945, 0x28E4, 0x2904, 0x20E3, 0x18C3, 0x2945, 0x2925,
  0x18C3, 0x20E4, 0x0862, 0x0841, 0x0861, 0x20E4, 0x2945, 0x1082, 0x18C3, 0x2124, 0x10A3, 0x0861,
  0x0862, 0x1082, 0x18C3, 0x18C3, 0x10A3, 0x0861, 0x18C3, 0x10A3, 0x0862, 0x1082, 0x18C3, 0x18C3,
  0x2125, 0x18C3, 0x10A2, 0x18C3, 0x18A3, 0x18C3, 0x18A3, 0x10A2, 0x0841, 0x0841, 0x0021, 0x0861,
  0x1062, 0x1082, 0x1082, 0x1082, 0x20E4, 0x2924, 0x1082, 0x10A2, 0x1082, 0x1082, 0x1082, 0x1062,
  0x1061, 0x1082, 0x1061, 0x1062, 0x1082, 0x1082, 0x0841, 0x0841, 0x1082, 0x1061, 0x1082, 0x1061,
  0x0841, 0x1061, 0x1061, 0x18A2, 0x1882, 0x1081, 0x18C2, 0x18A2, 0x18A2, 0x18A2, 0x18A2, 0x1061,
  0x1081, 0x1882, 0x18C2, 0x20C2, 0x20E3, 0x1882, 0x1061, 0x18A2, 0x18A2, 0x1061, 0x1061, 0x0841,
  0x1061, 0x1881, 0x20A2, 0x28E3, 0x28E3, 0x2903, 0x28E2, 0x2903, 0x3124, 0x3124, 0x4A08, 0x7BAF,
  0x79C3, 0x79C3, 0x71C3, 0x79C3, 0x71C3, 0x79C3, 0x71C3, 0x79C3, 0x79C3, 0x79C3, 0x79E3, 0x79E3,
  0x79C3, 0x79C3, 0x79C3, 0x79C3, 0x79C3, 0x79C3, 0x79C3, 0x79E4, 0x71E5, 0x61E6, 0x5A07, 0x4165,
  0x3124, 0x51C6, 0x6A68, 0x72A9, 0x7AE9, 0x832A, 0x8B4B, 0x82E9, 0x8B09, 0x9B6B, 0xA3CC, 0x9BAB,
  0x9B8B, 0xA3CB, 0xA3CC, 0xB42D, 0xB44D, 0xBC8E, 0xC4AF, 0xC4AF, 0xC4D0, 0xC4D0, 0xC4D0, 0xCD31,
  0xD552, 0xCD52, 0xCD52, 0xCD52, 0xCD31, 0xCD31, 0xCD31, 0xCD31, 0xCD11, 0xC4D0, 0xC4AF, 0xC4AF,
  0xBCAF, 0xC4AF, 0xBCAF, 0xBC8E, 0xBC8E, 0xBC8E, 0xBC6E, 0xBC6E, 0xBC6E, 0xBC8E, 0xBC8E, 0xBC8E,
  0xBC6E, 0xBC6E, 0xBC8F, 0xC48E, 0xBBEC, 0xA329, 0x7A26, 0x6A05, 0x7288, 0x8B0A, 0x8B4B, 0x8B6B,
  0x832B, 0x8B4B, 0x832A, 0x830A, 0x830A, 0x832A, 0x936C, 0x9B8C, 0x9BAC, 0x9BAC, 0x934A, 0x82C8,
  0x7247, 0x7A26, 0x8287, 0x9309, 0x9B4A, 0xA36A, 0xA38A, 0xA38B, 0xA38B, 0xA38B, 0xA3AB, 0xA38B,
  0xA38B, 0xA38B, 0xA38B, 0xA38B, 0xA38B, 0xA36B, 0xA36B, 0x9B6A, 0x9B6A, 0x9B6A, 0x9B6A, 0x9B6A,
  0x9B6B, 0x9B6A, 0x934A, 0x9B4A, 0x9B6A, 0x9B6A, 0x9B6B, 0x934A, 0x934A, 0x8AE9, 0x7267, 0x82C8,
  0x7A88, 0x7267, 0x7AA8, 0x7247, 0x59E6, 0x4165, 0x2904, 0x28E4, 0x20E4, 0x18C3, 0x2904, 0x2945,
  0x18C3, 0x20E4, 0x1082, 0x0841, 0x0862, 0x10A3, 0x2925, 0x1082, 0x18A3, 0x20E4, 0x18E4, 0x0862,
  0x0861, 0x0861, 0x10A2, 0x18C3, 0x18A3, 0x0861, 0x18A3, 0x18A3, 0x0862, 0x1062, 0x20E4, 0x18C3,
  0x2125, 0x20E4, 0x10A3, 0x18C3, 0x18C3, 0x18E4, 0x10A3, 0x10A2, 0x0861, 0x0841, 0x0021, 0x0861,
  0x1062, 0x1082, 0x1082, 0x1062, 0x18A3, 0x2924, 0x10A2, 0x1082, 0x10A2, 0x1082, 0x1082, 0x1082,
  0x0861, 0x1082, 0x0861, 0x1082, 0x1082, 0x1082, 0x0861, 0x0841, 0x1082, 0x1061, 0x1061, 0x1082,
  0x1061, 0x1062, 0x0861, 0x18A2, 0x18C2, 0x1082, 0x18A2, 0x18C2, 0x18A2, 0x18A2, 0x18A2, 0x1882,
  0x1061, 0x1061, 0x18A2, 0x20C2, 0x20C3, 0x20C2, 0x1061, 0x1881, 0x18A2, 0x1061, 0x1081, 0x0841,
  0x1061, 0x1881, 0x1881, 0x20C2, 0x2903, 0x3103, 0x28E3, 0x2903, 0x3104, 0x3924, 0x5228, 0x738E,
  0x79C3, 0x79C3, 0x79C3, 0x79C3, 0x79C3, 0x79C3, 0x79C3, 0x79C3, 0x79C3, 0x79C3, 0x79E3, 0x79C3,
  0x79C3, 0x79E3, 0x79C3, 0x79C3, 0x79C3, 0x79C3, 0x79C3, 0x79E4, 0x71E5, 0x7227, 0x6207, 0x4185,
  0x3965, 0x5A27, 0x7AC9, 0x830A, 0x8B4B, 0x832A, 0x8B4A, 0x938B, 0x936B, 0x936B, 0x9BAC, 0xA3CC,
  0xA3EC, 0xA3AB, 0xABEC, 0xA3CC, 0xB44D, 0xBC6E, 0xC4AF, 0xC4AF, 0xC4D0, 0xC4F0, 0xC4F0, 0xC4F0,
  0xCD11, 0xCD31, 0xCD31, 0xCD31, 0xCD52, 0xCD31, 0xCD31, 0xCD31, 0xC510, 0xC4F0, 0xC4D0, 0xC4D0,
  0xC4AF, 0xBC8F, 0xBC8F, 0xBC8E, 0xBC6E, 0xBC6E, 0xBC6E, 0xBC6E, 0xBC6E, 0xBC6E, 0xBC6E, 0xBC6E,
  0xBC6E, 0xBC6E, 0xBC4E, 0xB3AB, 0x8246, 0x71E5, 0x7AA8, 0x8B4B, 0x82EA, 0x6A47, 0x51C5, 0x4984,
  0x4144, 0x3923, 0x3903, 0x3103, 0x30E2, 0x28C2, 0x30E3, 0x4143, 0x51A5, 0x7288, 0x8B2B, 0x9B8C,
  0x9B8B, 0x8B2A, 0x82C8, 0x8287, 0x82A7, 0x9309, 0x9B4A, 0x9B6A, 0xA38A, 0xA38B, 0xA38B, 0xA38A,
  0xA38A, 0xA36B, 0xA38B, 0xA38B, 0xA38B, 0xA36B, 0xA38B, 0x9B6A, 0x9B6A, 0x9B8B, 0x9B6B, 0x9B6B,
  0x9B8B, 0x9B8B, 0x9B4A, 0x9B4A, 0x9B4A, 0xA38B, 0x9B6B, 0x9B4A, 0x934A, 0x8B2A, 0x7A87, 0x8AE9,
  0x7AA8, 0x7A88, 0x7A67, 0x6A47, 0x6A48, 0x4185, 0x3104, 0x28E4, 0x20E3, 0x20C3, 0x20E4, 0x2945,
  0x1082, 0x2104, 0x18C3, 0x0862, 0x1082, 0x1082, 0x2945, 0x18C3, 0x18C3, 0x18C3, 0x18E4, 0x1082,
  0x0862, 0x0841, 0x1082, 0x10A3, 0x18C3, 0x0862, 0x18C3, 0x18A3, 0x0862, 0x0842, 0x18C3, 0x10A3,
  0x2925, 0x20E4, 0x18C3, 0x18C3, 0x18A3, 0x18C3, 0x18A3, 0x10A2, 0x0862, 0x0841, 0x0021, 0x0841,
  0x0862, 0x1082, 0x1082, 0x1062, 0x1082, 0x2104, 0x18C3, 0x1082, 0x18C3, 0x1061, 0x1082, 0x1082,
  0x1062, 0x1061, 0x0861, 0x1082, 0x1082, 0x1062, 0x1082, 0x0841, 0x0861, 0x1061, 0x0861, 0x0861,
  0x1062, 0x0861, 0x0861, 0x1061, 0x18A2, 0x18A2, 0x1081, 0x18A2, 0x18C3, 0x18A2, 0x1082, 0x18A2,
  0x1082, 0x1061, 0x18A2, 0x18A2, 0x20E3, 0x20C2, 0x1081, 0x1081, 0x18A2, 0x1081, 0x1061, 0x1061,
  0x1061, 0x1061, 0x1882, 0x20A2, 0x2903, 0x3103, 0x3103, 0x3103, 0x3103, 0x3944, 0x5249, 0x83CF,
  0x79C3, 0x79A3, 0x71A2, 0x71A2, 0x71A2, 0x79A3, 0x79C3, 0x79C3, 0x79C3, 0x79C3, 0x79E3, 0x79C3,
  0x79E3, 0x79E3, 0x79E3, 0x79C3, 0x79C3, 0x79C3, 0x79C3, 0x79C3, 0x71E4, 0x7206, 0x6207, 0x41A6,
  0x4185, 0x6248, 0x72C9, 0x832B, 0x8B4B, 0x8B4B, 0x936B, 0x936B, 0x9B8B, 0x9BAC, 0xA3AC, 0xA3CC,
  0xA3CC, 0xABEC, 0xABEC, 0xAC0C, 0xABEC, 0xB44D, 0xBC8E, 0xC4AF, 0xC4D0, 0xCCF0, 0xCD11, 0xCD11,
  0xCD31, 0xCD31, 0xCD31, 0xCD31, 0xD552, 0xCD51, 0xCD51, 0xCD31, 0xCD31, 0xC4F0, 0xC4F0, 0xC4CF,
  0xC48F, 0xB44D, 0xC48F, 0xBC6E, 0xBC4E, 0xBC4E, 0xBC4E, 0xBC6E, 0xBC6E, 0xBC4E, 0xBC6E, 0xBC4D,
  0xB44D, 0xB42D, 0xAB6A, 0x7205, 0x7206, 0x7AA9, 0x7268, 0x59A5, 0x38E3, 0x28A1, 0x2081, 0x2081,
  0x2082, 0x20A2, 0x2082, 0x20A2, 0x1882, 0x1862, 0x1861, 0x1041, 0x1041, 0x1861, 0x30C2, 0x49A5,
  0x7268, 0x8B0A, 0x934A, 0x934A, 0x932A, 0x9309, 0x9309, 0x9B29, 0x9B4A, 0x9B6A, 0xA36A, 0xA38B,
  0xA38B, 0xA36A, 0xA36A, 0xA36B, 0xA36B, 0xA36A, 0x9B6A, 0x9B6A, 0xA38B, 0xA38B, 0xA38B, 0xA38B,
  0xA38B, 0xA38B, 0xA38B, 0x9B6B, 0x9B6A, 0xA38B, 0x9B6B, 0x9B6B, 0x9B6B, 0x934A, 0x8AE9, 0x7A87,
  0x8AE9, 0x7A88, 0x7AA8, 0x7A88, 0x6227, 0x49A6, 0x3945, 0x20E3, 0x18C3, 0x20E3, 0x18C3, 0x2125,
  0x0862, 0x18E4, 0x18E3, 0x1062, 0x1062, 0x10A3, 0x2925, 0x18E3, 0x18C3, 0x18C3, 0x18A3, 0x10A2,
  0x0862, 0x0841, 0x1082, 0x18A3, 0x10C3, 0x1082, 0x10A3, 0x18C3, 0x0862, 0x0841, 0x18A3, 0x1883,
  0x2905, 0x18C3, 0x18C3, 0x18C3, 0x18A3, 0x1082, 0x10A3, 0x10A3, 0x1082, 0x0841, 0x0021, 0x0841,
  0x0861, 0x1082, 0x1082, 0x1062, 0x1082, 0x1082, 0x18C3, 0x1061, 0x18C3, 0x1082, 0x1082, 0x1082,
  0x1082, 0x0861, 0x1062, 0x1082, 0x1082, 0x1082, 0x1082, 0x0841, 0x0841, 0x0861, 0x0861, 0x0841,
  0x1061, 0x1082, 0x0861, 0x0841, 0x18A2, 0x18A3, 0x1061, 0x18A2, 0x18A2, 0x18C2, 0x1882, 0x1082,
  0x1882, 0x1081, 0x1882, 0x18C2, 0x20C2, 0x20E3, 0x18A2, 0x1061, 0x18A2, 0x18A2, 0x1041, 0x1061,
  0x1041, 0x1061, 0x1882, 0x1881, 0x28E2, 0x3103, 0x3123, 0x3124, 0x3124, 0x4185, 0x5A69, 0x7B8E,
  0x71C3, 0x71A2, 0x71A2, 0x71A2, 0x71A2, 0x71A2, 0x79C3, 0x79C3, 0x79E3, 0x81E3, 0x81E3, 0x81E3,
  0x81E3, 0x81E3, 0x81E3, 0x81E3, 0x81C3, 0x79C3, 0x79C3, 0x79C3, 0x79C4, 0x7A06, 0x6A27, 0x49A6,
  0x4185, 0x6A68, 0x7B0A, 0x8B6B, 0x9BCD, 0x9BED, 0x9BCC, 0x9BAC, 0xA3CC, 0xA3EC, 0xAC0C, 0xAC2D,
  0xAC2D, 0xAC0D, 0xAC0C, 0xAC2D, 0xB40D, 0xAC0D, 0xBC6E, 0xC4AF, 0xC4CF, 0xC4D0, 0xCD11, 0xCD11,
  0xCD11, 0xCD51, 0xCD31, 0xCD51, 0xCD31, 0xCD31, 0xCD31, 0xCD11, 0xCD10, 0xCD11, 0xC4F0, 0xC4CF,
  0xC4AF, 0xC4AF, 0xC48F, 0xBC6E, 0xBC4D, 0xB42D, 0xB42D, 0xB42D, 0xBC4D, 0xB42D, 0xB42D, 0xB42D,
  0xB42D, 0xAB8B, 0x7A05, 0x7227, 0x7268, 0x5164, 0x30A1, 0x2861, 0x28A2, 0x20A3, 0x2925, 0x2904,
  0x2945, 0x2945, 0x3186, 0x3186, 0x20E3, 0x1061, 0x1061, 0x0841, 0x0821, 0x0821, 0x0820, 0x0820,
  0x1861, 0x30E3, 0x59A5, 0x7A88, 0x8B09, 0x9B4A, 0x9B4A, 0x9B4A, 0x9B2A, 0x9B4A, 0x9B6A, 0xA36B,
  0xA36A, 0xA36A, 0xA36A, 0xA38B, 0xA38B, 0xA38B, 0xA36A, 0xA38B, 0xA38B, 0xA38B, 0xA38B, 0xA3AB,
  0xA3AB, 0xA38B, 0xA3AB, 0xA38B, 0x9B6A, 0x9B6B, 0xA38B, 0x9B6A, 0x9B6B, 0x934A, 0x8B09, 0x82A8,
  0x82C8, 0x8AE9, 0x7247, 0x7AA8, 0x7268, 0x49A6, 0x3945, 0x28E3, 0x20C3, 0x20E4, 0x18A3, 0x20E4,
  0x0861, 0x18C3, 0x2104, 0x1082, 0x0861, 0x10A3, 0x2104, 0x18E4, 0x18C3, 0x18C3, 0x18A3, 0x18C3,
  0x0861, 0x0841, 0x10A2, 0x18C3, 0x10A2, 0x1082, 0x1082, 0x18A3, 0x1082, 0x0841, 0x1082, 0x18A3,
  0x2124, 0x18E4, 0x18C3, 0x10C3, 0x18C3, 0x1082, 0x1082, 0x10A3, 0x1082, 0x0841, 0x0841, 0x0021,
  0x0861, 0x10A2, 0x1062, 0x1062, 0x1082, 0x1061, 0x18C3, 0x1061, 0x18A3, 0x18A2, 0x1061, 0x1082,
  0x10A2, 0x1062, 0x1061, 0x1082, 0x1082, 0x1082, 0x1082, 0x0861, 0x0841, 0x0861, 0x1061, 0x0841,
  0x0861, 0x1082, 0x1082, 0x1061, 0x1061, 0x18A2, 0x1081, 0x1081, 0x1082, 0x18A2, 0x18A2, 0x1082,
  0x1062, 0x1062, 0x1061, 0x20C2, 0x20C2, 0x20C2, 0x18A2, 0x1061, 0x18A2, 0x18C2, 0x1061, 0x1061,
  0x0841, 0x1061, 0x1081, 0x1881, 0x20A2, 0x28E3, 0x3123, 0x3144, 0x3103, 0x5228, 0x6B0C, 0x734D,
  0x79E3, 0x79C3, 0x79C3, 0x79C3, 0x79C3, 0x79C3, 0x79E3, 0x8203, 0x8204, 0x8204, 0x8204, 0x8203,
  0x81E3, 0x81E3, 0x81C3, 0x79C3, 0x79A3, 0x79A2, 0x7182, 0x7182, 0x7182, 0x71C4, 0x61E6, 0x4985,
  0x5A07, 0x7AEA, 0x93AC, 0xA42E, 0xAC6E, 0xB46E, 0xAC4E, 0xAC4E, 0xAC2D, 0xAC2D, 0xAC0D, 0xB42D,
  0xB44E, 0xB46E, 0xB44D, 0xB42D, 0xB42D, 0xB42D, 0xB46E, 0xBC8F, 0xC4AF, 0xC4D0, 0xCCF0, 0xCCF1,
  0xCCF0, 0xCD11, 0xCD11, 0xCD31, 0xCD31, 0xCD31, 0xCD31, 0xCD31, 0xCD11, 0xC4F0, 0xC4F0, 0xC4D0,
  0xC4CF, 0xC4AF, 0xC48E, 0xBC4E, 0xB42D, 0xB42D, 0xB42D, 0xB42D, 0xB42D, 0xB42D, 0xB40D, 0xAC0C,
  0xB3CC, 0x8A67, 0x7226, 0x7247, 0x40E2, 0x2861, 0x30C3, 0x30E4, 0x39C7, 0x4A8B, 0x7C11, 0x424A,
  0x4229, 0x4A6A, 0x73B0, 0x52AB, 0x18A3, 0x1061, 0x0841, 0x1061, 0x1061, 0x0841, 0x0820, 0x0821,
  0x0841, 0x1041, 0x1861, 0x28A1, 0x4103, 0x61C5, 0x7A67, 0x8AE9, 0x9309, 0x9B29, 0x9B29, 0x9B4A,
  0xA36A, 0xA36A, 0xA36A, 0xA38B, 0xA38B, 0xA38B, 0xA38B, 0xA38B, 0xA38B, 0xA3AC, 0xA3AB, 0xA3AB,
  0xA3CC, 0xA3AC, 0xA3AB, 0xA3AC, 0x9B6B, 0xA38B, 0xA3AB, 0x9B6A, 0x9B6B, 0x9B6B, 0x932A, 0x82C8,
  0x82C9, 0x8AC8, 0x82A8, 0x7267, 0x7A88, 0x51E6, 0x4165, 0x28E3, 0x20C3, 0x20E4, 0x18C3, 0x20E4,
  0x0862, 0x18C3, 0x20E4, 0x10A3, 0x0862, 0x1082, 0x18C3, 0x18E4, 0x10C3, 0x10A3, 0x10A3, 0x18C3,
  0x0861, 0x0841, 0x1082, 0x18E3, 0x1082, 0x1082, 0x1082, 0x18A3, 0x1082, 0x0841, 0x1062, 0x18C3,
  0x2104, 0x18E4, 0x18C3, 0x10A3, 0x10A2, 0x10A3, 0x10A3, 0x10A3, 0x18A3, 0x0841, 0x0041, 0x0021,
  0x0841, 0x10A2, 0x1062, 0x0841, 0x1082, 0x1062, 0x18E3, 0x1061, 0x1082, 0x18A2, 0x0861, 0x1082,
  0x1082, 0x1082, 0x1061, 0x1061, 0x1082, 0x1082, 0x1062, 0x0861, 0x0841, 0x0861, 0x0861, 0x0841,
  0x0841, 0x1061, 0x1082, 0x1082, 0x1082, 0x1882, 0x1082, 0x1061, 0x18A2, 0x1081, 0x18A2, 0x1081,
  0x1061, 0x1061, 0x1061, 0x1882, 0x20E3, 0x20A2, 0x18A2, 0x1081, 0x1061, 0x20C2, 0x1882, 0x1061,
  0x1061, 0x1041, 0x1061, 0x1881, 0x1881, 0x28E2, 0x3103, 0x3124, 0x3124, 0x49C7, 0x734D, 0x9451,
  0x7A04, 0x79E3, 0x79C3, 0x79C3, 0x79E3, 0x79E3, 0x7A04, 0x8203, 0x8204, 0x8204, 0x8203, 0x81E3,
  0x79C2, 0x79A2, 0x7982, 0x7182, 0x7161, 0x7161, 0x7161, 0x7161, 0x7161, 0x6962, 0x61C5, 0x51A5,
  0x6A88, 0x93AC, 0xA40D, 0xAC4E, 0xB46F, 0xBC8F, 0xB48F, 0xBC8E, 0xBC8F, 0xBC6E, 0xB46E, 0xB46E,
  0xB46E, 0xB44E, 0xB44E, 0xB44D, 0xB42D, 0xB44D, 0xBC6E, 0xBC8E, 0xC4AF, 0xC4CF, 0xC4F0, 0xC4F0,
  0xC4F0, 0xCD11, 0xCD31, 0xCD31, 0xCD31, 0xCD51, 0xCD31, 0xCD31, 0xCD31, 0xCD11, 0xCCF0, 0xC4D0,
  0xC4CF, 0xC48F, 0xBC6E, 0xBC2D, 0xB40D, 0xB40D, 0xB40D, 0xB40D, 0xB3EC, 0xB3EC, 0xB3EC, 0xB3EC,
  0xA329, 0x7205, 0x82A8, 0x4923, 0x2861, 0x30C3, 0x49E8, 0x5249, 0x73AF, 0x7C11, 0xA536, 0x8C73,
  0x8C93, 0x8C93, 0x9D15, 0x52AB, 0x18E4, 0x18E4, 0x18C3, 0x0861, 0x0841, 0x1061, 0x0841, 0x0841,
  0x0841, 0x0820, 0x0820, 0x1861, 0x2061, 0x3081, 0x4902, 0x61A4, 0x7226, 0x8287, 0x8AC8, 0x9309,
  0x9B4A, 0x9B4A, 0xA36A, 0xA38B, 0xA38B, 0xA3AB, 0xA3AB, 0xA3AB, 0xA38B, 0xA3AB, 0xA3AB, 0xA3AB,
  0xA3AB, 0xA3AB, 0xA3AB, 0xA3AB, 0xA38B, 0x9B6A, 0xA38B, 0xA38B, 0x9B6B, 0x9B6B, 0x932A, 0x82C9,
  0x82C8, 0x82A8, 0x82C8, 0x7A67, 0x7267, 0x5A07, 0x4985, 0x28E3, 0x18A3, 0x20E3, 0x20E3, 0x2104,
  0x1082, 0x1082, 0x2104, 0x1082, 0x1082, 0x10A2, 0x18C3, 0x18E4, 0x10A3, 0x10A3, 0x18A3, 0x10A3,
  0x1082, 0x0841, 0x0861, 0x18C3, 0x1082, 0x1082, 0x1082, 0x18C3, 0x1062, 0x0821, 0x1062, 0x18A3,
  0x20E4, 0x18E4, 0x18C3, 0x18C3, 0x1062, 0x10A3, 0x10A3, 0x1082, 0x18A3, 0x0841, 0x0841, 0x0021,
  0x0021, 0x1082, 0x1062, 0x0841, 0x1082, 0x0861, 0x18E3, 0x1082, 0x1082, 0x18C3, 0x0861, 0x1082,
  0x0861, 0x1082, 0x1082, 0x0861, 0x1062, 0x1062, 0x1062, 0x0861, 0x0861, 0x0861, 0x0861, 0x0861,
  0x0841, 0x0861, 0x1062, 0x1061, 0x1082, 0x18A2, 0x18C2, 0x0841, 0x18A2, 0x18A2, 0x1882, 0x1082,
  0x1082, 0x1061, 0x1041, 0x1061, 0x20C2, 0x20C2, 0x20A2, 0x18A2, 0x1061, 0x18A2, 0x18A2, 0x1061,
  0x1061, 0x1041, 0x1061, 0x1081, 0x1881, 0x20A2, 0x2903, 0x3103, 0x3965, 0x49C7, 0x62CB, 0x9451,
  0x79E3, 0x79E3, 0x79E3, 0x79E3, 0x79E3, 0x79E3, 0x79E4, 0x8203, 0x8203, 0x81E3, 0x81E3, 0x79C2,
  0x79A2, 0x79A2, 0x7181, 0x7161, 0x7161, 0x7161, 0x7161, 0x7161, 0x7161, 0x7183, 0x61C5, 0x4985,
  0x7B0A, 0xA42E, 0xB48F, 0xBCAF, 0xC4D0, 0xC4D0, 0xC4D0, 0xBCAF, 0xC4AF, 0xBCAF, 0xBCAF, 0xBC8F,
  0xBC8E, 0xBC8E, 0xB46E, 0xB44D, 0xB42D, 0xAC2D, 0xB42D, 0xBC6E, 0xC4AF, 0xC4CF, 0xC4F0, 0xC4F0,
  0xCCF0, 0xCD11, 0xCD31, 0xCD31, 0xCD31, 0xCD31, 0xCD31, 0xCD51, 0xCD11, 0xCCF0, 0xC4F0, 0xC4D0,
  0xC4AF, 0xC48E, 0xBC6E, 0xBC2D, 0xB40D, 0xB40C, 0xB3EC, 0xB3EC, 0xB3EC, 0xABCC, 0xABAB, 0xABAB,
  0x8A87, 0x8288, 0x7206, 0x3061, 0x2882, 0x5208, 0x738E, 0x7BF0, 0x94B3, 0xBE39, 0xCE7B, 0xCEBB,
  0xD6FC, 0xBE5A, 0xB639, 0x8493, 0x6BB0, 0x7432, 0x31E8, 0x1082, 0x0842, 0x1082, 0x1082, 0x0841,
  0x0841, 0x0841, 0x0841, 0x0820, 0x0820, 0x1840, 0x38A2, 0x5964, 0x69C5, 0x7A46, 0x8287, 0x8AE8,
  0x9309, 0x9B4A, 0xA36B, 0xA38B, 0xA3AB, 0xA3AB, 0xA3AB, 0xA3AB, 0xA3AB, 0xA3AB, 0xA3AB, 0xA3AB,
  0xA3AB, 0xA3AB, 0xA3CB, 0xA3AB, 0xA3AB, 0x9B8A, 0x9B4A, 0x9B8B, 0x9B6B, 0x9B6B, 0x932A, 0x8B09,
  0x82C8, 0x8AE9, 0x7A87, 0x7A88, 0x7A88, 0x6227, 0x49A6, 0x3104, 0x18A3, 0x18C3, 0x18A2, 0x18E4,
  0x18C3, 0x1082, 0x2125, 0x1082, 0x1082, 0x10A3, 0x18C3, 0x18C3, 0x10A3, 0x10A3, 0x18C3, 0x10A2,
  0x10A2, 0x0841, 0x0841, 0x1082, 0x1082, 0x1082, 0x1082, 0x18A3, 0x1062, 0x0841, 0x1062, 0x18C3,
  0x2104, 0x18E4, 0x18A3, 0x18C3, 0x1062, 0x1083, 0x1083, 0x1082, 0x10A2, 0x0862, 0x0041, 0x0041,
  0x0021, 0x1062, 0x1082, 0x0841, 0x0862, 0x1061, 0x18C3, 0x1082, 0x1082, 0x18C3, 0x1061, 0x1082,
  0x0841, 0x1082, 0x1082, 0x1062, 0x1061, 0x0861, 0x0861, 0x0841, 0x0861, 0x0861, 0x0861, 0x1082,
  0x0861, 0x0841, 0x1061, 0x0841, 0x0861, 0x1082, 0x18C3, 0x1061, 0x1061, 0x18A2, 0x1881, 0x18A2,
  0x1062, 0x1061, 0x1061, 0x1061, 0x1882, 0x20E3, 0x20C2, 0x18A2, 0x18A2, 0x1861, 0x20C2, 0x1081,
  0x1041, 0x1041, 0x1061, 0x1061, 0x1882, 0x1881, 0x28E2, 0x3103, 0x3124, 0x5208, 0x62AA, 0x8C30,
  0x79E3, 0x79E3, 0x79E3, 0x79E3, 0x79E3, 0x79E3, 0x79E3, 0x79E3, 0x81C3, 0x81C3, 0x79C3, 0x79C2,
  0x79A2, 0x79A2, 0x7982, 0x7981, 0x7961, 0x7181, 0x7182, 0x7182, 0x7182, 0x71A3, 0x61A5, 0x51A5,
  0x8B6B, 0xAC4E, 0xBCAF, 0xBCD0, 0xC4D0, 0xC4F0, 0xC4D0, 0xC4D0, 0xC4AF, 0xC4AF, 0xC4AF, 0xBCAF,
  0xBC8F, 0xBC8F, 0xBC8E, 0xBC6E, 0xB44D, 0xB42D, 0xB42D, 0xB44E, 0xBC8F, 0xC4CF, 0xC4D0, 0xC4F0,
  0xC4D0, 0xCCF1, 0xCD11, 0xCD31, 0xCD31, 0xCD31, 0xCD51, 0xCD31, 0xCD11, 0xCCF1, 0xCCF0, 0xCCF0,
  0xC4AF, 0xC48F, 0xBC6E, 0xB42D, 0xB3EC, 0xB3EC, 0xB3EC, 0xB3EC, 0xB3EC, 0xABCC, 0xABAB, 0xA34A,
  0x8267, 0x8AE9, 0x5103, 0x3040, 0x4145, 0x83CF, 0x9CF4, 0xA514, 0xAD75, 0xBDF8, 0xD6FC, 0xC639,
  0xCEBB, 0xB5F8, 0x8CD4, 0x4A8B, 0x5B0D, 0x6C11, 0x4A8B, 0x1061, 0x2104, 0x2946, 0x0821, 0x18A2,
  0x1082, 0x1082, 0x0841, 0x0821, 0x0820, 0x1000, 0x3082, 0x40E3, 0x69E6, 0x8AC9, 0x9309, 0x9B4A,
  0x932A, 0x9B4A, 0x9B8B, 0xA3AB, 0xA3AB, 0xA3AB, 0xA3AB, 0xA3AB, 0xABCC, 0xA3AB, 0xABCC, 0xABCC,
  0xA3AB, 0xA3AB, 0xABCC, 0xA3AB, 0xA3AB, 0xA3AB, 0x9B6A, 0x9B4A, 0x9B6B, 0x9B6B, 0x9B8B, 0x8B29,
  0x82C8, 0x82C8, 0x82C8, 0x7A67, 0x7A88, 0x6A47, 0x49A5, 0x4165, 0x20A2, 0x18A3, 0x18A3, 0x18A3,
  0x20E4, 0x1082, 0x2925, 0x18C3, 0x1082, 0x10A2, 0x10A3, 0x18C3, 0x18A3, 0x18A3, 0x18C3, 0x1082,
  0x10A2, 0x0862, 0x0041, 0x1082, 0x1082, 0x1082, 0x1082, 0x18A3, 0x1082, 0x0861, 0x1082, 0x20E4,
  0x1904, 0x18E4, 0x1083, 0x18C3, 0x0862, 0x10A2, 0x1082, 0x1062, 0x1082, 0x1082, 0x0841, 0x0841,
  0x0021, 0x0862, 0x1082, 0x0841, 0x1062, 0x0841, 0x18A3, 0x1082, 0x1082, 0x18A3, 0x1082, 0x1082,
  0x0841, 0x1082, 0x1082, 0x1082, 0x1062, 0x0861, 0x0861, 0x0841, 0x0841, 0x0861, 0x0861, 0x1062,
  0x0861, 0x0841, 0x0841, 0x1061, 0x0841, 0x1082, 0x18C3, 0x1882, 0x1041, 0x18A2, 0x18A2, 0x1881,
  0x1882, 0x1061, 0x1061, 0x1061, 0x1061, 0x18A2, 0x20E3, 0x20A2, 0x20C2, 0x1881, 0x18A2, 0x18A2,
  0x1061, 0x1041, 0x1061, 0x1061, 0x1882, 0x20A2, 0x20A2, 0x3103, 0x3124, 0x49A6, 0x5A69, 0x734D,
  0x79C3, 0x79C3, 0x79C3, 0x79C3, 0x79C3, 0x79C3, 0x79C2, 0x79C2, 0x79C2, 0x79C2, 0x79C2, 0x79C2,
  0x79C2, 0x79A2, 0x79A2, 0x79A2, 0x79A2, 0x79A2, 0x79A2, 0x79A2, 0x79A2, 0x71C3, 0x61C4, 0x61E6,
  0xA3ED, 0xBCD0, 0xC4F0, 0xC4F0, 0xC4D0, 0xC4D0, 0xC4D0, 0xC4D0, 0xC4CF, 0xC4AF, 0xC4AF, 0xC4AF,
  0xBC8F, 0xBCAF, 0xBCAF, 0xBC8E, 0xB44E, 0xB44E, 0xB44D, 0xB42D, 0xBC6E, 0xBCAF, 0xC4CF, 0xC4F0,
  0xCCF1, 0xCCF0, 0xCD11, 0xCD11, 0xCD31, 0xCD31, 0xCD31, 0xCD51, 0xCD31, 0xCD11, 0xC4D0, 0xC4B0,
  0xC4AF, 0xC48F, 0xBC4E, 0xB42D, 0xB3EC, 0xB3CC, 0xB3EC, 0xB3EC, 0xABCC, 0xABAB, 0xAB8B, 0x9B09,
  0x8AE8, 0x8267, 0x4060, 0x40A2, 0x72EB, 0xA4F3, 0xB575, 0xB596, 0xADB6, 0xBE39, 0xCEBA, 0xB5F8,
  0xB5F8, 0xADD8, 0x8C93, 0x31A7, 0x4229, 0x20E4, 0x0841, 0x0841, 0x1883, 0x2125, 0x0020, 0x1082,
  0x20C3, 0x1862, 0x1041, 0x1861, 0x2881, 0x38C2, 0x4923, 0x5123, 0x6184, 0x8288, 0x9B8B, 0xA3CC,
  0xA3CC, 0xA3CC, 0xABED, 0xABCC, 0xABCC, 0xA3CC, 0xABEC, 0xABCC, 0xABCC, 0xABCC, 0xABCC, 0xABEC,
  0xABCC, 0xABCC, 0xABCC, 0xABCC, 0xA3AB, 0xA3AB, 0xA38B, 0x9329, 0x9B6A, 0x9B6B, 0x9B6B, 0x932A,
  0x8B09, 0x82C8, 0x82C8, 0x82C8, 0x7A87, 0x7288, 0x49A5, 0x4185, 0x28E3, 0x18A3, 0x18C3, 0x18A3,
  0x20E4, 0x1062, 0x20E4, 0x18E4, 0x1082, 0x10A3, 0x10A3, 0x10A3, 0x18A3, 0x10A3, 0x18A3, 0x10A2,
  0x10A2, 0x1082, 0x0841, 0x0861, 0x10A2, 0x1082, 0x1082, 0x1082, 0x0861, 0x0841, 0x1062, 0x20E4,
  0x18E4, 0x20E4, 0x10A3, 0x18C3, 0x0841, 0x1082, 0x10A2, 0x1082, 0x0862, 0x10A2, 0x0841, 0x0041,
  0x0021, 0x0861, 0x1062, 0x0841, 0x0862, 0x0841, 0x18A3, 0x1082, 0x1082, 0x10A2, 0x10A2, 0x1062,
  0x0841, 0x1062, 0x1082, 0x1082, 0x1082, 0x1062, 0x0861, 0x0841, 0x0841, 0x0861, 0x0861, 0x0861,
  0x1082, 0x0841, 0x0841, 0x1082, 0x0861, 0x1061, 0x18A2, 0x18C2, 0x1061, 0x1082, 0x18A2, 0x18A2,
  0x18A1, 0x1061, 0x1061, 0x1061, 0x1061, 0x18A2, 0x20C2, 0x20C2, 0x20A2, 0x18A2, 0x18A2, 0x18A2,
  0x1061, 0x1061, 0x1061, 0x1061, 0x1881, 0x20A2, 0x20A2, 0x28E3, 0x3144, 0x49C6, 0x5228, 0x62CB,
  0x79C3, 0x79C3, 0x79C3, 0x79C3, 0x79C3, 0x79C3, 0x79C2, 0x79C2, 0x79A2, 0x79C2, 0x79C2, 0x79C2,
  0x79C2, 0x81C2, 0x79C2, 0x79C2, 0x79A2, 0x79A2, 0x79C2, 0x79C2, 0x79C3, 0x79E3, 0x69C4, 0x6206,
  0xA3ED, 0xBCAF, 0xC4F0, 0xC511, 0xC511, 0xC511, 0xC4F0, 0xC4F0, 0xC4D0, 0xC4D0, 0xC4AF, 0xC4AF,
  0xBC8F, 0xBC8F, 0xC48F, 0xBC8E, 0xBC6E, 0xB44E, 0xB44D, 0xB44D, 0xBC6E, 0xBC8E, 0xC4AF, 0xC4D0,
  0xCCF0, 0xCCF0, 0xCD11, 0xCD11, 0xCD11, 0xCD31, 0xCD31, 0xCD31, 0xCD31, 0xCD11, 0xCCF0, 0xC4CF,
  0xC4AF, 0xC48F, 0xBC4E, 0xBC2D, 0xB3EC, 0xABCC, 0xABCC, 0xABCC, 0xABCC, 0xABAB, 0xAB8B, 0x9B09,
  0x9B09, 0x6164, 0x4040, 0x59A6, 0x9410, 0xB575, 0xBDB6, 0xBDF7, 0xBDD7, 0xBE17, 0xC639, 0xBDF8,
  0xBE39, 0xADD8, 0x94D4, 0x2966, 0x1041, 0x1061, 0x1061, 0x1041, 0x0821, 0x0820, 0x0841, 0x0820,
  0x1041, 0x30C3, 0x4965, 0x61E6, 0x61E6, 0x6A06, 0x7206, 0x7A26, 0x8267, 0x8287, 0x92E8, 0xA38B,
  0xABED, 0xB40D, 0xAC0D, 0xB40D, 0xABEC, 0xABCC, 0xABCC, 0xABEC, 0xABCC, 0xABCC, 0xABEC, 0xABEC,
  0xABEC, 0xABCC, 0xABCC, 0xABCC, 0xABCC, 0xA3AB, 0xA38B, 0x9B6A, 0x9309, 0x9B6A, 0x9B6A, 0x9329,
  0x8B09, 0x8AE9, 0x82A8, 0x82C8, 0x7A87, 0x7267, 0x51C6, 0x4185, 0x3124, 0x18A2, 0x18C3, 0x18A2,
  0x20E3, 0x18A3, 0x18C3, 0x2104, 0x1062, 0x18C3, 0x18A3, 0x10A2, 0x18A3, 0x10A2, 0x10A2, 0x10A2,
  0x1082, 0x1082, 0x0861, 0x0841, 0x10A2, 0x0862, 0x1062, 0x1082, 0x0862, 0x0841, 0x1062, 0x18A3,
  0x18C3, 0x20C4, 0x18A3, 0x18E4, 0x0841, 0x1082, 0x1082, 0x1082, 0x1082, 0x1082, 0x0861, 0x0021,
  0x0041, 0x0841, 0x0862, 0x0841, 0x0861, 0x1062, 0x1082, 0x10A2, 0x1082, 0x1082, 0x1082, 0x1082,
  0x0841, 0x0861, 0x1062, 0x1082, 0x1082, 0x1082, 0x0861, 0x0861, 0x0020, 0x1082, 0x0861, 0x0861,
  0x0861, 0x0841, 0x0841, 0x1062, 0x1082, 0x1061, 0x1082, 0x18A2, 0x1082, 0x1081, 0x18A2, 0x18A2,
  0x18A2, 0x1882, 0x1061, 0x1061, 0x1061, 0x1881, 0x18A2, 0x20C2, 0x20A2, 0x18A2, 0x1881, 0x20C2,
  0x1061, 0x1061, 0x1061, 0x1061, 0x1861, 0x20A2, 0x20A2, 0x28C2, 0x30E3, 0x49C6, 0x6AAB, 0x62AA,
  0x79C3, 0x79C3, 0x79C3, 0x79C3, 0x79C3, 0x79C3, 0x79C3, 0x81C2, 0x81C2, 0x79C2, 0x81C2, 0x81C2,
  0x81C2, 0x81C2, 0x81C2, 0x79C2, 0x79C2, 0x79C2, 0x79C2, 0x79C2, 0x81C3, 0x81E3, 0x69C4, 0x6A26,
  0xAC6F, 0xC4F1, 0xC4D0, 0xC4D0, 0xCCF0, 0xC510, 0xC4F0, 0xC4F0, 0xC4F0, 0xC4D0, 0xC4D0, 0xC4AF,
  0xC4AF, 0xC4AF, 0xC48E, 0xBC6E, 0xBC6E, 0xBC6E, 0xB44D, 0xB44E, 0xBC4E, 0xBC8E, 0xC4AF, 0xC4CF,
  0xCCF0, 0xCCF0, 0xCD11, 0xCD11, 0xCD31, 0xCD31, 0xCD11, 0xCD31, 0xCD31, 0xCD11, 0xCCF0, 0xC4D0,
  0xC4CF, 0xC48F, 0xBC6E, 0xB42D, 0xB3EC, 0xABCB, 0xABCC, 0xABCC, 0xABCC, 0xABAB, 0xAB8B, 0xA34A,
  0x9AC8, 0x50C1, 0x5082, 0x7AEB, 0xACD3, 0xBDB6, 0xC5D7, 0xC5F7, 0xBDD7, 0xB5D6, 0xBE18, 0xBE18,
  0xBE39, 0xB619, 0xA577, 0x4A4A, 0x1041, 0x1882, 0x1882, 0x1061, 0x1061, 0x0841, 0x1021, 0x28C2,
  0x51C6, 0x7288, 0x7A88, 0x7A67, 0x82A8, 0x8AC8, 0x9309, 0x9309, 0x9329, 0x9B29, 0x9B29, 0x9B29,
  0x9B6A, 0xABCC, 0xABEC, 0xABEC, 0xABEC, 0xABEC, 0xABCC, 0xABEC, 0xABCC, 0xABCC, 0xABEC, 0xABEC,
  0xABCC, 0xABCC, 0xABEC, 0xABCC, 0xABCC, 0xA3CB, 0xA38B, 0x9B6A, 0x9B4A, 0x9309, 0x9B6A, 0x9B4A,
  0x8B09, 0x8B09, 0x8AE9, 0x82A8, 0x7AA8, 0x7267, 0x5A06, 0x49A6, 0x3124, 0x18C2, 0x18A3, 0x18A2,
  0x20E3, 0x18C3, 0x10A2, 0x2925, 0x1062, 0x18A2, 0x18C3, 0x10A2, 0x18A3, 0x1082, 0x10A2, 0x10A2,
  0x1082, 0x1082, 0x0862, 0x0841, 0x1082, 0x1062, 0x0862, 0x1082, 0x1082, 0x0841, 0x1062, 0x10A2,
  0x10A3, 0x18E4, 0x18A3, 0x18C3, 0x0842, 0x1062, 0x1082, 0x10A2, 0x1082, 0x1062, 0x0862, 0x0041,
  0x0041, 0x0841, 0x0862, 0x0861, 0x0861, 0x1062, 0x1062, 0x18C3, 0x1062, 0x1082, 0x1082, 0x1082,
  0x0861, 0x0841, 0x1062, 0x1082, 0x1082, 0x1082, 0x0861, 0x0861, 0x0020, 0x0861, 0x0861, 0x0861,
  0x0861, 0x0861, 0x0841, 0x0861, 0x1082, 0x1061, 0x1082, 0x18A2, 0x10A2, 0x1061, 0x18A2, 0x18A2,
  0x18A2, 0x1882, 0x1061, 0x1061, 0x1041, 0x1881, 0x18A2, 0x20C2, 0x18A2, 0x18A2, 0x1081, 0x18A2,
  0x18A2, 0x1061, 0x1061, 0x1061, 0x1061, 0x18A2, 0x20C2, 0x28C2, 0x28C2, 0x3944, 0x6289, 0x730B,
  0x79C3, 0x79C3, 0x79C3, 0x79C3, 0x79C3, 0x79C3, 0x81E3, 0x79C2, 0x81C2, 0x81C2, 0x81C2, 0x81C2,
  0x81C2, 0x81C2, 0x81C2, 0x81C2, 0x81C2, 0x81C2, 0x81C2, 0x79C2, 0x81C3, 0x81E3, 0x71E4, 0x7267,
  0xAC6F, 0xC4F0, 0xC4F0, 0xC4D0, 0xC4D0, 0xC4F0, 0xCCF1, 0xCCF1, 0xCCF0, 0xC4D0, 0xC4D0, 0xC4AF,
  0xBCAF, 0xC4AF, 0xBC8E, 0xBC6E, 0xBC6E, 0xBC4E, 0xBC4E, 0xBC4E, 0xBC4E, 0xBC6E, 0xBC8F, 0xC4AF,
  0xC4D0, 0xC4F0, 0xCCF0, 0xCD11, 0xCD11, 0xCD31, 0xCD31, 0xCD31, 0xCD31, 0xCD11, 0xCCF0, 0xC4D0,
  0xC4AF, 0xC48F, 0xC46E, 0xBC4D, 0xB40C, 0xABCB, 0xABAB, 0xABCC, 0xB3EC, 0xB3CC, 0xABAB, 0xABAB,
  0x8246, 0x5060, 0x58E3, 0x938D, 0xB534, 0xC5B6, 0xC5F7, 0xC5D6, 0xBDB5, 0xB5B6, 0xBDF7, 0xBE18,
  0xBE18, 0xBE19, 0xBE19, 0x8411, 0x18A2, 0x1861, 0x1862, 0x1041, 0x1040, 0x1861, 0x51C6, 0x82EA,
  0x82E9, 0x8AE9, 0x9309, 0x9309, 0x9329, 0x9B4A, 0xA36A, 0xA38B, 0xA38B, 0xABAB, 0xA38B, 0xA3AB,
  0xA3AB, 0xABAB, 0xABEC, 0xABEC, 0xB3EC, 0xB3EC, 0xABEC, 0xABEC, 0xABEC, 0xABCC, 0xABEC, 0xABEC,
  0xABCC, 0xABCC, 0xABEC, 0xABEC, 0xABCC, 0xA3AB, 0xA3AB, 0x9B4A, 0xA36A, 0x9B4A, 0x9329, 0x9B6A,
  0x8B29, 0x8B29, 0x8AE9, 0x82C8, 0x7A88, 0x7A87, 0x6227, 0x51C6, 0x3124, 0x20A3, 0x18A3, 0x18A2,
  0x18A3, 0x18E3, 0x1062, 0x2125, 0x1062, 0x18A3, 0x18A3, 0x10A2, 0x18C3, 0x1082, 0x1082, 0x1082,
  0x0862, 0x1082, 0x0861, 0x0861, 0x0861, 0x1062, 0x0882, 0x1082, 0x1082, 0x0841, 0x0862, 0x18A3,
  0x10A2, 0x18E4, 0x18A3, 0x18C3, 0x1062, 0x0861, 0x10A2, 0x1082, 0x1062, 0x1062, 0x0862, 0x0841,
  0x0821, 0x0841, 0x0862, 0x0841, 0x0842, 0x1062, 0x0861, 0x18C3, 0x1082, 0x1062, 0x1061, 0x1061,
  0x1062, 0x0841, 0x1061, 0x1061, 0x1082, 0x1062, 0x0861, 0x0861, 0x0841, 0x0861, 0x1082, 0x0861,
  0x0841, 0x1061, 0x1061, 0x0841, 0x1061, 0x1082, 0x1081, 0x1082, 0x1882, 0x1882, 0x18C2, 0x20C2,
  0x1881, 0x18A2, 0x1061, 0x1081, 0x1061, 0x1881, 0x20A2, 0x20C2, 0x20C2, 0x18A2, 0x1061, 0x1081,
  0x18A2, 0x1881, 0x1061, 0x1061, 0x1061, 0x1881, 0x20C2, 0x28E2, 0x28E2, 0x3944, 0x49A6, 0x6A89,
  0x79C3, 0x79C3, 0x79C2, 0x79C2, 0x79C2, 0x79C3, 0x79C2, 0x79C2, 0x79C2, 0x79A2, 0x79C2, 0x79A2,
  0x81A2, 0x81A2, 0x81C2, 0x81C2, 0x81A2, 0x81A2, 0x81A2, 0x79C2, 0x79C2, 0x79C3, 0x71C3, 0x7267,
  0xBCB0, 0xC4F0, 0xC4F0, 0xC4F0, 0xC4F0, 0xC4F0, 0xCCF0, 0xCD10, 0xC4F0, 0xC4D0, 0xC4D0, 0xC4D0,
  0xC4AF, 0xC48F, 0xBC6E, 0xBC6E, 0xBC4E, 0xB44D, 0xBC4E, 0xBC4E, 0xBC4D, 0xB42D, 0xBC6E, 0xC4AF,
  0xC4CF, 0xC4F0, 0xCD11, 0xCD11, 0xCD11, 0xCD31, 0xCD32, 0xCD32, 0xCD32, 0xCD11, 0xC4F0, 0xC4D0,
  0xC4B0, 0xC4AF, 0xC48E, 0xBC2D, 0xB3EC, 0xABCB, 0xABAB, 0xABAB, 0xABCC, 0xB3EC, 0xABEC, 0xB38B,
  0x7184, 0x5060, 0x6965, 0xAC0F, 0xBCF3, 0xC554, 0xC575, 0xC595, 0xBD95, 0xBD96, 0xBDF7, 0xBDD7,
  0xBDD7, 0xC639, 0xBE18, 0xAD76, 0x528A, 0x1862, 0x1882, 0x3924, 0x51A6, 0x7AC9, 0x930A, 0x9309,
  0x932A, 0x9B4A, 0xA36B, 0xA38B, 0xA36B, 0xA38B, 0xA38B, 0xABAB, 0xABCB, 0xABCC, 0xABEC, 0xABCC,
  0xABEC, 0xB3EC, 0xABEC, 0xABEC, 0xB3EC, 0xB3EC, 0xB3EC, 0xABEC, 0xABEC, 0xABEC, 0xABEC, 0xABEC,
  0xABEC, 0xABCC, 0xABEC, 0xABEC, 0xABCC, 0xA3AB, 0xA3AB, 0x9B6A, 0x9B6A, 0xA38B, 0x9B4A, 0x9B4A,
  0x934A, 0x8B09, 0x8B09, 0x8AE9, 0x82A8, 0x7A88, 0x6227, 0x51C6, 0x4165, 0x20A3, 0x18A3, 0x18A2,
  0x18A2, 0x20E3, 0x1062, 0x2104, 0x1082, 0x10A2, 0x1082, 0x1082, 0x10A3, 0x1082, 0x1082, 0x1082,
  0x0861, 0x10A2, 0x0882, 0x0861, 0x0841, 0x0862, 0x0862, 0x1062, 0x1082, 0x0841, 0x0841, 0x10A3,
  0x1082, 0x20E4, 0x18A3, 0x18C3, 0x1041, 0x0841, 0x10A2, 0x1082, 0x1062, 0x1082, 0x0862, 0x0841,
  0x0021, 0x0841, 0x0861, 0x0841, 0x0841, 0x1062, 0x0841, 0x18C3, 0x1082, 0x1082, 0x0861, 0x0861,
  0x1082, 0x0841, 0x0861, 0x1061, 0x1082, 0x1082, 0x0861, 0x0841, 0x0841, 0x0861, 0x1082, 0x0882,
  0x0841, 0x0861, 0x0861, 0x1061, 0x0861, 0x1082, 0x1882, 0x1061, 0x1061, 0x1082, 0x18A2, 0x20C2,
  0x18A2, 0x18A2, 0x1881, 0x1041, 0x1081, 0x1081, 0x20C2, 0x20C2, 0x28E3, 0x18A2, 0x1061, 0x1061,
  0x18A2, 0x18A2, 0x1081, 0x1061, 0x1861, 0x1881, 0x28C2, 0x3103, 0x3923, 0x3903, 0x4964, 0x51C5,
  0x79C2, 0x79C2, 0x79A2, 0x79A2, 0x79A2, 0x79A2, 0x79A2, 0x79A2, 0x79A2, 0x79A2, 0x79A2, 0x7982,
  0x79A2, 0x79A2, 0x79A2, 0x79A2, 0x81A2, 0x79A2, 0x79A2, 0x79A2, 0x79A2, 0x79C3, 0x71C3, 0x7A87,
  0xB46F, 0xBCCF, 0xC4CF, 0xC4F0, 0xC4F0, 0xC4F0, 0xC4F0, 0xC4F0, 0xC4F0, 0xC4D0, 0xC4D0, 0xC4D0,
  0xC4AF, 0xBC8F, 0xBC8E, 0xBC6E, 0xBC6E, 0xBC4E, 0xB42D, 0xB42D, 0xB42D, 0xB42D, 0xBC6E, 0xC4AF,
  0xC4CF, 0xC4D0, 0xCCF0, 0xCD11, 0xCD11, 0xCD11, 0xCD31, 0xCD32, 0xCD52, 0xCD31, 0xC4F0, 0xC4F0,
  0xC4D0, 0xC4CF, 0xC48F, 0xBC4E, 0xB40C, 0xABCB, 0xAB8B, 0xABAB, 0xABCC, 0xB40D, 0xBC2D, 0xA329,
  0x6101, 0x5881, 0x79C6, 0xABCE, 0xB42F, 0xBD13, 0xC595, 0xC595, 0xB533, 0xAD33, 0xC5F7, 0xBDD7,
  0xAD55, 0xA534, 0xB596, 0xB596, 0x9C71, 0x5A48, 0x6248, 0x7AEA, 0x82EA, 0x930A, 0x932A, 0xA38B,
  0xABCC, 0xABEC, 0xABEC, 0xABEC, 0xB3EC, 0xB40D, 0xB3EC, 0xABCC, 0xABEC, 0xABEC, 0xB40D, 0xB40D,
  0xABED, 0xABEC, 0xB40D, 0xB3EC, 0xB3EC, 0xB3EC, 0xB3EC, 0xABEC, 0xABEC, 0xABEC, 0xABEC, 0xABEC,
  0xABCC, 0xABEC, 0xABEC, 0xABCC, 0xABCC, 0xABCC, 0xA3AB, 0xA36A, 0xA36A, 0xA38B, 0x9B6A, 0x932A,
  0x934A, 0x932A, 0x8B09, 0x8B09, 0x8AE9, 0x7A88, 0x6A67, 0x51C6, 0x49A6, 0x20C3, 0x18A2, 0x18A2,
  0x18A2, 0x18A3, 0x1082, 0x20E3, 0x10A2, 0x1082, 0x1082, 0x1062, 0x1082, 0x1082, 0x1082, 0x18C3,
  0x0861, 0x1082, 0x1082, 0x0861, 0x0841, 0x0862, 0x0862, 0x1062, 0x1062, 0x0841, 0x0841, 0x1083,
  0x1082, 0x18C3, 0x1082, 0x18A3, 0x1041, 0x0841, 0x1082, 0x1082, 0x1062, 0x1082, 0x0862, 0x0861,
  0x0021, 0x0841, 0x1061, 0x0861, 0x0841, 0x0862, 0x0841, 0x18A2, 0x18A2, 0x1082, 0x0861, 0x0861,
  0x1082, 0x0841, 0x1061, 0x1062, 0x10A2, 0x1082, 0x0861, 0x0861, 0x0861, 0x0841, 0x0861, 0x0861,
  0x0861, 0x1082, 0x0841, 0x1082, 0x0861, 0x1082, 0x1882, 0x1061, 0x0841, 0x1081, 0x10A2, 0x18C2,
  0x1081, 0x18A2, 0x18A2, 0x1061, 0x1081, 0x1881, 0x20A2, 0x20C2, 0x20C3, 0x20C2, 0x1061, 0x1061,
  0x1881, 0x20A2, 0x18A2, 0x1061, 0x1861, 0x1861, 0x20A2, 0x3103, 0x3923, 0x4144, 0x4144, 0x5184,
  0x79A2, 0x79A2, 0x79A2, 0x79A2, 0x79A2, 0x79A2, 0x79A1, 0x79A1, 0x7981, 0x7981, 0x7981, 0x7981,
  0x79A1, 0x7981, 0x79A2, 0x79A2, 0x79A2, 0x79A2, 0x79A1, 0x79A2, 0x79A2, 0x79C3, 0x71C3, 0x82A7,
  0xBCD0, 0xC4F0, 0xC4D0, 0xC4D0, 0xC4F0, 0xC4F0, 0xCCF0, 0xC4D0, 0xC4D0, 0xC4F0, 0xC4D0, 0xC4AF,
  0xC4AF, 0xC4AF, 0xC48F, 0xBC6E, 0xBC4E, 0xBC4D, 0xB42D, 0xB42D, 0xB42D, 0xB42D, 0xBC6E, 0xBC8E,
  0xC4AF, 0xC4D0, 0xCCF0, 0xCD11, 0xCD31, 0xCD31, 0xCD11, 0xCD52, 0xCD52, 0xCD52, 0xCD31, 0xCD11,
  0xC4D0, 0xC4D0, 0xC4AF, 0xBC6E, 0xB42D, 0xB3EC, 0xABAB, 0xABAB, 0xABEC, 0xBC4E, 0xBC2D, 0x9A87,
  0x5880, 0x60E2, 0x81E6, 0xAB4C, 0xB3EE, 0xB470, 0xBCF3, 0xBD33, 0xA471, 0x8C0F, 0xB534, 0xB575,
  0xAD13, 0x940F, 0x93CE, 0x93AD, 0x9BAD, 0x8B0A, 0x8B2A, 0x936B, 0x9B8C, 0xA3CC, 0xB40E, 0xB44E,
  0xBC4E, 0xBC4E, 0xBC4E, 0xB42D, 0xB44E, 0xBC4E, 0xB42D, 0xB42D, 0xB40D, 0xB40D, 0xB42E, 0xBC4E,
  0xB42E, 0xB40D, 0xB40D, 0xB3EC, 0xB40D, 0xB40D, 0xB3EC, 0xB3EC, 0xABEC, 0xABEC, 0xABEC, 0xABEC,
  0xABEC, 0xABEC, 0xABEC, 0xABEC, 0xABCC, 0xABCC, 0xABCB, 0xA38B, 0xA38B, 0xA38B, 0x9B6A, 0x9B6A,
  0x9329, 0x932A, 0x8B09, 0x8B2A, 0x8AE9, 0x82A8, 0x7268, 0x51C6, 0x51E6, 0x3104, 0x1882, 0x18A2,
  0x18A2, 0x1882, 0x18A2, 0x18A2, 0x18C3, 0x0861, 0x18A3, 0x1062, 0x10A2, 0x18C3, 0x0861, 0x10A2,
  0x1082, 0x0861, 0x10A2, 0x0861, 0x0861, 0x0861, 0x0862, 0x0862, 0x1062, 0x0841, 0x0841, 0x1082,
  0x1082, 0x18C3, 0x1082, 0x18C3, 0x0861, 0x0021, 0x1082, 0x1082, 0x1062, 0x1082, 0x0862, 0x0861,
  0x0041, 0x0021, 0x0861, 0x0861, 0x0841, 0x0862, 0x0841, 0x1082, 0x18A2, 0x1062, 0x1061, 0x0861,
  0x1082, 0x0861, 0x0841, 0x1082, 0x1082, 0x10A2, 0x1061, 0x0861, 0x0841, 0x0841, 0x0861, 0x0861,
  0x0841, 0x0861, 0x0861, 0x0861, 0x1062, 0x1061, 0x1082, 0x1061, 0x0841, 0x1061, 0x1081, 0x18C2,
  0x18A2, 0x1061, 0x1882, 0x1881, 0x1061, 0x18A2, 0x20C2, 0x20C2, 0x20A2, 0x20C3, 0x1881, 0x1061,
  0x1061, 0x20A2, 0x1882, 0x1061, 0x1061, 0x1881, 0x1881, 0x28E2, 0x3924, 0x4123, 0x4964, 0x5184,
  0x79A2, 0x79A2, 0x79A2, 0x79A2, 0x79A2, 0x79A2, 0x79A1, 0x79A1, 0x79A1, 0x79A1, 0x7981, 0x7981,
  0x7981, 0x7981, 0x79A2, 0x79A2, 0x79A2, 0x7981, 0x7981, 0x79A2, 0x79A2, 0x79A2, 0x71C2, 0x82C8,
  0xBCAF, 0xBCAF, 0xBCAF, 0xC4AF, 0xC4CF, 0xC4CF, 0xC4CF, 0xC4AF, 0xC4CF, 0xC4AF, 0xC4B0, 0xBC8F,
  0xC4AF, 0xC4AF, 0xC48F, 0xBC6E, 0xBC4E, 0xB42D, 0xB40D, 0xB40D, 0xB42D, 0xB42D, 0xBC4E, 0xBC6E,
  0xC4AF, 0xC4CF, 0xC4F0, 0xCD11, 0xCD31, 0xCD11, 0xCD11, 0xCD32, 0xCD52, 0xCD32, 0xD552, 0xCD31,
  0xCD31, 0xCD11, 0xCCF0, 0xC4AF, 0xBC6E, 0xBC2D, 0xB3EC, 0xABCB, 0xABEC, 0xBC6E, 0xBC0D, 0x81C4,
  0x5840, 0x7164, 0x92CA, 0x9AC9, 0x92A9, 0xABCD, 0xAC0E, 0xBCB1, 0xAC2F, 0x93AD, 0x8B6C, 0xA40E,
  0x8B4B, 0x8B0A, 0x82C9, 0x8B0A, 0x936B, 0x9BAC, 0xAC2E, 0xB46F, 0xB46F, 0xC4B0, 0xBC90, 0xBC8F,
  0xBC8F, 0xC4B0, 0xC48F, 0xBC8F, 0xBC8F, 0xBC6F, 0xBC6F, 0xBC6F, 0xBC6E, 0xB42E, 0xB42E, 0xB44E,
  0xBC4E, 0xB42D, 0xB42D, 0xB40D, 0xB40D, 0xB42D, 0xB40C, 0xABEC, 0xABCC, 0xABEC, 0xABEC, 0xABEC,
  0xABEC, 0xABEC, 0xABEC, 0xABEC, 0xABCC, 0xABCC, 0xABCC, 0xA3AB, 0xA38A, 0xA36A, 0x9B6A, 0x9B6A,
  0x9B6A, 0x9309, 0x8B09, 0x8B09, 0x8B09, 0x82C9, 0x7A88, 0x51A6, 0x51E6, 0x3944, 0x18A2, 0x1882,
  0x18A2, 0x1082, 0x18C3, 0x10A2, 0x18C3, 0x0841, 0x18A2, 0x1062, 0x10A2, 0x18C3, 0x10A2, 0x1082,
  0x1082, 0x0841, 0x1082, 0x0862, 0x0861, 0x0841, 0x0862, 0x0862, 0x1082, 0x0861, 0x0841, 0x1082,
  0x10A2, 0x18A3, 0x1082, 0x10A3, 0x0862, 0x0841, 0x0861, 0x0862, 0x0862, 0x1082, 0x0861, 0x0862,
  0x0841, 0x0841, 0x0841, 0x0861, 0x0841, 0x0862, 0x0841, 0x1061, 0x18A2, 0x1061, 0x1082, 0x0841,
  0x0861, 0x1061, 0x0841, 0x1082, 0x1082, 0x1082, 0x1082, 0x0861, 0x0841, 0x0841, 0x0861, 0x0841,
  0x0861, 0x0841, 0x1082, 0x0841, 0x1061, 0x0841, 0x1061, 0x1082, 0x1061, 0x0841, 0x1081, 0x18A2,
  0x18A2, 0x1061, 0x1061, 0x18A1, 0x1081, 0x1061, 0x20A2, 0x20C2, 0x20A2, 0x20A2, 0x20C3, 0x1881,
  0x1881, 0x1881, 0x20A2, 0x1881, 0x1061, 0x20A2, 0x1881, 0x28C2, 0x3923, 0x4143, 0x4964, 0x4963,
  0x7982, 0x79A2, 0x79A2, 0x79A2, 0x79A2, 0x79A1, 0x79A1, 0x79A1, 0x79A1, 0x79A1, 0x79A2, 0x79A1,
  0x79A1, 0x7981, 0x79A2, 0x7981, 0x7981, 0x7981, 0x79A1, 0x79A2, 0x79A2, 0x79C2, 0x71A2, 0x8AC8,
  0xBCAF, 0xBCAF, 0xBC8F, 0xC4AF, 0xC4AF, 0xC4AF, 0xC4AF, 0xBC8F, 0xBC8F, 0xBC8F, 0xBC8F, 0xBC8F,
  0xC4AF, 0xBC8E, 0xBC8E, 0xBC4E, 0xBC4E, 0xB42D, 0xB40D, 0xB40D, 0xB40D, 0xB40D, 0xB44D, 0xBC6E,
  0xBC8F, 0xC4CF, 0xC4CF, 0xCCF0, 0xCD11, 0xCD11, 0xCD11, 0xCD32, 0xCD52, 0xCD52, 0xCD52, 0xCD52,
  0xCD52, 0xCD31, 0xCD11, 0xC4D0, 0xC4AF, 0xBC6E, 0xBC4D, 0xABEC, 0xB40D, 0xC4AF, 0xBC0D, 0x7143,
  0x5840, 0x8207, 0xA32B, 0xA30A, 0x8A68, 0x92C9, 0x9B2B, 0x9B4B, 0x932B, 0x8AEA, 0x8AE9, 0x8B0A,
  0x934A, 0x9B8C, 0xA3ED, 0xAC0E, 0xB46F, 0xC4F1, 0xC4F1, 0xC4D0, 0xBCB0, 0xC4D0, 0xC4D0, 0xC4B0,
  0xC4D0, 0xC4D0, 0xC4B0, 0xC4B0, 0xC490, 0xBC8F, 0xBC8F, 0xC4AF, 0xBC8F, 0xBC6E, 0xBC4E, 0xBC6E,
  0xBC4E, 0xBC4E, 0xBC4D, 0xB42D, 0xB40D, 0xB40D, 0xB40D, 0xB40C, 0xABEC, 0xABEC, 0xABEC, 0xABEC,
  0xABEC, 0xABEC, 0xABEC, 0xABEC, 0xABCC, 0xABCC, 0xABCC, 0xA3AB, 0xA38B, 0xA36A, 0xA36A, 0x9B6A,
  0x9B6A, 0x9B4A, 0x8B29, 0x8AE9, 0x8B09, 0x82C8, 0x7AA8, 0x59C6, 0x51E6, 0x4165, 0x20A3, 0x1082,
  0x18A2, 0x1882, 0x18A2, 0x18A2, 0x18A3, 0x1061, 0x1082, 0x1061, 0x1082, 0x18A3, 0x18C3, 0x0861,
  0x10A2, 0x0861, 0x0861, 0x1082, 0x0841, 0x0861, 0x0861, 0x0841, 0x1062, 0x0861, 0x0041, 0x1082,
  0x1082, 0x1082, 0x1062, 0x10A2, 0x1082, 0x0841, 0x0841, 0x0861, 0x0862, 0x0862, 0x0861, 0x0862,
  0x0861, 0x0841, 0x0841, 0x0841, 0x0841, 0x0841, 0x0841, 0x0841, 0x10A2, 0x1061, 0x0861, 0x0861,
  0x0861, 0x0861, 0x0841, 0x1082, 0x1082, 0x1061, 0x1082, 0x0861, 0x0841, 0x0841, 0x0861, 0x0841,
  0x0861, 0x0841, 0x1082, 0x0841, 0x0841, 0x1061, 0x1062, 0x1082, 0x1081, 0x0841, 0x1061, 0x18A2,
  0x20C2, 0x1882, 0x1061, 0x1081, 0x18A2, 0x1061, 0x18A2, 0x20C2, 0x20A2, 0x1882, 0x20A2, 0x20A2,
  0x1881, 0x1882, 0x20C2, 0x1881, 0x1861, 0x1881, 0x20A2, 0x20A1, 0x3103, 0x4143, 0x5184, 0x59A4,
  0x7181, 0x7981, 0x7981, 0x7981, 0x7981, 0x7981, 0x7981, 0x7981, 0x7981, 0x7981, 0x7981, 0x7981,
  0x7981, 0x7981, 0x7981, 0x7981, 0x7981, 0x7981, 0x79A1, 0x79A2, 0x79A2, 0x79A2, 0x71A2, 0x8AE8,
  0xBCAF, 0xBCAF, 0xBC8F, 0xBC6E, 0xBC6E, 0xBC6E, 0xBC6E, 0xBC6E, 0xB44E, 0xB46E, 0xBC6E, 0xBC8F,
  0xBC8F, 0xBC6E, 0xBC4E, 0xBC4E, 0xBC2D, 0xB42D, 0xB40D, 0xB3EC, 0xB40C, 0xB40D, 0xB42D, 0xBC6E,
  0xBC8F, 0xC4CF, 0xC4D0, 0xCCF0, 0xCD11, 0xCD31, 0xCD32, 0xCD52, 0xCD72, 0xCD52, 0xD573, 0xD593,
  0xD573, 0xCD52, 0xD552, 0xCCF1, 0xC4D0, 0xC4AF, 0xBC6E, 0xB40D, 0xB42D, 0xC4AF, 0xBC4D, 0x7184,
  0x6942, 0x92A8, 0x9B0A, 0xA32B, 0xA34B, 0xA34B, 0xA38B, 0xA38C, 0xA3AC, 0xA3CC, 0xABED, 0xB44E,
  0xB46F, 0xBCB0, 0xC4F1, 0xC4D1, 0xC4D0, 0xC511, 0xCD11, 0xC4F1, 0xC4F1, 0xCD11, 0xC4D0, 0xC4D0,
  0xC4D0, 0xC4F1, 0xC4D0, 0xC4B0, 0xC4B0, 0xC4D0, 0xBCB0, 0xC4B0, 0xBC8F, 0xBC8F, 0xBC8F, 0xBC8F,
  0xBC6E, 0xBC4E, 0xB42D, 0xBC4D, 0xB42D, 0xB42D, 0xB40D, 0xB40D, 0xB3EC, 0xABEC, 0xABEC, 0xABEC,
  0xABEC, 0xABEC, 0xABEC, 0xABEC, 0xABCC, 0xABCC, 0xABCC, 0xA3AB, 0xA3AB, 0xA38B, 0xA36A, 0xA36A,
  0x9B6A, 0x9B6A, 0x9329, 0x8B09, 0x82A8, 0x8B09, 0x7AA8, 0x59C6, 0x51A5, 0x4185, 0x28E3, 0x1082,
  0x18A2, 0x1882, 0x1082, 0x1082, 0x18A2, 0x1082, 0x10A2, 0x0861, 0x1082, 0x10A2, 0x18C3, 0x1061,
  0x1082, 0x0861, 0x0861, 0x0881, 0x0841, 0x0841, 0x0861, 0x0841, 0x1082, 0x0861, 0x0021, 0x0862,
  0x1082, 0x1062, 0x1082, 0x1082, 0x1082, 0x0841, 0x0841, 0x0841, 0x1082, 0x0861, 0x0862, 0x0861,
  0x0861, 0x0841, 0x0821, 0x0861, 0x0841, 0x0841, 0x0841, 0x0841, 0x10A2, 0x1082, 0x0841, 0x0861,
  0x0841, 0x0861, 0x0841, 0x1082, 0x1082, 0x1061, 0x0861, 0x0861, 0x0841, 0x0841, 0x0841, 0x0841,
  0x0861, 0x0841, 0x0861, 0x0861, 0x0841, 0x0861, 0x1082, 0x1061, 0x1082, 0x1061, 0x1061, 0x1882,
  0x18C2, 0x20C2, 0x1061, 0x1061, 0x1881, 0x18A2, 0x18A1, 0x20A2, 0x20A2, 0x20A2, 0x1882, 0x28E3,
  0x18A2, 0x1861, 0x1881, 0x20A2, 0x1881, 0x1881, 0x20A2, 0x2081, 0x30E2, 0x4143, 0x5164, 0x61C5,
  0x7161, 0x7161, 0x7161, 0x7161, 0x7161, 0x7161, 0x7160, 0x7960, 0x7961, 0x7961, 0x7961, 0x7961,
  0x7961, 0x7961, 0x7981, 0x7981, 0x7981, 0x7981, 0x7981, 0x7981, 0x7982, 0x7981, 0x7182, 0x82A7,
  0xB46E, 0xB46E, 0xB44D, 0xB40C, 0xABCC, 0x9B6B, 0x8B29, 0x9329, 0x9B8B, 0xA3EC, 0xB44D, 0xBC6E,
  0xBC6E, 0xBC4E, 0xB42D, 0xB40D, 0xB42D, 0xB42D, 0xB42D, 0xB40D, 0xB40C, 0xB40C, 0xB42D, 0xBC4E,
  0xBC8F, 0xC4AF, 0xC4CF, 0xC4F0, 0xCD11, 0xCD31, 0xCD52, 0xCD72, 0xD573, 0xCD73, 0xD593, 0xD593,
  0xD5B4, 0xD593, 0xD573, 0xCD32, 0xCCF1, 0xC4D0, 0xC48F, 0xB42D, 0xB42D, 0xC4AF, 0xC48F, 0x9B29,
  0xA3AB, 0xABED, 0xABED, 0xB3ED, 0xB3ED, 0xB40D, 0xBC2E, 0xB40E, 0xB42E, 0xBC2E, 0xBC6F, 0xC4B0,
  0xC4D0, 0xC4D0, 0xC4F1, 0xC4F1, 0xCCF1, 0xCD11, 0xCD12, 0xCCF1, 0xC4D1, 0xCCF1, 0xC4D0, 0xCCF1,
  0xC4F1, 0xC4F1, 0xC4F1, 0xC4D0, 0xC4D0, 0xC4D0, 0xC4D0, 0xC4B0, 0xC4B0, 0xC4AF, 0xBC8F, 0xC48F,
  0xBC8F, 0xC48F, 0xBC6E, 0xBC4E, 0xB42D, 0xB42D, 0xB40D, 0xB40D, 0xB40D, 0xB40C, 0xB3EC, 0xABEC,
  0xABEC, 0xABCC, 0xABEC, 0xABEC, 0xABCC, 0xABCC, 0xABCC, 0xA3CB, 0xA3AB, 0xA38B, 0x9B6A, 0xA38B,
  0x9B6A, 0x9B8B, 0x9329, 0x932A, 0x82C8, 0x82C8, 0x7AA8, 0x6227, 0x4985, 0x4985, 0x3104, 0x18A2,
  0x1082, 0x18A2, 0x1082, 0x1062, 0x18A3, 0x1082, 0x1082, 0x0841, 0x1082, 0x10A2, 0x18A3, 0x1082,
  0x1082, 0x1082, 0x0861, 0x0861, 0x0861, 0x0841, 0x0861, 0x0841, 0x1082, 0x0862, 0x0020, 0x0862,
  0x1062, 0x1062, 0x1082, 0x1082, 0x1082, 0x0841, 0x0841, 0x0841, 0x1082, 0x0862, 0x0862, 0x0862,
  0x0861, 0x0841, 0x0841, 0x1062, 0x0841, 0x0841, 0x0841, 0x0841, 0x1082, 0x1082, 0x0841, 0x0861,
  0x0841, 0x0841, 0x0841, 0x1061, 0x10A2, 0x1082, 0x0841, 0x0861, 0x0841, 0x0841, 0x0841, 0x0841,
  0x0861, 0x0861, 0x0841, 0x1061, 0x0841, 0x0841, 0x1061, 0x1061, 0x1061, 0x1061, 0x1061, 0x1882,
  0x18A2, 0x18C2, 0x1081, 0x1041, 0x1061, 0x18A2, 0x18A2, 0x18A2, 0x20A2, 0x20C3, 0x1882, 0x20E3,
  0x20C2, 0x1881, 0x1882, 0x1882, 0x18A2, 0x1881, 0x20A2, 0x2081, 0x28A1, 0x4123, 0x5184, 0x59A4,
  0x7161, 0x7161, 0x7161, 0x7161, 0x7161, 0x7161, 0x7160, 0x7160, 0x7961, 0x7961, 0x7961, 0x7961,
  0x7960, 0x7961, 0x7961, 0x7981, 0x7961, 0x7961, 0x7961, 0x7981, 0x7981, 0x7181, 0x7181, 0x8266,
  0xB44E, 0xB42D, 0xA3CB, 0x8AE9, 0x59C5, 0x3903, 0x28C2, 0x30E2, 0x3102, 0x4164, 0x59E6, 0x82E9,
  0xABCC, 0xB42D, 0xB42E, 0xB40D, 0xB40D, 0xB40D, 0xB40D, 0xB40D, 0xAC0C, 0xABEC, 0xB40D, 0xB44D,
  0xBC8F, 0xC4AF, 0xC4CF, 0xC4D0, 0xCD11, 0xCD11, 0xD552, 0xD572, 0xD593, 0xD593, 0xD5B4, 0xD5D4,
  0xD5D4, 0xD5B4, 0xDDB4, 0xCD52, 0xCD52, 0xCCF1, 0xC4AF, 0xBC4D, 0xB42D, 0xBC8F, 0xC48F, 0xB42E,
  0xB42E, 0xB44E, 0xB42E, 0xB42E, 0xB3ED, 0xB3ED, 0xB3ED, 0xB40D, 0xB40E, 0xBC4F, 0xBC6F, 0xBC6F,
  0xC4B0, 0xC4B0, 0xC4D0, 0xCCF1, 0xCD11, 0xCCF1, 0xCCF1, 0xCCF1, 0xC4D0, 0xC4D0, 0xC4F1, 0xC4F1,
  0xC4F1, 0xCD11, 0xCD31, 0xC4F1, 0xC4D0, 0xC4F1, 0xC4D0, 0xC4D0, 0xC4D0, 0xC4B0, 0xC4AF, 0xC48F,
  0xC4AF, 0xC48F, 0xBC6E, 0xBC4E, 0xB42D, 0xB42D, 0xB42D, 0xB42D, 0xB42D, 0xB40C, 0xB3EC, 0xB3EC,
  0xABEC, 0xABEC, 0xABEC, 0xABEC, 0xABCC, 0xABCC, 0xABCC, 0xABCC, 0xA3AB, 0xA3AB, 0xA38B, 0xA38B,
  0x9B6A, 0x9B6A, 0x934A, 0x8B2A, 0x934A, 0x82A8, 0x82A8, 0x6A47, 0x4985, 0x4985, 0x28E3, 0x20C2,
  0x1882, 0x18A2, 0x1082, 0x1062, 0x18A2, 0x10A2, 0x1062, 0x0861, 0x1062, 0x10A2, 0x18A2, 0x1082,
  0x1061, 0x10A2, 0x0841, 0x0861, 0x0861, 0x0841, 0x0861, 0x0841, 0x0861, 0x0861, 0x0021, 0x1062,
  0x1062, 0x1082, 0x1082, 0x1062, 0x10A2, 0x0841, 0x0841, 0x0841, 0x1062, 0x0861, 0x0862, 0x0841,
  0x0841, 0x0841, 0x0841, 0x1061, 0x0841, 0x0861, 0x0841, 0x0841, 0x1082, 0x1082, 0x0841, 0x0861,
  0x0841, 0x0841, 0x0841, 0x0841, 0x1082, 0x1082, 0x0841, 0x0861, 0x0841, 0x0841, 0x0841, 0x0841,
  0x0841, 0x0841, 0x0841, 0x1061, 0x0841, 0x0821, 0x0841, 0x0841, 0x1062, 0x1061, 0x1061, 0x18A2,
  0x18A2, 0x18A2, 0x1881, 0x1061, 0x1061, 0x1081, 0x20A2, 0x20A2, 0x1882, 0x20A2, 0x20C2, 0x1881,
  0x2903, 0x18A2, 0x18A2, 0x1881, 0x1882, 0x20A2, 0x20C2, 0x28C2, 0x2081, 0x30E2, 0x5184, 0x5984,
  0x7161, 0x7161, 0x7161, 0x7161, 0x7161, 0x7161, 0x7160, 0x7960, 0x7960, 0x7961, 0x7961, 0x7961,
  0x7961, 0x7961, 0x7981, 0x7981, 0x7981, 0x7981, 0x7981, 0x7981, 0x7981, 0x7181, 0x7181, 0x7A05,
  0xABEC, 0xABCC, 0x82C8, 0x4964, 0x30C3, 0x28C3, 0x20A2, 0x20A2, 0x2904, 0x3186, 0x39C7, 0x41E7,
  0x5248, 0x832B, 0xAC0D, 0xB44E, 0xB40D, 0xB40D, 0xB40D, 0xB40D, 0xB40D, 0xABEC, 0xB40D, 0xB42D,
  0xBC6E, 0xC4AF, 0xC4CF, 0xC4D0, 0xCD11, 0xCD31, 0xCD52, 0xD573, 0xD5B4, 0xD5B4, 0xD5D4, 0xD5D5,
  0xDDF5, 0xDDD5, 0xD5B4, 0xD5B4, 0xD552, 0xCD11, 0xC4D0, 0xBC6E, 0xB42D, 0xB44D, 0xBC6E, 0xBC6F,
  0xBC6F, 0xBC4E, 0xBC4E, 0xB42E, 0xB42E, 0xB40D, 0xB3ED, 0xB40D, 0xBC2E, 0xBC4E, 0xBC4E, 0xBC4F,
  0xC46F, 0xC48F, 0xC48F, 0xC4B0, 0xC4D0, 0xC4D0, 0xC4D0, 0xC4D0, 0xC4D0, 0xC4D0, 0xC4D1, 0xC511,
  0xC511, 0xCD11, 0xCD11, 0xCCF1, 0xC4D0, 0xC4D1, 0xC4D0, 0xC4D0, 0xC4D0, 0xC4B0, 0xC4AF, 0xC4AF,
  0xBC8F, 0xC4AF, 0xBC8E, 0xBC4E, 0xB44D, 0xB42D, 0xB42D, 0xB42D, 0xB42D, 0xB40D, 0xB40C, 0xB40C,
  0xB3EC, 0xABEC, 0xABEC, 0xABEC, 0xABEC, 0xABCC, 0xABCC, 0xA3CB, 0xA3AB, 0xA3AB, 0xA38B, 0xA38B,
  0xA38B, 0x9B6B, 0x9B6B, 0x8B09, 0x9B4A, 0x9309, 0x7A87, 0x7288, 0x5184, 0x4985, 0x28E3, 0x20C2,
  0x1082, 0x1882, 0x18A2, 0x1082, 0x10A2, 0x18C2, 0x0841, 0x1061, 0x0841, 0x1082, 0x1082, 0x1082,
  0x0861, 0x10A2, 0x0861, 0x0861, 0x0861, 0x0861, 0x0841, 0x0861, 0x0861, 0x0861, 0x0021, 0x1062,
  0x0862, 0x1082, 0x1082, 0x1062, 0x1082, 0x0841, 0x0841, 0x0841, 0x0862, 0x0841, 0x1082, 0x0841,
  0x0841, 0x0841, 0x0821, 0x0841, 0x0841, 0x0841, 0x0841, 0x0841, 0x1061, 0x1082, 0x0861, 0x0861,
  0x0841, 0x0841, 0x0841, 0x0841, 0x10A2, 0x1082, 0x0841, 0x0861, 0x0841, 0x0841, 0x0841, 0x0841,
  0x0841, 0x0841, 0x0841, 0x1061, 0x0841, 0x0841, 0x0841, 0x0841, 0x1062, 0x1061, 0x0841, 0x18A2,
  0x18A2, 0x18A2, 0x18A2, 0x1881, 0x1041, 0x1061, 0x1861, 0x20A2, 0x18A2, 0x1882, 0x20C2, 0x1881,
  0x20A2, 0x28E3, 0x1861, 0x20A2, 0x1881, 0x20A2, 0x20C2, 0x28E2, 0x28C2, 0x28A1, 0x4943, 0x59A4,
  0x7161, 0x7161, 0x7161, 0x7161, 0x7160, 0x7160, 0x7961, 0x7961, 0x7961, 0x7981, 0x7961, 0x7981,
  0x7981, 0x7981, 0x7981, 0x7981, 0x7981, 0x7981, 0x7981, 0x7981, 0x7981, 0x7981, 0x7982, 0x71E4,
  0x934A, 0x7288, 0x4964, 0x3903, 0x28E3, 0x20A2, 0x20A2, 0x3145, 0x5AEC, 0x6BAF, 0x8452, 0x7411,
  0x7C31, 0x73AF, 0x5A27, 0x938C, 0xB42E, 0xB42D, 0xB40D, 0xB40D, 0xB40D, 0xABEC, 0xB40D, 0xB42D,
  0xBC6E, 0xC4AF, 0xC4D0, 0xC4D0, 0xCD11, 0xCD31, 0xCD52, 0xD573, 0xD5B4, 0xD5B4, 0xD5D4, 0xDDD5,
  0xDDF5, 0xDDD5, 0xD5D4, 0xD593, 0xD593, 0xCD11, 0xCCF0, 0xBC8F, 0xBC4E, 0xB44E, 0xB44E, 0xBC4E,
  0xBC4E, 0xBC4E, 0xBC4E, 0xB42E, 0xB42E, 0xB40E, 0xB40E, 0xBC2E, 0xBC2E, 0xBC4E, 0xBC4E, 0xBC4E,
  0xBC4E, 0xC46F, 0xC48F, 0xC4B0, 0xC4B0, 0xC4D0, 0xC4D0, 0xC4D0, 0xC4D0, 0xC4D0, 0xC4D1, 0xC4F1,
  0xC4F1, 0xCCF1, 0xCCF1, 0xC4D1, 0xC4D1, 0xC4D1, 0xC4D1, 0xC4F1, 0xC4F1, 0xCCF0, 0xC4D0, 0xC4B0,
  0xC4AF, 0xC4AF, 0xBC8E, 0xBC6E, 0xBC4E, 0xBC4D, 0xB42D, 0xB42D, 0xB42D, 0xB40D, 0xABEC, 0xB40C,
  0xB40C, 0xB3EC, 0xB3EC, 0xABEC, 0xABEC, 0xABCC, 0xABCC, 0xA3AB, 0xA3AB, 0xA3AB, 0xA3AB, 0xA38B,
  0xA3AB, 0xA38B, 0x9B6B, 0x8B09, 0x934A, 0x9329, 0x7A88, 0x7A88, 0x59A5, 0x51A5, 0x3103, 0x20C2,
  0x1082, 0x1081, 0x18A2, 0x1082, 0x1082, 0x1082, 0x0861, 0x1061, 0x0841, 0x1061, 0x1082, 0x1082,
  0x1061, 0x1062, 0x1082, 0x0861, 0x0861, 0x0861, 0x0841, 0x0861, 0x0861, 0x0861, 0x0841, 0x0862,
  0x1062, 0x1062, 0x1082, 0x1082, 0x1082, 0x0841, 0x0841, 0x0841, 0x0861, 0x0861, 0x1082, 0x0841,
  0x0841, 0x0841, 0x0841, 0x0841, 0x0841, 0x0841, 0x0841, 0x0841, 0x0861, 0x1082, 0x1061, 0x0861,
  0x0841, 0x0841, 0x0841, 0x0841, 0x10A2, 0x1082, 0x0841, 0x0861, 0x0841, 0x0841, 0x0861, 0x0841,
  0x0841, 0x0841, 0x0861, 0x1062, 0x0861, 0x0841, 0x0841, 0x0841, 0x0861, 0x1061, 0x0840, 0x1061,
  0x18A2, 0x1882, 0x18A2, 0x18A2, 0x1081, 0x1041, 0x1061, 0x20A2, 0x20A2, 0x18A1, 0x20C2, 0x18A2,
  0x18A2, 0x20C2, 0x20A2, 0x1881, 0x20A2, 0x20A2, 0x20A2, 0x28C2, 0x30E3, 0x28C2, 0x38E2, 0x4943,
  0x7181, 0x7961, 0x7961, 0x7961, 0x7961, 0x7981, 0x7961, 0x7981, 0x7961, 0x7981, 0x7981, 0x7981,
  0x7981, 0x7981, 0x7981, 0x7981, 0x7981, 0x7981, 0x7981, 0x7981, 0x7981, 0x79A1, 0x7182, 0x6183,
  0x69E5, 0x51A4, 0x3103, 0x28E3, 0x20A1, 0x30E3, 0x4965, 0x630C, 0x8451, 0x9D35, 0xA597, 0x8472,
  0xB5B7, 0x7C32, 0x1925, 0x8C30, 0xAC6F, 0xB44E, 0xAC0D, 0xB42D, 0xB40D, 0xABEC, 0xB40D, 0xB42D,
  0xBC6E, 0xC4AF, 0xC4D0, 0xC4D0, 0xCD11, 0xCD31, 0xD552, 0xD573, 0xD593, 0xD5D4, 0xDDD5, 0xDDF5,
  0xDDF5, 0xDDD5, 0xDDD4, 0xD5B4, 0xD593, 0xCD52, 0xCD11, 0xC4B0, 0xBC6E, 0xBC4E, 0xBC4E, 0xBC4E,
  0xB40D, 0xB40D, 0xB42E, 0xB42E, 0xB40D, 0xB40E, 0xB3ED, 0xB40E, 0xBC4E, 0xBC2E, 0xBC4E, 0xBC4F,
  0xC46F, 0xC46F, 0xC48F, 0xC48F, 0xC4B0, 0xC4B0, 0xC4B0, 0xC4D0, 0xC4D0, 0xC4D0, 0xC4D0, 0xC4D1,
  0xC4D1, 0xC4D0, 0xCD11, 0xCCF1, 0xCD11, 0xCD11, 0xCCF1, 0xCD11, 0xCD11, 0xCCF1, 0xC4D0, 0xC4B0,
  0xC4AF, 0xC4AF, 0xC4AF, 0xBC8E, 0xBC4E, 0xBC6E, 0xBC4D, 0xB42D, 0xB42D, 0xB42D, 0xB42D, 0xB40D,
  0xB40D, 0xB3EC, 0xB40C, 0xABEC, 0xABEC, 0xABCC, 0xABCC, 0xABCC, 0xA3AB, 0xA38B, 0xA38B, 0xA3AB,
  0xA3AB, 0xA38B, 0xA38B, 0x930A, 0x932A, 0x934A, 0x82A8, 0x82C8, 0x59C6, 0x51A5, 0x4144, 0x20C2,
  0x1882, 0x1061, 0x18A2, 0x1061, 0x1082, 0x1062, 0x1062, 0x1062, 0x0841, 0x0861, 0x1062, 0x1082,
  0x0861, 0x0841, 0x10A2, 0x0861, 0x0841, 0x1061, 0x0861, 0x0841, 0x0861, 0x0861, 0x0841, 0x0861,
  0x1062, 0x0861, 0x1082, 0x0862, 0x1082, 0x0861, 0x0841, 0x0841, 0x1081, 0x0861, 0x0861, 0x0861,
  0x0841, 0x0841, 0x0841, 0x0841, 0x0841, 0x0841, 0x0841, 0x0841, 0x0841, 0x1082, 0x1061, 0x1061,
  0x0841, 0x0841, 0x0841, 0x0841, 0x0841, 0x1062, 0x0841, 0x0861, 0x0841, 0x0841, 0x0861, 0x0841,
  0x0841, 0x0841, 0x0861, 0x1061, 0x0841, 0x0841, 0x0841, 0x0861, 0x0841, 0x1061, 0x0841, 0x1061,
  0x18A2, 0x1882, 0x18A2, 0x1881, 0x1882, 0x1061, 0x1041, 0x1882, 0x20A2, 0x20C2, 0x20C2, 0x20A2,
  0x1881, 0x20A2, 0x20C2, 0x20A2, 0x1881, 0x20A2, 0x20A2, 0x20A2, 0x3902, 0x4143, 0x30C1, 0x38E2,
  0x7161, 0x7161, 0x7961, 0x7981, 0x7981, 0x7981, 0x7981, 0x7961, 0x7961, 0x7981, 0x7961, 0x7961,
  0x7961, 0x7961, 0x7961, 0x7981, 0x7981, 0x7981, 0x7981, 0x7981, 0x7981, 0x7981, 0x7161, 0x6163,
  0x59A4, 0x5185, 0x3103, 0x3103, 0x28C2, 0x3903, 0x51C6, 0x8C51, 0xA555, 0xADB7, 0x9D35, 0xB5F8,
  0xBE5A, 0x634D, 0x1082, 0x638F, 0x9CD3, 0xAC4F, 0xB48F, 0xB46F, 0xB44E, 0xB40D, 0xB40D, 0xB42D,
  0xBC6E, 0xC4AF, 0xC4D0, 0xC4D0, 0xCD11, 0xCD31, 0xCD52, 0xD572, 0xD5B3, 0xDDD4, 0xD5D5, 0xDE16,
  0xE616, 0xDDF5, 0xDDF5, 0xDDD4, 0xDDD4, 0xD593, 0xCD32, 0xC4D0, 0xBC8F, 0xBC6E, 0xBC4E, 0xBC4E,
  0xB40E, 0xABED, 0xB3ED, 0xB3ED, 0xB40D, 0xB40E, 0xB40D, 0xB40D, 0xBC2E, 0xBC4E, 0xBC4E, 0xBC4F,
  0xBC4F, 0xBC4E, 0xBC4F, 0xBC6F, 0xBC8F, 0xC4B0, 0xC4B0, 0xC4D0, 0xC4F1, 0xC4D0, 0xC4F1, 0xC4D1,
  0xCCF1, 0xCCF1, 0xCCF1, 0xCD11, 0xCD11, 0xCD11, 0xCD11, 0xCD11, 0xCCF1, 0xCCF1, 0xC4D0, 0xC4D0,
  0xC4AF, 0xC4AF, 0xC4AF, 0xC48F, 0xC48F, 0xBC6E, 0xBC4E, 0xBC4D, 0xBC4D, 0xB42D, 0xB42D, 0xB42D,
  0xB42D, 0xB40D, 0xB40C, 0xB3EC, 0xABEC, 0xABEC, 0xABCB, 0xABCC, 0xA3AB, 0xA3AB, 0xA38B, 0xA38B,
  0xA38B, 0xA38B, 0xA38B, 0x934A, 0x8AE9, 0x934A, 0x82C8, 0x82A8, 0x6206, 0x5184, 0x4165, 0x28C3,
  0x18A2, 0x1061, 0x1082, 0x1081, 0x1882, 0x1061, 0x1082, 0x1082, 0x0841, 0x0861, 0x0861, 0x1082,
  0x1061, 0x0861, 0x1061, 0x1082, 0x0841, 0x0841, 0x0861, 0x0841, 0x0861, 0x0861, 0x0861, 0x0861,
  0x1062, 0x0841, 0x1082, 0x1082, 0x1082, 0x1041, 0x0821, 0x0841, 0x0861, 0x0861, 0x0861, 0x0861,
  0x0841, 0x0041, 0x0841, 0x0841, 0x0841, 0x0841, 0x0820, 0x0841, 0x0841, 0x1082, 0x0861, 0x1061,
  0x0841, 0x0841, 0x0841, 0x0841, 0x0841, 0x1061, 0x0841, 0x0861, 0x0841, 0x0841, 0x0861, 0x0861,
  0x0841, 0x0841, 0x0861, 0x0841, 0x0861, 0x0841, 0x0841, 0x0841, 0x0841, 0x0861, 0x0841, 0x0841,
  0x1082, 0x1882, 0x18A2, 0x18A2, 0x1081, 0x1081, 0x1040, 0x1881, 0x18A2, 0x20A2, 0x20A2, 0x20A2,
  0x1881, 0x1881, 0x20A2, 0x20A2, 0x20C2, 0x20A2, 0x20A2, 0x28C2, 0x3903, 0x4964, 0x3902, 0x3903,
  0x7981, 0x7961, 0x7981, 0x7981, 0x7981, 0x7981, 0x7981, 0x7961, 0x7981, 0x7981, 0x7981, 0x7981,
  0x7981, 0x7981, 0x7961, 0x7960, 0x7961, 0x7961, 0x7981, 0x7981, 0x7981, 0x79A2, 0x7182, 0x6163,
  0x4923, 0x4964, 0x3903, 0x3103, 0x3103, 0x38E3, 0x5207, 0x9D14, 0xAD96, 0xAD97, 0xBE39, 0xC67A,
  0xBE39, 0x4A8A, 0x1882, 0x2945, 0x4A69, 0x7B0B, 0xBCD0, 0xC4F1, 0xBCAF, 0xBC4E, 0xB42D, 0xB44D,
  0xBC6E, 0xC4AF, 0xCCF0, 0xCCF0, 0xCD11, 0xCD32, 0xD552, 0xD573, 0xD593, 0xD5B4, 0xD5D4, 0xDDF5,
  0xDE15, 0xD5B4, 0xDDD4, 0xD5D4, 0xDDD4, 0xD593, 0xD552, 0xCCF0, 0xBC8F, 0xBC6F, 0xBC6F, 0xBC6F,
  0xB42E, 0xB40E, 0xB3ED, 0xB3ED, 0xB3ED, 0xB3ED, 0xB40E, 0xBC2E, 0xBC2E, 0xBC4E, 0xBC4E, 0xBC4F,
  0xBC4F, 0xBC4F, 0xBC6F, 0xBC6F, 0xBC6F, 0xC490, 0xC4B0, 0xC4B0, 0xC4D0, 0xC4D0, 0xC4D0, 0xC4F1,
  0xCCF1, 0xCCF1, 0xCCF1, 0xCCF1, 0xCD11, 0xCD11, 0xCD11, 0xCD11, 0xCD11, 0xCCF1, 0xC4D0, 0xC4D0,
  0xC4D0, 0xC4B0, 0xC4AF, 0xC4AF, 0xC48F, 0xBC6E, 0xBC6E, 0xBC4E, 0xBC4D, 0xB42D, 0xB42D, 0xB40D,
  0xB40D, 0xB3EC, 0xABEC, 0xB3EC, 0xABEC, 0xABCC, 0xABCC, 0xABCC, 0xA3CB, 0xA3CB, 0xA38B, 0xA38B,
  0xA38B, 0xA38B, 0x9B6B, 0x9B4A, 0x82C8, 0x934A, 0x82E9, 0x82A8, 0x6A47, 0x4964, 0x4985, 0x28E3,
  0x18A2, 0x1082, 0x1061, 0x1081, 0x1061, 0x1082, 0x1062, 0x1082, 0x0841, 0x0861, 0x0861, 0x1082,
  0x1082, 0x0861, 0x0841, 0x1082, 0x1082, 0x0841, 0x0861, 0x0861, 0x0861, 0x0861, 0x0841, 0x0841,
  0x1061, 0x0841, 0x1062, 0x1062, 0x1062, 0x0841, 0x0820, 0x0841, 0x0861, 0x1082, 0x0861, 0x1061,
  0x0841, 0x0021, 0x0841, 0x0841, 0x0841, 0x0841, 0x0821, 0x0841, 0x0841, 0x1061, 0x1082, 0x0841,
  0x0861, 0x0841, 0x0841, 0x0841, 0x0841, 0x1082, 0x0861, 0x0861, 0x0861, 0x0841, 0x1061, 0x0841,
  0x0841, 0x0861, 0x0861, 0x0861, 0x1061, 0x0841, 0x0841, 0x0841, 0x1061, 0x0841, 0x1061, 0x0841,
  0x1081, 0x1081, 0x18A2, 0x18A2, 0x1081, 0x1881, 0x1081, 0x1081, 0x1881, 0x20A2, 0x20A2, 0x20C2,
  0x1861, 0x1861, 0x1861, 0x18A2, 0x20A2, 0x20C2, 0x20A2, 0x28C2, 0x30E2, 0x4944, 0x4944, 0x38E2,
  0x7981, 0x7981, 0x7981, 0x7981, 0x7981, 0x7981, 0x7981, 0x7981, 0x7981, 0x7981, 0x7981, 0x7981,
  0x7981, 0x7981, 0x7981, 0x7981, 0x7981, 0x7981, 0x7981, 0x7981, 0x79A2, 0x7182, 0x6962, 0x6163,
  0x4943, 0x3903, 0x3924, 0x3924, 0x30E3, 0x38E3, 0x5A27, 0xA514, 0xAD96, 0xB5F8, 0xC67A, 0xC67A,
  0xB619, 0x4A8A, 0x20A2, 0x28C3, 0x20A2, 0x1861, 0x93AC, 0xCD72, 0xCD32, 0xBC8F, 0xBC4E, 0xBC4E,
  0xBC8E, 0xC4B0, 0xCCF0, 0xC4F0, 0xCD11, 0xCD31, 0xD552, 0xD572, 0xD5B3, 0xD5B4, 0xDDF5, 0xDDF5,
  0xDDF5, 0xDDD4, 0xD5B4, 0xD5D4, 0xD5B4, 0xD593, 0xD572, 0xCD11, 0xC4D0, 0xBCB0, 0xBC8F, 0xBC8F,
  0xBC6F, 0xB42E, 0xB40D, 0xB3ED, 0xB3ED, 0xB3ED, 0xB40E, 0xBC2E, 0xBC2E, 0xBC4E, 0xBC4F, 0xBC4F,
  0xBC4F, 0xBC6F, 0xC490, 0xC48F, 0xC490, 0xC4B0, 0xC4B0, 0xC4B0, 0xC4B0, 0xC4D1, 0xCCF1, 0xCCF1,
  0xCD11, 0xCCF1, 0xCD11, 0xCCF1, 0xCD31, 0xCD11, 0xCD32, 0xCD31, 0xCD11, 0xCCF1, 0xCCF0, 0xCCF0,
  0xC4D0, 0xC4B0, 0xC4D0, 0xC4AF, 0xC48F, 0xC48F, 0xBC8E, 0xBC6E, 0xBC4E, 0xBC4E, 0xBC4D, 0xB42D,
  0xB40C, 0xB3EC, 0xB3EC, 0xB3EC, 0xABEC, 0xABEC, 0xABCB, 0xA3AB, 0xABCC, 0xABAB, 0xA3AB, 0xA38B,
  0xA38A, 0xA38B, 0x9B6A, 0x9B4A, 0x82C8, 0x932A, 0x8B09, 0x7AA8, 0x7267, 0x4964, 0x51C6, 0x3103,
  0x18A2, 0x1081, 0x1061, 0x1061, 0x1061, 0x1082, 0x1082, 0x1061, 0x1062, 0x0861, 0x0861, 0x0861,
  0x10A2, 0x0861, 0x1061, 0x0841, 0x10A2, 0x0861, 0x0841, 0x0861, 0x0841, 0x0861, 0x0861, 0x0841,
  0x0861, 0x0841, 0x1062, 0x1062, 0x1062, 0x1062, 0x0821, 0x0841, 0x0841, 0x1082, 0x0841, 0x1061,
  0x0841, 0x0020, 0x0020, 0x0841, 0x0841, 0x0841, 0x0841, 0x0841, 0x0841, 0x0861, 0x1082, 0x0841,
  0x0861, 0x0841, 0x0841, 0x0841, 0x0841, 0x1082, 0x1061, 0x0861, 0x0861, 0x0841, 0x1061, 0x0841,
  0x0841, 0x0861, 0x0861, 0x0841, 0x1061, 0x0841, 0x0841, 0x0841, 0x1061, 0x0841, 0x0841, 0x0841,
  0x1061, 0x1081, 0x18A2, 0x18A2, 0x1081, 0x1881, 0x1881, 0x1061, 0x1061, 0x20A2, 0x20A2, 0x20C2,
  0x20A2, 0x18A2, 0x1861, 0x1881, 0x20A2, 0x20A2, 0x20C2, 0x28C2, 0x28C2, 0x4123, 0x59A5, 0x4923,
  0x7981, 0x7981, 0x7981, 0x7981, 0x7981, 0x7981, 0x7981, 0x7981, 0x7981, 0x79A2, 0x7981, 0x79A1,
  0x7981, 0x79A1, 0x7981, 0x8181, 0x8181, 0x7981, 0x7981, 0x79A2, 0x79A2, 0x7982, 0x7183, 0x5963,
  0x4102, 0x38E3, 0x3903, 0x4144, 0x3923, 0x3902, 0x5A28, 0xAD14, 0xB596, 0xBE18, 0xC639, 0xC659,
  0xBE39, 0x634E, 0x1862, 0x20A2, 0x20A2, 0x1841, 0x4985, 0xCD31, 0xD552, 0xC4B0, 0xBC6F, 0xBC6E,
  0xBC6F, 0xC4AF, 0xC4D0, 0xC4F0, 0xCD11, 0xCD32, 0xCD52, 0xD573, 0xD593, 0xDDD4, 0xDDD5, 0xDDF5,
  0xDDD4, 0xDDB4, 0xD5B4, 0xD5B3, 0xD5B3, 0xD573, 0xD573, 0xCD32, 0xCCF1, 0xC4D0, 0xC4B0, 0xC4B0,
  0xC4B0, 0xBC6F, 0xB40E, 0xB40E, 0xB40E, 0xB40E, 0xB40E, 0xBC2E, 0xBC4E, 0xBC4E, 0xBC4F, 0xC46F,
  0xBC6F, 0xC48F, 0xC4B0, 0xC4B0, 0xC4B0, 0xC4B0, 0xC4B0, 0xC4D0, 0xC4F1, 0xCD11, 0xCD11, 0xCCF1,
  0xCD11, 0xCD32, 0xCD52, 0xCD32, 0xCD52, 0xCD52, 0xCD32, 0xCD31, 0xCD11, 0xCD11, 0xCCF0, 0xCCF0,
  0xC4D0, 0xCCF0, 0xC4B0, 0xC4AF, 0xC4AF, 0xC4AF, 0xC48F, 0xBC8F, 0xBC6E, 0xBC4E, 0xBC4E, 0xBC4D,
  0xB3EC, 0xB40D, 0xB40D, 0xB40C, 0xB3EC, 0xABEC, 0xABCC, 0xABCB, 0xABCB, 0xA3AB, 0xA3AB, 0xA3AB,
  0x9B8A, 0x9B6A, 0x9B6A, 0x9B6B, 0x82C8, 0x8AE9, 0x930A, 0x7AA8, 0x7AA8, 0x5184, 0x51A5, 0x3103,
  0x20A2, 0x1061, 0x1082, 0x1061, 0x1061, 0x1082, 0x1082, 0x0861, 0x1082, 0x1062, 0x0861, 0x0841,
  0x10A2, 0x1061, 0x1061, 0x0841, 0x1082, 0x1082, 0x0841, 0x0841, 0x0861, 0x0861, 0x0861, 0x0841,
  0x0841, 0x0841, 0x0861, 0x1061, 0x0841, 0x1062, 0x0841, 0x0841, 0x0841, 0x1082, 0x0861, 0x0861,
  0x1062, 0x0020, 0x0020, 0x0841, 0x0841, 0x0841, 0x0841, 0x0841, 0x0841, 0x0841, 0x1082, 0x0821,
  0x0841, 0x0841, 0x0841, 0x0841, 0x0821, 0x1061, 0x1062, 0x0841, 0x0861, 0x0841, 0x0861, 0x0861,
  0x0841, 0x0861, 0x0861, 0x0841, 0x0861, 0x0861, 0x0841, 0x0841, 0x1061, 0x0861, 0x0841, 0x0841,
  0x1061, 0x1061, 0x18A2, 0x20A2, 0x18A2, 0x1061, 0x1061, 0x1881, 0x1061, 0x1881, 0x20A2, 0x20A2,
  0x20A2, 0x1061, 0x18A2, 0x1882, 0x1882, 0x20A2, 0x1881, 0x28C2, 0x30E2, 0x38E2, 0x5184, 0x61E5,
  0x79A1, 0x7981, 0x7981, 0x79A1, 0x79A1, 0x79A1, 0x79A1, 0x7981, 0x79A1, 0x79A1, 0x79A1, 0x81A2,
  0x81A2, 0x81A2, 0x81A1, 0x81A1, 0x81A1, 0x81A1, 0x81A1, 0x81A2, 0x79A2, 0x79A2, 0x6962, 0x6983,
  0x5984, 0x3903, 0x3903, 0x51A5, 0x4984, 0x4123, 0x5A28, 0xAD55, 0xBDD7, 0xBDD7, 0xBE38, 0xC639,
  0xC639, 0x8C92, 0x20E3, 0x1881, 0x20A2, 0x1861, 0x30C2, 0xBCD0, 0xD552, 0xC4D0, 0xBC8F, 0xBC6E,
  0xBC6F, 0xC4AF, 0xC4D0, 0xCD11, 0xCD11, 0xCD31, 0xD552, 0xD573, 0xD5B3, 0xD5B4, 0xDDB4, 0xDDD4,
  0xDDD4, 0xDDB4, 0xD593, 0xD5B3, 0xD593, 0xD593, 0xD573, 0xCD52, 0xCD11, 0xC4F0, 0xC4D0, 0xC4D0,
  0xC4B0, 0xBC8F, 0xBC4F, 0xBC2E, 0xB42E, 0xBC2E, 0xBC4E, 0xBC4E, 0xBC4E, 0xC46F, 0xC46F, 0xC46F,
  0xC46F, 0xC46F, 0xC490, 0xC4D0, 0xC4B0, 0xC4D0, 0xC4D0, 0xCCF1, 0xCCF1, 0xC4D1, 0xCD11, 0xCD32,
  0xCD32, 0xCD32, 0xD552, 0xD572, 0xCD52, 0xD552, 0xCD52, 0xCD32, 0xCD31, 0xCD11, 0xC4D0, 0xCD11,
  0xCCF1, 0xCD11, 0xCCF0, 0xC4D0, 0xC4CF, 0xC4AF, 0xC4AF, 0xC4AF, 0xBC6E, 0xBC4E, 0xB44D, 0xBC4D,
  0xB40D, 0xB40C, 0xB42D, 0xB40D, 0xB3EC, 0xABCC, 0xABEC, 0xABAB, 0xABAB, 0xABCC, 0xA3AB, 0xA3AB,
  0xA38B, 0x9B6A, 0x9B6B, 0x9B8B, 0x9309, 0x82C8, 0x932A, 0x7A88, 0x82C9, 0x59C5, 0x5185, 0x3944,
  0x20C2, 0x1081, 0x1061, 0x1061, 0x0841, 0x1082, 0x1082, 0x0861, 0x1082, 0x0861, 0x0861, 0x0841,
  0x1062, 0x1082, 0x0861, 0x0861, 0x0841, 0x1082, 0x0841, 0x0841, 0x0861, 0x0861, 0x0841, 0x0841,
  0x0841, 0x0841, 0x0841, 0x0861, 0x0841, 0x1062, 0x0841, 0x0841, 0x0841, 0x0861, 0x0861, 0x0841,
  0x0861, 0x0841, 0x0020, 0x0841, 0x0841, 0x0841, 0x0841, 0x0841, 0x0841, 0x0841, 0x1062, 0x0841,
  0x0841, 0x0841, 0x0841, 0x0861, 0x0841, 0x0861, 0x0861, 0x0861, 0x0861, 0x0841, 0x0861, 0x0861,
  0x0841, 0x1061, 0x0861, 0x0821, 0x0861, 0x0861, 0x0841, 0x0841, 0x1061, 0x1061, 0x0841, 0x0841,
  0x1061, 0x1061, 0x1881, 0x20A2, 0x20A2, 0x1881, 0x1061, 0x1061, 0x1061, 0x1061, 0x1882, 0x20A2,
  0x20C2, 0x1882, 0x1061, 0x20A2, 0x20A2, 0x20A2, 0x20A2, 0x20A2, 0x3103, 0x30E2, 0x4123, 0x59C5,
  0x79A1, 0x79A1, 0x79A1, 0x79A1, 0x79A1, 0x79A1, 0x79A1, 0x79A1, 0x79A1, 0x79A1, 0x79A1, 0x81A2,
  0x81A1, 0x81A1, 0x81A1, 0x81A1, 0x81A1, 0x81A1, 0x81A1, 0x81C2, 0x81C2, 0x81C2, 0x81C3, 0x6983,
  0x5122, 0x4123, 0x28C2, 0x51A5, 0x6227, 0x4964, 0x5A07, 0xAD54, 0xBDF7, 0xBDF7, 0xBDF7, 0xBE38,
  0xBE18, 0xADB7, 0x528A, 0x1861, 0x2040, 0x38E2, 0x72A9, 0xC511, 0xCD11, 0xC4D0, 0xBC8F, 0xBC6E,
  0xBC8F, 0xC4D0, 0xCCD0, 0xCD11, 0xCD31, 0xCD32, 0xD552, 0xD573, 0xD5B3, 0xD5B4, 0xDDD4, 0xDDD4,
  0xDDB4, 0xDDB4, 0xD593, 0xDDB3, 0xD593, 0xD573, 0xD573, 0xD573, 0xCD52, 0xCD11, 0xCD11, 0xCCF1,
  0xC4D0, 0xC4B0, 0xBC8F, 0xBC6F, 0xBC4E, 0xBC4E, 0xBC2E, 0xBC2E, 0xBC4E, 0xBC4E, 0xBC4F, 0xBC4F,
  0xBC4F, 0xC46F, 0xC4B0, 0xC4B0, 0xC4B0, 0xC4B0, 0xC4D0, 0xC4D0, 0xC4B0, 0xCCF1, 0xCD11, 0xCD32,
  0xCD52, 0xCD32, 0xCD52, 0xCD52, 0xCD52, 0xD573, 0xD552, 0xD552, 0xD572, 0xCD32, 0xCD31, 0xCD11,
  0xCD11, 0xCCF0, 0xCCF0, 0xC4D0, 0xC4CF, 0xC4CF, 0xC4AF, 0xC48E, 0xBC6E, 0xBC6E, 0xBC6E, 0xBC4D,
  0xB42D, 0xB40D, 0xB40D, 0xB40C, 0xB3EC, 0xABEC, 0xABCC, 0xABCC, 0xABAB, 0xA3AB, 0xA3AB, 0xA3AB,
  0xA38B, 0xA38B, 0x9B6A, 0x9B6B, 0x9B4A, 0x82E9, 0x934A, 0x7A88, 0x82C8, 0x6A26, 0x4984, 0x4164,
  0x28C3, 0x1082, 0x1061, 0x1082, 0x0841, 0x1082, 0x1082, 0x1061, 0x1082, 0x0861, 0x0861, 0x0841,
  0x0841, 0x1082, 0x0841, 0x0861, 0x0041, 0x0861, 0x0861, 0x0841, 0x0841, 0x0861, 0x0841, 0x0841,
  0x0841, 0x0841, 0x0841, 0x0861, 0x0841, 0x0861, 0x0841, 0x0841, 0x0020, 0x0861, 0x0861, 0x0841,
  0x0841, 0x0841, 0x0041, 0x0841, 0x0841, 0x0841, 0x0841, 0x0841, 0x0841, 0x0841, 0x0861, 0x0841,
  0x0841, 0x0861, 0x0841, 0x0861, 0x0841, 0x0861, 0x1061, 0x0861, 0x0861, 0x0841, 0x0861, 0x1061,
  0x0841, 0x0861, 0x0861, 0x0820, 0x0841, 0x0841, 0x0841, 0x0841, 0x0861, 0x0861, 0x0861, 0x0841,
  0x0841, 0x0841, 0x1061, 0x18A2, 0x20E3, 0x1881, 0x1061, 0x1041, 0x1061, 0x1061, 0x1882, 0x20A2,
  0x1881, 0x20A2, 0x1881, 0x1882, 0x20A2, 0x20A2, 0x20A2, 0x1881, 0x28C2, 0x3103, 0x38E2, 0x4943,
  0x79A1, 0x79A1, 0x79A1, 0x79A1, 0x79A1, 0x79A1, 0x79A1, 0x79A1, 0x81A1, 0x81A1, 0x81A1, 0x81A1,
  0x81A1, 0x81A1, 0x81A1, 0x81A2, 0x81A2, 0x81A2, 0x81A2, 0x81C2, 0x81C2, 0x81C2, 0x79A2, 0x6983,
  0x69A3, 0x61A4, 0x3924, 0x3923, 0x6227, 0x61C6, 0x6207, 0xAD34, 0xC617, 0xB5B6, 0xB5B6, 0xADB7,
  0xB5D7, 0xB5B7, 0x9492, 0x5208, 0x72A9, 0x9BCC, 0xB48F, 0xCD32, 0xC4F1, 0xC4D0, 0xBC8F, 0xBC6E,
  0xBC8F, 0xC4D0, 0xCCF0, 0xCD11, 0xD531, 0xD532, 0xD552, 0xD573, 0xDDB3, 0xD593, 0xDDD4, 0xDDD4,
  0xDDB4, 0xDDB4, 0xD593, 0xD593, 0xDD93, 0xD573, 0xCD52, 0xD573, 0xCD52, 0xCD52, 0xCD31, 0xCD11,
  0xCCF1, 0xC4D1, 0xC4B0, 0xC4B0, 0xBC6F, 0xBC4F, 0xB42E, 0xBC2E, 0xBC4E, 0xBC4E, 0xBC6F, 0xBC4F,
  0xC46F, 0xC46F, 0xC48F, 0xC4B0, 0xC4B0, 0xC4B0, 0xC4D0, 0xCCF1, 0xCD11, 0xCCF1, 0xCD11, 0xCD11,
  0xCD32, 0xD552, 0xD552, 0xD552, 0xCD52, 0xD573, 0xD572, 0xD573, 0xD552, 0xD552, 0xCD31, 0xCD11,
  0xCD31, 0xC4D0, 0xC4D0, 0xCCF0, 0xC4CF, 0xC4AF, 0xC4AF, 0xC48F, 0xC48E, 0xBC6E, 0xBC4E, 0xBC6E,
  0xB42D, 0xB40D, 0xB40D, 0xB40D, 0xB40C, 0xABEC, 0xABCC, 0xABCB, 0xABAB, 0xA3AB, 0xA3AB, 0xA38B,
  0xA38B, 0xA38B, 0xA36B, 0x9B6A, 0x9B6A, 0x82C8, 0x932A, 0x82C9, 0x82A8, 0x7267, 0x5184, 0x4185,
  0x28E3, 0x1882, 0x1061, 0x1082, 0x1061, 0x1061, 0x10A2, 0x0841, 0x1062, 0x1062, 0x0841, 0x0861,
  0x0020, 0x1082, 0x0861, 0x0861, 0x0841, 0x0841, 0x0861, 0x0841, 0x0841, 0x0841, 0x0861, 0x0841,
  0x0841, 0x0841, 0x0841, 0x0861, 0x0841, 0x1061, 0x0841, 0x0841, 0x0020, 0x0861, 0x0861, 0x0861,
  0x0841, 0x0841, 0x0020, 0x0841, 0x0841, 0x0841, 0x0841, 0x0841, 0x0841, 0x0821, 0x0841, 0x0841,
  0x0820, 0x0841, 0x0841, 0x0861, 0x0841, 0x0841, 0x0861, 0x0841, 0x0861, 0x0841, 0x0861, 0x0861,
  0x0841, 0x1061, 0x0861, 0x0820, 0x0841, 0x0841, 0x0841, 0x0861, 0x0861, 0x0841, 0x0861, 0x0841,
  0x0841, 0x0841, 0x1041, 0x1881, 0x20E3, 0x18A2, 0x1061, 0x0841, 0x0841, 0x1081, 0x1881, 0x1882,
  0x18A2, 0x1882, 0x20A2, 0x20A2, 0x20A2, 0x20A2, 0x20C2, 0x20A2, 0x20A1, 0x30E2, 0x3923, 0x38E2,
  0x79A1, 0x79A1, 0x79A1, 0x79A1, 0x79A1, 0x79A1, 0x81A1, 0x81A1, 0x81A1, 0x81A1, 0x81A1, 0x81A1,
  0x81A1, 0x81A1, 0x81C2, 0x81C2, 0x81C2, 0x81C2, 0x81C2, 0x81C2, 0x81C2, 0x81E2, 0x81E3, 0x79E3,
  0x71C4, 0x61A4, 0x4123, 0x3103, 0x51A5, 0x6207, 0x7AA9, 0x93EF, 0x9CD2, 0xA513, 0xAD55, 0xA534,
  0xA4D2, 0xA471, 0xA450, 0xBCD1, 0xCD32, 0xBC8F, 0xC4F1, 0xC511, 0xC4D0, 0xBCAF, 0xBC8F, 0xBC6E,
  0xBC8F, 0xC4D0, 0xCCF0, 0xCCF1, 0xCD31, 0xCD32, 0xD552, 0xD552, 0xD573, 0xD593, 0xDDB4, 0xDDD4,
  0xDDB3, 0xD593, 0xD593, 0xD572, 0xD572, 0xD572, 0xD572, 0xD572, 0xCD52, 0xD552, 0xCD52, 0xCD32,
  0xC4F1, 0xCCF1, 0xC4D0, 0xC4D0, 0xC4B0, 0xBC8F, 0xBC6F, 0xBC6F, 0xC46F, 0xBC6F, 0xBC6F, 0xBC4F,
  0xBC6F, 0xC46F, 0xC48F, 0xC490, 0xC4B0, 0xC4B0, 0xC4D1, 0xCCF1, 0xC4D0, 0xC4F1, 0xCD11, 0xCD32,
  0xCD52, 0xD552, 0xD573, 0xD573, 0xD573, 0xD593, 0xD593, 0xD572, 0xD572, 0xD552, 0xCD32, 0xD552,
  0xD532, 0xCD11, 0xCCF0, 0xC4D0, 0xC4CF, 0xC4CF, 0xC4AF, 0xC4AF, 0xBC6E, 0xBC6E, 0xBC6E, 0xBC4E,
  0xB42D, 0xB42D, 0xB40D, 0xB40D, 0xABEC, 0xABEC, 0xABCC, 0xABCB, 0xABAB, 0xABAB, 0xA3AB, 0xA38B,
  0xA3AB, 0xA38B, 0xA38B, 0x9B6A, 0x9B6B, 0x82C8, 0x8B09, 0x8B09, 0x7AA8, 0x7AA8, 0x51A4, 0x4985,
  0x28E3, 0x18A2, 0x1061, 0x1061, 0x1061, 0x0841, 0x1082, 0x0861, 0x0861, 0x1062, 0x0841, 0x0861,
  0x0020, 0x0861, 0x1082, 0x0841, 0x0861, 0x0841, 0x0841, 0x0841, 0x0841, 0x0841, 0x0861, 0x0841,
  0x0841, 0x0841, 0x1061, 0x0861, 0x0841, 0x1041, 0x0861, 0x0841, 0x0020, 0x0841, 0x1061, 0x0841,
  0x0841, 0x0841, 0x0841, 0x0841, 0x0841, 0x0841, 0x0841, 0x0841, 0x0841, 0x0821, 0x0841, 0x0841,
  0x0820, 0x0841, 0x0841, 0x0841, 0x0841, 0x0841, 0x1061, 0x0841, 0x0861, 0x0841, 0x0861, 0x1061,
  0x0841, 0x1061, 0x1061, 0x0820, 0x0861, 0x0841, 0x0841, 0x0841, 0x1061, 0x0841, 0x0841, 0x0841,
  0x0841, 0x0841, 0x1061, 0x1081, 0x20C2, 0x20E3, 0x1061, 0x1041, 0x0840, 0x1061, 0x18A2, 0x1881,
  0x1881, 0x1881, 0x1882, 0x1881, 0x20C2, 0x20A1, 0x20C2, 0x20C2, 0x20A1, 0x28C2, 0x4123, 0x4123,
  0x79A1, 0x79A2, 0x79A2, 0x81C1, 0x81C2, 0x81A1, 0x81C2, 0x81C2, 0x81C2, 0x81C1, 0x81A2, 0x81A2,
  0x81C2, 0x81C2, 0x81C2, 0x81C2, 0x81C2, 0x81C2, 0x81C1, 0x81C2, 0x81E2, 0x81E2, 0x81C2, 0x79C3,
  0x71C3, 0x69C4, 0x5185, 0x3924, 0x3103, 0x4944, 0x6A27, 0x7AEA, 0x938D, 0x93CD, 0x93AD, 0x9BCD,
  0x9BCD, 0xAC0E, 0xBC4E, 0xBC6F, 0xBC8F, 0xBCB0, 0xBCD0, 0xC4F1, 0xC4D0, 0xC4B0, 0xC48F, 0xBC6E,
  0xBC8F, 0xC4D0, 0xC4F0, 0xCD11, 0xCD11, 0xCD32, 0xD552, 0xD572, 0xD573, 0xD593, 0xD593, 0xD5B3,
  0xDDB3, 0xD593, 0xD593, 0xD573, 0xD572, 0xD572, 0xD573, 0xD552, 0xCD11, 0xCD32, 0xCD52, 0xCD52,
  0xCD11, 0xCD11, 0xCCF1, 0xCCF1, 0xC4D0, 0xC4D0, 0xC48F, 0xC48F, 0xBC6F, 0xBC6F, 0xC48F, 0xC48F,
  0xBC6F, 0xBC6F, 0xC46F, 0xC48F, 0xC490, 0xC4B0, 0xC4D1, 0xCD11, 0xCD11, 0xCD32, 0xCD32, 0xCD52,
  0xD552, 0xCD52, 0xD593, 0xD593, 0xD593, 0xDDB3, 0xD593, 0xD573, 0xD593, 0xD552, 0xD552, 0xD552,
  0xCD11, 0xCD11, 0xCD11, 0xCCF0, 0xC4D0, 0xC4CF, 0xC4AF, 0xC48F, 0xC48E, 0xC48E, 0xBC6E, 0xBC4E,
  0xBC4D, 0xB42D, 0xB42D, 0xB40D, 0xB3EC, 0xABEC, 0xABCC, 0xABAB, 0xABAB, 0xA38B, 0xA38B, 0xA38B,
  0xA38B, 0xA38B, 0xA38B, 0x9B6A, 0x9B6B, 0x8AE9, 0x82C8, 0x932A, 0x7A88, 0x7AA8, 0x59C5, 0x4984,
  0x3103, 0x18A2, 0x1061, 0x1061, 0x1061, 0x0841, 0x1082, 0x1082, 0x0841, 0x1082, 0x0841, 0x0861,
  0x0041, 0x0841, 0x1082, 0x0841, 0x0861, 0x0841, 0x0841, 0x0841, 0x0841, 0x0841, 0x0841, 0x0841,
  0x0841, 0x0841, 0x0861, 0x0841, 0x0841, 0x0841, 0x0861, 0x0841, 0x0020, 0x0841, 0x0861, 0x0841,
  0x0040, 0x0841, 0x0841, 0x0841, 0x0841, 0x0841, 0x0841, 0x0841, 0x0841, 0x0821, 0x0841, 0x0841,
  0x0820, 0x0841, 0x0841, 0x0841, 0x0841, 0x0841, 0x1061, 0x0841, 0x1061, 0x0841, 0x0861, 0x1082,
  0x0841, 0x0861, 0x0861, 0x0821, 0x1061, 0x0841, 0x0841, 0x0841, 0x0841, 0x0861, 0x0841, 0x0841,
  0x0841, 0x0841, 0x1061, 0x1061, 0x18A2, 0x28E3, 0x1881, 0x1061, 0x0821, 0x1041, 0x1061, 0x18A2,
  0x1881, 0x1861, 0x1861, 0x1882, 0x20A2, 0x20C2, 0x20A2, 0x28A2, 0x28C2, 0x28C2, 0x30E3, 0x4944,
  0x79A2, 0x81C1, 0x81C1, 0x81C2, 0x81C2, 0x81C2, 0x81C2, 0x81C2, 0x81C2, 0x81C2, 0x81C2, 0x81C1,
  0x81C2, 0x81C2, 0x81C2, 0x81C2, 0x81E2, 0x81E2, 0x81C2, 0x81C2, 0x81E2, 0x81E2, 0x81E2, 0x81E3,
  0x79E3, 0x71E4, 0x5185, 0x3923, 0x51C6, 0x7288, 0x7A87, 0x7AA8, 0x8B09, 0x932A, 0xA3AC, 0xB42E,
  0xBC4E, 0xB42E, 0xAC0D, 0xB44E, 0xBC8F, 0xBCB0, 0xC4F1, 0xC4F1, 0xC4D0, 0xC4D0, 0xBC8F, 0xBC6F,
  0xC4D0, 0xC4D0, 0xCCF1, 0xCD11, 0xCD31, 0xCD32, 0xD552, 0xD552, 0xD552, 0xD552, 0xD593, 0xD593,
  0xD593, 0xD593, 0xD573, 0xD573, 0xD572, 0xD573, 0xD572, 0xD572, 0xD572, 0xD572, 0xD573, 0xD552,
  0xCD32, 0xCD11, 0xCD11, 0xCD32, 0xCD11, 0xCCF0, 0xC4D0, 0xC4B0, 0xC4B0, 0xC4B0, 0xC4B0, 0xC4B0,
  0xC490, 0xC4B0, 0xC48F, 0xBC8F, 0xC490, 0xC4D0, 0xC4F1, 0xCD11, 0xCD32, 0xCD52, 0xD552, 0xD572,
  0xD593, 0xD593, 0xD593, 0xDDD4, 0xD5B4, 0xDDB4, 0xD593, 0xD593, 0xD572, 0xD572, 0xD552, 0xD552,
  0xD552, 0xCD11, 0xCCF1, 0xCCF0, 0xC4D0, 0xCCD0, 0xC4AF, 0xC48F, 0xC48F, 0xBC8E, 0xBC4E, 0xBC6E,
  0xBC4D, 0xB42D, 0xB42D, 0xB40D, 0xB3EC, 0xABEC, 0xABCC, 0xABAC, 0xABAB, 0xABAB, 0xA38B, 0xA38B,
  0xA38B, 0xA3AB, 0xA38B, 0x9B6B, 0x9B6A, 0x9329, 0x7AA8, 0x932A, 0x82C8, 0x7A87, 0x6A46, 0x4984,
  0x3103, 0x20A2, 0x1061, 0x1061, 0x1061, 0x0841, 0x0841, 0x10A2, 0x0841, 0x10A2, 0x0861, 0x0841,
  0x0841, 0x0020, 0x1082, 0x0861, 0x0861, 0x0841, 0x0841, 0x0020, 0x0841, 0x0841, 0x0841, 0x0841,
  0x0841, 0x0861, 0x0861, 0x0841, 0x0841, 0x0841, 0x1061, 0x0861, 0x0020, 0x0841, 0x0861, 0x0841,
  0x0040, 0x0020, 0x0841, 0x0841, 0x0841, 0x0841, 0x0841, 0x0841, 0x0841, 0x0841, 0x0841, 0x0841,
  0x0820, 0x0821, 0x0841, 0x0841, 0x0841, 0x0841, 0x1061, 0x0841, 0x1061, 0x0841, 0x0841, 0x1062,
  0x0841, 0x0861, 0x0861, 0x0821, 0x0841, 0x0841, 0x0841, 0x0841, 0x0841, 0x1061, 0x0841, 0x1061,
  0x0841, 0x0841, 0x1061, 0x1061, 0x1881, 0x20C2, 0x20C2, 0x1061, 0x1041, 0x0840, 0x1061, 0x1881,
  0x20C2, 0x1881, 0x1061, 0x18A2, 0x1881, 0x20C2, 0x20C2, 0x28C2, 0x28C2, 0x28C2, 0x30E2, 0x4143,
  0x79C1, 0x79C2, 0x81C2, 0x81C2, 0x81C2, 0x81C2, 0x81C2, 0x81C2, 0x81C2, 0x81C2, 0x81C1, 0x81C2,
  0x81C2, 0x81E2, 0x81E2, 0x81E2, 0x89E2, 0x81E2, 0x81E2, 0x81E2, 0x81E2, 0x89E3, 0x8A03, 0x8A03,
  0x81E4, 0x79E4, 0x61C5, 0x4964, 0x9BAD, 0xAC2E, 0xAC2E, 0xB42E, 0xB42E, 0xBC6F, 0xBC4E, 0xBC2E,
  0xB3ED, 0xAC0D, 0xB44F, 0xBC6F, 0xBC90, 0xC4D0, 0xC4F1, 0xC4D1, 0xC4D0, 0xC4D0, 0xBC8F, 0xBC8F,
  0xC4D0, 0xCCF0, 0xCD11, 0xCD11, 0xCD32, 0xCD32, 0xCD32, 0xCD32, 0xCD52, 0xD552, 0xD593, 0xD593,
  0xD593, 0xD573, 0xD572, 0xD572, 0xD572, 0xD572, 0xCD52, 0xCD52, 0xD572, 0xD573, 0xD573, 0xD572,
  0xCD52, 0xCD32, 0xCD11, 0xCD11, 0xCD32, 0xCD11, 0xCCF1, 0xC4D0, 0xC4D0, 0xC4D1, 0xC4D0, 0xC4D0,
  0xC4B0, 0xC4D0, 0xC4D0, 0xC4D0, 0xCCF1, 0xCD11, 0xCD11, 0xCD32, 0xCD52, 0xD572, 0xD593, 0xD593,
  0xD5B3, 0xDDB4, 0xD5B4, 0xDDB4, 0xDDD4, 0xD5B3, 0xD593, 0xDDB3, 0xD573, 0xD572, 0xD572, 0xD552,
  0xD572, 0xD532, 0xCD11, 0xCCF0, 0xCCF0, 0xC4CF, 0xC4CF, 0xC4AF, 0xC4AF, 0xBC8E, 0xBC4E, 0xBC4E,
  0xBC4D, 0xB40D, 0xB40D, 0xB40C, 0xB3EC, 0xB3EC, 0xABCC, 0xABAB, 0xABAB, 0xA3AB, 0xABAB, 0xA38B,
  0x9B6A, 0xA38B, 0xA38B, 0x9B6B, 0x9B6A, 0x9B4A, 0x7AA8, 0x8B09, 0x8AE9, 0x7A67, 0x7267, 0x4984,
  0x3923, 0x20A2, 0x1061, 0x1081, 0x1061, 0x0861, 0x0840, 0x1082, 0x0841, 0x1082, 0x1062, 0x0861,
  0x0841, 0x0020, 0x1081, 0x10A2, 0x0841, 0x0861, 0x0841, 0x0841, 0x0841, 0x0841, 0x0841, 0x0841,
  0x0841, 0x0861, 0x0861, 0x0841, 0x0841, 0x0841, 0x0861, 0x0861, 0x0020, 0x0841, 0x0861, 0x0841,
  0x0841, 0x0020, 0x0841, 0x0841, 0x0841, 0x0821, 0x0841, 0x0841, 0x0841, 0x0841, 0x0841, 0x0841,
  0x0820, 0x0841, 0x0841, 0x0841, 0x0841, 0x0841, 0x0861, 0x0841, 0x0841, 0x0841, 0x0841, 0x1062,
  0x0841, 0x0841, 0x0861, 0x0821, 0x0841, 0x0841, 0x0821, 0x0841, 0x0841, 0x0861, 0x0841, 0x0861,
  0x0841, 0x0841, 0x1041, 0x1061, 0x1081, 0x18A2, 0x20E3, 0x1061, 0x1061, 0x0841, 0x0841, 0x1061,
  0x20A2, 0x20C2, 0x1881, 0x1861, 0x1881, 0x1881, 0x20C2, 0x28E3, 0x28E2, 0x28C2, 0x28C2, 0x3902,
  0x79C2, 0x81C2, 0x81C2, 0x81C2, 0x81C2, 0x81C2, 0x81C2, 0x81C2, 0x81C2, 0x81C2, 0x81E2, 0x81E2,
  0x81E2, 0x81E2, 0x81E2, 0x81E2, 0x81E2, 0x81E2, 0x81E2, 0x81E2, 0x81E2, 0x81E3, 0x81E3, 0x8203,
  0x81E3, 0x7A04, 0x69E5, 0x830A, 0xBCD0, 0xBCB0, 0xC4B0, 0xC48F, 0xBC4E, 0xBC2D, 0xB40D, 0xB3ED,
  0xB40D, 0xB42E, 0xBC6F, 0xBCB0, 0xBCB0, 0xC4D1, 0xC4F1, 0xC4F1, 0xC4F1, 0xC4D0, 0xBC8F, 0xC4AF,
  0xC4D0, 0xC4F1, 0xCD11, 0xCD11, 0xCD31, 0xCD31, 0xCD32, 0xCD32, 0xCD32, 0xCD52, 0xD593, 0xD593,
  0xD593, 0xD573, 0xD573, 0xD593, 0xD572, 0xCD52, 0xD552, 0xD552, 0xD572, 0xD573, 0xD593, 0xD593,
  0xD573, 0xD572, 0xD552, 0xCD52, 0xCD32, 0xCD11, 0xCD11, 0xCD11, 0xCCF1, 0xCCF1, 0xCCF1, 0xCCF1,
  0xCD11, 0xC4F1, 0xCD11, 0xCD11, 0xCD32, 0xCD32, 0xCD11, 0xD572, 0xD572, 0xD573, 0xD593, 0xD593,
  0xDDB4, 0xDDB4, 0xDDF5, 0xDDD4, 0xDDF4, 0xD5B3, 0xD593, 0xDD93, 0xD572, 0xD572, 0xD572, 0xD572,
  0xCD32, 0xD532, 0xCD11, 0xCCF0, 0xCCF0, 0xCCF0, 0xC4CF, 0xC4AF, 0xC48F, 0xC48F, 0xBC6E, 0xBC6E,
  0xB42D, 0xB42D, 0xB40D, 0xB40C, 0xB40C, 0xB3EC, 0xABCC, 0xABAB, 0xABAB, 0xA38B, 0xABAB, 0xA38B,
  0xA38B, 0x9B6A, 0x9B6B, 0x9B6B, 0x9B6A, 0x9B6A, 0x82C8, 0x8AE9, 0x8B0A, 0x7A67, 0x7288, 0x51A5,
  0x3923, 0x20A2, 0x1881, 0x1081, 0x1061, 0x1061, 0x0820, 0x1082, 0x0861, 0x0861, 0x1062, 0x0861,
  0x0861, 0x0020, 0x0841, 0x10A2, 0x0841, 0x0861, 0x0841, 0x0841, 0x0020, 0x0841, 0x0841, 0x0841,
  0x0841, 0x1061, 0x1061, 0x0841, 0x0841, 0x0841, 0x0841, 0x0861, 0x0020, 0x0020, 0x0861, 0x0841,
  0x0841, 0x0020, 0x0841, 0x0841, 0x0841, 0x0840, 0x0841, 0x0841, 0x0861, 0x0041, 0x0841, 0x0841,
  0x0820, 0x0841, 0x0841, 0x0841, 0x0841, 0x0841, 0x0861, 0x0841, 0x0841, 0x0841, 0x0841, 0x1061,
  0x0841, 0x0841, 0x1061, 0x0820, 0x0841, 0x0841, 0x0820, 0x0841, 0x0841, 0x0841, 0x0841, 0x0841,
  0x0841, 0x0841, 0x0841, 0x1061, 0x1061, 0x1882, 0x20C2, 0x18A2, 0x1061, 0x1041, 0x0820, 0x1061,
  0x18A2, 0x20C2, 0x20A2, 0x1061, 0x1061, 0x1861, 0x20A2, 0x28C2, 0x28E2, 0x28C2, 0x28C2, 0x28C2,
  0x79C2, 0x81C2, 0x81C2, 0x81C2, 0x81C2, 0x81E2, 0x81E2, 0x81E2, 0x81E2, 0x81E2, 0x81E2, 0x81E2,
  0x81E2, 0x81E2, 0x81E2, 0x89E2, 0x89E2, 0x89E2, 0x89E3, 0x89E2, 0x81E2, 0x81E3, 0x81E2, 0x81E3,
  0x81E3, 0x8204, 0x7A46, 0xAC2E, 0xC4D0, 0xC4B0, 0xC48F, 0xBC4E, 0xBC2D, 0xB3EC, 0xB3CC, 0xB3ED,
  0xB42E, 0xBC4F, 0xBC6F, 0xC4B0, 0xC4D0, 0xC4D1, 0xC4D1, 0xC4F1, 0xCCF1, 0xC4B0, 0xBC8F, 0xC4B0,
  0xC4D0, 0xCCF1, 0xCCF1, 0xCD11, 0xCD31, 0xCD31, 0xCD32, 0xCD32, 0xD552, 0xD552, 0xD573, 0xD593,
  0xD593, 0xD573, 0xD573, 0xD573, 0xD593, 0xD573, 0xD572, 0xD572, 0xD573, 0xD593, 0xD593, 0xD593,
  0xD573, 0xD572, 0xD572, 0xD552, 0xCD52, 0xCD32, 0xD552, 0xCD32, 0xD552, 0xCD11, 0xCD11, 0xCD11,
  0xCD11, 0xCD11, 0xD532, 0xCD11, 0xCD12, 0xCD11, 0xCD32, 0xD573, 0xD593, 0xD573, 0xD593, 0xDDB4,
  0xD5B3, 0xDDB4, 0xDDD4, 0xDDD4, 0xDDD4, 0xDDB4, 0xDDB4, 0xD593, 0xCD52, 0xD572, 0xD572, 0xD572,
  0xD552, 0xD552, 0xCD31, 0xCD11, 0xCCF0, 0xCCD0, 0xCCD0, 0xC4AF, 0xC48F, 0xBC6E, 0xC48E, 0xBC4E,
  0xBC4E, 0xB42D, 0xB40D, 0xB3EC, 0xB3EC, 0xB3EC, 0xB3EC, 0xABAB, 0xABAB, 0xA3AB, 0xA38B, 0xA38B,
  0xA38B, 0x9B8B, 0x9B6B, 0x9B6A, 0x9B6A, 0x9B6A, 0x8B09, 0x82C8, 0x932A, 0x82A8, 0x7247, 0x59E6,
  0x3903, 0x20A2, 0x1881, 0x1081, 0x1061, 0x1061, 0x0840, 0x1061, 0x1061, 0x0841, 0x0861, 0x0841,
  0x0861, 0x0841, 0x0020, 0x1082, 0x0861, 0x0861, 0x0861, 0x0841, 0x0020, 0x0841, 0x0841, 0x0841,
  0x0841, 0x0861, 0x0861, 0x0841, 0x0841, 0x0841, 0x0841, 0x0861, 0x0841, 0x0020, 0x0861, 0x0841,
  0x0841, 0x0820, 0x0821, 0x0841, 0x0020, 0x0841, 0x0841, 0x0841, 0x1061, 0x0841, 0x0841, 0x0841,
  0x0841, 0x0821, 0x0841, 0x0841, 0x0841, 0x0841, 0x0861, 0x0841, 0x0841, 0x0861, 0x0841, 0x1061,
  0x0841, 0x0861, 0x0861, 0x0841, 0x0841, 0x0841, 0x0841, 0x0841, 0x0841, 0x0861, 0x0841, 0x0841,
  0x1061, 0x0841, 0x0841, 0x1061, 0x1061, 0x1061, 0x20A2, 0x20E3, 0x1061, 0x1061, 0x0841, 0x1041,
  0x1881, 0x20A2, 0x20C2, 0x1881, 0x1061, 0x1061, 0x1881, 0x20A2, 0x28C2, 0x30E3, 0x30E2, 0x30E2,
  0x79C2, 0x79E2, 0x81E2, 0x81E2, 0x81E2, 0x81E2, 0x81E3, 0x81E3, 0x81E3, 0x81E3, 0x81E3, 0x8203,
  0x8203, 0x8203, 0x8A03, 0x8A03, 0x8A03, 0x8A03, 0x8A03, 0x8A03, 0x89E3, 0x8203, 0x8203, 0x8203,
  0x8203, 0x8204, 0x7A67, 0xBC6F, 0xC4D0, 0xC48F, 0xC46F, 0xBC4E, 0xBC0D, 0xB40D, 0xB3ED, 0xB40D,
  0xBC2E, 0xBC6F, 0xC4B0, 0xC4B0, 0xC4D0, 0xC4D1, 0xC4F1, 0xCCF1, 0xC4F0, 0xC4AF, 0xC4AF, 0xC4B0,
  0xC4D0, 0xCD11, 0xCD11, 0xCD11, 0xCD31, 0xD532, 0xCD52, 0xCD32, 0xD552, 0xD552, 0xCD32, 0xD572,
  0xD593, 0xD593, 0xD573, 0xD572, 0xD572, 0xD593, 0xD593, 0xCD52, 0xD593, 0xDDB3, 0xD593, 0xDDB3,
  0xD593, 0xD593, 0xD552, 0xD572, 0xD552, 0xD552, 0xCD32, 0xCD52, 0xCD32, 0xCD32, 0xCD32, 0xCD32,
  0xD532, 0xD532, 0xD552, 0xD552, 0xD552, 0xCD32, 0xD552, 0xD572, 0xD593, 0xD593, 0xD5B3, 0xD5B4,
  0xDDD4, 0xDDD4, 0xDDF5, 0xDDF5, 0xDDD5, 0xDDD4, 0xDDB4, 0xD593, 0xD593, 0xD593, 0xD593, 0xD593,
  0xD572, 0xD552, 0xCD31, 0xCD11, 0xCCF1, 0xCCD0, 0xC4CF, 0xC4AF, 0xC48F, 0xBC6E, 0xBC6E, 0xBC4E,
  0xBC4E, 0xB42D, 0xB40D, 0xB40C, 0xABEC, 0xABCC, 0xABCC, 0xABAB, 0xABAB, 0xABAB, 0xA38B, 0xA38B,
  0xA38B, 0xA38B, 0x9B6A, 0x9B8B, 0x9B6A, 0x9B4A, 0x9329, 0x82A8, 0x930A, 0x8AE9, 0x6A26, 0x6A27,
  0x3903, 0x20A2, 0x1881, 0x1861, 0x1882, 0x1061, 0x0841, 0x1041, 0x1061, 0x0841, 0x0861, 0x0841,
  0x0861, 0x0841, 0x0020, 0x1061, 0x0861, 0x0841, 0x0841, 0x0841, 0x0841, 0x0020, 0x0841, 0x0841,
  0x0841, 0x0861, 0x0861, 0x0841, 0x0841, 0x0841, 0x0841, 0x0841, 0x0841, 0x0020, 0x0861, 0x0841,
  0x0841, 0x0021, 0x0841, 0x0841, 0x0020, 0x0020, 0x0841, 0x0841, 0x0861, 0x0841, 0x0841, 0x0841,
  0x0841, 0x0020, 0x0841, 0x0841, 0x0841, 0x0841, 0x0861, 0x0861, 0x0841, 0x0861, 0x0841, 0x0861,
  0x0841, 0x0841, 0x0861, 0x0841, 0x1061, 0x0841, 0x0821, 0x0841, 0x0841, 0x0861, 0x0841, 0x0841,
  0x1061, 0x1041, 0x0841, 0x1061, 0x1061, 0x1061, 0x18A2, 0x20C2, 0x18A2, 0x1061, 0x1061, 0x0840,
  0x1061, 0x18A2, 0x20C2, 0x18A2, 0x1882, 0x1881, 0x1861, 0x20A2, 0x20A2, 0x28E2, 0x3103, 0x30E2,
  0x7A04, 0x7A04, 0x8204, 0x8204, 0x8204, 0x8204, 0x8224, 0x8224, 0x8A24, 0x8A24, 0x8A24, 0x8A44,
  0x8A44, 0x8A44, 0x8A44, 0x8A44, 0x8A44, 0x8A44, 0x8A44, 0x8A44, 0x8A44, 0x8A44, 0x8A24, 0x8A24,
  0x8224, 0x8245, 0x8287, 0xBC6E, 0xC4AF, 0xBC6E, 0xBC2E, 0xBC0D, 0xB40D, 0xB40D, 0xB40D, 0xBC2E,
  0xBC4F, 0xBC6F, 0xC4B0, 0xC4D0, 0xC4D0, 0xC4D1, 0xC4F1, 0xCD11, 0xC4D0, 0xC4AF, 0xC4B0, 0xC4B0,
  0xC4F0, 0xCD11, 0xCD11, 0xCD11, 0xCD32, 0xCD31, 0xCD31, 0xCD32, 0xD552, 0xCD32, 0xCD52, 0xD573,
  0xD593, 0xD593, 0xD593, 0xD573, 0xD573, 0xD573, 0xD573, 0xD573, 0xDD93, 0xD573, 0xD593, 0xD593,
  0xD593, 0xD593, 0xD573, 0xD573, 0xD573, 0xD573, 0xD552, 0xD552, 0xD552, 0xD552, 0xD552, 0xD552,
  0xD532, 0xD552, 0xD552, 0xD552, 0xD593, 0xD573, 0xD552, 0xD593, 0xDDB3, 0xD593, 0xDDB4, 0xDDB4,
  0xDDD4, 0xDDD4, 0xDDF5, 0xDDD4, 0xDDD4, 0xDDD4, 0xD5B3, 0xD593, 0xDDB3, 0xD593, 0xD593, 0xD573,
  0xDD72, 0xD552, 0xD531, 0xCD11, 0xCCF0, 0xCCD0, 0xC4AF, 0xC4AF, 0xC48F, 0xC48F, 0xBC6E, 0xBC4E,
  0xBC2D, 0xBC2D, 0xB40D, 0xB40D, 0xB3EC, 0xABCC, 0xABAB, 0xABAB, 0xABAB, 0xA38B, 0xA3AB, 0xA38B,
  0xA38B, 0xA38B, 0x9B6B, 0x9B6B, 0x9B6A, 0x9B6A, 0x9B4A, 0x82A8, 0x8AE9, 0x8B09, 0x7247, 0x6A47,
  0x4143, 0x20A2, 0x1882, 0x1861, 0x1881, 0x1061, 0x0841, 0x0841, 0x1061, 0x0841, 0x1061, 0x0861,
  0x0861, 0x0841, 0x0020, 0x0841, 0x1082, 0x0861, 0x0841, 0x0841, 0x0841, 0x0841, 0x0841, 0x0841,
  0x0841, 0x0841, 0x0841, 0x0841, 0x0841, 0x0821, 0x0841, 0x0841, 0x0841, 0x0020, 0x0841, 0x0841,
  0x0841, 0x0020, 0x0841, 0x0841, 0x0020, 0x0841, 0x0841, 0x0821, 0x0841, 0x0861, 0x0020, 0x0020,
  0x0841, 0x0020, 0x0841, 0x0861, 0x0841, 0x0841, 0x0841, 0x0861, 0x0841, 0x0841, 0x0841, 0x0861,
  0x0841, 0x0841, 0x0841, 0x0841, 0x1061, 0x0841, 0x0841, 0x0841, 0x0841, 0x1061, 0x0861, 0x0841,
  0x1061, 0x0861, 0x0841, 0x1061, 0x1061, 0x1061, 0x1881, 0x20A2, 0x20E3, 0x1061, 0x1081, 0x1061,
  0x0840, 0x18A2, 0x18A2, 0x20E3, 0x1882, 0x18A2, 0x1882, 0x20A2, 0x20A2, 0x20A2, 0x3924, 0x3103,
  0x8A87, 0x8A86, 0x8A86, 0x8A86, 0x8A86, 0x8A86, 0x8A86, 0x8A86, 0x8A86, 0x8A86, 0x8A86, 0x9286,
  0x9286, 0x92A6, 0x9286, 0x9286, 0x9286, 0x8A86, 0x8A86, 0x9286, 0x9286, 0x92A6, 0x92A6, 0x92A6,
  0x8A86, 0x8A87, 0x82C8, 0xB44E, 0xBC8F, 0xBC6E, 0xBC2E, 0xB40D, 0xB40D, 0xB40E, 0xBC2E, 0xBC6F,
  0xBC6F, 0xC490, 0xC4B0, 0xC4B0, 0xC4F1, 0xCCF1, 0xCD11, 0xCD11, 0xC4D0, 0xC4AF, 0xC4B0, 0xC4D0,
  0xC4F1, 0xCCF1, 0xCD11, 0xCD11, 0xCD31, 0xCD31, 0xCD31, 0xCD32, 0xD552, 0xD552, 0xD573, 0xD593,
  0xD593, 0xD593, 0xD593, 0xD593, 0xD573, 0xD572, 0xD572, 0xD593, 0xD593, 0xD593, 0xD593, 0xDD93,
  0xD593, 0xD5B3, 0xD593, 0xD573, 0xD573, 0xD573, 0xD572, 0xD572, 0xD573, 0xD552, 0xD552, 0xD573,
  0xD552, 0xD552, 0xD552, 0xD552, 0xD572, 0xD573, 0xD573, 0xD573, 0xDDB4, 0xDDD4, 0xDDB4, 0xDDB4,
  0xDDB4, 0xDDB4, 0xDDD4, 0xDDF5, 0xDDD4, 0xDDD4, 0xDDD4, 0xD593, 0xDDB3, 0xDDB3, 0xD593, 0xD572,
  0xD572, 0xD531, 0xCD31, 0xCD11, 0xCCF0, 0xCCF0, 0xC4CF, 0xC48F, 0xC48F, 0xC48E, 0xBC2D, 0xBC2E,
  0xB42D, 0xB40D, 0xB40D, 0xB3EC, 0xB3EC, 0xB3EC, 0xABCC, 0xABAB, 0xABAB, 0xABAB, 0xA3AB, 0xA38B,
  0xA38B, 0xA36B, 0xA38B, 0xA38B, 0x9B6A, 0x9B6A, 0x9B4A, 0x82A8, 0x82C8, 0x8B09, 0x7A88, 0x6A26,
  0x5184, 0x28C2, 0x1882, 0x1861, 0x1061, 0x1061, 0x0841, 0x0840, 0x1061, 0x0841, 0x0861, 0x0861,
  0x0841, 0x0841, 0x0841, 0x0841, 0x1082, 0x0841, 0x0841, 0x0841, 0x0841, 0x0841, 0x0020, 0x0861,
  0x0841, 0x0841, 0x0841, 0x0841, 0x0841, 0x0841, 0x0841, 0x0841, 0x0841, 0x0020, 0x0841, 0x0861,
  0x0841, 0x0841, 0x0841, 0x0020, 0x0020, 0x0841, 0x0841, 0x0841, 0x0841, 0x0861, 0x0020, 0x0020,
  0x0841, 0x0820, 0x0820, 0x0841, 0x0841, 0x0821, 0x0841, 0x0861, 0x0841, 0x0841, 0x0841, 0x0841,
  0x0841, 0x0841, 0x0841, 0x0841, 0x0861, 0x0841, 0x0841, 0x0821, 0x0841, 0x0861, 0x0861, 0x0841,
  0x1041, 0x1061, 0x0841, 0x1041, 0x1061, 0x1041, 0x1861, 0x20A2, 0x20C2, 0x18A2, 0x1061, 0x1061,
  0x1061, 0x1061, 0x18A2, 0x20C2, 0x20C2, 0x1881, 0x1882, 0x20A2, 0x20A2, 0x20A2, 0x30E3, 0x4164,
  0x92E8, 0x92E8, 0x92C8, 0x92C8, 0x92C7, 0x92C7, 0x92C7, 0x92A7, 0x92A7, 0x92A7, 0x92A7, 0x92A7,
  0x92A7, 0x92A7, 0x92A7, 0x92A7, 0x92A7, 0x92A6, 0x92A7, 0x92A7, 0x92A7, 0x92A7, 0x92C7, 0x92C7,
  0x92A7, 0x8AC7, 0x8AC8, 0xB42E, 0xC48F, 0xBC6E, 0xBC4E, 0xBC2E, 0xBC2E, 0xBC4E, 0xBC6F, 0xC46F,
  0xC490, 0xC490, 0xC4B0, 0xC4D0, 0xC4D0, 0xCD11, 0xCD11, 0xCD11, 0xC4D0, 0xC4B0, 0xC4B0, 0xC4D0,
  0xCCF1, 0xCD11, 0xCCF1, 0xCD11, 0xD531, 0xD531, 0xCD31, 0xCD32, 0xD552, 0xD552, 0xD552, 0xD593,
  0xD593, 0xD573, 0xD573, 0xD593, 0xD593, 0xD573, 0xD593, 0xD593, 0xD593, 0xD593, 0xD593, 0xD593,
  0xD593, 0xD593, 0xDDB3, 0xD593, 0xD573, 0xD573, 0xD552, 0xD572, 0xD572, 0xD572, 0xD552, 0xD552,
  0xD572, 0xD553, 0xD552, 0xD552, 0xD572, 0xD593, 0xD593, 0xD593, 0xDDB3, 0xDDB4, 0xDDD4, 0xDDB4,
  0xDDD4, 0xDDD4, 0xDDD5, 0xDDF5, 0xDDD4, 0xD5D4, 0xDDD4, 0xDDB4, 0xDDB3, 0xDDB4, 0xDDB3, 0xD573,
  0xD572, 0xD552, 0xD532, 0xCD11, 0xCCF0, 0xC4D0, 0xC4CF, 0xC4AF, 0xC48F, 0xC48E, 0xBC4E, 0xBC2D,
  0xBC2D, 0xB40D, 0xB40D, 0xB3EC, 0xB3EC, 0xABCC, 0xABCC, 0xABCC, 0xABAB, 0xA3AB, 0xAB8B, 0xA38B,
  0xA38B, 0xA38B, 0xA38B, 0xA38B, 0x9B6A, 0x9B6A, 0x9B4A, 0x8AE9, 0x7A88, 0x8AE9, 0x82C8, 0x6A06,
  0x59C5, 0x30E2, 0x1881, 0x1881, 0x1061, 0x1081, 0x1041, 0x0820, 0x1061, 0x0861, 0x0841, 0x1081,
  0x0841, 0x0861, 0x0841, 0x0841, 0x0861, 0x0841, 0x0861, 0x0841, 0x0841, 0x0841, 0x0020, 0x0841,
  0x0841, 0x0841, 0x0841, 0x0841, 0x0841, 0x0841, 0x0841, 0x0841, 0x0841, 0x0041, 0x0020, 0x0861,
  0x0841, 0x0841, 0x0841, 0x0020, 0x0020, 0x0020, 0x0841, 0x0841, 0x0841, 0x0861, 0x0020, 0x0041,
  0x0841, 0x0821, 0x0020, 0x0841, 0x0861, 0x0841, 0x0841, 0x1061, 0x0841, 0x0841, 0x0841, 0x0841,
  0x0841, 0x0841, 0x0861, 0x0841, 0x0861, 0x0841, 0x0841, 0x0821, 0x0841, 0x0861, 0x0861, 0x0841,
  0x0861, 0x1061, 0x1041, 0x0841, 0x1061, 0x1041, 0x1061, 0x1882, 0x20A2, 0x20C2, 0x1061, 0x1061,
  0x1061, 0x1061, 0x18A2, 0x1881, 0x20C2, 0x1881, 0x1861, 0x1882, 0x20A2, 0x28C2, 0x20A2, 0x3923,
  0x92C8, 0x92C7, 0x92C7, 0x92A7, 0x92A7, 0x92A7, 0x92A7, 0x9286, 0x9286, 0x9266, 0x8A66, 0x9266,
  0x9286, 0x9286, 0x9266, 0x9266, 0x9266, 0x9265, 0x8A65, 0x8A66, 0x9266, 0x8A86, 0x9286, 0x92A7,
  0x9286, 0x92A7, 0x8AA7, 0xB40D, 0xC48F, 0xBC6F, 0xBC6F, 0xBC4F, 0xBC4F, 0xBC6F, 0xC46F, 0xC48F,
  0xC48F, 0xC4B0, 0xC4B0, 0xC4B0, 0xC4F1, 0xCD11, 0xCD11, 0xCCF1, 0xC4D0, 0xC4B0, 0xC4B0, 0xC4D0,
  0xCCF1, 0xCCF1, 0xCCF1, 0xCD11, 0xD531, 0xCD11, 0xCD31, 0xCD31, 0xD552, 0xD552, 0xD552, 0xD573,
  0xD593, 0xD573, 0xD572, 0xD573, 0xD573, 0xD573, 0xD573, 0xD573, 0xD593, 0xDDB4, 0xDDB4, 0xD593,
  0xDDB3, 0xDDB4, 0xD593, 0xD593, 0xD593, 0xD573, 0xD572, 0xD572, 0xD573, 0xD573, 0xD573, 0xD552,
  0xD552, 0xD573, 0xD552, 0xD552, 0xD573, 0xD573, 0xD573, 0xD593, 0xD593, 0xD593, 0xDDD4, 0xDDD4,
  0xDDD4, 0xDDF5, 0xDDF5, 0xDDD4, 0xDDB4, 0xDDD4, 0xDDD4, 0xDDD4, 0xDDB4, 0xDDB3, 0xD593, 0xD573,
  0xD552, 0xD532, 0xD531, 0xCD11, 0xCCD0, 0xCCD0, 0xC4CF, 0xC48F, 0xC48F, 0xC46E, 0xBC4E, 0xBC2D,
  0xB42D, 0xB42D, 0xB40D, 0xB3ED, 0xB3EC, 0xB3EC, 0xABCC, 0xABCC, 0xABAB, 0xABAB, 0xABAB, 0xA38B,
  0xA38B, 0xA38B, 0xA38B, 0xA36B, 0x9B6A, 0x9B6A, 0x9B4A, 0x932A, 0x7A87, 0x8AE9, 0x82C9, 0x6A26,
  0x61E6, 0x4123, 0x1861, 0x1881, 0x1061, 0x1881, 0x1061, 0x0841, 0x0841, 0x0861, 0x0841, 0x1082,
  0x0861, 0x0841, 0x0841, 0x0020, 0x1062, 0x0841, 0x0841, 0x0841, 0x0841, 0x0841, 0x0020, 0x0841,
  0x0841, 0x0861, 0x0841, 0x0841, 0x0841, 0x0841, 0x0841, 0x0841, 0x0841, 0x0841, 0x0020, 0x0861,
  0x0841, 0x0841, 0x0841, 0x0020, 0x0020, 0x0020, 0x0841, 0x0841, 0x0841, 0x0841, 0x0020, 0x0841,
  0x0020, 0x0841, 0x0820, 0x0841, 0x0841, 0x0841, 0x0841, 0x0861, 0x0841, 0x0841, 0x0861, 0x0841,
  0x0841, 0x0841, 0x0861, 0x0841, 0x0841, 0x0841, 0x0841, 0x0821, 0x0841, 0x0841, 0x0841, 0x0841,
  0x0841, 0x0841, 0x0841, 0x0841, 0x1061, 0x1061, 0x1061, 0x1881, 0x20A2, 0x20C2, 0x1882, 0x1081,
  0x1061, 0x1041, 0x1881, 0x1861, 0x1881, 0x18A2, 0x1881, 0x1882, 0x20A2, 0x20C2, 0x28C2, 0x28A2,
  0x8A24, 0x8A24, 0x8A24, 0x8A24, 0x8A24, 0x8A04, 0x8203, 0x8203, 0x81E3, 0x81E3, 0x81E3, 0x81E3,
  0x81E3, 0x8203, 0x8A03, 0x81E3, 0x81E3, 0x81E3, 0x81E3, 0x81E3, 0x81E3, 0x8203, 0x8A03, 0x8A24,
  0x8A24, 0x8A45, 0x8246, 0xABCC, 0xC4B0, 0xC48F, 0xC48F, 0xC46F, 0xBC6F, 0xC46F, 0xC46F, 0xC46F,
  0xBC6F, 0xC48F, 0xC4B0, 0xC4D0, 0xCCF0, 0xCD11, 0xCD11, 0xCCF0, 0xC4D0, 0xC4B0, 0xC4B0, 0xC4D0,
  0xCCF1, 0xCCF1, 0xCD10, 0xCD11, 0xD531, 0xCD11, 0xD531, 0xCD31, 0xD552, 0xD552, 0xD572, 0xD573,
  0xD593, 0xD593, 0xD572, 0xD572, 0xD573, 0xD572, 0xD573, 0xD573, 0xD593, 0xDDB3, 0xD593, 0xD593,
  0xDDB3, 0xDDB3, 0xDDB3, 0xD593, 0xD593, 0xD573, 0xD573, 0xD593, 0xD572, 0xD573, 0xD573, 0xD572,
  0xD573, 0xD572, 0xD573, 0xD593, 0xD593, 0xD593, 0xD593, 0xD593, 0xDDB3, 0xDDB4, 0xDDB4, 0xDDD4,
  0xDDF4, 0xDDF4, 0xDDD4, 0xDDD5, 0xDDD4, 0xDDB4, 0xDDB4, 0xDDD4, 0xDDD4, 0xDDB3, 0xD573, 0xD572,
  0xD552, 0xCD32, 0xD531, 0xCCF1, 0xCCD0, 0xCCD0, 0xC4D0, 0xC4AF, 0xC48F, 0xBC6E, 0xBC4E, 0xB40D,
  0xB40D, 0xB42D, 0xB3EC, 0xB3EC, 0xABCC, 0xABCC, 0xABCC, 0xABAC, 0xABAB, 0xA3AB, 0xA38B, 0xA3AB,
  0xA38B, 0xA38B, 0xA38B, 0xA36B, 0x9B6A, 0x9B6A, 0x9B4A, 0x932A, 0x7AA8, 0x8AE9, 0x82C8, 0x7267,
  0x61C5, 0x4964, 0x1881, 0x1861, 0x1061, 0x1881, 0x1061, 0x0841, 0x0840, 0x1061, 0x0820, 0x1061,
  0x0841, 0x0861, 0x0841, 0x0020, 0x0861, 0x0861, 0x0841, 0x0841, 0x0841, 0x0841, 0x0841, 0x0820,
  0x0841, 0x0841, 0x0841, 0x0841, 0x0841, 0x0841, 0x0841, 0x0841, 0x0841, 0x0841, 0x0020, 0x0841,
  0x0841, 0x0841, 0x0041, 0x0020, 0x0020, 0x0020, 0x0020, 0x0841, 0x0841, 0x0841, 0x0020, 0x0020,
  0x0040, 0x0841, 0x0820, 0x0841, 0x0841, 0x0841, 0x0841, 0x0841, 0x0861, 0x0841, 0x0861, 0x0861,
  0x0841, 0x0841, 0x0841, 0x0841, 0x0841, 0x0821, 0x0821, 0x0820, 0x0821, 0x0841, 0x0841, 0x0841,
  0x0841, 0x0841, 0x0841, 0x1041, 0x1041, 0x1061, 0x1041, 0x1061, 0x18A2, 0x20A2, 0x20C2, 0x1061,
  0x1061, 0x1041, 0x1061, 0x1061, 0x1081, 0x1881, 0x18A2, 0x1881, 0x18A1, 0x20A2, 0x28E2, 0x20C2,
  0x81C2, 0x81C2, 0x81C2, 0x81C2, 0x81C2, 0x81C2, 0x81C2, 0x81C2, 0x81C2, 0x81C2, 0x81C2, 0x81C2,
  0x81C2, 0x81E2, 0x81E2, 0x81E2, 0x81E2, 0x81E2, 0x81E2, 0x81E2, 0x81E2, 0x81E2, 0x81E3, 0x8A03,
  0x8A03, 0x8A24, 0x8225, 0xA3AB, 0xC4D0, 0xC48F, 0xC48F, 0xC46F, 0xC46F, 0xBC4F, 0xBC4F, 0xC46F,
  0xBC6F, 0xC46F, 0xC4B0, 0xC4D0, 0xC4F0, 0xCD11, 0xCCF1, 0xC4D0, 0xC4D0, 0xC4B0, 0xC4D0, 0xC4D0,
  0xCCF1, 0xCCF0, 0xCD11, 0xD531, 0xD531, 0xD531, 0xD531, 0xD531, 0xD531, 0xCD51, 0xD593, 0xD552,
  0xD572, 0xD552, 0xCD32, 0xD552, 0xD552, 0xD552, 0xD573, 0xD573, 0xD593, 0xD593, 0xD593, 0xD593,
  0xD593, 0xDDB4, 0xDDB4, 0xD593, 0xD5B3, 0xD593, 0xD573, 0xD593, 0xD572, 0xD573, 0xD573, 0xD573,
  0xD572, 0xD573, 0xD573, 0xD573, 0xD573, 0xD573, 0xDD93, 0xDDB3, 0xDDB3, 0xDD93, 0xDDB4, 0xDDB4,
  0xDDF5, 0xDDF5, 0xDDD4, 0xDDD4, 0xDDD4, 0xDDD4, 0xDDD4, 0xDDB4, 0xD593, 0xD593, 0xD593, 0xD573,
  0xD552, 0xD532, 0xCD11, 0xCD11, 0xCCD0, 0xCCD0, 0xC4D0, 0xC4AF, 0xC48F, 0xC46E, 0xBC4E, 0xB40D,
  0xB40D, 0xB40C, 0xB3EC, 0xB3EC, 0xABCC, 0xABCC, 0xABCC, 0xABAB, 0xABAB, 0xA3AB, 0xA38B, 0xA38B,
  0xA38B, 0xA36A, 0xA36A, 0xA38B, 0x9B6A, 0x9B6A, 0x9B4A, 0x9B4A, 0x8AC8, 0x82C8, 0x82C8, 0x7A87,
  0x61E5, 0x5184, 0x28A2, 0x1861, 0x1861, 0x1861, 0x1061, 0x0841, 0x0841, 0x1061, 0x0841, 0x0861,
  0x0841, 0x0841, 0x0841, 0x0020, 0x0841, 0x0861, 0x0841, 0x0841, 0x0841, 0x0841, 0x0841, 0x0821,
  0x0841, 0x0841, 0x0821, 0x0841, 0x0841, 0x0841, 0x0841, 0x0841, 0x0841, 0x0841, 0x0020, 0x0841,
  0x0841, 0x0841, 0x0841, 0x0820, 0x0020, 0x0041, 0x0020, 0x0841, 0x0841, 0x0841, 0x0020, 0x0020,
  0x0841, 0x0841, 0x0820, 0x0841, 0x0841, 0x0841, 0x0841, 0x0841, 0x0841, 0x0841, 0x0861, 0x0861,
  0x0841, 0x0841, 0x0841, 0x0841, 0x0841, 0x0821, 0x0820, 0x0820, 0x0820, 0x0841, 0x0841, 0x0841,
  0x0841, 0x0841, 0x0841, 0x0841, 0x1061, 0x1061, 0x1061, 0x1061, 0x1881, 0x20A2, 0x20C2, 0x1881,
  0x1061, 0x1061, 0x1061, 0x1041, 0x1061, 0x1881, 0x18A2, 0x18A2, 0x1882, 0x20A2, 0x20C2, 0x28C2,
  0x79A2, 0x79A2, 0x79A2, 0x79A2, 0x79A1, 0x79A2, 0x79A1, 0x79A1, 0x79A2, 0x79A2, 0x79A2, 0x79A1,
  0x79A2, 0x79C2, 0x79C2, 0x79C2, 0x79C2, 0x79C2, 0x79C2, 0x79C2, 0x79C2, 0x79C2, 0x79C2, 0x81E2,
  0x81E3, 0x7A04, 0x79E4, 0x934A, 0xC4D0, 0xC48F, 0xBC6F, 0xBC6F, 0xBC4E, 0xBC4F, 0xBC4F, 0xC46F,
  0xBC6F, 0xBC8F, 0xC4B0, 0xC4D0, 0xCCF1, 0xCD11, 0xCCF1, 0xC4D0, 0xC4D0, 0xC4AF, 0xC4B0, 0xC4D0,
  0xC4B0, 0xCCF0, 0xCD11, 0xD531, 0xD531, 0xD552, 0xD552, 0xD552, 0xD532, 0xD552, 0xD552, 0xD552,
  0xD532, 0xD532, 0xD532, 0xCD31, 0xCD32, 0xD572, 0xD572, 0xD573, 0xD593, 0xD593, 0xD593, 0xD593,
  0xD593, 0xD593, 0xD593, 0xDDB4, 0xDDB3, 0xD593, 0xD593, 0xD593, 0xD572, 0xD593, 0xD593, 0xD572,
  0xD552, 0xD572, 0xD573, 0xD573, 0xDD93, 0xDD93, 0xDD93, 0xDDB4, 0xDDD4, 0xDDB4, 0xDDB4, 0xDDB4,
  0xDDD4, 0xDDF4, 0xDDD4, 0xDDD4, 0xDDD4, 0xDDD4, 0xDDB4, 0xDDB4, 0xD593, 0xD573, 0xD573, 0xD552,
  0xD552, 0xCD31, 0xCD11, 0xCCF0, 0xCCD0, 0xC4D0, 0xC4D0, 0xC4AF, 0xC48F, 0xC46E, 0xBC4E, 0xB42D,
  0xB40D, 0xB3EC, 0xB3EC, 0xB3EC, 0xB3EC, 0xABCC, 0xABCC, 0xABAB, 0xABAB, 0xABAB, 0xA38B, 0xA38B,
  0xA38B, 0xA38B, 0xA38B, 0xA38B, 0x9B6B, 0x9B6B, 0x9B4A, 0x9B4A, 0x8AE9, 0x7A88, 0x82C9, 0x7A87,
  0x6A06, 0x5184, 0x3103, 0x1861, 0x1861, 0x1861, 0x1881, 0x1061, 0x0841, 0x1041, 0x0841, 0x0841,
  0x0841, 0x0841, 0x0861, 0x0020, 0x0020, 0x0861, 0x1061, 0x0841, 0x0841, 0x0841, 0x0841, 0x0821,
  0x0841, 0x0841, 0x0820, 0x0841, 0x0841, 0x0841, 0x0841, 0x0841, 0x0841, 0x0841, 0x0820, 0x0821,
  0x0841, 0x0841, 0x0841, 0x0020, 0x0020, 0x0041, 0x0020, 0x0841, 0x0821, 0x0841, 0x0841, 0x0020,
  0x0841, 0x0820, 0x0821, 0x0821, 0x0841, 0x0841, 0x0841, 0x0841, 0x0861, 0x0841, 0x0841, 0x0861,
  0x0841, 0x0841, 0x0841, 0x0841, 0x0841, 0x0821, 0x0821, 0x0020, 0x0820, 0x0841, 0x0841, 0x0841,
  0x0841, 0x0841, 0x0841, 0x0841, 0x1061, 0x1041, 0x1061, 0x1061, 0x1881, 0x1881, 0x20C2, 0x18A2,
  0x1061, 0x1061, 0x1061, 0x1061, 0x1040, 0x1061, 0x18A2, 0x20A2, 0x20A2, 0x20A2, 0x20A2, 0x20A2,
  0x6961, 0x6161, 0x6161, 0x6161, 0x6941, 0x6941, 0x6161, 0x6161, 0x6161, 0x6161, 0x6941, 0x6941,
  0x6941, 0x6961, 0x6941, 0x6961, 0x6961, 0x6961, 0x6961, 0x6961, 0x6961, 0x6961, 0x6962, 0x6982,
  0x6982, 0x69A3, 0x6183, 0x7AA7, 0xC4AF, 0xC48F, 0xBC6E, 0xBC4E, 0xBC4E, 0xBC4E, 0xBC4E, 0xC46F,
  0xBC8F, 0xC4AF, 0xC4B0, 0xC4F0, 0xCCF1, 0xCD11, 0xCD11, 0xCCF0, 0xC4D0, 0xC4AF, 0xC4AF, 0xC4D0,
  0xC4D0, 0xCD11, 0xD531, 0xD531, 0xD551, 0xD552, 0xD552, 0xD552, 0xD531, 0xD531, 0xD551, 0xCD11,
  0xD531, 0xD531, 0xCD31, 0xCD31, 0xCD31, 0xCD31, 0xD552, 0xD572, 0xD593, 0xD593, 0xD573, 0xD593,
  0xD593, 0xD593, 0xD593, 0xD593, 0xDDB3, 0xD593, 0xD593, 0xD573, 0xD593, 0xD593, 0xDD93, 0xD573,
  0xD593, 0xD573, 0xD552, 0xD552, 0xD572, 0xDD93, 0xDD93, 0xDDB3, 0xDDB4, 0xDDD4, 0xDDD4, 0xDDD4,
  0xDDD4, 0xDDD4, 0xDDD4, 0xDDD4, 0xDDD4, 0xDDD4, 0xDDD4, 0xDDB4, 0xDDB3, 0xDD93, 0xD572, 0xD552,
  0xD552, 0xCD11, 0xCD11, 0xCCF0, 0xCCD0, 0xC4B0, 0xC4B0, 0xC4AF, 0xC48E, 0xBC6E, 0xBC2D, 0xB42D,
  0xB40D, 0xB3EC, 0xABEC, 0xB3EC, 0xABCC, 0xABCC, 0xABCC, 0xABAC, 0xABCC, 0xABAB, 0xA38B, 0xA38B,
  0xA38B, 0xA38B, 0xA38B, 0xA38B, 0xA38B, 0xA38B, 0x9B6A, 0x9B4A, 0x930A, 0x7A87, 0x8AE9, 0x7AA8,
  0x7226, 0x59A5, 0x3903, 0x1881, 0x1061, 0x1061, 0x1861, 0x1061, 0x0841, 0x1041, 0x0841, 0x0841,
  0x0841, 0x0841, 0x0841, 0x0841, 0x0020, 0x0841, 0x0861, 0x0861, 0x0841, 0x0841, 0x0841, 0x0841,
  0x0841, 0x0841, 0x0020, 0x0841, 0x0841, 0x0841, 0x0841, 0x0841, 0x0841, 0x0841, 0x0820, 0x0820,
  0x0841, 0x0841, 0x0841, 0x0820, 0x0020, 0x0020, 0x0020, 0x0821, 0x0820, 0x0841, 0x0841, 0x0020,
  0x0841, 0x0820, 0x0821, 0x0820, 0x0841, 0x0861, 0x0841, 0x0841, 0x0861, 0x0841, 0x0841, 0x0841,
  0x0841, 0x0820, 0x0841, 0x0841, 0x0841, 0x0841, 0x0841, 0x0820, 0x0820, 0x0841, 0x0841, 0x0841,
  0x0841, 0x0841, 0x0841, 0x1041, 0x1041, 0x1041, 0x0841, 0x1061, 0x1881, 0x1061, 0x20A2, 0x20A2,
  0x1881, 0x1040, 0x1061, 0x1081, 0x0840, 0x1061, 0x1881, 0x18A2, 0x20A2, 0x20A2, 0x20A2, 0x20A2,
  0x50E1, 0x5101, 0x5101, 0x5101, 0x48E0, 0x50E0, 0x48E0, 0x48E1, 0x48E1, 0x50E1, 0x50E1, 0x50E1,
  0x50E0, 0x50E1, 0x50E1, 0x50E1, 0x50E1, 0x50E1, 0x50E0, 0x50E0, 0x50E0, 0x50E0, 0x50E1, 0x5101,
  0x5101, 0x5122, 0x4901, 0x61A4, 0xBC6E, 0xBC8F, 0xBC6F, 0xBC6E, 0xBC6E, 0xBC6F, 0xBC6E, 0xC48F,
  0xC48F, 0xC4B0, 0xC4D0, 0xCCF1, 0xCD11, 0xCD11, 0xCD11, 0xC4F0, 0xC4D0, 0xBCAF, 0xC4B0, 0xC4F0,
  0xCD11, 0xD531, 0xD551, 0xD551, 0xD552, 0xD552, 0xD551, 0xD551, 0xD551, 0xD531, 0xD531, 0xCD10,
  0xCD11, 0xCD31, 0xCD11, 0xCD11, 0xCD11, 0xCD31, 0xD552, 0xD572, 0xD572, 0xD593, 0xD573, 0xD593,
  0xD593, 0xD593, 0xD593, 0xDD93, 0xDD93, 0xD593, 0xD573, 0xD573, 0xD593, 0xD593, 0xD593, 0xD573,
  0xD593, 0xD573, 0xD573, 0xD572, 0xD572, 0xD593, 0xDD93, 0xDDB3, 0xDDD4, 0xDDD4, 0xDDD4, 0xDDD4,
  0xE5F5, 0xE5F5, 0xDDD4, 0xDDD4, 0xDDD4, 0xDDB4, 0xDDB4, 0xDD93, 0xDD93, 0xD573, 0xD552, 0xD552,
  0xD532, 0xCD11, 0xCCF1, 0xCCF0, 0xCCD0, 0xC4B0, 0xC4AF, 0xC48F, 0xBC6E, 0xC46E, 0xBC2D, 0xB42D,
  0xB40C, 0xB3EC, 0xB3EC, 0xABEC, 0xABCC, 0xABCC, 0xABAB, 0xABCC, 0xABCC, 0xABAB, 0xA38B, 0xA38B,
  0xA38B, 0xA38B, 0xA38B, 0xA38B, 0xA38B, 0xA38B, 0x9B6B, 0x9B4A, 0x9B2A, 0x7A87, 0x8AC8, 0x82A8,
  0x7226, 0x61E6, 0x3903, 0x20A1, 0x1041, 0x1861, 0x1061, 0x1061, 0x1041, 0x0841, 0x0861, 0x0841,
  0x0861, 0x0841, 0x0841, 0x0841, 0x0020, 0x0020, 0x0841, 0x1061, 0x0841, 0x0841, 0x0841, 0x0841,
  0x0841, 0x0841, 0x0020, 0x0821, 0x0841, 0x0841, 0x0841, 0x0841, 0x0841, 0x0841, 0x0020, 0x0820,
  0x0841, 0x0841, 0x0841, 0x0820, 0x0820, 0x0020, 0x0820, 0x0820, 0x0821, 0x0841, 0x0841, 0x0820,
  0x0821, 0x0020, 0x0821, 0x0821, 0x0841, 0x0861, 0x0841, 0x0841, 0x0861, 0x0841, 0x0841, 0x0841,
  0x0841, 0x0821, 0x0841, 0x0821, 0x0841, 0x0841, 0x0821, 0x0820, 0x0820, 0x0821, 0x0841, 0x0841,
  0x0821, 0x0841, 0x0841, 0x1061, 0x0841, 0x1061, 0x0841, 0x1041, 0x1881, 0x1061, 0x1881, 0x20A2,
  0x1881, 0x1061, 0x1061, 0x1881, 0x1061, 0x1061, 0x1061, 0x1861, 0x20A2, 0x20A2, 0x20A2, 0x20A2,
  0x40A0, 0x40A0, 0x40A0, 0x40A0, 0x40C0, 0x40C0, 0x40C0, 0x40C0, 0x40C0, 0x40C0, 0x40A0, 0x40A0,
  0x40C0, 0x40C0, 0x40C0, 0x40C0, 0x40C0, 0x40C0, 0x40C0, 0x40A0, 0x40C0, 0x40C0, 0x48C0, 0x48C0,
  0x48C1, 0x5122, 0x40C0, 0x4902, 0xABED, 0xC48F, 0xBC6F, 0xBC6E, 0xBC6E, 0xBC6F, 0xBC8F, 0xC48F,
  0xC4AF, 0xC4D0, 0xC4F0, 0xCD11, 0xCD11, 0xCD11, 0xCD11, 0xC4D0, 0xC4B0, 0xBC8F, 0xC4D0, 0xCD11,
  0xD531, 0xCD31, 0xD551, 0xD551, 0xD551, 0xD531, 0xD551, 0xD551, 0xD551, 0xD551, 0xD531, 0xCD11,
  0xCD10, 0xD531, 0xCCF0, 0xCCF0, 0xCD10, 0xCD11, 0xCD31, 0xD551, 0xD572, 0xD593, 0xD593, 0xD593,
  0xD593, 0xD593, 0xD593, 0xD593, 0xDDB3, 0xD593, 0xD572, 0xD593, 0xD593, 0xD593, 0xD573, 0xD573,
  0xD593, 0xD573, 0xD573, 0xD552, 0xDD73, 0xD573, 0xDDB3, 0xDDB3, 0xDDB4, 0xDDB4, 0xDDB4, 0xDDD4,
  0xDDD4, 0xDDD4, 0xE5F4, 0xDDD4, 0xDDD4, 0xDDB4, 0xDDB4, 0xDDB4, 0xD573, 0xD552, 0xD552, 0xCD32,
  0xD532, 0xCD11, 0xCCF1, 0xCCD0, 0xC4D0, 0xC4B0, 0xC4AF, 0xC4AF, 0xBC6E, 0xBC2D, 0xBC2D, 0xB40D,
  0xB40D, 0xB3EC, 0xABEC, 0xABEC, 0xABCC, 0xABCC, 0xABCC, 0xABAB, 0xABAB, 0xABAB, 0xA3AB, 0xA3AB,
  0xA38B, 0xA3AB, 0xA3AB, 0xA38B, 0xA38B, 0xA38B, 0x9B6A, 0x9B6A, 0x9B4A, 0x82A8, 0x7A87, 0x82C9,
  0x7247, 0x6A26, 0x4143, 0x20A2, 0x1041, 0x1061, 0x1061, 0x1081, 0x1061, 0x0841, 0x0861, 0x0821,
  0x0841, 0x0861, 0x0861, 0x0861, 0x0841, 0x0020, 0x0841, 0x0861, 0x0841, 0x0841, 0x0841, 0x0841,
  0x0841, 0x0841, 0x0020, 0x0820, 0x0861, 0x0841, 0x0841, 0x0841, 0x0841, 0x0841, 0x0020, 0x0820,
  0x0841, 0x0841, 0x0841, 0x0020, 0x0821, 0x0020, 0x0820, 0x0820, 0x0821, 0x0841, 0x0841, 0x0821,
  0x0820, 0x0820, 0x0841, 0x0820, 0x0841, 0x0841, 0x0841, 0x0841, 0x0841, 0x0861, 0x0841, 0x0841,
  0x0841, 0x0821, 0x0841, 0x0820, 0x0821, 0x0841, 0x0821, 0x0820, 0x0821, 0x0820, 0x0841, 0x0841,
  0x0841, 0x0840, 0x0841, 0x0841, 0x1061, 0x0841, 0x1061, 0x0841, 0x1081, 0x1081, 0x1061, 0x20A2,
  0x18A2, 0x18A2, 0x1081, 0x1881, 0x1061, 0x1061, 0x1061, 0x1061, 0x1881, 0x20A2, 0x20A2, 0x20A2,
  0x40C0, 0x40A0, 0x40A0, 0x40A0, 0x40C0, 0x40C0, 0x40C0, 0x40C0, 0x40C0, 0x40C0, 0x40A0, 0x40A0,
  0x40C0, 0x40C0, 0x40A0, 0x40A0, 0x40C0, 0x40C0, 0x40A0, 0x40C0, 0x40C0, 0x40C0, 0x48C0, 0x48C1,
  0x48E1, 0x5122, 0x40C1, 0x40E1, 0xA38C, 0xC4AF, 0xBC6F, 0xBC6F, 0xBC6E, 0xBC6E, 0xBC8F, 0xC4AF,
  0xC4D0, 0xC4D0, 0xCCF1, 0xCD11, 0xCD11, 0xCD11, 0xCD11, 0xC4F0, 0xC4B0, 0xBC8F, 0xC4F0, 0xCD31,
  0xCD31, 0xD531, 0xD531, 0xD551, 0xD552, 0xD551, 0xD531, 0xD551, 0xD531, 0xD531, 0xCD11, 0xCD11,
  0xCCF0, 0xCCF0, 0xCCF0, 0xCCF0, 0xCD10, 0xCD10, 0xCD11, 0xD531, 0xCD32, 0xD572, 0xD573, 0xD593,
  0xD593, 0xD573, 0xD573, 0xD573, 0xDDB3, 0xDD93, 0xD572, 0xD573, 0xDDB3, 0xD593, 0xD593, 0xD573,
  0xD593, 0xD593, 0xD573, 0xDD73, 0xDD73, 0xDD93, 0xD572, 0xDD93, 0xDDB4, 0xDDB3, 0xDDB4, 0xDDD4,
  0xDDD4, 0xDDF4, 0xDDD4, 0xDDD4, 0xDDD4, 0xDDB4, 0xDDB4, 0xDD93, 0xD593, 0xD552, 0xD552, 0xD532,
  0xD511, 0xCD11, 0xCCF0, 0xCCD0, 0xCCD0, 0xC4B0, 0xC4AF, 0xC48F, 0xC46E, 0xBC4E, 0xB3ED, 0xB40D,
  0xB3EC, 0xB3EC, 0xB3EC, 0xABCC, 0xABCC, 0xABCC, 0xABAB, 0xABAB, 0xABCC, 0xABAB, 0xABAB, 0xABAB,
  0xABAB, 0xA3AB, 0xA38B, 0xA38B, 0xA3AB, 0xA38B, 0x9B6B, 0x9B6A, 0x9B4A, 0x8AE9, 0x7A67, 0x82C8,
  0x7247, 0x7226, 0x59A5, 0x28C2, 0x1061, 0x1061, 0x1861, 0x1061, 0x1061, 0x0841, 0x0841, 0x0840,
  0x0841, 0x0861, 0x0841, 0x0861, 0x0841, 0x0020, 0x0020, 0x0841, 0x0841, 0x0841, 0x0841, 0x0841,
  0x0841, 0x0841, 0x0820, 0x0820, 0x0841, 0x0841, 0x0841, 0x0841, 0x0841, 0x0841, 0x0820, 0x0000,
  0x0841, 0x0841, 0x0841, 0x0820, 0x0841, 0x0020, 0x0820, 0x0020, 0x0820, 0x0841, 0x0841, 0x0821,
  0x0820, 0x0820, 0x0841, 0x0020, 0x0820, 0x0841, 0x0841, 0x0821, 0x0841, 0x0861, 0x0841, 0x0841,
  0x0841, 0x0821, 0x0841, 0x0841, 0x0820, 0x0841, 0x0841, 0x0820, 0x0841, 0x0820, 0x0841, 0x0841,
  0x0841, 0x0820, 0x0841, 0x0841, 0x1061, 0x0841, 0x1061, 0x1041, 0x1061, 0x1081, 0x1061, 0x18A2,
  0x20C2, 0x1881, 0x18A2, 0x1882, 0x1061, 0x1061, 0x1061, 0x1061, 0x1861, 0x1882, 0x20A2, 0x20A2,
  0x40C0, 0x40C0, 0x40C0, 0x40C0, 0x40C0, 0x40C0, 0x40C0, 0x40C0, 0x40C0, 0x40C0, 0x40C0, 0x40C0,
  0x40C0, 0x40C0, 0x40C0, 0x40C0, 0x40C0, 0x40C0, 0x40C0, 0x40C0, 0x48C0, 0x40C0, 0x48C0, 0x48C1,
  0x48C1, 0x4902, 0x40C1, 0x40E1, 0x934A, 0xC4AF, 0xC48F, 0xBC8F, 0xBC6E, 0xC48F, 0xC4AF, 0xC4AF,
  0xCCF0, 0xCCF0, 0xCD11, 0xCD11, 0xCD11, 0xCD11, 0xCCF1, 0xCCF0, 0xC4B0, 0xC4AF, 0xCD11, 0xD531,
  0xD531, 0xD531, 0xD552, 0xD572, 0xD551, 0xD551, 0xD531, 0xD531, 0xD511, 0xCCF0, 0xCCF0, 0xCCF0,
  0xCCF0, 0xCCD0, 0xCCD0, 0xC4CF, 0xCD10, 0xCD11, 0xCD10, 0xCCF0, 0xCD31, 0xD552, 0xD572, 0xD572,
  0xD572, 0xD572, 0xD572, 0xD593, 0xDD93, 0xD573, 0xD593, 0xD593, 0xD593, 0xDD93, 0xDD93, 0xD593,
  0xD593, 0xD593, 0xD573, 0xD573, 0xDD73, 0xDD72, 0xD572, 0xDD93, 0xDD93, 0xDDB3, 0xDDB4, 0xDDD4,
  0xDDD4, 0xDDF4, 0xDDD4, 0xDDB4, 0xDDD4, 0xDDD4, 0xDDB4, 0xDDB3, 0xD573, 0xD572, 0xD552, 0xD532,
  0xCD11, 0xCCF1, 0xCCF0, 0xCCD0, 0xC4B0, 0xC4AF, 0xC4AF, 0xC46E, 0xC46E, 0xBC2D, 0xB40D, 0xB40D,
  0xB3EC, 0xB3EC, 0xABEC, 0xABCC, 0xABCC, 0xABCC, 0xABAB, 0xABAB, 0xABCC, 0xABAB, 0xABAB, 0xABAB,
  0xA3AB, 0xABAB, 0xA3AB, 0xA3AB, 0xA38B, 0xA38B, 0x9B6B, 0x9B6A, 0x9B4A, 0x9309, 0x7A87, 0x82A8,
  0x7A87, 0x7226, 0x61E6, 0x3102, 0x1041, 0x1041, 0x1061, 0x1861, 0x1061, 0x1061, 0x0841, 0x0841,
  0x0840, 0x0861, 0x0841, 0x0861, 0x0841, 0x0020, 0x0020, 0x0841, 0x0841, 0x0841, 0x0841, 0x0841,
  0x0861, 0x0841, 0x0821, 0x0820, 0x0841, 0x0841, 0x0841, 0x0841, 0x0841, 0x0841, 0x0821, 0x0000,
  0x0841, 0x0841, 0x0841, 0x0821, 0x0821, 0x0000, 0x0820, 0x0020, 0x0820, 0x0821, 0x0841, 0x0821,
  0x0020, 0x0820, 0x0841, 0x0820, 0x0020, 0x0841, 0x0841, 0x0841, 0x0841, 0x1061, 0x0841, 0x0841,
  0x0841, 0x0821, 0x0841, 0x0841, 0x0821, 0x0820, 0x0841, 0x0820, 0x0841, 0x0821, 0x0841, 0x0841,
  0x0841, 0x0821, 0x0820, 0x0841, 0x1041, 0x1061, 0x0841, 0x1061, 0x1061, 0x1081, 0x1061, 0x1881,
  0x20A2, 0x18A2, 0x1881, 0x20C3, 0x1061, 0x1061, 0x1061, 0x1061, 0x1041, 0x1861, 0x1881, 0x20C2,
  0x40C0, 0x40C0, 0x40C0, 0x40C0, 0x40C0, 0x40C0, 0x40C0, 0x40C0, 0x40C0, 0x40C0, 0x40C0, 0x40C0,
  0x40C0, 0x40C0, 0x40C0, 0x40C0, 0x40C0, 0x40C0, 0x40C0, 0x40C0, 0x40C0, 0x48C0, 0x40C1, 0x48C1,
  0x48C1, 0x48E1, 0x40C1, 0x40E1, 0x82E9, 0xC4AF, 0xC48F, 0xC48F, 0xC48F, 0xC48F, 0xC4AF, 0xC4CF,
  0xCCF0, 0xCCF0, 0xCD11, 0xCD11, 0xCD11, 0xCD11, 0xCD11, 0xCCF0, 0xC4AF, 0xC4D0, 0xCD31, 0xD531,
  0xD531, 0xD572, 0xDD72, 0xD572, 0xD552, 0xD551, 0xD531, 0xD511, 0xD510, 0xCCF0, 0xCCF0, 0xCCF0,
  0xCCD0, 0xCCCF, 0xCCCF, 0xC4CF, 0xCCF0, 0xCD10, 0xCCF0, 0xCD10, 0xCD31, 0xCD52, 0xD572, 0xD552,
  0xD572, 0xD572, 0xD572, 0xD572, 0xD572, 0xD572, 0xDD73, 0xD573, 0xD573, 0xDD73, 0xD552, 0xD593,
  0xD593, 0xD573, 0xDD93, 0xD573, 0xDD73, 0xD572, 0xDD73, 0xDD93, 0xDD93, 0xDDB3, 0xDDB3, 0xDDB4,
  0xDDD4, 0xDDD4, 0xDDF4, 0xDDD4, 0xDDD4, 0xDDB4, 0xD593, 0xDD93, 0xD573, 0xD552, 0xD532, 0xD511,
  0xCD11, 0xCCF0, 0xCCD0, 0xC4B0, 0xC4AF, 0xC48F, 0xC48F, 0xC46E, 0xBC4E, 0xBC2D, 0xB40D, 0xB40D,
  0xB3EC, 0xB3EC, 0xABCC, 0xABCC, 0xABCC, 0xABCC, 0xABCC, 0xABCC, 0xABAC, 0xABCC, 0xABCC, 0xABCC,
  0xA3CC, 0xA3AB, 0xABAB, 0xA3AB, 0xA3AC, 0xA3AB, 0xA38B, 0x9B6B, 0x9B4A, 0x932A, 0x82A8, 0x82A8,
  0x82A8, 0x6A26, 0x6206, 0x4144, 0x1861, 0x1041, 0x1061, 0x1061, 0x1061, 0x1061, 0x0840, 0x0841,
  0x0820, 0x0861, 0x0841, 0x0841, 0x0861, 0x0020, 0x0020, 0x0820, 0x0841, 0x0020, 0x0841, 0x0841,
  0x0841, 0x0841, 0x0841, 0x0821, 0x0841, 0x0841, 0x0841, 0x0841, 0x0841, 0x0841, 0x0841, 0x0020,
  0x0020, 0x0841, 0x0841, 0x0820, 0x0841, 0x0000, 0x0020, 0x0820, 0x0820, 0x0820, 0x0841, 0x0821,
  0x0020, 0x0820, 0x0841, 0x0821, 0x0020, 0x0841, 0x0841, 0x0841, 0x0841, 0x0861, 0x0841, 0x0841,
  0x0861, 0x0821, 0x0841, 0x0841, 0x0841, 0x0020, 0x0841, 0x0020, 0x0820, 0x0841, 0x0821, 0x0841,
  0x0841, 0x0820, 0x0820, 0x0841, 0x0841, 0x1061, 0x1061, 0x1041, 0x1061, 0x1081, 0x1061, 0x1081,
  0x18A2, 0x20A2, 0x1881, 0x20C3, 0x1881, 0x1061, 0x1061, 0x1061, 0x1061, 0x1861, 0x1881, 0x20A2,
  0x40C0, 0x40C0, 0x40C1, 0x40C0, 0x40C0, 0x40C0, 0x40C0, 0x40C0, 0x40C0, 0x40C0, 0x40C0, 0x40C0,
  0x40C0, 0x40C0, 0x40C0, 0x40C0, 0x40C0, 0x40C0, 0x40C0, 0x40C0, 0x40C0, 0x48C0, 0x48C0, 0x48C0,
  0x48C1, 0x48E1, 0x48E1, 0x40E1, 0x7A88, 0xC4B0, 0xC4AF, 0xC4AF, 0xC4AF, 0xC4AF, 0xC4CF, 0xC4D0,
  0xCCF0, 0xCCF0, 0xCD11, 0xCD11, 0xCCF1, 0xCD11, 0xCD11, 0xC4F0, 0xC4B0, 0xCCF0, 0xD531, 0xD531,
  0xD551, 0xD552, 0xDD72, 0xDD72, 0xD552, 0xD531, 0xD531, 0xD510, 0xCCF0, 0xCCCF, 0xCCCF, 0xCCCF,
  0xC4CF, 0xC4CF, 0xCCCF, 0xCCD0, 0xCCF0, 0xCCF0, 0xCCF0, 0xCD11, 0xCD31, 0xCD31, 0xCD51, 0xD552,
  0xD572, 0xD572, 0xD572, 0xD573, 0xD572, 0xD572, 0xD572, 0xD572, 0xD552, 0xD552, 0xD552, 0xD593,
  0xD572, 0xD552, 0xD573, 0xDD72, 0xD572, 0xD572, 0xDD73, 0xD573, 0xDD93, 0xD593, 0xDDB4, 0xDDB4,
  0xDDB3, 0xDDB4, 0xDDB4, 0xDDD4, 0xDDB3, 0xDD93, 0xDD93, 0xDD73, 0xD552, 0xD552, 0xD532, 0xCD11,
  0xCCF1, 0xCCD0, 0xCCD0, 0xC4B0, 0xC4B0, 0xC48F, 0xC48E, 0xBC4E, 0xBC2D, 0xB40D, 0xBC2D, 0xB40D,
  0xB3ED, 0xB3EC, 0xABCC, 0xABCC, 0xABCC, 0xABCC, 0xABCC, 0xABAB, 0xABCC, 0xABCC, 0xABCC, 0xABCC,
  0xABCC, 0xABAC, 0xABAB, 0xA3AB, 0xA3AB, 0xA38B, 0xA38B, 0xA38B, 0x9B4A, 0x9B4A, 0x82C8, 0x82A8,
  0x82A8, 0x7226, 0x6A06, 0x5184, 0x20A1, 0x1041, 0x1061, 0x1061, 0x1081, 0x1061, 0x0840, 0x0841,
  0x0840, 0x0841, 0x0861, 0x0841, 0x0861, 0x0841, 0x0020, 0x0020, 0x0841, 0x0020, 0x0841, 0x0841,
  0x0841, 0x0841, 0x0841, 0x0821, 0x0841, 0x0821, 0x0841, 0x0841, 0x0821, 0x0841, 0x0841, 0x0820,
  0x0000, 0x0841, 0x0841, 0x0820, 0x0841, 0x0000, 0x0820, 0x0020, 0x0820, 0x0820, 0x0841, 0x0841,
  0x0020, 0x0020, 0x0820, 0x0841, 0x0020, 0x0821, 0x0841, 0x0841, 0x0841, 0x0841, 0x0841, 0x0841,
  0x0861, 0x0821, 0x0841, 0x0841, 0x0841, 0x0820, 0x0821, 0x0821, 0x0820, 0x0841, 0x0821, 0x0821,
  0x0841, 0x0820, 0x0820, 0x0840, 0x0840, 0x0841, 0x1061, 0x1061, 0x1082, 0x1061, 0x1081, 0x1061,
  0x1881, 0x18A2, 0x20A2, 0x20A2, 0x20A2, 0x1881, 0x1861, 0x1061, 0x1861, 0x1881, 0x1861, 0x18A2,
  0x40C0, 0x40C0, 0x40C0, 0x40C0, 0x40C0, 0x40C0, 0x40C0, 0x40C0, 0x40C0, 0x40C0, 0x40C0, 0x40C0,
  0x40C0, 0x40C0, 0x40C0, 0x40C0, 0x40C0, 0x48C0, 0x48C0, 0x48C0, 0x48C0, 0x48C0, 0x48C0, 0x48C0,
  0x48E1, 0x48E1, 0x48E1, 0x40E1, 0x6A46, 0xC4AF, 0xC4AF, 0xC4AF, 0xC4AF, 0xC4AF, 0xC4D0, 0xCCF0,
  0xCCF0, 0xCCF0, 0xCD11, 0xCD11, 0xCD11, 0xCD11, 0xCD11, 0xC4D0, 0xC4D0, 0xCD11, 0xD531, 0xD551,
  0xD552, 0xD572, 0xDD72, 0xD552, 0xD551, 0xD531, 0xD510, 0xCCF0, 0xCCCF, 0xCCAF, 0xCCAF, 0xCCAF,
  0xC4AF, 0xC4AF, 0xCCD0, 0xC4CF, 0xCCF0, 0xC4D0, 0xCCF0, 0xCD10, 0xCD31, 0xCD51, 0xD552, 0xD552,
  0xD572, 0xD572, 0xD572, 0xD552, 0xD572, 0xD552, 0xD552, 0xD552, 0xD552, 0xD572, 0xD552, 0xD552,
  0xD572, 0xD572, 0xD572, 0xD572, 0xD552, 0xDD72, 0xD552, 0xD572, 0xDD93, 0xDDB3, 0xDDD4, 0xDDB4,
  0xDDB3, 0xDDB4, 0xDDB4, 0xDDD4, 0xDDB4, 0xDDB3, 0xDD93, 0xD572, 0xD552, 0xD552, 0xD511, 0xCD11,
  0xCCF1, 0xCCD0, 0xCCD0, 0xC4B0, 0xC4AF, 0xC48F, 0xC46E, 0xBC4E, 0xBC4E, 0xBC2D, 0xBC2D, 0xB40D,
  0xB40D, 0xB3EC, 0xB3EC, 0xB3EC, 0xABCC, 0xABCC, 0xABCC, 0xABCC, 0xABCC, 0xABCC, 0xABCC, 0xABCC,
  0xABEC, 0xABAC, 0xABAB, 0xA3AB, 0xA3AB, 0xA3AB, 0xA38B, 0xA36B, 0x9B4A, 0x932A, 0x8AE9, 0x8288,
  0x8288, 0x7A47, 0x6A06, 0x59C5, 0x3102, 0x1041, 0x1041, 0x1061, 0x1061, 0x1061, 0x0840, 0x0841,
  0x0841, 0x0841, 0x0861, 0x0841, 0x0861, 0x0861, 0x0020, 0x0020, 0x0841, 0x0041, 0x0020, 0x0841,
  0x1061, 0x0841, 0x0841, 0x0821, 0x0841, 0x0020, 0x0841, 0x0841, 0x0820, 0x0841, 0x0841, 0x0820,
  0x0000, 0x0841, 0x0861, 0x0841, 0x0841, 0x0000, 0x0020, 0x0820, 0x0820, 0x0820, 0x0841, 0x0841,
  0x0820, 0x0020, 0x0820, 0x0841, 0x0820, 0x0020, 0x0841, 0x0841, 0x0841, 0x0841, 0x0841, 0x0841,
  0x0861, 0x0841, 0x0841, 0x0841, 0x0841, 0x0820, 0x0820, 0x0821, 0x0841, 0x0841, 0x0841, 0x0821,
  0x0821, 0x0841, 0x0820, 0x0820, 0x0840, 0x0841, 0x1041, 0x1061, 0x1082, 0x1061, 0x1081, 0x1081,
  0x1061, 0x1881, 0x20A2, 0x20C2, 0x1882, 0x18A2, 0x1881, 0x1881, 0x1881, 0x1881, 0x1881, 0x1861,
  0x40C0, 0x40C0, 0x40C0, 0x40C0, 0x40C0, 0x40C0, 0x40C0, 0x40C0, 0x40C0, 0x40C0, 0x40C0, 0x40C0,
  0x40C0, 0x48C0, 0x48C0, 0x48C0, 0x48C0, 0x48C0, 0x48C0, 0x48C0, 0x48C0, 0x48C0, 0x48C0, 0x48E1,
  0x48E1, 0x48E1, 0x48E1, 0x4901, 0x6A26, 0xC4AF, 0xC4D0, 0xC4AF, 0xC4AF, 0xC4D0, 0xCCD0, 0xCCF0,
  0xCCF0, 0xCD11, 0xCD11, 0xD531, 0xCD11, 0xCD11, 0xCCF0, 0xC4D0, 0xCCF1, 0xD531, 0xD531, 0xD551,
  0xDD72, 0xDD93, 0xDD92, 0xDD72, 0xD551, 0xD511, 0xCD10, 0xCCF0, 0xCCCF, 0xCCAF, 0xC48E, 0xC4AF,
  0xC4AF, 0xC48F, 0xC4AF, 0xCCD0, 0xCCD0, 0xC4D0, 0xCD10, 0xCD10, 0xCD31, 0xD552, 0xD552, 0xCD52,
  0xD552, 0xD552, 0xD552, 0xD552, 0xD552, 0xD552, 0xD552, 0xD552, 0xD552, 0xD552, 0xD552, 0xD552,
  0xD552, 0xD572, 0xD572, 0xDD72, 0xD552, 0xDD52, 0xD552, 0xD572, 0xDD93, 0xDDB3, 0xDD93, 0xDD93,
  0xDD93, 0xDDB3, 0xDDB4, 0xDD93, 0xDD93, 0xDD93, 0xD552, 0xD552, 0xD552, 0xD532, 0xD511, 0xD511,
  0xCCF1, 0xCCB0, 0xC4AF, 0xC4B0, 0xC48F, 0xC46F, 0xBC4E, 0xBC2E, 0xBC4E, 0xBC2D, 0xB40D, 0xB40D,
  0xB40D, 0xB3ED, 0xB3EC, 0xABCC, 0xABCC, 0xABCC, 0xABAB, 0xABCC, 0xABCC, 0xABEC, 0xABCC, 0xABCC,
  0xABEC, 0xABCC, 0xABAB, 0xABAB, 0xA38B, 0xABAB, 0xA36A, 0x9B6A, 0x9B4A, 0x9B4A, 0x9309, 0x7A87,
  0x82A8, 0x7A47, 0x69E5, 0x61E5, 0x4143, 0x1861, 0x1041, 0x1061, 0x1061, 0x1061, 0x0841, 0x0820,
  0x0841, 0x0841, 0x0841, 0x0861, 0x0841, 0x0861, 0x0821, 0x0020, 0x0841, 0x0841, 0x0000, 0x0841,
  0x0841, 0x0861, 0x0841, 0x0841, 0x0841, 0x0820, 0x0820, 0x0841, 0x0821, 0x0841, 0x0841, 0x0821,
  0x0020, 0x0020, 0x0841, 0x0841, 0x0841, 0x0000, 0x0020, 0x0020, 0x0020, 0x0820, 0x0841, 0x0841,
  0x0820, 0x0000, 0x0020, 0x0841, 0x0821, 0x0000, 0x0841, 0x0841, 0x0841, 0x0841, 0x0841, 0x0841,
  0x0841, 0x0841, 0x0841, 0x0841, 0x0841, 0x0820, 0x0020, 0x0820, 0x0841, 0x0841, 0x0841, 0x0821,
  0x0841, 0x0840, 0x0820, 0x0820, 0x0020, 0x0840, 0x0841, 0x0841, 0x1061, 0x1061, 0x1061, 0x1881,
  0x1061, 0x1061, 0x1882, 0x20C3, 0x18A2, 0x20A2, 0x20A2, 0x1861, 0x1881, 0x20A2, 0x1881, 0x1881,
  0x40C0, 0x40C0, 0x40C0, 0x40C0, 0x40C0, 0x40C0, 0x40C0, 0x40C0, 0x48C0, 0x48C0, 0x48C0, 0x48C0,
  0x48C0, 0x48C0, 0x48E0, 0x48C0, 0x48E0, 0x48E0, 0x48C0, 0x48E0, 0x48C0, 0x48C0, 0x48E0, 0x48E0,
  0x48E1, 0x50E1, 0x48E1, 0x4902, 0x61E5, 0xBC8F, 0xCCF0, 0xC4CF, 0xC4CF, 0xCCF0, 0xCCF0, 0xCCF0,
  0xCD10, 0xCD11, 0xCD11, 0xCD31, 0xCD11, 0xCD11, 0xCCF0, 0xC4F0, 0xCD31, 0xD531, 0xD531, 0xD552,
  0xDD72, 0xDD93, 0xDD72, 0xD572, 0xD551, 0xD511, 0xCCF0, 0xCCCF, 0xCCAF, 0xC48E, 0xC48E, 0xC48E,
  0xC48E, 0xC4AF, 0xC4AF, 0xC4AF, 0xC4AF, 0xC4CF, 0xC4CF, 0xCCF0, 0xCD11, 0xCD51, 0xD552, 0xD552,
  0xD552, 0xD552, 0xD552, 0xD552, 0xD552, 0xD552, 0xD552, 0xD551, 0xD552, 0xD552, 0xD552, 0xD572,
  0xD572, 0xD552, 0xD552, 0xD552, 0xD552, 0xD552, 0xD552, 0xD572, 0xDD93, 0xDD93, 0xDD93, 0xDD93,
  0xDD93, 0xDD93, 0xDD93, 0xDD73, 0xDD73, 0xD572, 0xD552, 0xD532, 0xD532, 0xD532, 0xCCF1, 0xCCF0,
  0xCCD0, 0xCCB0, 0xCCB0, 0xC48F, 0xC48F, 0xC48F, 0xBC4E, 0xBC2E, 0xBC2D, 0xBC2D, 0xBC2D, 0xB40D,
  0xB40D, 0xB3EC, 0xB3EC, 0xABCC, 0xABCC, 0xABCC, 0xA36A, 0xA3AB, 0xABEC, 0xABEC, 0xABCC, 0xABCC,
  0xABCC, 0xABCC, 0xABCC, 0xABAB, 0xA38B, 0xA38B, 0xA36A, 0x9B6A, 0x9B4A, 0x9B4A, 0x932A, 0x7A67,
  0x8288, 0x7A47, 0x6A05, 0x61E5, 0x4984, 0x2081, 0x1041, 0x1041, 0x1061, 0x1061, 0x1041, 0x0820,
  0x0841, 0x0841, 0x0841, 0x0861, 0x0841, 0x0861, 0x0841, 0x0820, 0x0820, 0x0861, 0x0020, 0x0841,
  0x0841, 0x0841, 0x0841, 0x0841, 0x0841, 0x0841, 0x0020, 0x0841, 0x0841, 0x0821, 0x0841, 0x0841,
  0x0020, 0x0820, 0x0841, 0x0841, 0x0821, 0x0000, 0x0000, 0x0820, 0x0020, 0x0820, 0x0821, 0x0841,
  0x0820, 0x0000, 0x0020, 0x0820, 0x0841, 0x0000, 0x0820, 0x0841, 0x0841, 0x0841, 0x0841, 0x0841,
  0x0841, 0x0861, 0x0821, 0x0841, 0x0841, 0x0821, 0x0020, 0x0821, 0x0820, 0x0841, 0x0841, 0x0820,
  0x0821, 0x0841, 0x0820, 0x0840, 0x0820, 0x0840, 0x0841, 0x0841, 0x0841, 0x1061, 0x1061, 0x1881,
  0x1081, 0x1061, 0x1861, 0x20A2, 0x20A2, 0x18A2, 0x28C2, 0x1882, 0x1861, 0x1881, 0x20A2, 0x20A2,
  0x40C0, 0x40C0, 0x40C0, 0x40C0, 0x40C0, 0x40C0, 0x48C0, 0x48C0, 0x48C0, 0x48C0, 0x48C0, 0x48C0,
  0x48E0, 0x48E0, 0x48E0, 0x48E0, 0x48E0, 0x48E0, 0x48E0, 0x48E0, 0x48E0, 0x48E0, 0x50E0, 0x50E0,
  0x50E0, 0x5101, 0x5101, 0x5102, 0x61C5, 0xBC8F, 0xCCF0, 0xCCF0, 0xCCD0, 0xCCD0, 0xCCF0, 0xCD10,
  0xCD10, 0xCD10, 0xCD11, 0xCD11, 0xCD11, 0xCD11, 0xCCF1, 0xCCF0, 0xD531, 0xD531, 0xD551, 0xDD72,
  0xDD72, 0xD572, 0xD572, 0xD551, 0xD531, 0xD510, 0xCCF0, 0xCCCF, 0xC48E, 0xC48E, 0xC48E, 0xC46E,
  0xC48E, 0xC48E, 0xC48F, 0xC46E, 0xC48F, 0xC4AF, 0xC48F, 0xC4AF, 0xC4D0, 0xCD11, 0xCD31, 0xCD52,
  0xCD52, 0xD552, 0xD552, 0xD551, 0xD552, 0xD532, 0xD531, 0xD532, 0xD552, 0xD552, 0xD552, 0xD572,
  0xD552, 0xD552, 0xD532, 0xD532, 0xD531, 0xD532, 0xD552, 0xD552, 0xDD72, 0xDD72, 0xDD72, 0xDD72,
  0xDD93, 0xDD93, 0xDD93, 0xD572, 0xD552, 0xD552, 0xD532, 0xD552, 0xD532, 0xD511, 0xCCD0, 0xCCAF,
  0xCCB0, 0xCCB0, 0xC48F, 0xC4AF, 0xC48F, 0xC46E, 0xBC4E, 0xBC2D, 0xBC2D, 0xBC2D, 0xBC2D, 0xB40D,
  0xB40D, 0xB3EC, 0xB3EC, 0xB3EC, 0xABEC, 0xABAB, 0xA38B, 0xA3AC, 0xB40D, 0xABED, 0xABEC, 0xABCC,
  0xABCC, 0xABCC, 0xABCC, 0xABAB, 0xA38B, 0xA36A, 0xA36A, 0xA36A, 0x9B4A, 0x932A, 0x9309, 0x8287,
  0x7A67, 0x7A67, 0x6A06, 0x6A06, 0x51A5, 0x28A2, 0x1061, 0x1061, 0x1061, 0x1061, 0x1061, 0x0820,
  0x0840, 0x0841, 0x0841, 0x0841, 0x0841, 0x1061, 0x0841, 0x0820, 0x0820, 0x0841, 0x0820, 0x0841,
  0x0841, 0x0841, 0x0841, 0x0841, 0x0841, 0x0841, 0x0820, 0x0821, 0x0841, 0x0820, 0x0841, 0x0841,
  0x0020, 0x0820, 0x0841, 0x0841, 0x0821, 0x0000, 0x0000, 0x0020, 0x0820, 0x0820, 0x0821, 0x0841,
  0x0841, 0x0000, 0x0020, 0x0020, 0x0841, 0x0820, 0x0020, 0x0841, 0x0841, 0x0841, 0x0841, 0x0841,
  0x0821, 0x0861, 0x0841, 0x0841, 0x0841, 0x0841, 0x0020, 0x0020, 0x0020, 0x0841, 0x0841, 0x0841,
  0x0820, 0x0820, 0x0020, 0x0840, 0x0840, 0x0840, 0x0820, 0x0841, 0x0841, 0x0841, 0x1061, 0x1061,
  0x1882, 0x1081, 0x1061, 0x20A2, 0x20A2, 0x20A2, 0x20A2, 0x20C2, 0x20A2, 0x1861, 0x1881, 0x20C2,
  0x40C0, 0x40C0, 0x40C0, 0x48C0, 0x48C0, 0x48C0, 0x48C0, 0x48C0, 0x48C0, 0x48C0, 0x48E0, 0x48E0,
  0x48E0, 0x48E0, 0x48E1, 0x48E1, 0x50E0, 0x50E0, 0x50E0, 0x50E0, 0x50E0, 0x50E0, 0x50E0, 0x5100,
  0x5101, 0x5901, 0x5101, 0x5101, 0x59A4, 0xBC6E, 0xCCF1, 0xCCF0, 0xCCF0, 0xCCF0, 0xCD10, 0xCD10,
  0xCD10, 0xCCF0, 0xCD11, 0xCD31, 0xCD11, 0xCD11, 0xCCF1, 0xCD11, 0xD531, 0xD551, 0xD572, 0xDD72,
  0xD592, 0xDD93, 0xDDB3, 0xDD92, 0xD531, 0xD510, 0xCD10, 0xCCF0, 0xCCAF, 0xC48E, 0xC48E, 0xC46E,
  0xC46E, 0xC48E, 0xC48E, 0xC46E, 0xC46E, 0xBC6E, 0xBC6E, 0xBC8E, 0xC4AF, 0xC4D0, 0xCD11, 0xCD51,
  0xCD31, 0xCD52, 0xD552, 0xD552, 0xD552, 0xD531, 0xD531, 0xD531, 0xD531, 0xD531, 0xD551, 0xD552,
  0xD552, 0xDD72, 0xD552, 0xD532, 0xD532, 0xD532, 0xD552, 0xD532, 0xD552, 0xDD72, 0xDD72, 0xD552,
  0xDD72, 0xDD72, 0xD552, 0xD572, 0xD572, 0xD532, 0xD552, 0xD552, 0xD511, 0xCD11, 0xCCD0, 0xCCB0,
  0xCCB0, 0xCCAF, 0xC46E, 0xC46E, 0xC46E, 0xBC4D, 0xBC2D, 0xB42D, 0xBC2D, 0xBC2D, 0xBC2D, 0xB40D,
  0xB3EC, 0xB3EC, 0xB3ED, 0xB3EC, 0xABEC, 0xABCC, 0xA3AB, 0xAC0D, 0xB40D, 0xABED, 0xABED, 0xABCC,
  0xABEC, 0xABEC, 0xABCC, 0xABAB, 0xA38B, 0x9B4A, 0xA36B, 0xA36A, 0x9B4A, 0x9B2A, 0x92E9, 0x8287,
  0x7226, 0x8288, 0x6A06, 0x6A06, 0x59C5, 0x30E2, 0x1061, 0x1041, 0x1061, 0x1061, 0x1061, 0x0841,
  0x0840, 0x0841, 0x0841, 0x0841, 0x0841, 0x0841, 0x0841, 0x0820, 0x0020, 0x0020, 0x0841, 0x0841,
  0x0841, 0x0841, 0x0841, 0x0841, 0x0841, 0x0861, 0x0820, 0x0020, 0x0841, 0x0820, 0x0821, 0x0841,
  0x0820, 0x0820, 0x0841, 0x0841, 0x0821, 0x0020, 0x0000, 0x0020, 0x0020, 0x0820, 0x0820, 0x0821,
  0x0821, 0x0820, 0x0000, 0x0820, 0x0821, 0x0821, 0x0020, 0x0841, 0x0841, 0x0841, 0x0841, 0x0841,
  0x0841, 0x0841, 0x0841, 0x0821, 0x0841, 0x0841, 0x0821, 0x0020, 0x0821, 0x0820, 0x0841, 0x0841,
  0x0820, 0x0020, 0x0820, 0x0840, 0x0840, 0x0820, 0x0840, 0x0820, 0x0841, 0x0840, 0x1041, 0x1881,
  0x1081, 0x18A2, 0x1061, 0x18A2, 0x18A2, 0x20C2, 0x20A2, 0x20C2, 0x28E2, 0x20A2, 0x1881, 0x1881,
  0x40C0, 0x48C0, 0x48C0, 0x48C0, 0x48C0, 0x48C0, 0x48E0, 0x48E0, 0x48E0, 0x48E0, 0x48E0, 0x50E0,
  0x50E0, 0x50E0, 0x50E0, 0x5101, 0x5101, 0x50E0, 0x5100, 0x5100, 0x5100, 0x5100, 0x5101, 0x5901,
  0x5901, 0x5921, 0x5921, 0x5122, 0x5983, 0xB42E, 0xCD11, 0xCD10, 0xCCF0, 0xCCF0, 0xCD10, 0xCD10,
  0xCD10, 0xCD11, 0xCD31, 0xCD31, 0xCD31, 0xCD11, 0xCCF0, 0xCD11, 0xD531, 0xD552, 0xDD72, 0xDD92,
  0xDDB3, 0xDDD4, 0xDDD4, 0xDDB3, 0xD572, 0xD531, 0xD511, 0xD4F0, 0xCCCF, 0xCCAF, 0xCCAE, 0xC48E,
  0xC48E, 0xC46E, 0xC46E, 0xC46D, 0xBC4D, 0xBC6D, 0xBC6D, 0xBC6E, 0xC46E, 0xC4AF, 0xC4D0, 0xCD11,
  0xCD31, 0xCD52, 0xCD52, 0xD532, 0xD531, 0xD531, 0xD531, 0xD511, 0xD531, 0xD531, 0xD531, 0xD531,
  0xD531, 0xD531, 0xD552, 0xD531, 0xD552, 0xDD52, 0xD552, 0xD552, 0xD552, 0xD552, 0xD552, 0xD552,
  0xD532, 0xD552, 0xDD72, 0xD552, 0xD552, 0xD532, 0xD552, 0xD531, 0xD531, 0xD511, 0xCCF0, 0xCCD0,
  0xC48F, 0xC48F, 0xC44E, 0xC44E, 0xBC4E, 0xBC2D, 0xBC2D, 0xBC2D, 0xB40D, 0xBC4E, 0xBC2D, 0xB40D,
  0xB40D, 0xB40D, 0xB40D, 0xB40D, 0xB3EC, 0xB3EC, 0xB40D, 0xB40D, 0xB40D, 0xABEC, 0xABED, 0xABEC,
  0xABEC, 0xABEC, 0xABCC, 0xABAB, 0xABAB, 0xA38B, 0xA36B, 0xA36A, 0x9B4A, 0x9B2A, 0x9309, 0x8AA8,
  0x7206, 0x7A67, 0x7246, 0x61E5, 0x61E5, 0x3923, 0x1061, 0x1061, 0x1061, 0x1060, 0x1061, 0x1041,
  0x0840, 0x0841, 0x0841, 0x0841, 0x0841, 0x0821, 0x0861, 0x0820, 0x0020, 0x0020, 0x0841, 0x0841,
  0x0820, 0x0841, 0x0841, 0x0841, 0x0841, 0x0841, 0x0841, 0x0820, 0x0841, 0x0841, 0x0821, 0x0841,
  0x0821, 0x0820, 0x0841, 0x0841, 0x0841, 0x0020, 0x0000, 0x0020, 0x0820, 0x0820, 0x0820, 0x0821,
  0x0821, 0x0821, 0x0000, 0x0820, 0x0821, 0x0821, 0x0820, 0x0841, 0x0841, 0x0841, 0x0841, 0x0841,
  0x0841, 0x0841, 0x0861, 0x0821, 0x0841, 0x0841, 0x0841, 0x0020, 0x0820, 0x0821, 0x0821, 0x0841,
  0x0841, 0x0020, 0x0840, 0x0820, 0x0840, 0x0840, 0x0840, 0x0820, 0x0841, 0x0841, 0x0840, 0x1061,
  0x1881, 0x1881, 0x1081, 0x1881, 0x1882, 0x20A2, 0x20A2, 0x20A2, 0x28C2, 0x28C2, 0x20C2, 0x20A1,
  0x48C0, 0x48C0, 0x48C0, 0x48C0, 0x48C0, 0x48C0, 0x48E1, 0x48E0, 0x50E0, 0x50E0, 0x50E0, 0x50E0,
  0x50E0, 0x5101, 0x5100, 0x5101, 0x5101, 0x5101, 0x5901, 0x5100, 0x5100, 0x5101, 0x5901, 0x5921,
  0x5921, 0x5921, 0x5922, 0x5922, 0x5983, 0xB42E, 0xCD10, 0xCCF0, 0xCD10, 0xCD10, 0xCD10, 0xCD10,
  0xCD11, 0xCD11, 0xD531, 0xCD31, 0xD531, 0xCD31, 0xCCF0, 0xCD11, 0xD531, 0xD551, 0xDD72, 0xD572,
  0xDD93, 0xDDD4, 0xDDD4, 0xDDD4, 0xDDB3, 0xD572, 0xD552, 0xD511, 0xCCF0, 0xCCCF, 0xCCAF, 0xCCAE,
  0xCC8E, 0xC48E, 0xC46E, 0xC46D, 0xC46D, 0xBC4D, 0xBC4D, 0xBC4D, 0xBC4D, 0xBC6E, 0xC4AF, 0xC4D0,
  0xCCF1, 0xCD52, 0xCD32, 0xCD31, 0xCD31, 0xD531, 0xCD11, 0xCD11, 0xD531, 0xD531, 0xD511, 0xD531,
  0xD531, 0xD531, 0xD531, 0xD551, 0xD551, 0xD551, 0xD531, 0xD552, 0xD552, 0xD552, 0xD552, 0xD532,
  0xD552, 0xD552, 0xD552, 0xD552, 0xD532, 0xD531, 0xD531, 0xD511, 0xD511, 0xCD11, 0xCCF0, 0xCCD0,
  0xCCB0, 0xC4AF, 0xC48F, 0xBC4E, 0xC46F, 0xBC4E, 0xBC2D, 0xBC2E, 0xBC2E, 0xBC4E, 0xB42D, 0xB40D,
  0xB40D, 0xB40D, 0xB40D, 0xB40D, 0xB40D, 0xB40D, 0xB40D, 0xB40D, 0xB40D, 0xABED, 0xABED, 0xABEC,
  0xABEC, 0xABCC, 0xABCC, 0xABCC, 0xABAB, 0xA38B, 0xA36A, 0xA36A, 0x9B4A, 0x9B29, 0x92E9, 0x8AC8,
  0x7A47, 0x7A46, 0x7A67, 0x69E5, 0x69E5, 0x4964, 0x1861, 0x1040, 0x1040, 0x1061, 0x1061, 0x1061,
  0x0820, 0x0840, 0x0841, 0x0861, 0x0841, 0x0841, 0x0841, 0x0821, 0x0020, 0x0820, 0x0840, 0x0841,
  0x0820, 0x0020, 0x0841, 0x0841, 0x0841, 0x0841, 0x0820, 0x0821, 0x0841, 0x0841, 0x0821, 0x0841,
  0x0841, 0x0820, 0x0821, 0x0841, 0x0841, 0x0020, 0x0020, 0x0000, 0x0020, 0x0820, 0x0820, 0x0820,
  0x0841, 0x0820, 0x0000, 0x0020, 0x0820, 0x0820, 0x0821, 0x0841, 0x0841, 0x0841, 0x0861, 0x0841,
  0x0841, 0x0841, 0x0841, 0x0821, 0x0841, 0x0841, 0x0821, 0x0821, 0x0820, 0x0020, 0x0820, 0x0841,
  0x0841, 0x0821, 0x0840, 0x0820, 0x0820, 0x0840, 0x0840, 0x0840, 0x0840, 0x0841, 0x0841, 0x0841,
  0x1061, 0x1882, 0x1061, 0x1061, 0x1881, 0x1882, 0x20A2, 0x20A2, 0x28C2, 0x28C2, 0x28E3, 0x28C2,
  0x48C0, 0x48C0, 0x48C0, 0x48C0, 0x48E0, 0x48E1, 0x50E0, 0x50E0, 0x50E0, 0x50E0, 0x5100, 0x5100,
  0x5100, 0x5101, 0x5101, 0x5901, 0x5901, 0x5921, 0x5920, 0x5920, 0x5921, 0x5921, 0x5921, 0x6121,
  0x6141, 0x6141, 0x6142, 0x5942, 0x61A4, 0xAC0D, 0xCD10, 0xCCF0, 0xCCF0, 0xCD10, 0xCCF0, 0xCD10,
  0xCD11, 0xCD31, 0xCD31, 0xD552, 0xD531, 0xCD31, 0xCD10, 0xCD31, 0xD531, 0xD531, 0xD551, 0xD552,
  0xDD93, 0xDDB3, 0xDDB3, 0xDDD3, 0xDDD3, 0xD592, 0xD572, 0xD552, 0xD531, 0xCCF0, 0xCCCF, 0xCCAF,
  0xCCAE, 0xCC8E, 0xC48E, 0xC46D, 0xC44D, 0xC44D, 0xBC4D, 0xBC2D, 0xBC4D, 0xBC4D, 0xBC4E, 0xC48F,
  0xC4D0, 0xCD11, 0xCD32, 0xCD31, 0xCD31, 0xD531, 0xCD11, 0xCD11, 0xCD11, 0xD511, 0xD511, 0xD531,
  0xD531, 0xD511, 0xD531, 0xD551, 0xD551, 0xD531, 0xD551, 0xD551, 0xD551, 0xD551, 0xD552, 0xD552,
  0xD552, 0xD552, 0xD552, 0xD532, 0xD531, 0xD531, 0xD511, 0xCD11, 0xCCF1, 0xCCF1, 0xCCF1, 0xCCD0,
  0xCCB0, 0xC4AF, 0xC48F, 0xC48F, 0xC48F, 0xC44E, 0xBC4E, 0xBC4E, 0xBC2E, 0xBC4E, 0xBC4E, 0xB40D,
  0xB42D, 0xB42D, 0xB40D, 0xB40D, 0xB42D, 0xB40D, 0xB42D, 0xB42D, 0xB40D, 0xB40D, 0xB40D, 0xABED,
  0xABEC, 0xABCC, 0xABCC, 0xABCC, 0xA38B, 0xAB8B, 0xA38B, 0xA36A, 0x9B29, 0x9B2A, 0x92E9, 0x92E8,
  0x8288, 0x7226, 0x7A67, 0x6A06, 0x61E5, 0x5184, 0x28A1, 0x1041, 0x1040, 0x1061, 0x1061, 0x1061,
  0x0840, 0x0840, 0x0820, 0x0861, 0x0841, 0x0841, 0x0821, 0x0841, 0x0020, 0x0020, 0x0820, 0x0841,
  0x0020, 0x0020, 0x0841, 0x0821, 0x0841, 0x0841, 0x0821, 0x0020, 0x0841, 0x0841, 0x0841, 0x0821,
  0x0841, 0x0020, 0x0821, 0x0841, 0x0841, 0x0020, 0x0020, 0x0020, 0x0020, 0x0820, 0x0820, 0x0820,
  0x0841, 0x0820, 0x0820, 0x0000, 0x0820, 0x0020, 0x0821, 0x0841, 0x0841, 0x0841, 0x0841, 0x0841,
  0x0841, 0x0841, 0x0861, 0x0841, 0x0841, 0x0841, 0x0820, 0x0841, 0x0821, 0x0020, 0x0820, 0x0820,
  0x0841, 0x0841, 0x0841, 0x0841, 0x0820, 0x0020, 0x0840, 0x0841, 0x0840, 0x0841, 0x0841, 0x0841,
  0x0841, 0x1081, 0x1882, 0x1061, 0x1061, 0x1881, 0x1882, 0x20A2, 0x28C2, 0x28C2, 0x28C2, 0x30E2,
  0x48C0, 0x48C0, 0x48C0, 0x48C0, 0x48E0, 0x48E0, 0x50E0, 0x50E0, 0x50E1, 0x50E0, 0x5100, 0x5101,
  0x5901, 0x5901, 0x5921, 0x5921, 0x5921, 0x5941, 0x6141, 0x6140, 0x6141, 0x6141, 0x6141, 0x6141,
  0x6161, 0x6162, 0x6162, 0x6162, 0x6183, 0xA3CC, 0xCD11, 0xCCF0, 0xCD10, 0xCD10, 0xCCF0, 0xCD10,
  0xCD11, 0xD531, 0xD552, 0xD552, 0xD551, 0xCD31, 0xCD10, 0xCD11, 0xCD10, 0xCD10, 0xD531, 0xD551,
  0xD552, 0xD552, 0xDD72, 0xDD72, 0xD592, 0xD572, 0xD572, 0xDD72, 0xD551, 0xD511, 0xD4F0, 0xCCCF,
  0xCCAF, 0xCCAE, 0xCC8E, 0xC48E, 0xC44D, 0xC44D, 0xBC4D, 0xBC2D, 0xBC0C, 0xBC0C, 0xBC2D, 0xBC6E,
  0xC48F, 0xC4D0, 0xCD11, 0xCD11, 0xCD11, 0xCD31, 0xD531, 0xCD11, 0xCD11, 0xD511, 0xD510, 0xD511,
  0xD511, 0xD510, 0xCD10, 0xD531, 0xD531, 0xD531, 0xD531, 0xD531, 0xD531, 0xD531, 0xD531, 0xD532,
  0xD532, 0xD552, 0xD531, 0xD511, 0xD531, 0xD511, 0xD511, 0xD511, 0xCCF1, 0xCCF0, 0xCCD0, 0xCCB0,
  0xCCB0, 0xCCAF, 0xC48F, 0xC48F, 0xC46E, 0xBC4E, 0xC46F, 0xBC4E, 0xBC2E, 0xBC4E, 0xB42E, 0xB42D,
  0xB42D, 0xB42D, 0xB40D, 0xB42D, 0xB42D, 0xB42D, 0xB42D, 0xB40D, 0xB40D, 0xAC0D, 0xB40D, 0xB40D,
  0xB3ED, 0xABCC, 0xABCC, 0xABAB, 0xA38B, 0xA36A, 0xA36A, 0xA34A, 0x9B4A, 0x9B29, 0x9309, 0x8AC8,
  0x8AA8, 0x7226, 0x7A67, 0x6A06, 0x61E5, 0x59A5, 0x30E2, 0x1861, 0x1040, 0x1040, 0x1061, 0x1061,
  0x0841, 0x0820, 0x0820, 0x0841, 0x0841, 0x0841, 0x0821, 0x0841, 0x0820, 0x0020, 0x0820, 0x0841,
  0x0821, 0x0020, 0x0020, 0x0841, 0x0841, 0x0841, 0x0841, 0x0820, 0x0820, 0x0841, 0x0841, 0x0821,
  0x0841, 0x0821, 0x0841, 0x0020, 0x0841, 0x0820, 0x0020, 0x0020, 0x0020, 0x0020, 0x0820, 0x0820,
  0x0841, 0x0020, 0x0841, 0x0000, 0x0820, 0x0020, 0x0821, 0x0841, 0x0841, 0x0841, 0x0841, 0x0861,
  0x0841, 0x0841, 0x0841, 0x0841, 0x0840, 0x0861, 0x0840, 0x0840, 0x0841, 0x0820, 0x0820, 0x0820,
  0x0841, 0x0841, 0x0841, 0x0821, 0x0840, 0x0840, 0x0840, 0x0841, 0x0841, 0x0841, 0x0841, 0x0841,
  0x0840, 0x1041, 0x1882, 0x1882, 0x1061, 0x1061, 0x1882, 0x20A2, 0x20A2, 0x28E2, 0x28C2, 0x30E2,
  0x48C0, 0x48C0, 0x48C0, 0x48C0, 0x48E1, 0x50E0, 0x50E0, 0x50E0, 0x50E1, 0x50E0, 0x5101, 0x5101,
  0x5901, 0x5921, 0x5941, 0x6141, 0x6141, 0x6141, 0x6141, 0x6141, 0x6161, 0x6161, 0x6961, 0x6961,
  0x6961, 0x6982, 0x6982, 0x6183, 0x61A3, 0xA3AC, 0xCD11, 0xCCF0, 0xCD10, 0xCD11, 0xCD11, 0xCD11,
  0xCD11, 0xD551, 0xD552, 0xD551, 0xD551, 0xCD11, 0xCD10, 0xCD10, 0xCD10, 0xCD10, 0xD510, 0xD511,
  0xD510, 0xD510, 0xD510, 0xD511, 0xD531, 0xD551, 0xD572, 0xDD92, 0xDD92, 0xD552, 0xD510, 0xD510,
  0xCCCF, 0xCCCF, 0xCCAE, 0xCC8E, 0xC46E, 0xC46D, 0xC42D, 0xBC0C, 0xB3EC, 0xB3EC, 0xB3EC, 0xB40D,
  0xBC4E, 0xC4AF, 0xC4F0, 0xCCF1, 0xCD31, 0xD531, 0xD531, 0xD531, 0xCD10, 0xCCF0, 0xCCF0, 0xCCF0,
  0xCD10, 0xD511, 0xD531, 0xD531, 0xD531, 0xD531, 0xD531, 0xD531, 0xD531, 0xD531, 0xD551, 0xD552,
  0xD532, 0xD531, 0xD511, 0xD511, 0xD511, 0xD511, 0xCCF1, 0xCD11, 0xCCF1, 0xCCD0, 0xCCD0, 0xCCAF,
  0xC48F, 0xC48F, 0xC46F, 0xC46F, 0xBC6E, 0xBC6E, 0xBC6E, 0xBC4E, 0xB44E, 0xBC4E, 0xBC4E, 0xB42E,
  0xB42E, 0xB42D, 0xB42D, 0xBC4E, 0xB42E, 0xB42E, 0xB40D, 0xB42D, 0xB40D, 0xABED, 0xABED, 0xB40D,
  0xB3ED, 0xABCC, 0xABCC, 0xABCC, 0xA38B, 0xA36A, 0xA36A, 0x9B4A, 0x9B2A, 0x9B29, 0x9309, 0x92E9,
  0x8AC8, 0x7226, 0x7226, 0x7226, 0x69E5, 0x61C5, 0x4123, 0x2081, 0x1861, 0x0840, 0x1061, 0x1061,
  0x1061, 0x0840, 0x0840, 0x0820, 0x0861, 0x0841, 0x0821, 0x0821, 0x0821, 0x0000, 0x0820, 0x0841,
  0x0841, 0x0020, 0x0020, 0x0841, 0x0821, 0x0841, 0x0841, 0x0841, 0x0820, 0x0820, 0x0841, 0x0841,
  0x0820, 0x0821, 0x0841, 0x0820, 0x0841, 0x0841, 0x0000, 0x0020, 0x0020, 0x0020, 0x0820, 0x0820,
  0x0841, 0x0020, 0x0841, 0x0020, 0x0020, 0x0020, 0x0020, 0x0841, 0x0841, 0x0841, 0x0841, 0x0841,
  0x0861, 0x0841, 0x0861, 0x0841, 0x0820, 0x0841, 0x0841, 0x0840, 0x0841, 0x0841, 0x0020, 0x0020,
  0x0820, 0x0841, 0x0841, 0x0820, 0x0820, 0x0840, 0x0820, 0x0841, 0x0841, 0x0841, 0x0841, 0x0841,
  0x0841, 0x0841, 0x1061, 0x1882, 0x1081, 0x1061, 0x1061, 0x18A2, 0x20A2, 0x20A1, 0x30E3, 0x30E2,
  0x48C0, 0x48C0, 0x48C0, 0x48E0, 0x48E1, 0x50E0, 0x50E0, 0x50E0, 0x50E1, 0x50E0, 0x5100, 0x5901,
  0x5921, 0x5941, 0x6141, 0x6141, 0x6141, 0x6161, 0x6161, 0x6961, 0x6961, 0x6961, 0x6961, 0x6961,
  0x6982, 0x6982, 0x69A2, 0x6983, 0x6183, 0x9B8B, 0xCD11, 0xCD10, 0xCD10, 0xCD11, 0xCD10, 0xCD11,
  0xCD31, 0xD552, 0xD551, 0xD551, 0xD551, 0xCD11, 0xCD10, 0xCCF0, 0xCCF0, 0xCCF0, 0xCCF0, 0xCCF0,
  0xCCF0, 0xCCF0, 0xCD10, 0xCD10, 0xD510, 0xD531, 0xD551, 0xDD72, 0xD552, 0xDD72, 0xD551, 0xD551,
  0xD510, 0xCCF0, 0xCCAF, 0xCC8E, 0xC46D, 0xC44D, 0xBC2D, 0xBC0C, 0xBC0C, 0xB3CC, 0xB3CB, 0xB3CB,
  0xB40D, 0xBC4E, 0xC4AF, 0xCCF0, 0xCD11, 0xD531, 0xD531, 0xCD31, 0xCD11, 0xCCF0, 0xCCF0, 0xCCF0,
  0xCCF0, 0xCCF0, 0xD511, 0xD511, 0xD531, 0xD531, 0xD531, 0xD551, 0xD551, 0xD531, 0xD551, 0xD551,
  0xD551, 0xD531, 0xD531, 0xD531, 0xD511, 0xD511, 0xCCF1, 0xCCF1, 0xCCF0, 0xCCD0, 0xC4B0, 0xC48F,
  0xC48F, 0xC48F, 0xC48F, 0xBC6F, 0xBC6F, 0xBC6F, 0xBC6E, 0xBC6F, 0xBC6F, 0xBC6E, 0xBC4E, 0xBC4E,
  0xBC4E, 0xB42E, 0xB42E, 0xBC4E, 0xB44E, 0xBC4E, 0xB42E, 0xB40D, 0xB40D, 0xAC0D, 0xABED, 0xB40D,
  0xABED, 0xABCC, 0xABCC, 0xABAC, 0xABAB, 0xA38B, 0xA38B, 0x9B4A, 0x9B4A, 0x9B29, 0x9309, 0x92E9,
  0x8AA8, 0x8287, 0x6A05, 0x7A47, 0x69E5, 0x61E5, 0x5164, 0x28A1, 0x2081, 0x1040, 0x1041, 0x1041,
  0x1061, 0x0841, 0x0841, 0x0840, 0x0861, 0x0841, 0x0821, 0x0841, 0x0821, 0x0820, 0x0820, 0x0841,
  0x0841, 0x0020, 0x0020, 0x0821, 0x0841, 0x0841, 0x0841, 0x0841, 0x0821, 0x0820, 0x0820, 0x0821,
  0x0821, 0x0020, 0x0841, 0x0841, 0x0820, 0x0841, 0x0000, 0x0020, 0x0000, 0x0020, 0x0820, 0x0020,
  0x0821, 0x0020, 0x0020, 0x0020, 0x0020, 0x0820, 0x0820, 0x0820, 0x0841, 0x0841, 0x0841, 0x0841,
  0x0841, 0x0861, 0x0841, 0x0861, 0x0840, 0x0840, 0x0841, 0x0840, 0x0840, 0x0841, 0x0841, 0x0020,
  0x0820, 0x0820, 0x0841, 0x0840, 0x0820, 0x0840, 0x0840, 0x0820, 0x0841, 0x0841, 0x0841, 0x0841,
  0x0841, 0x1061, 0x0841, 0x1882, 0x1081, 0x1081, 0x1061, 0x1061, 0x20A2, 0x20A2, 0x28C2, 0x28C2,
  0x48C0, 0x48E0, 0x48C0, 0x48E0, 0x48E1, 0x48E0, 0x50E0, 0x50E0, 0x50E1, 0x50E0, 0x5100, 0x5901,
  0x5921, 0x5941, 0x6141, 0x6141, 0x6141, 0x6161, 0x6161, 0x6961, 0x6961, 0x6961, 0x6981, 0x6982,
  0x6982, 0x6982, 0x69A2, 0x6983, 0x61A3, 0x9B6B, 0xCD11, 0xCD10, 0xCD11, 0xCD31, 0xD531, 0xD531,
  0xCD31, 0xD531, 0xD552, 0xD551, 0xD531, 0xCD11, 0xCD31, 0xCCF0, 0xCCCF, 0xCCD0, 0xCCF0, 0xCCF0,
  0xCCCF, 0xCCCF, 0xCCD0, 0xCCD0, 0xCCF0, 0xCCF0, 0xD511, 0xD531, 0xD531, 0xD572, 0xDD72, 0xDD72,
  0xD551, 0xD510, 0xCCCF, 0xCCAF, 0xC48E, 0xC44D, 0xBC0D, 0xBBEC, 0xBBEC, 0xB3AB, 0xAB8A, 0xAB8A,
  0xABCC, 0xB42D, 0xBC8F, 0xC4D0, 0xCD11, 0xCD11, 0xCD31, 0xCD11, 0xCD11, 0xCCF0, 0xCCCF, 0xCCCF,
  0xCCF0, 0xCCF0, 0xD510, 0xD511, 0xD531, 0xD531, 0xD531, 0xD531, 0xD551, 0xD551, 0xD551, 0xD551,
  0xD551, 0xD532, 0xD532, 0xD531, 0xD511, 0xD511, 0xCCF1, 0xCCF1, 0xCCF0, 0xC4B0, 0xC4B0, 0xC4B0,
  0xC4AF, 0xC4AF, 0xC48F, 0xC48F, 0xC48F, 0xBC6F, 0xBC6F, 0xC48F, 0xBC6F, 0xBC6E, 0xBC4E, 0xBC4E,
  0xBC4E, 0xBC4E, 0xBC4E, 0xBC4E, 0xBC4E, 0xBC4E, 0xB42E, 0xB40D, 0xB40D, 0xB42D, 0xB40D, 0xB3ED,
  0xAC0D, 0xB3EC, 0xABCC, 0xABAC, 0xABAC, 0xA38B, 0xA38B, 0xA36A, 0x9B29, 0x9B29, 0x9309, 0x92E9,
  0x8AA8, 0x8AA8, 0x7206, 0x7A47, 0x69E5, 0x61E5, 0x5984, 0x38E2, 0x2081, 0x1861, 0x1041, 0x1061,
  0x1061, 0x1041, 0x0841, 0x0840, 0x0841, 0x1061, 0x0820, 0x0841, 0x0821, 0x0820, 0x0020, 0x0841,
  0x0841, 0x0841, 0x0020, 0x0820, 0x0841, 0x0841, 0x0841, 0x0841, 0x0841, 0x0820, 0x0821, 0x0821,
  0x0841, 0x0841, 0x0841, 0x0841, 0x0020, 0x0861, 0x0020, 0x0020, 0x0000, 0x0020, 0x0820, 0x0820,
  0x0820, 0x0841, 0x0820, 0x0841, 0x0000, 0x0820, 0x0840, 0x0840, 0x0840, 0x0861, 0x0841, 0x0841,
  0x0841, 0x0861, 0x0861, 0x0841, 0x0841, 0x0820, 0x0841, 0x0840, 0x0840, 0x0841, 0x0840, 0x0841,
  0x0820, 0x0020, 0x0841, 0x0841, 0x0840, 0x0820, 0x0840, 0x0841, 0x0841, 0x0841, 0x0841, 0x1041,
  0x0841, 0x0841, 0x0841, 0x1081, 0x1081, 0x1881, 0x1061, 0x1861, 0x1861, 0x20A1, 0x28C2, 0x20A2,
  0x48C0, 0x48E0, 0x48C0, 0x48E0, 0x48E0, 0x48E0, 0x50E0, 0x50E0, 0x50E0, 0x50E0, 0x5100, 0x5901,
  0x5921, 0x5941, 0x6141, 0x6141, 0x6141, 0x6161, 0x6161, 0x6961, 0x6961, 0x6961, 0x6981, 0x6981,
  0x6982, 0x71A2, 0x71A3, 0x69A3, 0x61A3, 0x934A, 0xCD10, 0xCD10, 0xD531, 0xD531, 0xD531, 0xD531,
  0xCD31, 0xD552, 0xD552, 0xD551, 0xD531, 0xD531, 0xCD10, 0xCCD0, 0xC4AF, 0xC4AF, 0xCCCF, 0xCCCF,
  0xC4AF, 0xC4AF, 0xC4AF, 0xCCAF, 0xC4AF, 0xCCAF, 0xCCCF, 0xCCF0, 0xCCF0, 0xCD10, 0xD531, 0xD531,
  0xD531, 0xD511, 0xD4F0, 0xCCAF, 0xC48E, 0xC44D, 0xBC0C, 0xBBEB, 0xB3CB, 0xB3AB, 0xAB8A, 0xAB6A,
  0xABAB, 0xABEC, 0xBC4E, 0xC4AF, 0xCCF0, 0xCD11, 0xCD31, 0xCD11, 0xCD11, 0xCCF0, 0xCCD0, 0xCCCF,
  0xCCCF, 0xCCCF, 0xCCF0, 0xCCF0, 0xD511, 0xD531, 0xD511, 0xD531, 0xD551, 0xD531, 0xD531, 0xD531,
  0xD531, 0xD531, 0xD531, 0xD531, 0xD511, 0xD511, 0xCD11, 0xCCF0, 0xCCD0, 0xCCD0, 0xCCD0, 0xC4B0,
  0xC4AF, 0xC4AF, 0xC48F, 0xC48F, 0xC48F, 0xC48F, 0xC48F, 0xBC8F, 0xBC6F, 0xBC6E, 0xBC4E, 0xBC4E,
  0xBC6F, 0xBC6E, 0xBC4E, 0xBC4E, 0xBC4E, 0xBC4E, 0xB42E, 0xB40D, 0xB42E, 0xB40D, 0xB40D, 0xABED,
  0xABED, 0xABCC, 0xABAC, 0xABAC, 0xA38B, 0xA38B, 0xA36B, 0xA36A, 0x9B2A, 0x9B09, 0x9B09, 0x92E9,
  0x8AA8, 0x8AA8, 0x7A26, 0x7226, 0x7206, 0x61C5, 0x59A4, 0x4923, 0x2881, 0x1861, 0x1041, 0x1061,
  0x1041, 0x1061, 0x0841, 0x0841, 0x0840, 0x1061, 0x0841, 0x0841, 0x0841, 0x0821, 0x0820, 0x0840,
  0x0820, 0x0841, 0x0820, 0x0020, 0x0820, 0x0841, 0x0841, 0x0841, 0x0841, 0x0820, 0x0820, 0x0821,
  0x0841, 0x0821, 0x0841, 0x0841, 0x0820, 0x0841, 0x0841, 0x0020, 0x0000, 0x0000, 0x0020, 0x0820,
  0x0820, 0x0841, 0x0020, 0x0821, 0x0020, 0x0020, 0x0840, 0x0841, 0x0820, 0x0861, 0x0861, 0x0841,
  0x0841, 0x0861, 0x0861, 0x0861, 0x0841, 0x0841, 0x0840, 0x0841, 0x0840, 0x0841, 0x0841, 0x0840,
  0x0841, 0x0020, 0x0840, 0x0841, 0x0841, 0x0840, 0x0840, 0x0841, 0x0841, 0x1041, 0x1041, 0x0841,
  0x1061, 0x1061, 0x0841, 0x1061, 0x1881, 0x1081, 0x1881, 0x1061, 0x1861, 0x1861, 0x2081, 0x20C2,
  0x48C0, 0x48C0, 0x48C0, 0x48E0, 0x48E1, 0x50E0, 0x50E0, 0x50E0, 0x50E1, 0x5100, 0x5901, 0x5921,
  0x5921, 0x6141, 0x6141, 0x6141, 0x6141, 0x6161, 0x6961, 0x6961, 0x6961, 0x6982, 0x6981, 0x6981,
  0x6982, 0x71A2, 0x71A3, 0x69A3, 0x6183, 0x8B09, 0xCD10, 0xCD11, 0xD531, 0xD531, 0xD551, 0xD551,
  0xD551, 0xD552, 0xD552, 0xD531, 0xCD11, 0xD551, 0xCD10, 0xC4AF, 0xC48F, 0xC4AF, 0xC4AF, 0xC4AF,
  0xC48F, 0xC48F, 0xC48F, 0xC48F, 0xC48E, 0xC46E, 0xC46E, 0xC46E, 0xC48E, 0xCCCF, 0xCCF0, 0xCCF0,
  0xCCF0, 0xCCF0, 0xCCD0, 0xCCAF, 0xC48E, 0xC44D, 0xBBEC, 0xB3CB, 0xB3AB, 0xAB8A, 0xAB6A, 0xAB6A,
  0xAB8A, 0xABCC, 0xB44D, 0xC4AF, 0xC4F0, 0xCD31, 0xD531, 0xD531, 0xCD11, 0xCD10, 0xCCD0, 0xCCCF,
  0xCCAF, 0xCCCF, 0xCCF0, 0xCD10, 0xD510, 0xD511, 0xD511, 0xD531, 0xD531, 0xD531, 0xD531, 0xD531,
  0xD531, 0xD511, 0xD531, 0xD531, 0xD511, 0xD510, 0xCCF0, 0xCCF0, 0xCCD0, 0xCCD0, 0xCCD0, 0xC4B0,
  0xC4AF, 0xC4AF, 0xC48F, 0xC48F, 0xBC8F, 0xC48F, 0xC48F, 0xC48F, 0xBC6F, 0xBC6F, 0xC48F, 0xBC6F,
  0xBC8F, 0xBC6F, 0xBC6F, 0xBC6F, 0xBC6E, 0xBC4E, 0xB42D, 0xB42E, 0xB42D, 0xB40D, 0xB40D, 0xB40D,
  0xB3ED, 0xABCC, 0xABCC, 0xABAC, 0xA3AC, 0xA36B, 0xA36B, 0xA36A, 0x9B4A, 0x9B09, 0x9B09, 0x92E8,
  0x8AA8, 0x8AA8, 0x7A46, 0x7206, 0x7226, 0x61C5, 0x61A5, 0x5164, 0x30A1, 0x2081, 0x1041, 0x1061,
  0x1041, 0x1061, 0x0841, 0x0841, 0x0840, 0x0840, 0x1061, 0x0840, 0x0841, 0x0821, 0x0020, 0x0840,
  0x0020, 0x0841, 0x0841, 0x0820, 0x0020, 0x0841, 0x0841, 0x0841, 0x0841, 0x0820, 0x0821, 0x0821,
  0x0841, 0x0841, 0x0841, 0x0840, 0x0841, 0x0841, 0x1061, 0x0820, 0x0020, 0x0020, 0x0000, 0x0820,
  0x0820, 0x0841, 0x0820, 0x0020, 0x0841, 0x0020, 0x0840, 0x0840, 0x0840, 0x0840, 0x0861, 0x0841,
  0x0841, 0x0841, 0x0861, 0x0861, 0x0841, 0x0841, 0x0841, 0x0840, 0x0840, 0x0840, 0x0841, 0x0841,
  0x0841, 0x0840, 0x0820, 0x0841, 0x0841, 0x0841, 0x0841, 0x0841, 0x0841, 0x0841, 0x1061, 0x1061,
  0x1041, 0x1061, 0x1061, 0x1061, 0x1081, 0x1081, 0x1881, 0x1882, 0x1861, 0x1861, 0x1861, 0x20A1,
  0x48C0, 0x48C0, 0x48C0, 0x48E0, 0x48E1, 0x50E1, 0x50E0, 0x50E1, 0x5101, 0x5101, 0x5901, 0x5921,
  0x5921, 0x6141, 0x6141, 0x6141, 0x6141, 0x6161, 0x6961, 0x6961, 0x6961, 0x6982, 0x6982, 0x6982,
  0x7182, 0x69A2, 0x69A3, 0x69A3, 0x6183, 0x82C8, 0xCCF0, 0xCD31, 0xD531, 0xD531, 0xD551, 0xD551,
  0xD551, 0xD551, 0xD551, 0xD531, 0xCD31, 0xD551, 0xCCF0, 0xC4AF, 0xC48F, 0xC48E, 0xC48F, 0xC48E,
  0xC46E, 0xC46E, 0xC46E, 0xBC6E, 0xBC4E, 0xBC2D, 0xB3EC, 0xB3CC, 0xABAB, 0xA34A, 0xB3AC, 0xCCAF,
  0xCCCF, 0xCCCF, 0xCCCF, 0xCCAF, 0xC46E, 0xC44D, 0xBBEC, 0xB3CB, 0xB3AB, 0xAB8A, 0xAB6A, 0xAB4A,
  0xAB6A, 0xABAB, 0xB40D, 0xBC8F, 0xC4F0, 0xCD11, 0xD531, 0xCD31, 0xD531, 0xCCF0, 0xCCF0, 0xCCD0,
  0xCCAF, 0xCCAF, 0xCCCF, 0xCCF0, 0xD510, 0xD510, 0xD510, 0xD530, 0xD531, 0xD531, 0xD511, 0xD531,
  0xD511, 0xD511, 0xD531, 0xD531, 0xD511, 0xCCF0, 0xCCD0, 0xCCD0, 0xCCD0, 0xCCD0, 0xCCD0, 0xCCD0,
  0xC4D0, 0xC4AF, 0xC48F, 0xC48F, 0xC48F, 0xC48F, 0xC48F, 0xC48F, 0xBC8F, 0xBC8F, 0xBC6F, 0xBC8F,
  0xC48F, 0xBC6F, 0xBC6F, 0xBC6F, 0xBC6E, 0xBC4E, 0xB42D, 0xB42D, 0xB42D, 0xB40D, 0xABED, 0xABEC,
  0xB3ED, 0xABCC, 0xABCC, 0xABAB, 0xABAC, 0xA38B, 0xA36B, 0xA36A, 0x9B4A, 0x9B29, 0x9309, 0x92E9,
  0x8AC8, 0x8AA8, 0x8287, 0x7205, 0x7206, 0x61C5, 0x61C5, 0x5984, 0x38E2, 0x2081, 0x1861, 0x1041,
  0x1061, 0x1061, 0x1061, 0x0840, 0x0841, 0x0820, 0x1061, 0x0841, 0x0841, 0x0841, 0x0820, 0x0841,
  0x0020, 0x0020, 0x0841, 0x0821, 0x0020, 0x0821, 0x0841, 0x0841, 0x0841, 0x0840, 0x0020, 0x0821,
  0x0821, 0x0841, 0x0841, 0x0840, 0x0820, 0x0840, 0x1061, 0x0841, 0x0020, 0x0020, 0x0000, 0x0820,
  0x0820, 0x0840, 0x0861, 0x0840, 0x0840, 0x0840, 0x0820, 0x0840, 0x0840, 0x0820, 0x0861, 0x0861,
  0x0841, 0x0840, 0x0841, 0x0861, 0x0861, 0x0841, 0x0841, 0x0841, 0x0820, 0x0841, 0x0841, 0x0841,
  0x0861, 0x0840, 0x0840, 0x0840, 0x0841, 0x0841, 0x0841, 0x0841, 0x0841, 0x0841, 0x1041, 0x1061,
  0x1061, 0x1061, 0x1061, 0x1061, 0x1861, 0x1040, 0x1061, 0x18A2, 0x1881, 0x1861, 0x1861, 0x20A1,
  0x48C0, 0x48C0, 0x48E0, 0x48E0, 0x48E1, 0x50E1, 0x50E0, 0x5101, 0x5101, 0x5101, 0x5921, 0x5921,
  0x5921, 0x6141, 0x6141, 0x6141, 0x6141, 0x6161, 0x6161, 0x6961, 0x6961, 0x6982, 0x6982, 0x6982,
  0x6982, 0x69A2, 0x69A2, 0x69C3, 0x61A3, 0x7AA8, 0xCCF0, 0xD531, 0xD531, 0xD551, 0xD551, 0xD551,
  0xD551, 0xD551, 0xD551, 0xD531, 0xCD31, 0xD531, 0xCCF0, 0xC4AF, 0xC48F, 0xBC8E, 0xBC6E, 0xBC6E,
  0xBC4D, 0xBC2D, 0xBC2D, 0xBC2D, 0xB40D, 0xB40D, 0xABAB, 0xA34A, 0x7A06, 0x3820, 0x3820, 0x71C5,
  0xB3ED, 0xCCAF, 0xC48E, 0xC48E, 0xC46E, 0xBC2D, 0xBBEC, 0xB3CB, 0xB38B, 0xAB6A, 0xAB4A, 0xA349,
  0xA36A, 0xABAB, 0xB40D, 0xBC6F, 0xC4D0, 0xCD11, 0xCD31, 0xCD31, 0xCD10, 0xCD11, 0xCCF0, 0xCCD0,
  0xC4AF, 0xCCAF, 0xCCAF, 0xCCCF, 0xCCF0, 0xCCF0, 0xD510, 0xD510, 0xD510, 0xD510, 0xD510, 0xD510,
  0xCD10, 0xD511, 0xD511, 0xD511, 0xD511, 0xCCF0, 0xCCF0, 0xCCF0, 0xCCF0, 0xCCD0, 0xCCD0, 0xCCD0,
  0xCCD0, 0xC4AF, 0xC48F, 0xBC8F, 0xC48F, 0xC48F, 0xC48F, 0xC48F, 0xC4AF, 0xC4AF, 0xC48F, 0xC4AF,
  0xC48F, 0xBC8F, 0xBC6F, 0xBC6E, 0xBC4E, 0xBC4E, 0xBC4E, 0xB42E, 0xB42D, 0xABED, 0xABEC, 0xABEC,
  0xABCC, 0xABCC, 0xABCC, 0xABAC, 0xAB8B, 0xA38B, 0xA36A, 0xA36A, 0x9B4A, 0x9B09, 0x9309, 0x92C8,
  0x8AC8, 0x8AA8, 0x8287, 0x7206, 0x69E5, 0x69E5, 0x61A5, 0x59A4, 0x4943, 0x2881, 0x1861, 0x1041,
  0x1061, 0x1041, 0x1061, 0x0841, 0x0840, 0x0840, 0x0840, 0x0861, 0x0841, 0x0841, 0x0821, 0x0841,
  0x0820, 0x0000, 0x0821, 0x0841, 0x0020, 0x0020, 0x0841, 0x0841, 0x0841, 0x0841, 0x0020, 0x0820,
  0x0841, 0x0820, 0x0841, 0x0841, 0x0840, 0x0020, 0x0841, 0x0861, 0x0840, 0x0000, 0x0000, 0x0020,
  0x0820, 0x0840, 0x0861, 0x0841, 0x0840, 0x0840, 0x0840, 0x0840, 0x0820, 0x0840, 0x0840, 0x0861,
  0x0861, 0x0841, 0x0841, 0x0841, 0x0861, 0x0861, 0x0841, 0x0841, 0x0840, 0x0840, 0x0841, 0x0840,
  0x0841, 0x1041, 0x0841, 0x0820, 0x0820, 0x0841, 0x1061, 0x1061, 0x0841, 0x0841, 0x1041, 0x1061,
  0x1061, 0x1061, 0x1881, 0x1861, 0x1882, 0x1061, 0x1040, 0x1861, 0x1881, 0x20A2, 0x1861, 0x20A1,
  0x48C0, 0x48C0, 0x48E0, 0x48E0, 0x48E1, 0x50E1, 0x5101, 0x5101, 0x5101, 0x5121, 0x5921, 0x5921,
  0x6141, 0x6141, 0x6161, 0x6161, 0x6161, 0x6161, 0x6961, 0x6961, 0x6982, 0x6982, 0x6982, 0x6982,
  0x71A2, 0x69A2, 0x69A2, 0x69C3, 0x69A4, 0x7A87, 0xCCF0, 0xD531, 0xD531, 0xD551, 0xD552, 0xD551,
  0xD551, 0xD551, 0xD531, 0xCD31, 0xCD31, 0xCD10, 0xC4AF, 0xC48E, 0xC48E, 0xBC6E, 0xBC6E, 0xB42D,
  0xB40D, 0xB3EC, 0xB3EC, 0xB3EC, 0xB3EC, 0xABCC, 0xA34A, 0x79E5, 0x4040, 0x4020, 0x4040, 0x3800,
  0x4881, 0x9B2A, 0xC46E, 0xBC4D, 0xBC2D, 0xBC0C, 0xB3CB, 0xB3AB, 0xABAB, 0xAB6A, 0xAB4A, 0xA34A,
  0xA38A, 0xABCB, 0xB40D, 0xBC8F, 0xC4D0, 0xCD11, 0xCCF0, 0xCD11, 0xCD10, 0xCD11, 0xCD11, 0xCCF0,
  0xC4AF, 0xC48E, 0xC4AF, 0xCCAF, 0xCCCF, 0xCCF0, 0xCCF0, 0xCD10, 0xD510, 0xD510, 0xD511, 0xD511,
  0xD531, 0xCD10, 0xD511, 0xCD10, 0xCCF0, 0xCCF0, 0xCCF0, 0xCCD0, 0xCCF0, 0xCCD0, 0xC4D0, 0xC4D0,
  0xC4B0, 0xC4AF, 0xC4AF, 0xC48F, 0xC4AF, 0xC4AF, 0xC48F, 0xC4AF, 0xC4AF, 0xC4AF, 0xC48F, 0xBC8F,
  0xC4AF, 0xBC6F, 0xBC6E, 0xBC6E, 0xBC4E, 0xBC4E, 0xBC4E, 0xBC4E, 0xB42D, 0xB40D, 0xAC0D, 0xABEC,
  0xB3EC, 0xABCC, 0xABAB, 0xABAC, 0xAB8B, 0xA36B, 0xA36A, 0x9B4A, 0x9B2A, 0x9B09, 0x92E8, 0x92C8,
  0x8AC8, 0x8A87, 0x8287, 0x7A26, 0x69C5, 0x69E5, 0x61A4, 0x59A4, 0x5164, 0x30C2, 0x2061, 0x1041,
  0x1041, 0x1861, 0x1061, 0x1061, 0x0840, 0x0841, 0x0820, 0x1081, 0x0841, 0x0841, 0x0820, 0x0841,
  0x0820, 0x0020, 0x0020, 0x0841, 0x0841, 0x0020, 0x0020, 0x0841, 0x0841, 0x0841, 0x0841, 0x0020,
  0x0820, 0x0840, 0x0840, 0x0841, 0x0840, 0x0020, 0x0820, 0x0841, 0x0861, 0x0820, 0x0000, 0x0020,
  0x0820, 0x0820, 0x0841, 0x0861, 0x0840, 0x0820, 0x0840, 0x0841, 0x0840, 0x0820, 0x0820, 0x0841,
  0x1081, 0x0861, 0x0841, 0x0841, 0x0841, 0x0861, 0x0861, 0x0841, 0x1061, 0x0840, 0x0841, 0x0841,
  0x0841, 0x0841, 0x0841, 0x0841, 0x0840, 0x0841, 0x1041, 0x1061, 0x1061, 0x1061, 0x1061, 0x1061,
  0x1061, 0x1081, 0x1861, 0x1861, 0x20A2, 0x18A2, 0x1881, 0x1861, 0x1881, 0x20A2, 0x20A2, 0x20A2,
  0x48C0, 0x48E0, 0x48E1, 0x48E0, 0x48E1, 0x50E1, 0x5101, 0x5101, 0x5101, 0x5921, 0x5921, 0x5921,
  0x5941, 0x6161, 0x6161, 0x6161, 0x6161, 0x6162, 0x6982, 0x6982, 0x6982, 0x69A2, 0x69A2, 0x69A2,
  0x71A2, 0x71A3, 0x71A3, 0x71C3, 0x69C4, 0x7A67, 0xC4D0, 0xD531, 0xD531, 0xD551, 0xD551, 0xD551,
  0xD551, 0xD531, 0xD531, 0xCD31, 0xCD10, 0xCCF0, 0xC48E, 0xBC2C, 0xB3EC, 0xBC2D, 0xBC4E, 0xB42E,
  0xABEC, 0xABCC, 0xABAC, 0xABAC, 0xABAB, 0xA32A, 0x8A67, 0x6143, 0x58E2, 0x58E2, 0x5902, 0x50E2,
  0x48C1, 0x50E1, 0x92C8, 0xB40C, 0xB40C, 0xB3CC, 0xABAB, 0xAB8A, 0xAB8A, 0xAB6A, 0xA36A, 0xA36A,
  0xABAB, 0xABCC, 0xB42E, 0xC48F, 0xC4D0, 0xCCF0, 0xCD11, 0xCCF0, 0xCCF1, 0xCD31, 0xCD11, 0xCCF0,
  0xCCCF, 0xCCAF, 0xC48F, 0xCCAF, 0xCCCF, 0xCCCF, 0xCCF0, 0xCCF0, 0xCD10, 0xD511, 0xD531, 0xD511,
  0xD511, 0xD510, 0xCCF0, 0xCD10, 0xCCF0, 0xCCF0, 0xCCF0, 0xCCF0, 0xCCF0, 0xCCD0, 0xCCD0, 0xCCD0,
  0xC4B0, 0xC4AF, 0xC4AF, 0xC4AF, 0xC4AF, 0xC48F, 0xC4AF, 0xC4AF, 0xC4AF, 0xC4AF, 0xC48F, 0xC48F,
  0xBC8F, 0xBC8F, 0xBC6E, 0xBC6F, 0xBC4E, 0xBC4E, 0xBC4E, 0xBC4E, 0xB40D, 0xB40D, 0xB40D, 0xB3ED,
  0xB3EC, 0xABCC, 0xABAC, 0xAB8B, 0xA38B, 0xA36B, 0xA36A, 0xA34A, 0x9B2A, 0x9309, 0x92E8, 0x92E9,
  0x8AC8, 0x8A87, 0x8287, 0x7A46, 0x69E5, 0x69E5, 0x61A4, 0x61A4, 0x5984, 0x4123, 0x2061, 0x1861,
  0x0841, 0x1861, 0x1861, 0x1061, 0x0841, 0x0841, 0x0840, 0x0841, 0x1061, 0x0841, 0x0841, 0x0820,
  0x0821, 0x0020, 0x0020, 0x0820, 0x0841, 0x0821, 0x0020, 0x0841, 0x0841, 0x0841, 0x0841, 0x0020,
  0x0020, 0x0840, 0x0840, 0x0841, 0x0841, 0x0840, 0x0020, 0x0840, 0x0841, 0x0841, 0x0840, 0x0020,
  0x0020, 0x0020, 0x0840, 0x0841, 0x0841, 0x0820, 0x0020, 0x0840, 0x0840, 0x0820, 0x0840, 0x0820,
  0x1061, 0x1061, 0x0841, 0x0841, 0x0840, 0x0861, 0x0841, 0x0841, 0x1041, 0x1061, 0x0841, 0x0841,
  0x0841, 0x0841, 0x1041, 0x0841, 0x0841, 0x0841, 0x0841, 0x1061, 0x1061, 0x1061, 0x1061, 0x1061,
  0x1081, 0x1881, 0x1881, 0x1861, 0x20A2, 0x20A2, 0x1882, 0x1882, 0x1861, 0x1881, 0x20A2, 0x20A2,
  0x48E1, 0x48E1, 0x48E1, 0x48E1, 0x48E1, 0x50E1, 0x5101, 0x5101, 0x5101, 0x5121, 0x5921, 0x5941,
  0x5941, 0x6162, 0x6162, 0x6162, 0x6162, 0x6162, 0x6182, 0x6982, 0x6982, 0x6982, 0x69A2, 0x69A2,
  0x69A2, 0x69A3, 0x69C3, 0x69C4, 0x69E4, 0x7226, 0xBC8F, 0xD531, 0xD531, 0xD531, 0xD551, 0xD551,
  0xD551, 0xD531, 0xD531, 0xD531, 0xCCF0, 0xC4CF, 0xBC0C, 0xA308, 0x79A3, 0x7163, 0x8A67, 0xAB4A,
  0xABAC, 0xABAB, 0xA38B, 0xA36B, 0x9B4B, 0x92E9, 0x8246, 0x79C5, 0x71A4, 0x71A4, 0x71C5, 0x7226,
  0x7A67, 0x8288, 0x8AE8, 0xA3AB, 0xABCB, 0xAB8B, 0xAB6A, 0xA36A, 0xA349, 0xA349, 0xA36A, 0xABAB,
  0xABAB, 0xABEC, 0xBC6E, 0xC4B0, 0xC4D0, 0xCCF0, 0xCD11, 0xCCF0, 0xC4D0, 0xCCF0, 0xCD10, 0xCD10,
  0xCCF0, 0xCCCF, 0xC4AF, 0xCCAF, 0xCCCF, 0xCCCF, 0xCCF0, 0xCCF0, 0xCD10, 0xD510, 0xD510, 0xD531,
  0xD531, 0xD511, 0xD510, 0xCCF0, 0xCD10, 0xCD10, 0xCCF0, 0xCCF1, 0xCCF0, 0xCCD0, 0xCCD0, 0xC4B0,
  0xC4AF, 0xC4AF, 0xC4AF, 0xC48F, 0xC48F, 0xC48F, 0xC48F, 0xC4AF, 0xC48F, 0xC48F, 0xC4AF, 0xC48F,
  0xBC8F, 0xBC8F, 0xBC6F, 0xBC6F, 0xBC4E, 0xB42E, 0xB42E, 0xB42D, 0xB40D, 0xB40D, 0xB3ED, 0xABEC,
  0xABCC, 0xABCC, 0xABAC, 0xA38B, 0xA38B, 0xA36A, 0xA36A, 0x9B4A, 0x9B2A, 0x9B09, 0x92E9, 0x92E9,
  0x8AC8, 0x8AA7, 0x8287, 0x7A67, 0x7205, 0x69E5, 0x61A4, 0x5984, 0x5984, 0x5164, 0x2881, 0x1861,
  0x1041, 0x1041, 0x1861, 0x1061, 0x1061, 0x0840, 0x0841, 0x0840, 0x1061, 0x0841, 0x0841, 0x0821,
  0x0841, 0x0020, 0x0020, 0x0020, 0x0840, 0x0840, 0x0820, 0x0820, 0x0841, 0x0861, 0x0841, 0x0841,
  0x0020, 0x0840, 0x0841, 0x0841, 0x0841, 0x0840, 0x0020, 0x0840, 0x0841, 0x0861, 0x0840, 0x0840,
  0x0840, 0x0020, 0x0840, 0x0841, 0x0841, 0x0840, 0x0820, 0x0820, 0x0841, 0x0840, 0x0840, 0x0820,
  0x0841, 0x1061, 0x1061, 0x0861, 0x0840, 0x0841, 0x1061, 0x0841, 0x1041, 0x1041, 0x0841, 0x1061,
  0x1061, 0x0841, 0x1061, 0x1061, 0x1041, 0x0841, 0x0841, 0x1061, 0x1061, 0x1061, 0x1061, 0x1861,
  0x1081, 0x1882, 0x20A2, 0x20A2, 0x20A2, 0x20A2, 0x2081, 0x20A2, 0x20A2, 0x2081, 0x20A2, 0x20A1,
  0x48E1, 0x48E1, 0x48E1, 0x48E1, 0x48E1, 0x4901, 0x5101, 0x5101, 0x5101, 0x5101, 0x5121, 0x5921,
  0x5942, 0x5962, 0x5962, 0x6162, 0x6162, 0x6162, 0x6162, 0x6162, 0x6183, 0x6183, 0x6183, 0x69A3,
  0x69A3, 0x69A3, 0x69A3, 0x69C4, 0x69C4, 0x6A05, 0xAC2E, 0xD531, 0xD531, 0xD531, 0xD551, 0xD551,
  0xD531, 0xD531, 0xD531, 0xD531, 0xCCF0, 0xC48E, 0xB3CB, 0x9AC7, 0x81C3, 0x6101, 0x58A0, 0x50A0,
  0x58E2, 0x71C5, 0x92A9, 0x9B2A, 0x9B4A, 0x9B09, 0x8AA8, 0x8247, 0x7A26, 0x7A26, 0x82A8, 0x9B4A,
  0xA3AC, 0xB42E, 0xBCAF, 0xBC8F, 0xB40C, 0xA38A, 0xA349, 0x9B29, 0xA329, 0xA349, 0xA3AB, 0xABCC,
  0xAC0D, 0xBC6E, 0xC4AF, 0xC4F0, 0xCD11, 0xCCF1, 0xCD11, 0xCCF0, 0xCCF1, 0xCCF0, 0xC4D0, 0xCCF0,
  0xCCF0, 0xC4CF, 0xC4AF, 0xC4AF, 0xCCAF, 0xCCCF, 0xCCD0, 0xCCF0, 0xCCF0, 0xD510, 0xCD10, 0xD511,
  0xCD10, 0xD511, 0xD511, 0xCCF0, 0xCCF0, 0xCD10, 0xCCD0, 0xCCD0, 0xCCF0, 0xCCD0, 0xC4D0, 0xC4D0,
  0xCCD0, 0xC4AF, 0xC4AF, 0xC4AF, 0xC4AF, 0xC4AF, 0xC48F, 0xC4AF, 0xC4AF, 0xC48F, 0xC48F, 0xC48F,
  0xBC8F, 0xBC6F, 0xBC6F, 0xBC4E, 0xBC4E, 0xB42E, 0xB42D, 0xB40D, 0xB40C, 0xB3EC, 0xB3EC, 0xB3EC,
  0xABCC, 0xABCC, 0xABAC, 0xA38B, 0xA38B, 0xA36A, 0xA36A, 0x9B4A, 0x9B4A, 0x9B29, 0x92E9, 0x92E9,
  0x8AC8, 0x8AA7, 0x8287, 0x8267, 0x7205, 0x69C5, 0x61C5, 0x5984, 0x61A5, 0x5984, 0x38E2, 0x1861,
  0x1061, 0x1041, 0x1061, 0x1081, 0x1061, 0x1061, 0x0841, 0x0840, 0x0841, 0x0841, 0x0841, 0x0820,
  0x0820, 0x0820, 0x0020, 0x0020, 0x0820, 0x0841, 0x0840, 0x0840, 0x0840, 0x0841, 0x0861, 0x0841,
  0x0840, 0x0820, 0x0841, 0x0841, 0x0840, 0x0840, 0x0820, 0x0840, 0x0841, 0x0861, 0x0841, 0x0820,
  0x0840, 0x0841, 0x0840, 0x0840, 0x0841, 0x0840, 0x0840, 0x0820, 0x0840, 0x0841, 0x0840, 0x0840,
  0x0840, 0x0861, 0x1061, 0x1061, 0x0841, 0x0841, 0x1061, 0x0841, 0x0841, 0x1061, 0x1041, 0x0841,
  0x1061, 0x1061, 0x1061, 0x1061, 0x1061, 0x1061, 0x1041, 0x1061, 0x1061, 0x1061, 0x1861, 0x1881,
  0x1881, 0x20A2, 0x28C2, 0x28C2, 0x28C2, 0x28C2, 0x28C2, 0x20A1, 0x20A1, 0x28C2, 0x28A2, 0x20A1,
  0x40C0, 0x40C1, 0x40C1, 0x40E1, 0x40E1, 0x48E1, 0x4901, 0x4901, 0x4901, 0x5121, 0x5122, 0x5122,
  0x5142, 0x5942, 0x5962, 0x5962, 0x5962, 0x5962, 0x5983, 0x6183, 0x6183, 0x6183, 0x6183, 0x61A3,
  0x61A3, 0x69A3, 0x61C4, 0x69C4, 0x61C5, 0x61E5, 0xA3ED, 0xCD11, 0xCD31, 0xD531, 0xD551, 0xD551,
  0xD531, 0xD531, 0xD551, 0xD531, 0xCD10, 0xBC8E, 0xBC2C, 0xAB69, 0x92A7, 0x8204, 0x79A4, 0x7183,
  0x6123, 0x50A1, 0x4880, 0x5102, 0x8267, 0x92E9, 0x92E9, 0x8AC8, 0x8AC8, 0x9309, 0xA3AB, 0xB42D,
  0xBC8F, 0xCCF1, 0xCD11, 0xCCF0, 0xC4AF, 0xBC2D, 0xABAB, 0xA349, 0x9B49, 0xA3AB, 0xB40D, 0xB44E,
  0xBC8F, 0xC4AF, 0xC4F0, 0xCD11, 0xCD31, 0xCD11, 0xCD11, 0xC4D0, 0xCCF0, 0xC4D0, 0xC4F0, 0xC4D0,
  0xCCCF, 0xC4CF, 0xC4AF, 0xC4AF, 0xC4AF, 0xCCAF, 0xCCCF, 0xCCF0, 0xCCF0, 0xCCF0, 0xD510, 0xD510,
  0xCCF0, 0xD511, 0xD511, 0xCCF0, 0xCCF0, 0xCCF0, 0xCCD0, 0xCCD0, 0xCCF0, 0xCCD0, 0xC4D0, 0xCCD0,
  0xC4B0, 0xCCB0, 0xC48F, 0xC48F, 0xC4B0, 0xC4B0, 0xC48F, 0xC4AF, 0xC4AF, 0xC4AF, 0xC4AF, 0xC48F,
  0xBC8F, 0xBC6F, 0xBC6E, 0xBC4E, 0xBC4E, 0xBC4E, 0xB40D, 0xB40D, 0xB3EC, 0xB3EC, 0xB3ED, 0xABEC,
  0xABCC, 0xABCC, 0xABAC, 0xA38B, 0xA38B, 0xA36A, 0xA34A, 0x9B2A, 0x9B2A, 0x9B09, 0x92E8, 0x92E8,
  0x8AA8, 0x8AA7, 0x8267, 0x8267, 0x7A26, 0x69E5, 0x69E5, 0x5964, 0x61A5, 0x5984, 0x4944, 0x28A1,
  0x1861, 0x1041, 0x1041, 0x1061, 0x1061, 0x1061, 0x0841, 0x0840, 0x0840, 0x0841, 0x0841, 0x0841,
  0x0020, 0x0840, 0x0020, 0x0020, 0x0840, 0x0840, 0x0840, 0x0840, 0x0840, 0x0840, 0x0841, 0x0861,
  0x0840, 0x0840, 0x0840, 0x0841, 0x0840, 0x0840, 0x0820, 0x0840, 0x0841, 0x0841, 0x0841, 0x0841,
  0x0820, 0x0840, 0x0841, 0x0841, 0x0841, 0x0840, 0x0840, 0x0820, 0x0820, 0x0841, 0x0841, 0x0840,
  0x0840, 0x0861, 0x1061, 0x1061, 0x1061, 0x0841, 0x0841, 0x1061, 0x0841, 0x0841, 0x1061, 0x0841,
  0x0841, 0x1061, 0x1061, 0x1061, 0x1061, 0x1061, 0x1061, 0x1061, 0x1061, 0x1061, 0x1861, 0x1881,
  0x20A2, 0x20A2, 0x28E2, 0x3103, 0x3103, 0x3923, 0x3923, 0x3103, 0x30E2, 0x30E2, 0x30E2, 0x30E2,
  0x40C0, 0x40E1, 0x40E1, 0x40E1, 0x48E1, 0x4901, 0x4901, 0x4922, 0x4922, 0x4922, 0x5142, 0x5142,
  0x5163, 0x5963, 0x5983, 0x5983, 0x5983, 0x59A4, 0x61A4, 0x61A4, 0x61C4, 0x61C4, 0x69E5, 0x69E5,
  0x69E5, 0x69E5, 0x6A05, 0x6A05, 0x6A05, 0x6A26, 0x9B8B, 0xCD11, 0xCD31, 0xD551, 0xD551, 0xD551,
  0xD531, 0xD531, 0xD531, 0xD531, 0xCD10, 0xCCF0, 0xBC8E, 0xB40C, 0xA38A, 0x9B08, 0x92C8, 0x8AA8,
  0x8AC8, 0x8AE9, 0x932A, 0x9B6B, 0x9B4A, 0x9B4A, 0x9B6B, 0xA3AC, 0xABED, 0xB42D, 0xBC4E, 0xBC8F,
  0xC4D0, 0xCD10, 0xCD11, 0xCD10, 0xCCF0, 0xCCAF, 0xBC6E, 0xABEC, 0xABEC, 0xB44E, 0xBC8E, 0xC4D0,
  0xCD11, 0xCD31, 0xCD51, 0xCD31, 0xCD31, 0xD531, 0xCCF1, 0xCCD0, 0xC4D0, 0xC4D0, 0xC4CF, 0xC4CF,
  0xC4CF, 0xC4CF, 0xC4AF, 0xC4AF, 0xC4AF, 0xCCAF, 0xCCCF, 0xCCF0, 0xCCF0, 0xCCF0, 0xCCF0, 0xCD10,
  0xCCF0, 0xD510, 0xCD10, 0xCCF0, 0xCCF0, 0xCCF0, 0xCCF0, 0xCCF1, 0xCCF0, 0xC4D0, 0xC4D0, 0xC4D0,
  0xC4B0, 0xC48F, 0xC4AF, 0xC4B0, 0xC4AF, 0xC4B0, 0xC4B0, 0xC4B0, 0xC4B0, 0xC4AF, 0xC4AF, 0xC48F,
  0xBC6F, 0xBC6F, 0xBC4E, 0xBC4E, 0xBC4E, 0xBC4E, 0xB42D, 0xB40D, 0xB3EC, 0xB3EC, 0xB40D, 0xABEC,
  0xABCC, 0xABCC, 0xABAC, 0xA38B, 0xA38B, 0xA36A, 0x9B4A, 0x9B29, 0x9B29, 0x9B09, 0x92E8, 0x92C8,
  0x8AA7, 0x8AA7, 0x8267, 0x8267, 0x7A26, 0x71E5, 0x69E5, 0x5984, 0x6184, 0x5984, 0x5164, 0x38C2,
  0x2081, 0x1861, 0x1040, 0x1061, 0x1061, 0x1061, 0x1061, 0x0841, 0x0840, 0x0840, 0x0841, 0x0841,
  0x0841, 0x0840, 0x0820, 0x0020, 0x0020, 0x0840, 0x0840, 0x0840, 0x0840, 0x0840, 0x0841, 0x0841,
  0x0861, 0x0841, 0x0840, 0x0841, 0x0841, 0x0840, 0x0840, 0x0820, 0x0841, 0x0841, 0x0841, 0x1041,
  0x0840, 0x0840, 0x0840, 0x0841, 0x0861, 0x0841, 0x0820, 0x0820, 0x0840, 0x0841, 0x0841, 0x0841,
  0x0841, 0x0841, 0x1061, 0x1041, 0x1041, 0x1061, 0x0841, 0x1061, 0x1061, 0x0841, 0x1041, 0x1061,
  0x0841, 0x0841, 0x1061, 0x1061, 0x1081, 0x1061, 0x1861, 0x1081, 0x1061, 0x1061, 0x1881, 0x1881,
  0x20A1, 0x28C2, 0x28C2, 0x3903, 0x3923, 0x4143, 0x4964, 0x4984, 0x4964, 0x4143, 0x3923, 0x3902,
  0x4901, 0x4902, 0x4902, 0x4922, 0x5142, 0x5143, 0x5143, 0x5163, 0x5963, 0x5984, 0x5984, 0x5984,
  0x59A4, 0x61C4, 0x61C5, 0x61C5, 0x69E5, 0x69E5, 0x69E5, 0x6A05, 0x6A05, 0x6A06, 0x7226, 0x7226,
  0x7226, 0x7226, 0x7226, 0x7226, 0x6A26, 0x6A26, 0x832A, 0xC4D0, 0xCD31, 0xD531, 0xD531, 0xD531,
  0xD551, 0xD551, 0xD531, 0xD531, 0xCCF0, 0xCCF0, 0xCCCF, 0xB42D, 0xB3EC, 0xABAB, 0xABAB, 0xABCC,
  0xB42E, 0xBC8F, 0xC4CF, 0xC48F, 0xB42D, 0xB44E, 0xBC6E, 0xBC8F, 0xC48F, 0xC4AF, 0xC48F, 0xC4AF,
  0xCCF0, 0xCCF0, 0xCD11, 0xD511, 0xCCF0, 0xCCD0, 0xC4AF, 0xC4AF, 0xC4D0, 0xCD10, 0xCD31, 0xCD52,
  0xD552, 0xD572, 0xD572, 0xD572, 0xD552, 0xD531, 0xCD11, 0xCCF0, 0xC4D0, 0xC4D0, 0xC4D0, 0xC4D0,
  0xC4D0, 0xC4D0, 0xC4D0, 0xCCCF, 0xC4AF, 0xCCAF, 0xCCAF, 0xCCCF, 0xCCF0, 0xCCF0, 0xCCF0, 0xCCF0,
  0xCCF0, 0xCCF0, 0xCCF0, 0xCCF0, 0xCCF0, 0xCD10, 0xCCF0, 0xCCF0, 0xCCF0, 0xCCF0, 0xCCF0, 0xCCD0,
  0xC4D0, 0xC4AF, 0xC4AF, 0xC4B0, 0xC48F, 0xC4AF, 0xC4B0, 0xC4B0, 0xC4AF, 0xC4AF, 0xC48F, 0xC48F,
  0xC48F, 0xBC6F, 0xBC4E, 0xBC4E, 0xBC4E, 0xBC2E, 0xB40D, 0xB3EC, 0xB3EC, 0xB3EC, 0xB3EC, 0xB3EC,
  0xABCC, 0xABCC, 0xABAC, 0xAB8B, 0xA36B, 0xA34A, 0x9B2A, 0x9B29, 0x9B09, 0x9309, 0x92C9, 0x92C8,
  0x8AA8, 0x8A87, 0x8267, 0x7A67, 0x7A46, 0x7206, 0x69C5, 0x61A5, 0x5963, 0x61A5, 0x5984, 0x4923,
  0x30A2, 0x2081, 0x1041, 0x1041, 0x1061, 0x1061, 0x1061, 0x0841, 0x0840, 0x0840, 0x0840, 0x0840,
  0x0840, 0x0841, 0x0020, 0x0020, 0x0020, 0x0020, 0x0840, 0x0841, 0x0840, 0x0840, 0x0841, 0x0841,
  0x0841, 0x0841, 0x0841, 0x0841, 0x0841, 0x0841, 0x0841, 0x0840, 0x0840, 0x0841, 0x0841, 0x0841,
  0x1061, 0x0820, 0x0840, 0x0820, 0x0840, 0x1061, 0x1041, 0x0841, 0x0841, 0x0841, 0x0841, 0x0841,
  0x0841, 0x0841, 0x1061, 0x1061, 0x1041, 0x1061, 0x1061, 0x1061, 0x1061, 0x1041, 0x0841, 0x1061,
  0x1061, 0x0841, 0x0841, 0x1061, 0x1061, 0x1881, 0x1861, 0x1881, 0x18A2, 0x1861, 0x1861, 0x20A2,
  0x20A2, 0x28A1, 0x30E2, 0x3923, 0x4123, 0x4143, 0x4943, 0x5184, 0x59A4, 0x59A5, 0x4963, 0x4943,
  0x5143, 0x5143, 0x5163, 0x5963, 0x5984, 0x5984, 0x61A4, 0x61A4, 0x61C4, 0x61C4, 0x61C4, 0x69E5,
  0x69E5, 0x69E5, 0x6A05, 0x7206, 0x7206, 0x7206, 0x7226, 0x7226, 0x7226, 0x7226, 0x7A46, 0x7A46,
  0x7A46, 0x7A46, 0x7A46, 0x7A46, 0x7A46, 0x7246, 0x7AA8, 0xBC8F, 0xD531, 0xD531, 0xD551, 0xD531,
  0xD531, 0xD531, 0xD531, 0xD531, 0xCD10, 0xCD10, 0xCD10, 0xC4AF, 0xB40C, 0xABCB, 0xABCC, 0xB44D,
  0xC4AF, 0xCCF0, 0xCCF0, 0xC48F, 0xBC6E, 0xC4AF, 0xC4AF, 0xC4CF, 0xC4CF, 0xC4AF, 0xC4CF, 0xC4CF,
  0xCCF0, 0xCCF0, 0xCD10, 0xCD10, 0xCD10, 0xCD10, 0xCD10, 0xCD11, 0xD531, 0xD551, 0xD572, 0xD572,
  0xD572, 0xD572, 0xD572, 0xD572, 0xCD52, 0xD531, 0xCD11, 0xCCF0, 0xC4D0, 0xCCF0, 0xC4D0, 0xCCF0,
  0xC4F0, 0xC4D0, 0xC4D0, 0xCCD0, 0xC4AF, 0xC4AF, 0xC4AF, 0xCCEF, 0xCCF0, 0xCCF0, 0xCCF0, 0xCCF0,
  0xCCF0, 0xCCF0, 0xCCF0, 0xCCF0, 0xCCF0, 0xCCF0, 0xCCF0, 0xCCF0, 0xCCF0, 0xCCF0, 0xCCD0, 0xCCD0,
  0xCCD0, 0xC4D0, 0xC4B0, 0xC4B0, 0xC4B0, 0xC4AF, 0xC4AF, 0xC4AF, 0xC4AF, 0xC4AF, 0xC48F, 0xC48F,
  0xBC8F, 0xBC6E, 0xBC4E, 0xBC4E, 0xBC4E, 0xB42D, 0xB40D, 0xB3EC, 0xB3ED, 0xB40D, 0xB3EC, 0xABCC,
  0xABCC, 0xABAC, 0xABAC, 0xA38B, 0xA36A, 0x9B4A, 0x9B2A, 0x9B29, 0x9B09, 0x92E9, 0x92C8, 0x92C8,
  0x8A87, 0x8287, 0x8267, 0x7A47, 0x7A46, 0x7226, 0x69C5, 0x69C5, 0x5964, 0x61A4, 0x5984, 0x5143,
  0x4103, 0x2881, 0x1861, 0x1040, 0x1861, 0x1061, 0x1081, 0x1061, 0x0841, 0x0841, 0x0840, 0x0841,
  0x0840, 0x0840, 0x0841, 0x0020, 0x0020, 0x0020, 0x0840, 0x0840, 0x0841, 0x0820, 0x0020, 0x0841,
  0x0841, 0x0861, 0x0841, 0x1061, 0x0841, 0x0841, 0x0841, 0x0841, 0x0840, 0x0841, 0x1041, 0x0841,
  0x1061, 0x0841, 0x0820, 0x0840, 0x0841, 0x0841, 0x1041, 0x1041, 0x0841, 0x0841, 0x0841, 0x0841,
  0x0841, 0x0841, 0x0841, 0x1061, 0x1041, 0x1061, 0x1061, 0x1061, 0x1061, 0x1061, 0x1041, 0x1061,
  0x1061, 0x1061, 0x1040, 0x1061, 0x1061, 0x1061, 0x1881, 0x1882, 0x20A2, 0x20A2, 0x20A1, 0x20A1,
  0x28C2, 0x30E2, 0x3102, 0x4123, 0x4123, 0x4943, 0x59A4, 0x59A4, 0x59C4, 0x61C4, 0x6A05, 0x6A06,
  0x61A4, 0x61A3, 0x61A4, 0x61C4, 0x69C4, 0x69E4, 0x69E4, 0x71E5, 0x7205, 0x7205, 0x7225, 0x7225,
  0x7225, 0x7A46, 0x7A46, 0x7A46, 0x7A26, 0x7A46, 0x7A26, 0x7A45, 0x8245, 0x8266, 0x8266, 0x8265,
  0x8266, 0x8266, 0x8266, 0x8266, 0x8265, 0x8286, 0x7287, 0xAC2D, 0xCD31, 0xD531, 0xD531, 0xD531,
  0xD551, 0xD551, 0xD511, 0xCD10, 0xCD10, 0xCD10, 0xCCF0, 0xC4F0, 0xC4AF, 0xABCC, 0xABCB, 0xB40C,
  0xBC6E, 0xCCCF, 0xCCF0, 0xC48E, 0xC48F, 0xC4CF, 0xCCF0, 0xCCF0, 0xC4CF, 0xC4D0, 0xCCF0, 0xCD10,
  0xCCF0, 0xCCF0, 0xCCF0, 0xCD10, 0xCD31, 0xD531, 0xD531, 0xD531, 0xD552, 0xD592, 0xDDB3, 0xD593,
  0xD593, 0xD572, 0xD572, 0xCD52, 0xCD32, 0xCD31, 0xCD11, 0xC4D0, 0xCCF0, 0xC4D0, 0xC4F0, 0xCCF1,
  0xCCF1, 0xCCF0, 0xC4D0, 0xC4D0, 0xC4AF, 0xC4AF, 0xC4AF, 0xCCCF, 0xCCF0, 0xCCF0, 0xCCF0, 0xCCD0,
  0xCCF0, 0xCCD0, 0xCCF0, 0xCCF0, 0xCCF0, 0xCCF0, 0xCCF0, 0xCD10, 0xCCF0, 0xCCD0, 0xCCD0, 0xCCD0,
  0xCCD0, 0xC4B0, 0xC4AF, 0xC4AF, 0xC4B0, 0xC4B0, 0xC4AF, 0xC4AF, 0xC4AF, 0xC4AF, 0xC48F, 0xC48F,
  0xC48F, 0xBC6E, 0xBC4E, 0xBC4E, 0xBC4D, 0xBC2D, 0xB42D, 0xB40D, 0xB40D, 0xB3EC, 0xB3EC, 0xB3CC,
  0xABCC, 0xABAB, 0xABAB, 0xA38B, 0xA36A, 0x9B4A, 0x9B29, 0x9B09, 0x9309, 0x92E9, 0x92E9, 0x92C8,
  0x8A87, 0x8287, 0x8267, 0x7A46, 0x7A46, 0x7226, 0x69E5, 0x61A5, 0x5984, 0x5984, 0x5984, 0x5164,
  0x5144, 0x30A1, 0x2081, 0x1040, 0x1061, 0x1861, 0x1061, 0x1061, 0x0841, 0x0841, 0x0840, 0x0841,
  0x0861, 0x0840, 0x0841, 0x0840, 0x0020, 0x0020, 0x0820, 0x0840, 0x0841, 0x0841, 0x0840, 0x0840,
  0x0861, 0x0841, 0x1061, 0x1061, 0x1061, 0x0841, 0x0841, 0x1061, 0x0841, 0x0841, 0x0841, 0x1041,
  0x0841, 0x1061, 0x0841, 0x0820, 0x0840, 0x0841, 0x0841, 0x0841, 0x1041, 0x1061, 0x0841, 0x0841,
  0x1041, 0x1041, 0x1061, 0x1061, 0x1061, 0x1061, 0x1061, 0x1061, 0x1061, 0x1061, 0x1061, 0x1061,
  0x1061, 0x1061, 0x1061, 0x1061, 0x1061, 0x1061, 0x1861, 0x1881, 0x20A2, 0x20A2, 0x28C2, 0x28C2,
  0x28C2, 0x30E2, 0x3902, 0x4943, 0x4943, 0x59A4, 0x59A4, 0x59A4, 0x6A26, 0x7226, 0x6A05, 0x7A66,
  0x7A24, 0x7A24, 0x7A25, 0x8225, 0x8245, 0x8245, 0x8245, 0x8245, 0x8265, 0x8265, 0x8265, 0x8266,
  0x8266, 0x8A66, 0x8A86, 0x8A66, 0x8A65, 0x8A65, 0x8A65, 0x8A65, 0x8A85, 0x8A85, 0x8A85, 0x8A85,
  0x8A85, 0x8A85, 0x9285, 0x8A85, 0x8A85, 0x8AA6, 0x7266, 0x938B, 0xCD11, 0xD531, 0xD531, 0xD531,
  0xD551, 0xD531, 0xD531, 0xD510, 0xCCF0, 0xCD10, 0xCCF0, 0xC4D0, 0xCCF0, 0xC48E, 0xABCB, 0xABEC,
  0xBC2D, 0xC48E, 0xC4AF, 0xC4AF, 0xC4CF, 0xCCF0, 0xCD10, 0xCCF0, 0xCCF0, 0xCD10, 0xCD11, 0xCD31,
  0xCD31, 0xCD31, 0xCCF0, 0xCD31, 0xCD31, 0xD552, 0xD572, 0xD572, 0xD572, 0xD593, 0xD593, 0xD572,
  0xD573, 0xCD51, 0xCD31, 0xCD32, 0xCD11, 0xCD11, 0xCD31, 0xCCF1, 0xCCF1, 0xC4F1, 0xC4F0, 0xC4F1,
  0xCD11, 0xCCF1, 0xC4F0, 0xC4F0, 0xC4D0, 0xC4CF, 0xC4AF, 0xC4AF, 0xCCCF, 0xCCEF, 0xCCCF, 0xCCCF,
  0xCCCF, 0xCCF0, 0xCCF0, 0xCCF0, 0xCCF0, 0xCCF0, 0xCCF0, 0xCD10, 0xCCF0, 0xCCD0, 0xCCD0, 0xCCD0,
  0xCCD0, 0xCCD0, 0xC4D0, 0xCCD0, 0xC4B0, 0xC4B0, 0xC4B0, 0xC4AF, 0xC4AF, 0xC4AF, 0xBC8F, 0xC48F,
  0xBC6F, 0xBC6F, 0xBC6E, 0xBC4E, 0xBC2E, 0xBC2D, 0xB40D, 0xB40D, 0xB3EC, 0xB3EC, 0xB3CC, 0xABCC,
  0xABAB, 0xABAB, 0xA38B, 0xA36B, 0xA36A, 0x9B4A, 0x9B2A, 0x9B09, 0x92E9, 0x92E9, 0x92E9, 0x8AC8,
  0x8A87, 0x8287, 0x8267, 0x7A46, 0x7A26, 0x7226, 0x7206, 0x6184, 0x61A4, 0x5163, 0x5984, 0x5164,
  0x5164, 0x3903, 0x2881, 0x2081, 0x1041, 0x1861, 0x1061, 0x1061, 0x1061, 0x1041, 0x0841, 0x0840,
  0x0841, 0x0841, 0x0841, 0x0840, 0x0841, 0x0820, 0x0840, 0x0840, 0x0840, 0x0841, 0x0841, 0x0820,
  0x0841, 0x0841, 0x0840, 0x1081, 0x1061, 0x1061, 0x0841, 0x1041, 0x1061, 0x0841, 0x0841, 0x0841,
  0x1041, 0x1041, 0x1061, 0x0841, 0x0820, 0x0840, 0x0841, 0x1061, 0x0841, 0x1041, 0x1061, 0x1041,
  0x1061, 0x1041, 0x1061, 0x1061, 0x1061, 0x1061, 0x1061, 0x1061, 0x1061, 0x1061, 0x1061, 0x1041,
  0x1061, 0x1061, 0x1061, 0x1040, 0x1061, 0x1061, 0x1861, 0x1881, 0x20A2, 0x20C2, 0x28E2, 0x28E2,
  0x30E2, 0x3902, 0x38E1, 0x51A4, 0x59A4, 0x5163, 0x61E5, 0x6A05, 0x69E4, 0x7A46, 0x8287, 0x7A66,
  0x9285, 0x9285, 0x9285, 0x92A5, 0x92A5, 0x92A5, 0x92A5, 0x92A5, 0x92A5, 0x92A5, 0x92A5, 0x92A6,
  0x92A6, 0x92A6, 0x92A6, 0x92A5, 0x92A5, 0x92A5, 0x92A5, 0x92A5, 0x92A5, 0x92A5, 0x92A5, 0x92A5,
  0x92A5, 0x92A5, 0x92A5, 0x8A85, 0x9285, 0x92A6, 0x7A87, 0x7AE9, 0xC4D0, 0xCD31, 0xD531, 0xD531,
  0xD551, 0xD531, 0xD511, 0xD510, 0xCCF0, 0xCCF0, 0xCCF0, 0xC4D0, 0xCCF0, 0xC4D0, 0xBC6E, 0xB40D,
  0xBC4E, 0xC4AF, 0xC4AF, 0xC4CF, 0xC4F0, 0xCD31, 0xD531, 0xCCF0, 0xCD10, 0xCD11, 0xD531, 0xCD51,
  0xCD51, 0xCD31, 0xCD31, 0xCD31, 0xCD52, 0xD572, 0xD572, 0xD572, 0xD592, 0xD572, 0xD552, 0xD572,
  0xD572, 0xCD51, 0xCD31, 0xCD11, 0xC4F1, 0xCCF1, 0xCD11, 0xCD11, 0xC4F1, 0xCD11, 0xC4F1, 0xCD11,
  0xCD11, 0xCD11, 0xC4F0, 0xC4F0, 0xC4D0, 0xC4D0, 0xC4CF, 0xC4CF, 0xCCCF, 0xCCCF, 0xCCCF, 0xCCCF,
  0xC4AF, 0xC4AF, 0xCCD0, 0xCCF0, 0xCCF0, 0xCCF0, 0xCCF0, 0xCCF0, 0xCCF0, 0xCCF0, 0xCCF0, 0xCCD0,
  0xCCD0, 0xCCD0, 0xCCD0, 0xCCD0, 0xCCD0, 0xC4B0, 0xC4AF, 0xC4AF, 0xC4AF, 0xC4AF, 0xC48F, 0xC48F,
  0xC48F, 0xBC6F, 0xBC4E, 0xBC4E, 0xBC2D, 0xBC2D, 0xB40D, 0xB40D, 0xB3EC, 0xB3EC, 0xABCC, 0xABCC,
  0xABAB, 0xABAB, 0xAB8B, 0xA36B, 0xA36A, 0x9B4A, 0x9B2A, 0x9B09, 0x92E9, 0x92E9, 0x92C8, 0x8AA8,
  0x8287, 0x8267, 0x8267, 0x7A46, 0x7A26, 0x7206, 0x7205, 0x69A5, 0x61A4, 0x5964, 0x5964, 0x5984,
  0x5164, 0x5164, 0x28A1, 0x28A2, 0x1061, 0x1061, 0x1881, 0x1061, 0x1061, 0x1061, 0x1041, 0x0841,
  0x0840, 0x0861, 0x0841, 0x0840, 0x0840, 0x0840, 0x0840, 0x0841, 0x0840, 0x0841, 0x0861, 0x0841,
  0x0820, 0x0861, 0x0841, 0x1061, 0x1061, 0x1061, 0x1061, 0x0840, 0x1061, 0x1061, 0x0840, 0x1061,
  0x1040, 0x1041, 0x1061, 0x1061, 0x0841, 0x0841, 0x0841, 0x1061, 0x1061, 0x1061, 0x1061, 0x1061,
  0x1061, 0x1061, 0x1041, 0x1061, 0x1061, 0x1061, 0x1061, 0x1061, 0x1061, 0x1061, 0x1081, 0x1061,
  0x1061, 0x1061, 0x1061, 0x1061, 0x1061, 0x1041, 0x1061, 0x1881, 0x20A1, 0x20A2, 0x28C2, 0x30E2,
  0x3102, 0x51C4, 0x59C4, 0x4102, 0x5183, 0x61C4, 0x69E4, 0x7A66, 0x7A66, 0x7204, 0x8286, 0x92E8,
  0x9AC6, 0x9AC6, 0x9AC6, 0x9AC6, 0x9AC6, 0x9AC6, 0x9AC6, 0x9AC6, 0x9AC6, 0x9AC6, 0x9AC6, 0x9AC6,
  0x9AC6, 0x9AC6, 0x9AC6, 0x9AC6, 0x9AC5, 0x9AC5, 0x9AC5, 0x9AC5, 0x9AA5, 0x92A5, 0x92A5, 0x92A5,
  0x92A5, 0x92A5, 0x92A5, 0x8A84, 0x9285, 0x92A6, 0x8286, 0x7288, 0xB46E, 0xCD11, 0xD531, 0xD531,
  0xD551, 0xD531, 0xD511, 0xCD10, 0xCD10, 0xCD10, 0xCCF0, 0xC4D0, 0xC4F0, 0xC4D0, 0xC4CF, 0xC4CF,
  0xC4CF, 0xC4CF, 0xC4AF, 0xC4D0, 0xCD10, 0xD531, 0xCD11, 0xCD10, 0xCD11, 0xD531, 0xD531, 0xCD51,
  0xD551, 0xD551, 0xCD11, 0xCD32, 0xCD52, 0xD572, 0xD572, 0xD552, 0xD572, 0xD572, 0xCD52, 0xCD52,
  0xD552, 0xCD32, 0xCD31, 0xCD11, 0xCD11, 0xCD11, 0xC4F1, 0xCD11, 0xC4F1, 0xCD11, 0xC4F1, 0xCD11,
  0xCD11, 0xCD11, 0xCD11, 0xCD11, 0xCCF0, 0xC4D0, 0xCCD0, 0xC4CF, 0xCCCF, 0xCCCF, 0xC4AF, 0xCCD0,
  0xCCD0, 0xCCAF, 0xCCAF, 0xCCCF, 0xCCD0, 0xCCF0, 0xCD10, 0xCCF0, 0xCCF0, 0xCCF0, 0xCCF0, 0xCCD0,
  0xCCF0, 0xCCF0, 0xCCD0, 0xCCD0, 0xCCD0, 0xC4D0, 0xC4B0, 0xC4AF, 0xC4B0, 0xC48F, 0xC48E, 0xC48F,
  0xC48F, 0xBC6E, 0xBC4E, 0xBC4E, 0xBC2D, 0xBC2E, 0xB40D, 0xB40D, 0xB3EC, 0xB3EC, 0xABCC, 0xABCC,
  0xABAB, 0xABAB, 0xA38B, 0xA36A, 0xA36A, 0x9B4A, 0x9B2A, 0x9B09, 0x9309, 0x92E9, 0x92C8, 0x8AA8,
  0x8A87, 0x8267, 0x7A47, 0x7A26, 0x7A26, 0x7226, 0x7205, 0x69E5, 0x5984, 0x61A4, 0x5984, 0x5164,
  0x5984, 0x5164, 0x3903, 0x28A1, 0x20A2, 0x0840, 0x1861, 0x1881, 0x1061, 0x1061, 0x1041, 0x1041,
  0x0840, 0x0841, 0x0841, 0x0841, 0x0020, 0x0820, 0x0840, 0x0840, 0x0841, 0x0840, 0x0841, 0x0841,
  0x0841, 0x0840, 0x0841, 0x1061, 0x1061, 0x1061, 0x1081, 0x1061, 0x1040, 0x1061, 0x1061, 0x1061,
  0x1061, 0x1040, 0x1061, 0x1061, 0x1061, 0x0841, 0x0841, 0x1061, 0x1061, 0x1061, 0x1081, 0x1061,
  0x1061, 0x1061, 0x1061, 0x1061, 0x1061, 0x1081, 0x1081, 0x1061, 0x1061, 0x1061, 0x1061, 0x1081,
  0x1061, 0x1061, 0x1861, 0x1861, 0x1861, 0x1861, 0x1861, 0x1861, 0x20A1, 0x20A2, 0x28C2, 0x3102,
  0x3923, 0x5183, 0x7246, 0x6A05, 0x5983, 0x7204, 0x7A46, 0x7A66, 0x8AA7, 0x8AA7, 0x8286, 0x8AA6,
  0x9AC5, 0x9AC6, 0x9AC6, 0x9AE6, 0x9AE6, 0x9AC6, 0x9AC6, 0x9AC6, 0x9AC6, 0x9AC6, 0x9AC6, 0x9AC6,
  0x9AC6, 0x9AC6, 0x9AC6, 0x9AC6, 0x9AC5, 0x9AC5, 0x9AA5, 0x9AA5, 0x9AA5, 0x92A5, 0x92A5, 0x9285,
  0x9285, 0x9285, 0x9285, 0x8A64, 0x8A65, 0x8A85, 0x8286, 0x6A47, 0x9BCC, 0xCD11, 0xD531, 0xD531,
  0xD531, 0xD531, 0xD511, 0xD510, 0xD511, 0xCD10, 0xCCF0, 0xC4D0, 0xC4D0, 0xC4D0, 0xC4D0, 0xCCF0,
  0xCCF0, 0xC4CF, 0xC4AF, 0xC4F0, 0xCD31, 0xD551, 0xD531, 0xCD31, 0xCD31, 0xCD31, 0xD531, 0xCD31,
  0xCD51, 0xD551, 0xCD31, 0xCD52, 0xD572, 0xD572, 0xD572, 0xD552, 0xCD52, 0xCD32, 0xCD52, 0xCD52,
  0xD552, 0xCD32, 0xCD11, 0xCD11, 0xC4F1, 0xCD11, 0xCD11, 0xCD11, 0xCD11, 0xC4F1, 0xCD11, 0xCD11,
  0xCD11, 0xCD11, 0xCCF1, 0xCCF1, 0xCCF1, 0xCCF0, 0xC4D0, 0xC4CF, 0xCCCF, 0xC4CF, 0xCCCF, 0xCCD0,
  0xCCD0, 0xCCD0, 0xCCAF, 0xC48F, 0xCCCF, 0xCCF0, 0xCCF0, 0xCD10, 0xCD10, 0xCCF0, 0xCCF0, 0xCCD0,
  0xCCF0, 0xCCD0, 0xCCD0, 0xCCD0, 0xCCD0, 0xCCD0, 0xC4B0, 0xC4B0, 0xC4AF, 0xC4AF, 0xC48F, 0xC48F,
  0xBC6E, 0xBC6E, 0xBC6E, 0xBC4E, 0xBC4E, 0xBC2D, 0xB40D, 0xB40D, 0xB3EC, 0xABCC, 0xABAC, 0xABAB,
  0xABAB, 0xA38B, 0xA38B, 0xA36A, 0xA34A, 0x9B2A, 0x9B2A, 0x9B09, 0x9309, 0x92E9, 0x8AC8, 0x8AA8,
  0x8A87, 0x8267, 0x7A47, 0x7A26, 0x7A26, 0x7206, 0x71E5, 0x69E5, 0x61A5, 0x5984, 0x5964, 0x5984,
  0x5164, 0x5164, 0x4964, 0x30E2, 0x28C2, 0x1861, 0x1040, 0x1881, 0x1061, 0x1061, 0x1061, 0x0841,
  0x0841, 0x0840, 0x0841, 0x0841, 0x0841, 0x0820, 0x0820, 0x0840, 0x0840, 0x0841, 0x0841, 0x1041,
  0x0841, 0x0841, 0x0841, 0x1061, 0x1061, 0x1061, 0x1061, 0x1081, 0x1061, 0x1061, 0x1061, 0x1061,
  0x1061, 0x1060, 0x0840, 0x1061, 0x1061, 0x1061, 0x1041, 0x1061, 0x1061, 0x1081, 0x1081, 0x1081,
  0x1061, 0x1061, 0x1061, 0x1061, 0x1061, 0x1081, 0x1081, 0x1081, 0x1081, 0x1061, 0x1861, 0x1881,
  0x1861, 0x1061, 0x1061, 0x1881, 0x1881, 0x18A1, 0x1881, 0x2081, 0x20A1, 0x20A1, 0x28C1, 0x30C1,
  0x4122, 0x61E4, 0x69E4, 0x7A66, 0x7A25, 0x8266, 0x8266, 0x7A65, 0x8265, 0x8A86, 0x8AA6, 0x8A85,
  0x9AC5, 0x9AC6, 0x9AC5, 0x9AC5, 0x9AC5, 0x9AC5, 0x9AC6, 0x9AC6, 0x9AC5, 0x9AC5, 0x92A5, 0x92A5,
  0x92A5, 0x92A5, 0x9285, 0x9285, 0x8A65, 0x8A64, 0x8A64, 0x8244, 0x8244, 0x8224, 0x7A23, 0x7A03,
  0x7A03, 0x7203, 0x7203, 0x71E3, 0x71E3, 0x7204, 0x69E5, 0x59C5, 0x830A, 0xC4D0, 0xCD11, 0xD531,
  0xD531, 0xD531, 0xD531, 0xD531, 0xCD11, 0xCD10, 0xCCF0, 0xC4D0, 0xC4D0, 0xC4D0, 0xC4D0, 0xCCF0,
  0xCCF0, 0xC4D0, 0xC4AF, 0xCCF0, 0xCD31, 0xD572, 0xD531, 0xCD31, 0xD531, 0xD551, 0xCD31, 0xD531,
  0xD531, 0xCCF0, 0xCD31, 0xCD31, 0xCD31, 0xCD51, 0xCD31, 0xCD31, 0xCD31, 0xCD31, 0xC4F1, 0xCD11,
  0xCD11, 0xCD31, 0xCD11, 0xC4F0, 0xC4D0, 0xC4F1, 0xCCF1, 0xC4F1, 0xCCF1, 0xC4F0, 0xC4F1, 0xC4F1,
  0xCCF1, 0xCD11, 0xCD11, 0xCD11, 0xCD11, 0xCCF1, 0xC4D0, 0xC4CF, 0xC4AF, 0xC4AF, 0xC4AF, 0xCCAF,
  0xCCCF, 0xCCD0, 0xCCCF, 0xCCAF, 0xC4AF, 0xCCD0, 0xCCF0, 0xCCF0, 0xCD10, 0xCCF0, 0xCCF0, 0xCCF1,
  0xCD11, 0xCCF1, 0xCCF0, 0xCCD0, 0xCCD0, 0xCCD0, 0xCCD0, 0xC4AF, 0xC48F, 0xC48F, 0xC48F, 0xC48E,
  0xC46E, 0xBC4E, 0xBC4E, 0xBC4E, 0xBC4E, 0xBC4E, 0xB40D, 0xB3EC, 0xB3EC, 0xABCC, 0xABCC, 0xABAB,
  0xAB8B, 0xA38B, 0xA36A, 0xA34A, 0x9B4A, 0x9B2A, 0x9B29, 0x9309, 0x92E9, 0x92E9, 0x92C8, 0x8A88,
  0x8A87, 0x8287, 0x7A46, 0x7A26, 0x7A26, 0x7206, 0x71E5, 0x69C5, 0x69C5, 0x6184, 0x5984, 0x5984,
  0x5164, 0x5984, 0x5164, 0x4123, 0x28A1, 0x28C2, 0x0840, 0x1861, 0x1861, 0x1061, 0x1061, 0x1061,
  0x1041, 0x1041, 0x0841, 0x1061, 0x0841, 0x0841, 0x0840, 0x0840, 0x0841, 0x0840, 0x0841, 0x1061,
  0x1061, 0x1061, 0x0840, 0x0841, 0x1061, 0x1061, 0x1061, 0x1061, 0x1081, 0x1061, 0x1061, 0x1081,
  0x1061, 0x1061, 0x1040, 0x0840, 0x1061, 0x1081, 0x1081, 0x1061, 0x1061, 0x1081, 0x1081, 0x1081,
  0x1881, 0x1081, 0x1061, 0x1061, 0x1061, 0x1061, 0x1881, 0x1881, 0x1881, 0x1061, 0x1861, 0x1881,
  0x1881, 0x1861, 0x1861, 0x1861, 0x1881, 0x20A2, 0x20A2, 0x20A1, 0x28A2, 0x28C2, 0x30C2, 0x38E2,
  0x40E2, 0x5963, 0x61C4, 0x7A25, 0x7204, 0x7A45, 0x8286, 0x8A86, 0x8A66, 0x8265, 0x8265, 0x8A86,
  0x8A64, 0x8264, 0x8244, 0x8244, 0x8244, 0x8244, 0x8244, 0x7A24, 0x7A23, 0x7204, 0x7203, 0x7203,
  0x71E3, 0x69E3, 0x69C3, 0x69C3, 0x61A2, 0x61A2, 0x6182, 0x5982, 0x5982, 0x5162, 0x5142, 0x4941,
  0x4941, 0x4941, 0x4941, 0x4941, 0x4922, 0x4942, 0x4943, 0x4964, 0x5A06, 0xAC2E, 0xCD10, 0xCD10,
  0xD531, 0xD531, 0xD531, 0xD531, 0xD531, 0xCD11, 0xCCF0, 0xC4F0, 0xC4D0, 0xC4B0, 0xC4D0, 0xCCF0,
  0xC4CF, 0xC4CF, 0xC4AF, 0xCCF0, 0xCD31, 0xD572, 0xD531, 0xD531, 0xD551, 0xD551, 0xCD31, 0xCD10,
  0xCD10, 0xC4F0, 0xC4F0, 0xCD11, 0xCD31, 0xCD11, 0xCD31, 0xCD11, 0xCD31, 0xCD11, 0xCD11, 0xCD11,
  0xCD11, 0xCD11, 0xCD11, 0xCCF1, 0xC4F1, 0xC4F1, 0xCD11, 0xC4F1, 0xC4F1, 0xC4F0, 0xC4F0, 0xCD11,
  0xCD11, 0xCD11, 0xCD11, 0xCD11, 0xCD11, 0xCD11, 0xC4F0, 0xC4D0, 0xC4AF, 0xC4AF, 0xC4AF, 0xCCAF,
  0xCCAF, 0xCCAF, 0xCCCF, 0xC4AF, 0xCCCF, 0xCCD0, 0xCCF0, 0xCD10, 0xCD11, 0xCD11, 0xCD11, 0xCD11,
  0xCD11, 0xCCF1, 0xCCF0, 0xCCD0, 0xC4B0, 0xC4B0, 0xC4B0, 0xC48F, 0xC48F, 0xC48F, 0xBC6E, 0xBC6E,
  0xBC4E, 0xBC4E, 0xBC4E, 0xBC2D, 0xBC2D, 0xBC4E, 0xBC0D, 0xB3EC, 0xB3CC, 0xABCC, 0xABCC, 0xABAB,
  0xA38B, 0xA36A, 0xA36A, 0xA34A, 0x9B2A, 0x9B29, 0x9B09, 0x92E9, 0x92C9, 0x92C9, 0x8AA8, 0x8A88,
  0x8A88, 0x8267, 0x7A47, 0x7A26, 0x7A06, 0x7206, 0x71E5, 0x69E5, 0x69C5, 0x61C5, 0x5984, 0x5964,
  0x5984, 0x5164, 0x5164, 0x4964, 0x30C2, 0x28A2, 0x1881, 0x0840, 0x1861, 0x1861, 0x1061, 0x1061,
  0x1061, 0x1061, 0x1041, 0x0841, 0x1061, 0x0841, 0x0841, 0x0840, 0x0841, 0x0841, 0x0840, 0x1061,
  0x1061, 0x1061, 0x1061, 0x0840, 0x1061, 0x1061, 0x1061, 0x1061, 0x1061, 0x1061, 0x1081, 0x1081,
  0x1081, 0x1061, 0x1061, 0x1040, 0x0840, 0x1061, 0x1881, 0x1881, 0x1081, 0x1061, 0x1081, 0x1081,
  0x1881, 0x1081, 0x1061, 0x1081, 0x1061, 0x1061, 0x1881, 0x1881, 0x1881, 0x1881, 0x1061, 0x1881,
  0x1881, 0x1881, 0x1881, 0x1861, 0x1861, 0x2081, 0x20A1, 0x28C2, 0x30C2, 0x30E2, 0x3902, 0x4122,
  0x5142, 0x5962, 0x6183, 0x7A25, 0x7A24, 0x71E4, 0x7A04, 0x7A25, 0x8224, 0x8224, 0x8224, 0x8225,
  0x5982, 0x5982, 0x5982, 0x5962, 0x5962, 0x5162, 0x5162, 0x5141, 0x4941, 0x4942, 0x4921, 0x4921,
  0x4101, 0x4101, 0x4101, 0x4101, 0x4101, 0x4101, 0x40E1, 0x38E1, 0x38E1, 0x38E1, 0x38E1, 0x38E1,
  0x38E1, 0x38E1, 0x38E1, 0x38E1, 0x4101, 0x4122, 0x4102, 0x4944, 0x51A5, 0x936B, 0xC4F0, 0xCCF0,
  0xCD10, 0xD531, 0xD531, 0xD531, 0xCD11, 0xCD11, 0xCCF0, 0xC4F0, 0xC4D0, 0xBCAF, 0xC4D0, 0xC4F0,
  0xC4D0, 0xC4AF, 0xC4AF, 0xCCF0, 0xCD31, 0xD571, 0xD531, 0xD531, 0xD531, 0xD531, 0xCD10, 0xCD10,
  0xCCF0, 0xCCF0, 0xC4D0, 0xBCAF, 0xC4F0, 0xC4F0, 0xC4F0, 0xC4D0, 0xC4F0, 0xC4F0, 0xC4F0, 0xC4F1,
  0xCD11, 0xCD11, 0xCCF1, 0xC4F0, 0xCCF1, 0xC4F0, 0xCCF1, 0xCCF1, 0xCD11, 0xCD11, 0xC4F1, 0xC4F1,
  0xC4F1, 0xC4F1, 0xCD11, 0xCD11, 0xCD11, 0xCD31, 0xCCF1, 0xC4D0, 0xC4AF, 0xC4AF, 0xC4AF, 0xC4AF,
  0xC4AF, 0xC4AF, 0xC4AF, 0xC4AF, 0xCCCF, 0xCCD0, 0xCCF0, 0xCCF0, 0xCD10, 0xCD11, 0xCD11, 0xCD11,
  0xCD11, 0xCCF1, 0xCCF0, 0xCCD0, 0xC4AF, 0xC4AF, 0xC4AF, 0xC4AF, 0xC48F, 0xC48F, 0xBC6E, 0xBC6E,
  0xBC6E, 0xBC4E, 0xBC2E, 0xBC2D, 0xBC2D, 0xBC2D, 0xB40D, 0xABAC, 0xABAB, 0xABAB, 0xABAB, 0xAB8B,
  0xA36B, 0xA36A, 0xA34A, 0x9B2A, 0x9B29, 0x9B09, 0x9AE9, 0x92E9, 0x92C9, 0x8AA8, 0x8AA8, 0x8A88,
  0x8A88, 0x8267, 0x8267, 0x7A26, 0x7206, 0x7206, 0x71E5, 0x69E5, 0x69E5, 0x69C5, 0x61A4, 0x5984,
  0x59A4, 0x5984, 0x5164, 0x5164, 0x4123, 0x30C1, 0x28C2, 0x1041, 0x1041, 0x1861, 0x1861, 0x1061,
  0x1061, 0x1061, 0x1061, 0x1041, 0x1061, 0x1061, 0x0841, 0x0841, 0x0841, 0x0841, 0x0841, 0x1061,
  0x1061, 0x1061, 0x1061, 0x1061, 0x1040, 0x1061, 0x1061, 0x1061, 0x1061, 0x1041, 0x1081, 0x1881,
  0x1881, 0x1061, 0x1061, 0x1061, 0x1061, 0x0840, 0x1061, 0x1081, 0x1881, 0x1881, 0x1061, 0x1061,
  0x1861, 0x1882, 0x1061, 0x1061, 0x1881, 0x1061, 0x1881, 0x1881, 0x1881, 0x1882, 0x1881, 0x1881,
  0x18A2, 0x18A1, 0x20A1, 0x20A1, 0x1881, 0x2081, 0x20A1, 0x28C2, 0x3902, 0x38E2, 0x4942, 0x5983,
  0x61A3, 0x6183, 0x69C3, 0x7204, 0x7A04, 0x7A04, 0x71E3, 0x7A04, 0x7A03, 0x7A03, 0x7A03, 0x7A04,
  0x40E0, 0x40E0, 0x40E0, 0x40E0, 0x40E0, 0x4100, 0x4101, 0x40E0, 0x40E0, 0x38C1, 0x30A0, 0x30A0,
  0x38C0, 0x38C1, 0x40E1, 0x40E1, 0x4101, 0x4101, 0x4901, 0x4901, 0x4901, 0x4901, 0x4921, 0x5122,
  0x5142, 0x5142, 0x5142, 0x5962, 0x5963, 0x5983, 0x5983, 0x59A5, 0x5185, 0x7288, 0xBC8F, 0xCCF0,
  0xCCF0, 0xCD10, 0xCD10, 0xD531, 0xCD31, 0xCD11, 0xCCF0, 0xCCF0, 0xC4D0, 0xC4B0, 0xC4D0, 0xC4D0,
  0xC4D0, 0xC4AF, 0xC4AF, 0xC4F0, 0xCD31, 0xD531, 0xCD31, 0xCD31, 0xD531, 0xCD31, 0xCD10, 0xCCF0,
  0xC4CF, 0xC4D0, 0xC4D0, 0xC4F0, 0xC4D0, 0xC4F0, 0xC4F0, 0xC4CF, 0xC4CF, 0xC4CF, 0xCCF0, 0xC4F0,
  0xCCF1, 0xC4F0, 0xC4F0, 0xC4F0, 0xC4F0, 0xC4D0, 0xC4F0, 0xCCF1, 0xCCF1, 0xCCF1, 0xCD11, 0xC4F0,
  0xC4F0, 0xCCF1, 0xCD11, 0xCD11, 0xCD11, 0xCD11, 0xCD11, 0xCCF0, 0xC4AF, 0xC4AF, 0xC48F, 0xC48F,
  0xC48F, 0xC48F, 0xC48E, 0xC48E, 0xC48F, 0xCCD0, 0xCCF0, 0xCCF0, 0xCCF0, 0xCD11, 0xCD11, 0xCD11,
  0xCD11, 0xCCF1, 0xCCD0, 0xC4D0, 0xC4AF, 0xC48F, 0xC4AF, 0xC48F, 0xC48F, 0xC46E, 0xBC4E, 0xBC2D,
  0xBC4E, 0xBC4E, 0xBC2E, 0xBC2D, 0xB40D, 0xBC2D, 0xB3EC, 0xABCC, 0xABAB, 0xAB8B, 0xAB8B, 0xA36B,
  0xA36A, 0xA34A, 0xA32A, 0x9B09, 0x9B09, 0x9AE9, 0x92E9, 0x92C8, 0x8AA8, 0x8AA8, 0x8AA8, 0x8AA8,
  0x8287, 0x8267, 0x8267, 0x7A26, 0x7A26, 0x7206, 0x7206, 0x69E5, 0x69C5, 0x69C5, 0x69C5, 0x5984,
  0x61A5, 0x59A4, 0x5164, 0x5144, 0x5164, 0x3902, 0x30C2, 0x2082, 0x1040, 0x1861, 0x1061, 0x1861,
  0x1861, 0x1861, 0x1061, 0x1061, 0x0841, 0x1061, 0x1061, 0x0841, 0x1061, 0x1041, 0x0840, 0x1041,
  0x1081, 0x1061, 0x1061, 0x1081, 0x1061, 0x1061, 0x1061, 0x1061, 0x1061, 0x1061, 0x1041, 0x1881,
  0x1881, 0x1881, 0x1861, 0x1061, 0x1061, 0x1061, 0x1040, 0x1061, 0x1061, 0x1881, 0x18A2, 0x1061,
  0x1061, 0x1881, 0x1881, 0x1861, 0x1881, 0x1861, 0x1861, 0x1881, 0x1881, 0x2081, 0x20A2, 0x20A1,
  0x2081, 0x20A1, 0x20A1, 0x28C2, 0x20A1, 0x28A1, 0x28A1, 0x3102, 0x4122, 0x4943, 0x5142, 0x6182,
  0x69A3, 0x71E4, 0x71E3, 0x7A04, 0x7A04, 0x7A04, 0x7A04, 0x7A24, 0x7A24, 0x7A24, 0x8244, 0x8244,
  0x5941, 0x5941, 0x5961, 0x5962, 0x5962, 0x6182, 0x6182, 0x6182, 0x6182, 0x5942, 0x4921, 0x40E1,
  0x4901, 0x5122, 0x5942, 0x5962, 0x5962, 0x6182, 0x6182, 0x6183, 0x6183, 0x6183, 0x6183, 0x6183,
  0x61A3, 0x69A3, 0x69A3, 0x6183, 0x69A3, 0x69A4, 0x69A4, 0x61C5, 0x59A5, 0x6206, 0xAC0D, 0xCCF0,
  0xCCF0, 0xCD10, 0xCD10, 0xCD11, 0xD531, 0xCD11, 0xCD10, 0xC4D0, 0xC4D0, 0xC4B0, 0xC4D0, 0xC4B0,
  0xC4AF, 0xC4AF, 0xBC8F, 0xC4D0, 0xCD11, 0xCD31, 0xCD10, 0xCD11, 0xD531, 0xCD10, 0xCCF0, 0xC4AF,
  0xC4AF, 0xC4AF, 0xC4AF, 0xC4CF, 0xC4AF, 0xC4CF, 0xC4CF, 0xC4CF, 0xBCAF, 0xC4CF, 0xC4B0, 0xC4D0,
  0xC4F0, 0xC4F0, 0xC4F0, 0xC4F0, 0xCCF0, 0xCCF1, 0xC4F1, 0xCCF0, 0xC4F0, 0xC4F0, 0xC4F0, 0xC4D0,
  0xC4D0, 0xC4D0, 0xC4F1, 0xCCF1, 0xCD11, 0xCD11, 0xCD11, 0xCCF0, 0xCCD0, 0xC48F, 0xC48F, 0xC48F,
  0xC48F, 0xC48F, 0xC48F, 0xC4AF, 0xC4AF, 0xCCF0, 0xCCF0, 0xCD10, 0xCD10, 0xCD11, 0xCD11, 0xD511,
  0xCCF1, 0xCCF0, 0xCCD0, 0xC4CF, 0xC4AF, 0xC4AF, 0xC48F, 0xC48F, 0xBC6E, 0xBC6E, 0xBC4E, 0xBC2D,
  0xBC2D, 0xBC2D, 0xBC2D, 0xB40D, 0xB40D, 0xB40D, 0xB40D, 0xB3CC, 0xABAB, 0xAB8B, 0xA38B, 0xA36A,
  0xA34A, 0xA32A, 0x9B29, 0x9B09, 0x9B09, 0x9AE9, 0x92C9, 0x92C8, 0x8AA8, 0x92C9, 0x8AA8, 0x8AA8,
  0x8267, 0x8267, 0x8267, 0x7A26, 0x7A26, 0x71E6, 0x7206, 0x69E5, 0x69E5, 0x69E5, 0x69E5, 0x61A5,
  0x5984, 0x61A5, 0x59A5, 0x5164, 0x5164, 0x4943, 0x38C2, 0x28A2, 0x1861, 0x1041, 0x1861, 0x1881,
  0x1861, 0x1861, 0x1861, 0x1061, 0x1041, 0x0841, 0x1061, 0x1061, 0x0841, 0x1061, 0x0841, 0x1041,
  0x1061, 0x1081, 0x1061, 0x1061, 0x1081, 0x1061, 0x1061, 0x1061, 0x1061, 0x1061, 0x1061, 0x1041,
  0x1881, 0x18A2, 0x1882, 0x1881, 0x1861, 0x1061, 0x1061, 0x1061, 0x1061, 0x1041, 0x1882, 0x18A2,
  0x1061, 0x1861, 0x1881, 0x18A1, 0x1881, 0x1881, 0x1861, 0x18A1, 0x20A1, 0x20A1, 0x20A1, 0x20A2,
  0x20A1, 0x28A2, 0x28A2, 0x20A1, 0x28A1, 0x28C1, 0x3922, 0x4122, 0x4122, 0x5983, 0x61C3, 0x69C3,
  0x69E3, 0x7A04, 0x8265, 0x8265, 0x8A65, 0x8265, 0x8A65, 0x8A86, 0x8A86, 0x8AA6, 0x8AA6, 0x8AA6,
  0x7A03, 0x7A04, 0x7A03, 0x7A04, 0x7A04, 0x7A04, 0x7A04, 0x8204, 0x79E4, 0x71C3, 0x5962, 0x4921,
  0x4901, 0x5142, 0x6162, 0x6183, 0x6983, 0x69A3, 0x69A3, 0x69A3, 0x69A3, 0x69A3, 0x69A3, 0x69A3,
  0x69A3, 0x69A3, 0x69A3, 0x69A3, 0x69A3, 0x69A4, 0x69A4, 0x61C5, 0x59C5, 0x59E6, 0x936B, 0xCCF0,
  0xC4F0, 0xCCF0, 0xCCF0, 0xCD10, 0xCD31, 0xCD10, 0xCCF0, 0xC4F0, 0xC4D0, 0xC4B0, 0xC4D0, 0xC4AF,
  0xBC8F, 0xBC8F, 0xBC8F, 0xC4CF, 0xCD10, 0xCD31, 0xCD10, 0xCCF0, 0xCCF0, 0xCCD0, 0xC4CF, 0xC4AF,
  0xC4AF, 0xC48F, 0xC48F, 0xC48F, 0xC4CF, 0xC4AF, 0xC4AF, 0xC4AF, 0xBCAF, 0xC4AF, 0xC4AF, 0xC4AF,
  0xC4AF, 0xC4AF, 0xC4D0, 0xC4D0, 0xC4D0, 0xC4F0, 0xCCF0, 0xC4F0, 0xC4F0, 0xC4D0, 0xC4D0, 0xC4D0,
  0xC4D0, 0xC4D0, 0xC4D0, 0xCCF1, 0xC4F0, 0xCCF1, 0xCD11, 0xCCF1, 0xC4D0, 0xC4AF, 0xC48F, 0xC48F,
  0xC48F, 0xC48F, 0xC48F, 0xCCAF, 0xC4AF, 0xC4CF, 0xCCF0, 0xCCF0, 0xCCF0, 0xCD10, 0xCD10, 0xCCF0,
  0xCD11, 0xCD10, 0xCCD0, 0xCCD0, 0xCCCF, 0xC4AF, 0xC48F, 0xC46E, 0xBC4E, 0xBC4E, 0xBC2E, 0xBC2D,
  0xBC2D, 0xBC0D, 0xBC2D, 0xB40D, 0xB3EC, 0xB40D, 0xB3ED, 0xB3EC, 0xABCC, 0xAB8B, 0xA36B, 0xA36A,
  0xA34A, 0x9B2A, 0x9AE9, 0x9B09, 0x9AE9, 0x9AE9, 0x92E9, 0x92C8, 0x92A8, 0x8AA8, 0x8AC8, 0x8A88,
  0x8267, 0x8267, 0x8267, 0x7A27, 0x7A26, 0x7206, 0x7206, 0x7206, 0x69E5, 0x69E5, 0x69E5, 0x69E5,
  0x5984, 0x61A5, 0x61A5, 0x59A4, 0x5164, 0x5164, 0x4103, 0x30C2, 0x28A2, 0x1041, 0x1861, 0x2082,
  0x1881, 0x1861, 0x1861, 0x1861, 0x1061, 0x1041, 0x1041, 0x1061, 0x1061, 0x1061, 0x1041, 0x0841,
  0x1061, 0x1061, 0x1061, 0x1061, 0x1081, 0x1081, 0x1061, 0x1061, 0x1061, 0x1861, 0x1061, 0x1041,
  0x1861, 0x1881, 0x1882, 0x20A2, 0x1882, 0x1881, 0x1061, 0x1061, 0x1061, 0x1061, 0x1061, 0x1881,
  0x1881, 0x1061, 0x1881, 0x20A1, 0x20A1, 0x2081, 0x20A2, 0x20A1, 0x20A1, 0x20A1, 0x28A2, 0x28A2,
  0x28C2, 0x28C2, 0x30E2, 0x30C2, 0x28A1, 0x38E1, 0x5163, 0x59A4, 0x5983, 0x61C4, 0x7204, 0x7A45,
  0x7A65, 0x8285, 0x8AA6, 0x92C7, 0x92C7, 0x92C7, 0x92C7, 0x92C7, 0x92C7, 0x92E7, 0x92E7, 0x92E7,
  0x8A44, 0x8A44, 0x8A44, 0x8244, 0x8244, 0x8224, 0x8224, 0x8224, 0x8224, 0x79E4, 0x6983, 0x5142,
  0x4901, 0x5122, 0x5962, 0x6182, 0x6983, 0x69A3, 0x69A3, 0x69A3, 0x69A3, 0x69C3, 0x69C3, 0x69C3,
  0x69A3, 0x69A3, 0x69A3, 0x69C4, 0x69A3, 0x69A3, 0x69C4, 0x69C4, 0x61C5, 0x59C6, 0x7AC9, 0xC4D0,
  0xC4F0, 0xCCF0, 0xCCF0, 0xCD10, 0xCD10, 0xCD10, 0xCD11, 0xCCF0, 0xC4D0, 0xBCB0, 0xBCB0, 0xBC6E,
  0xBC8F, 0xBC6F, 0xBC8E, 0xC4AF, 0xCCF0, 0xCD10, 0xCCF0, 0xCCF0, 0xCCD0, 0xC4AF, 0xC4AF, 0xC48E,
  0xC48E, 0xC48E, 0xBC6E, 0xBC8E, 0xBC8E, 0xC48E, 0xBC6E, 0xBC8E, 0xBC8F, 0xBCAF, 0xC4AF, 0xC4AF,
  0xC4CF, 0xC4AF, 0xBCAF, 0xC4D0, 0xC4AF, 0xC4CF, 0xC4CF, 0xC4D0, 0xC4D0, 0xC4D0, 0xC4D0, 0xC4AF,
  0xBC8F, 0xC4AF, 0xC4D0, 0xC4D0, 0xC4F0, 0xC4F0, 0xC4F1, 0xC4D0, 0xC4B0, 0xC4AF, 0xC48F, 0xC48F,
  0xC48F, 0xC48F, 0xC48E, 0xC48E, 0xC4AF, 0xC4AF, 0xCCF0, 0xCCF0, 0xCD11, 0xCD31, 0xCD11, 0xCD11,
  0xCD11, 0xCD11, 0xCCF0, 0xCCD0, 0xC4AF, 0xC4AF, 0xC48F, 0xC46E, 0xBC4E, 0xBC2E, 0xBC2D, 0xBC2D,
  0xBC0D, 0xB40D, 0xBC2D, 0xB40D, 0xB3EC, 0xB3EC, 0xB3EC, 0xB3EC, 0xABCC, 0xABAB, 0xA38B, 0xA34A,
  0xA34A, 0x9B29, 0x9AE9, 0x9AE9, 0x92E9, 0x92E9, 0x92C8, 0x8AA8, 0x8AA8, 0x8AA8, 0x8AA8, 0x8287,
  0x8287, 0x8267, 0x7A47, 0x7A47, 0x7A26, 0x7206, 0x7206, 0x7206, 0x7206, 0x7206, 0x69E5, 0x69E5,
  0x69C5, 0x59A4, 0x61C5, 0x61A5, 0x5984, 0x5164, 0x4943, 0x3902, 0x30C2, 0x2081, 0x1041, 0x1881,
  0x20A2, 0x1861, 0x1881, 0x1861, 0x1881, 0x1881, 0x1061, 0x1061, 0x1061, 0x1061, 0x1061, 0x1041,
  0x0840, 0x1061, 0x1061, 0x1061, 0x1061, 0x1081, 0x1061, 0x1061, 0x1061, 0x1061, 0x1861, 0x1061,
  0x1061, 0x1881, 0x1881, 0x20A2, 0x20A2, 0x1881, 0x1881, 0x1861, 0x1061, 0x1861, 0x1861, 0x1881,
  0x1881, 0x1881, 0x1881, 0x20A1, 0x20A2, 0x20A1, 0x28A1, 0x28C1, 0x28C2, 0x28A1, 0x28C1, 0x28A1,
  0x30C2, 0x30E2, 0x3902, 0x4122, 0x4922, 0x6A05, 0x7225, 0x7245, 0x7A45, 0x7224, 0x7A45, 0x8AC6,
  0x92E7, 0x92C7, 0x92E7, 0x9307, 0x9307, 0x9307, 0x9307, 0x9307, 0x9307, 0x9AE7, 0x9AE7, 0x9AE7,
  0x8A44, 0x8A44, 0x8A44, 0x8244, 0x8224, 0x8224, 0x8224, 0x8224, 0x8224, 0x7A04, 0x71C3, 0x6182,
  0x5942, 0x5922, 0x6162, 0x6982, 0x69A3, 0x71C3, 0x71C3, 0x71C3, 0x71C4, 0x71C4, 0x71C4, 0x71C4,
  0x71C3, 0x71C3, 0x71C4, 0x71E4, 0x71C4, 0x71C4, 0x71E4, 0x71E4, 0x61C5, 0x61E6, 0x6A47, 0xB46F,
  0xCCF0, 0xCCF0, 0xCCF0, 0xCCF0, 0xCD10, 0xCCF0, 0xCCF1, 0xCCF0, 0xC4D0, 0xC4D0, 0xBCAF, 0xBC6E,
  0xBC6F, 0xBC6E, 0xBC6E, 0xBC8F, 0xCCF0, 0xCCF0, 0xC4CF, 0xC4CF, 0xC4CF, 0xC4CF, 0xC4AF, 0xC48E,
  0xC48E, 0xC46E, 0xBC4D, 0xBC4D, 0xBC4D, 0xBC6E, 0xB42D, 0xBC4E, 0xBC6E, 0xBC6E, 0xBC8E, 0xBCAF,
  0xBCAF, 0xC4AF, 0xC4AF, 0xC4AF, 0xBC6E, 0xC4AF, 0xBCAF, 0xBC8F, 0xC4AF, 0xC4AF, 0xBC8F, 0xC4AF,
  0xC4AF, 0xBC8F, 0xC4AF, 0xC4AF, 0xC4B0, 0xC4D0, 0xCCF0, 0xC4D0, 0xC4D0, 0xC4AF, 0xC48E, 0xC48F,
  0xC48F, 0xC48E, 0xC48E, 0xC48E, 0xC48F, 0xC4AF, 0xCCF0, 0xCD10, 0xD511, 0xD531, 0xD531, 0xCCF0,
  0xCCF0, 0xCCF0, 0xCCF0, 0xCCD0, 0xC4AF, 0xC48F, 0xC46E, 0xC46E, 0xBC4E, 0xBC4E, 0xBC0D, 0xB40D,
  0xB3ED, 0xB3EC, 0xB3EC, 0xB3EC, 0xB3EC, 0xB3EC, 0xB3CC, 0xABCC, 0xABAC, 0xAB8B, 0xA36B, 0xA36A,
  0xA34A, 0x9B09, 0x9AE9, 0x92E9, 0x92E9, 0x92C9, 0x92A8, 0x8AA8, 0x8AA8, 0x8AA8, 0x8A88, 0x8287,
  0x8267, 0x8247, 0x7A47, 0x7A27, 0x7206, 0x7206, 0x7206, 0x7206, 0x7206, 0x71E5, 0x69E5, 0x69E5,
  0x69E5, 0x61A4, 0x61A5, 0x61C5, 0x59A4, 0x5984, 0x5164, 0x4123, 0x38E2, 0x30C2, 0x2081, 0x1041,
  0x20A2, 0x1881, 0x1861, 0x1881, 0x1861, 0x1882, 0x1861, 0x1061, 0x1061, 0x1061, 0x1061, 0x1061,
  0x1061, 0x1040, 0x1861, 0x1041, 0x1061, 0x1861, 0x1061, 0x1061, 0x1861, 0x1861, 0x1881, 0x1881,
  0x1061, 0x1881, 0x2082, 0x20A2, 0x20A2, 0x20A2, 0x20A1, 0x2081, 0x1881, 0x1881, 0x1881, 0x20A1,
  0x2081, 0x20A1, 0x20A1, 0x28C2, 0x28A1, 0x28C1, 0x28C1, 0x30E2, 0x30E2, 0x30C1, 0x30C1, 0x38E2,
  0x30C1, 0x3902, 0x4102, 0x5183, 0x61E4, 0x69E4, 0x82A6, 0x8AA6, 0x8AC7, 0x8AE7, 0x8AC6, 0x92E7,
  0x92E7, 0x92E7, 0x92E7, 0x9307, 0x9307, 0x9307, 0x9307, 0x9307, 0x9B07, 0x9B07, 0x9AE7, 0x9AE7,
  0x8A44, 0x8A24, 0x8224, 0x8224, 0x8224, 0x8224, 0x8204, 0x8204, 0x8204, 0x8204, 0x79E3, 0x71C3,
  0x69A2, 0x6982, 0x69A3, 0x71C3, 0x79E3, 0x79E3, 0x79E3, 0x79E3, 0x79E3, 0x79E3, 0x79E4, 0x79E4,
  0x79E3, 0x79E3, 0x79E3, 0x7A04, 0x7A04, 0x79E3, 0x7A04, 0x7A04, 0x6A06, 0x6A06, 0x6227, 0xA3ED,
  0xCD10, 0xCD10, 0xCD10, 0xCCF0, 0xCCF0, 0xCD10, 0xCCF0, 0xCCF0, 0xC4AF, 0xBCB0, 0xBCAF, 0xB46F,
  0xBC6E, 0xBC6E, 0xBC6E, 0xBC6E, 0xC4CF, 0xCCD0, 0xCCCF, 0xCCCF, 0xC4AF, 0xC4CF, 0xC4AF, 0xC4AF,
  0xC48E, 0xBC4D, 0xBC2D, 0xB42D, 0xB42D, 0xBC4D, 0xB44D, 0xB44D, 0xBC6E, 0xBC6E, 0xBC6E, 0xBC6E,
  0xBC8E, 0xBC8F, 0xC4AF, 0xC4AF, 0xBC8F, 0xC4AF, 0xBC8F, 0xC4AF, 0xBC8F, 0xBC8F, 0xBC8F, 0xBC8F,
  0xBC8F, 0xBC8F, 0xBC8F, 0xC48F, 0xC48F, 0xC48F, 0xC4B0, 0xC4B0, 0xC4B0, 0xC48F, 0xC48E, 0xC48F,
  0xC48F, 0xC46E, 0xC46E, 0xC48E, 0xC4AF, 0xC4CF, 0xCCF0, 0xCCF0, 0xCCF0, 0xD511, 0xCD10, 0xCCF0,
  0xCCF0, 0xCCF0, 0xCCF0, 0xC4AF, 0xC48F, 0xC46E, 0xC46E, 0xBC4E, 0xBC2D, 0xB40D, 0xBC0D, 0xB40D,
  0xB40D, 0xB3EC, 0xB3EC, 0xB3CC, 0xB3CC, 0xABCC, 0xABAC, 0xABAB, 0xABAB, 0xAB8B, 0xA38B, 0xA36A,
  0xA32A, 0x9B09, 0x9B09, 0x9AE9, 0x92E9, 0x92A8, 0x92A8, 0x8AA8, 0x8A88, 0x8A88, 0x8A88, 0x8287,
  0x8267, 0x8267, 0x7A47, 0x7A26, 0x7226, 0x7206, 0x7206, 0x7206, 0x7206, 0x7206, 0x7206, 0x7206,
  0x6A06, 0x61C5, 0x61A5, 0x61C5, 0x61A5, 0x59A4, 0x5984, 0x4944, 0x3902, 0x30C2, 0x28C2, 0x1861,
  0x1861, 0x20A2, 0x1881, 0x1881, 0x1881, 0x1881, 0x1881, 0x1861, 0x1061, 0x1061, 0x1061, 0x1041,
  0x1061, 0x1061, 0x1061, 0x1861, 0x1041, 0x1881, 0x1861, 0x1881, 0x1861, 0x1861, 0x1881, 0x1881,
  0x2081, 0x1861, 0x2081, 0x20A1, 0x28A2, 0x20A2, 0x28A1, 0x28A1, 0x28A2, 0x20A1, 0x20A1, 0x28A1,
  0x28A1, 0x28C1, 0x30C1, 0x30E1, 0x30E1, 0x4942, 0x4962, 0x4122, 0x4942, 0x4942, 0x4122, 0x4922,
  0x4922, 0x5183, 0x5983, 0x69E4, 0x8265, 0x82A6, 0x8285, 0x8AC6, 0x9307, 0x9308, 0x92E7, 0x92E7,
  0x92E7, 0x92E7, 0x92E7, 0x92E7, 0x92E7, 0x92E7, 0x92E7, 0x9307, 0x9307, 0x9307, 0x92E7, 0x92E7,
  0x8A24, 0x8A23, 0x8204, 0x8224, 0x8224, 0x8203, 0x8203, 0x8203, 0x8203, 0x8203, 0x8204, 0x7A03,
  0x79E3, 0x79E3, 0x8203, 0x8204, 0x8204, 0x8204, 0x8224, 0x8204, 0x8204, 0x8204, 0x8204, 0x8203,
  0x8203, 0x8203, 0x8203, 0x8204, 0x8204, 0x79E3, 0x8204, 0x8225, 0x7205, 0x6A06, 0x6247, 0x832B,
  0xCCF0, 0xCCF0, 0xCCF0, 0xCD10, 0xCD10, 0xCD10, 0xCCF0, 0xC4F0, 0xBCAF, 0xBCB0, 0xBC8F, 0xB46F,
  0xBC6E, 0xB44E, 0xBC4E, 0xBC6E, 0xC4AF, 0xCCD0, 0xC4AF, 0xCCCF, 0xCCAF, 0xC4AF, 0xCCAF, 0xC4AF,
  0xC46E, 0xBC4D, 0xBC2D, 0xB40D, 0xB44D, 0xBC4D, 0xBC4D, 0xBC6E, 0xBC6E, 0xB44E, 0xBC6E, 0xBC8E,
  0xBC8E, 0xBC8E, 0xBC6E, 0xBC6E, 0xBC6E, 0xBC8E, 0xBC6E, 0xBC8F, 0xBC8F, 0xBC8F, 0xC4AF, 0xBC8F,
  0xBCAF, 0xC48F, 0xBC6E, 0xBC6F, 0xBC6F, 0xC48F, 0xC4AF, 0xC4B0, 0xC4AF, 0xC48F, 0xBC6E, 0xC48E,
  0xC48E, 0xC46E, 0xC46E, 0xC46E, 0xC4AF, 0xCCD0, 0xCD10, 0xD531, 0xD531, 0xCD11, 0xCCF0, 0xCCF0,
  0xCCF0, 0xCCF0, 0xCCD0, 0xC4AF, 0xC4AF, 0xC48F, 0xC46E, 0xC44E, 0xBC2D, 0xBC2D, 0xBC2D, 0xBC0D,
  0xBC0D, 0xB40D, 0xB40D, 0xB3ED, 0xB3EC, 0xABCC, 0xABAB, 0xABAB, 0xAB8B, 0xA38B, 0xA36B, 0xA34A,
  0x9B2A, 0x9B09, 0x9AE9, 0x92E8, 0x92C8, 0x92C8, 0x92A8, 0x8AA8, 0x8A88, 0x8A88, 0x8A88, 0x8267,
  0x8267, 0x7A47, 0x7A47, 0x7A47, 0x7A26, 0x7A06, 0x7A26, 0x7226, 0x7206, 0x7206, 0x7206, 0x7206,
  0x7206, 0x69E5, 0x61A5, 0x61E5, 0x61C5, 0x61A4, 0x5984, 0x5164, 0x4923, 0x38E2, 0x30E2, 0x2081,
  0x1841, 0x1881, 0x1881, 0x2081, 0x1881, 0x1881, 0x1881, 0x1881, 0x1881, 0x1061, 0x1861, 0x1861,
  0x1061, 0x1061, 0x1061, 0x1861, 0x1061, 0x1861, 0x18A2, 0x1861, 0x1861, 0x1881, 0x1881, 0x1881,
  0x2081, 0x20A1, 0x2081, 0x28A1, 0x28C2, 0x28C2, 0x28C1, 0x28C1, 0x3902, 0x38E1, 0x38E1, 0x38E1,
  0x4122, 0x4122, 0x5183, 0x4922, 0x5182, 0x6A04, 0x6A04, 0x5983, 0x5983, 0x7A45, 0x7204, 0x69E4,
  0x7204, 0x7A45, 0x7A44, 0x8AA6, 0x8AA6, 0x9307, 0x8AC6, 0x8AA6, 0x92E7, 0x9308, 0x92E7, 0x92E7,
  0x92E7, 0x92E7, 0x92C7, 0x92C7, 0x92C7, 0x92C7, 0x92C7, 0x92C7, 0x92C7, 0x92C7, 0x92C7, 0x92C7,
  0x8A23, 0x8A23, 0x8224, 0x8203, 0x8203, 0x8203, 0x8203, 0x8203, 0x8203, 0x8203, 0x8204, 0x8204,
  0x8204, 0x8204, 0x8224, 0x8224, 0x8A24, 0x8A24, 0x8A24, 0x8224, 0x8224, 0x8204, 0x8204, 0x8204,
  0x8204, 0x8203, 0x8203, 0x8204, 0x8204, 0x8204, 0x8204, 0x8225, 0x7205, 0x7205, 0x6247, 0x6268,
  0xC4AF, 0xCD10, 0xCCF0, 0xCD10, 0xCD10, 0xCCF0, 0xCCF0, 0xC4D0, 0xC4F0, 0xBCB0, 0xBCAF, 0xBC6F,
  0xB44E, 0xBC4E, 0xBC6E, 0xBC4E, 0xC48F, 0xC4AF, 0xCCAF, 0xCCAF, 0xCCAF, 0xC46E, 0xC46E, 0xC46E,
  0xC46E, 0xBC4D, 0xB42D, 0xB42D, 0xB44D, 0xBC4E, 0xBC6E, 0xBC4E, 0xBC6E, 0xBC6E, 0xBC6E, 0xBC6E,
  0xBC6E, 0xBC4E, 0xB44D, 0xB42D, 0xBC6E, 0xBC6E, 0xBC8E, 0xBC8F, 0xC4AF, 0xC4AF, 0xC48F, 0xBC8F,
  0xBCAF, 0xBCAF, 0xBC8E, 0xBC6E, 0xBC6E, 0xBC8F, 0xC48F, 0xBC8F, 0xC48F, 0xC48F, 0xBC6E, 0xBC6E,
  0xC48F, 0xC46E, 0xBC4E, 0xC46E, 0xC4AF, 0xCCD0, 0xCD10, 0xD531, 0xD531, 0xCD31, 0xCD11, 0xCCF0,
  0xCCF0, 0xCCD0, 0xCCCF, 0xC4AF, 0xC48F, 0xC46E, 0xC46E, 0xC44E, 0xBC2D, 0xBC4E, 0xBC2D, 0xBC2D,
  0xB40D, 0xB40D, 0xB40D, 0xB3ED, 0xABCC, 0xABAB, 0xAB8B, 0xAB8B, 0xAB8B, 0xA36B, 0xA36A, 0x9B2A,
  0x9B09, 0x9AE9, 0x92E9, 0x92C8, 0x92C8, 0x92A8, 0x8AA8, 0x8AA8, 0x8288, 0x8288, 0x8288, 0x8287,
  0x7A47, 0x7A47, 0x7A26, 0x7A26, 0x7A26, 0x7A26, 0x7A26, 0x7226, 0x7226, 0x7226, 0x7206, 0x7206,
  0x7206, 0x6A06, 0x61A5, 0x69E5, 0x69E5, 0x61C5, 0x59A5, 0x5164, 0x5164, 0x4103, 0x3903, 0x28A1,
  0x2081, 0x1861, 0x1861, 0x2082, 0x1881, 0x1881, 0x1881, 0x1881, 0x1881, 0x1881, 0x1061, 0x1881,
  0x1861, 0x1061, 0x1061, 0x1061, 0x1861, 0x1061, 0x1861, 0x1881, 0x1061, 0x1861, 0x1881, 0x2081,
  0x20A1, 0x2081, 0x28A1, 0x28C1, 0x30C1, 0x38E2, 0x38E2, 0x3902, 0x4101, 0x5983, 0x59A3, 0x5162,
  0x5983, 0x61E4, 0x61C4, 0x61A3, 0x61C3, 0x7A45, 0x7A65, 0x7204, 0x6182, 0x7A45, 0x8AA6, 0x8285,
  0x8265, 0x8AA6, 0x8AA6, 0x8AA5, 0x92E7, 0x92E7, 0x9307, 0x8AC6, 0x8AE7, 0x9308, 0x92E7, 0x8AE7,
  0x8AC7, 0x92C7, 0x92C7, 0x92A6, 0x8AA6, 0x8AC6, 0x8AC7, 0x92C7, 0x92C7, 0x92C7, 0x92C7, 0x92C7,
  0x8A23, 0x8A23, 0x8A23, 0x8A23, 0x8203, 0x8203, 0x8203, 0x8203, 0x8203, 0x8204, 0x8223, 0x8223,
  0x8203, 0x8223, 0x8223, 0x8223, 0x8223, 0x8A44, 0x8A44, 0x8A24, 0x8A23, 0x8A24, 0x8A24, 0x8203,
  0x8203, 0x8203, 0x8204, 0x8204, 0x8203, 0x8203, 0x8203, 0x8224, 0x7A05, 0x7205, 0x6A47, 0x51E6,
  0xAC2D, 0xCD10, 0xCD11, 0xCD11, 0xCD11, 0xCD10, 0xCCF0, 0xC4D0, 0xC4D0, 0xBCAF, 0xBC6F, 0xB44E,
  0xB42E, 0xBC4E, 0xBC4E, 0xBC4E, 0xBC6E, 0xC46E, 0xC46E, 0xC46E, 0xC46E, 0xC42D, 0xC42D, 0xBBED,
  0xBBEC, 0xBC0D, 0xBC0D, 0xB40D, 0xBC4E, 0xBC6E, 0xBC4D, 0xB42D, 0xBC4D, 0xB40D, 0xB40D, 0xB40C,
  0xB42D, 0xB42D, 0xB40D, 0xB42D, 0xB44E, 0xBC8E, 0xBC6E, 0xBC8F, 0xBC8F, 0xBCAF, 0xBC8F, 0xBCAF,
  0xBC8F, 0xBC8E, 0xBC8E, 0xBC8E, 0xBC6E, 0xBC6E, 0xBC6E, 0xBC6E, 0xBC8E, 0xBC6E, 0xBC6E, 0xC48F,
  0xC48F, 0xC46E, 0xBC4D, 0xBC6E, 0xC4AF, 0xCCF0, 0xCD11, 0xD531, 0xCD31, 0xCD11, 0xCD11, 0xCCF0,
  0xCCF0, 0xCCF0, 0xC4CF, 0xC48F, 0xC48F, 0xC48F, 0xC46E, 0xBC2E, 0xBC2D, 0xBC2D, 0xBC2D, 0xB40D,
  0xB40D, 0xB40D, 0xB3EC, 0xABAC, 0xABAC, 0xABAB, 0xAB8B, 0xAB8B, 0xA36B, 0xA36A, 0xA34A, 0x9B29,
  0x9B09, 0x9AE9, 0x92E9, 0x92C8, 0x92C8, 0x92A8, 0x8AA8, 0x8AA8, 0x8288, 0x8AA8, 0x8288, 0x8267,
  0x8267, 0x7A47, 0x7A27, 0x7A27, 0x7A47, 0x7A47, 0x7A26, 0x7A26, 0x7226, 0x7226, 0x7226, 0x7226,
  0x7206, 0x6A06, 0x69E5, 0x6A06, 0x69E5, 0x61C5, 0x61C5, 0x5984, 0x5184, 0x4923, 0x4103, 0x30C2,
  0x28A2, 0x20A1, 0x1861, 0x1861, 0x1881, 0x1881, 0x1882, 0x1881, 0x1881, 0x1881, 0x1881, 0x1881,
  0x1881, 0x1861, 0x1861, 0x1061, 0x1061, 0x1061, 0x1861, 0x1881, 0x20A2, 0x1061, 0x1881, 0x20A1,
  0x28A1, 0x28A1, 0x30C1, 0x4922, 0x5142, 0x5163, 0x4922, 0x5983, 0x61C4, 0x5982, 0x7204, 0x7204,
  0x61C2, 0x7A24, 0x69E3, 0x7A24, 0x71E3, 0x7A44, 0x8A85, 0x8244, 0x8265, 0x8244, 0x92A6, 0x92A6,
  0x8A85, 0x8AA5, 0x92C6, 0x92C6, 0x92C6, 0x92E6, 0x9307, 0x9B28, 0x92E7, 0x9308, 0x9307, 0x92E7,
  0x92E7, 0x92C7, 0x92C7, 0x92C6, 0x8AC6, 0x8AC6, 0x8AC7, 0x8AE7, 0x8AE7, 0x92C7, 0x92C7, 0x92C7,
  0x8A23, 0x8A23, 0x8A23, 0x8A23, 0x8A23, 0x8A03, 0x8203, 0x8203, 0x8A23, 0x8A23, 0x8A23, 0x8A23,
  0x8A23, 0x8223, 0x8223, 0x8A23, 0x8A23, 0x8A23, 0x8A23, 0x8A23, 0x8A23, 0x8A23, 0x8203, 0x8203,
  0x8203, 0x8203, 0x8204, 0x8203, 0x81E3, 0x8203, 0x8203, 0x8204, 0x7A25, 0x7205, 0x7267, 0x51E7,
  0x832A, 0xCD10, 0xCD11, 0xCD31, 0xCD31, 0xCD31, 0xCCF0, 0xC4D0, 0xC4D0, 0xBC8F, 0xBC6F, 0xB46E,
  0xB44E, 0xBC4E, 0xBC4E, 0xBC4D, 0xBC2D, 0xBC0D, 0xBC0D, 0xBBED, 0xC40D, 0xBBCC, 0xBB8B, 0xB34A,
  0xB32A, 0xB34A, 0xB36B, 0xAB6B, 0xB3AC, 0xB3CC, 0xB3AC, 0xB3EC, 0xB3CB, 0xAB8B, 0xA36A, 0xA38B,
  0xABCC, 0xABEC, 0xAC0D, 0xB42D, 0xB44D, 0xBC6E, 0xBC6E, 0xBCAF, 0xBCAF, 0xBCAF, 0xC4AF, 0xBC8F,
  0xBC6E, 0xBC8E, 0xB44E, 0xBC6E, 0xBC6E, 0xB44D, 0xBC6E, 0xBC4E, 0xBC6E, 0xBC6E, 0xBC6E, 0xC48F,
  0xC4AF, 0xC48E, 0xBC4E, 0xBC6E, 0xC4CF, 0xCD10, 0xD531, 0xD551, 0xD531, 0xCD31, 0xCD10, 0xCCF0,
  0xCCF0, 0xCCD0, 0xC4AF, 0xC48F, 0xC48F, 0xC46E, 0xBC4E, 0xBC4E, 0xBC2D, 0xBC2D, 0xB40D, 0xB40D,
  0xB40D, 0xB3EC, 0xABCC, 0xABAC, 0xABAC, 0xAB8B, 0xA38B, 0xA38B, 0xA34A, 0xA34A, 0xA32A, 0x9B09,
  0x9B09, 0x92E9, 0x92E8, 0x92C8, 0x8AC8, 0x8AC8, 0x8AA8, 0x8AA8, 0x8AA8, 0x8A88, 0x8287, 0x8267,
  0x7A67, 0x8267, 0x7A67, 0x7A27, 0x7A47, 0x7A47, 0x7A47, 0x7A46, 0x7A46, 0x7226, 0x7226, 0x7226,
  0x7206, 0x7206, 0x7206, 0x7206, 0x6A05, 0x69E5, 0x61C5, 0x59A5, 0x5984, 0x5164, 0x4103, 0x3903,
  0x30C2, 0x28C2, 0x20A2, 0x1041, 0x1881, 0x1881, 0x20A2, 0x20A2, 0x2081, 0x1881, 0x20A2, 0x1881,
  0x1881, 0x1881, 0x1881, 0x1881, 0x1861, 0x1861, 0x1881, 0x1861, 0x20A2, 0x28A2, 0x2081, 0x30C2,
  0x30C1, 0x38E2, 0x38E2, 0x5142, 0x7225, 0x61C3, 0x69E4, 0x6183, 0x7204, 0x7A24, 0x69C3, 0x7A44,
  0x7A24, 0x8285, 0x8244, 0x8244, 0x8A65, 0x8244, 0x8A85, 0x8A85, 0x8A64, 0x8A85, 0x8A85, 0x8AA5,
  0x92A5, 0x92A5, 0x92A5, 0x92C6, 0x92C6, 0x92E6, 0x9B07, 0x9B28, 0x9B48, 0x9B28, 0x9307, 0x92E7,
  0x92E7, 0x92E7, 0x92E7, 0x92E7, 0x92E7, 0x92E7, 0x92E7, 0x92E7, 0x92E7, 0x92E7, 0x92E7, 0x92E7,
  0x8A23, 0x8A23, 0x8A23, 0x8A23, 0x8A23, 0x8A23, 0x8203, 0x8A23, 0x8A23, 0x8A23, 0x8A23, 0x8A23,
  0x8A23, 0x8223, 0x8223, 0x8A23, 0x8223, 0x8223, 0x8223, 0x8223, 0x8223, 0x8203, 0x8203, 0x8203,
  0x8203, 0x8203, 0x8203, 0x8203, 0x81E3, 0x8203, 0x8204, 0x8204, 0x8225, 0x69E5, 0x7247, 0x5A07,
  0x6227, 0xC4D0, 0xCD10, 0xCD31, 0xD531, 0xCD31, 0xCD10, 0xC4D0, 0xC4D0, 0xBC8F, 0xB46F, 0xB46E,
  0xBC6F, 0xBC6E, 0xBC4E, 0xBC0D, 0xB38B, 0xB36B, 0xBBAC, 0xBBAC, 0xBBAC, 0xBB4B, 0xB2EA, 0xAAA9,
  0x9A47, 0x9A27, 0x9A47, 0x9A47, 0x9A88, 0x9A68, 0x9A88, 0x9AA8, 0x9AA8, 0x9288, 0x9287, 0x92C8,
  0x9AE9, 0x9B0A, 0xA34A, 0xA36A, 0xA38B, 0xA38B, 0xABEC, 0xB42D, 0xB44E, 0xB46E, 0xBC6E, 0xB46E,
  0xB44E, 0xBC6F, 0xBC6E, 0xB46E, 0xB44D, 0xB42D, 0xB42D, 0xBC4E, 0xBC4E, 0xBC6E, 0xBC6E, 0xBC8E,
  0xC48E, 0xC48E, 0xC48E, 0xBC8E, 0xC4CF, 0xCD10, 0xCD31, 0xD531, 0xD531, 0xCD10, 0xCD10, 0xCCF0,
  0xCCCF, 0xC4AF, 0xC4AF, 0xC48F, 0xC48F, 0xC46E, 0xBC4E, 0xBC2D, 0xBC2D, 0xBC2D, 0xB40D, 0xB40D,
  0xB40D, 0xB3EC, 0xABAC, 0xABAC, 0xABAB, 0xA38B, 0xA38B, 0xA36B, 0xA34A, 0xA34A, 0x9B29, 0x9B09,
  0x9AE9, 0x92C8, 0x92C8, 0x92C8, 0x8AC8, 0x8AA8, 0x8AA8, 0x8AA8, 0x8A88, 0x8287, 0x8267, 0x8267,
  0x8267, 0x8267, 0x8267, 0x7A47, 0x7A47, 0x7A47, 0x7A27, 0x7A47, 0x7A46, 0x7A47, 0x7246, 0x7226,
  0x7226, 0x7226, 0x7206, 0x7206, 0x6A06, 0x69E5, 0x61C5, 0x61C5, 0x59A5, 0x59A5, 0x4923, 0x4964,
  0x30C2, 0x3903, 0x30C2, 0x2081, 0x1040, 0x1881, 0x2081, 0x20A2, 0x20A2, 0x20A1, 0x20A2, 0x20A2,
  0x20A1, 0x20A2, 0x20A2, 0x2081, 0x2081, 0x1881, 0x1881, 0x1881, 0x1881, 0x38E2, 0x30C1, 0x4943,
  0x5163, 0x4101, 0x5142, 0x61A3, 0x7204, 0x7204, 0x61A3, 0x7A25, 0x71C3, 0x7A24, 0x8244, 0x7A24,
  0x8A85, 0x8A85, 0x8244, 0x8224, 0x8A85, 0x8A85, 0x8A85, 0x8A85, 0x8A85, 0x8A85, 0x8A85, 0x8A85,
  0x8AA5, 0x92A5, 0x92A5, 0x92C6, 0x92C6, 0x92E6, 0x9307, 0x9B27, 0x9B28, 0x9B28, 0x9307, 0x9307,
  0x9307, 0x9307, 0x9307, 0x92E7, 0x9307, 0x9307, 0x9307, 0x9307, 0x92E7, 0x92C7, 0x92C7, 0x92C6,
  0x8A03, 0x8A03, 0x8A03, 0x8A23, 0x8203, 0x8203, 0x8203, 0x8203, 0x8203, 0x8203, 0x8203, 0x8203,
  0x8203, 0x8203, 0x8203, 0x8223, 0x8223, 0x8223, 0x8223, 0x8223, 0x8203, 0x8203, 0x8203, 0x8203,
  0x8203, 0x8203, 0x8203, 0x8203, 0x8203, 0x81E3, 0x8224, 0x8204, 0x7A05, 0x69E5, 0x7226, 0x5A27,
  0x49A6, 0xAC2E, 0xCD10, 0xCD11, 0xD531, 0xD551, 0xCD31, 0xC4D0, 0xC4AF, 0xBC8F, 0xB44E, 0xBC8F,
  0xBC8F, 0xBC8F, 0xB42D, 0xAB8B, 0xA2E9, 0x9A89, 0xA2A9, 0xAAC9, 0xB2EA, 0xA289, 0x9A28, 0x9207,
  0x9A48, 0xA2A9, 0xA269, 0x89C7, 0x89C6, 0x81A6, 0x7964, 0x7985, 0x7985, 0x6944, 0x6964, 0x6964,
  0x6144, 0x6984, 0x6164, 0x6164, 0x7206, 0x69C5, 0x7A26, 0x8288, 0x932A, 0xA3AC, 0xB42D, 0xB46E,
  0xB46E, 0xB46E, 0xB44E, 0xB44E, 0xB44D, 0xB44D, 0xB42D, 0xB42D, 0xB44D, 0xBC6E, 0xBC8E, 0xBC6E,
  0xBC6E, 0xC46E, 0xBC6E, 0xC4AE, 0xCD10, 0xD531, 0xD531, 0xD531, 0xCD10, 0xCD10, 0xCCF0, 0xC4D0,
  0xC4AF, 0xC4AF, 0xC48F, 0xC48F, 0xC46E, 0xBC4E, 0xBC4E, 0xBC4E, 0xBC2D, 0xBC0D, 0xB3EC, 0xB3EC,
  0xB3ED, 0xB3EC, 0xABCC, 0xABAB, 0xA38B, 0xA36B, 0xA36B, 0xA34A, 0xA32A, 0xA32A, 0x9B09, 0x92E9,
  0x92E9, 0x92C8, 0x92C8, 0x8AA8, 0x8AA8, 0x8AA8, 0x8A88, 0x8A88, 0x8287, 0x8287, 0x8267, 0x8267,
  0x8287, 0x8267, 0x8267, 0x7A47, 0x7A47, 0x7A47, 0x7A47, 0x7A47, 0x7A47, 0x7A47, 0x7A47, 0x7226,
  0x7226, 0x7226, 0x7226, 0x7226, 0x6A06, 0x6A05, 0x69E5, 0x61E5, 0x61C5, 0x61E5, 0x5164, 0x51A5,
  0x38C2, 0x4123, 0x3902, 0x28C2, 0x1861, 0x1841, 0x20A2, 0x20A2, 0x30E3, 0x28A2, 0x20A1, 0x20A2,
  0x28A2, 0x20A1, 0x20A2, 0x20A2, 0x2082, 0x20A2, 0x2081, 0x2081, 0x2081, 0x2881, 0x3902, 0x4922,
  0x61C4, 0x5162, 0x5962, 0x69C4, 0x7A25, 0x7A24, 0x7A45, 0x7A04, 0x8245, 0x8244, 0x8A85, 0x8264,
  0x8244, 0x8A85, 0x8244, 0x8264, 0x8A84, 0x8A85, 0x8A84, 0x8A85, 0x8A85, 0x8A85, 0x8A85, 0x8A85,
  0x8AA5, 0x8AA5, 0x92A5, 0x92A6, 0x92C6, 0x92C6, 0x92C6, 0x92E7, 0x92E7, 0x92E7, 0x92E7, 0x92C7,
  0x92C7, 0x92C7, 0x92C7, 0x92C6, 0x92C6, 0x92C6, 0x92A6, 0x8AA6, 0x8A86, 0x8A85, 0x8265, 0x8245,
  0x8203, 0x81E3, 0x81E3, 0x8203, 0x8203, 0x8203, 0x8203, 0x8203, 0x8203, 0x8203, 0x8203, 0x8203,
  0x8203, 0x8A23, 0x8A23, 0x8A23, 0x8A23, 0x8A23, 0x8A23, 0x8A23, 0x8A23, 0x8A23, 0x8A23, 0x8A23,
  0x8A43, 0x8A44, 0x8A24, 0x8204, 0x8203, 0x81E3, 0x8204, 0x8204, 0x79E4, 0x71E5, 0x69E5, 0x6227,
  0x4185, 0x8B2A, 0xCCF0, 0xCD10, 0xCD31, 0xD551, 0xCD31, 0xC4F0, 0xBCAF, 0xB46F, 0xB44E, 0xBC8F,
  0xBCAF, 0xBC6F, 0xB3ED, 0xB38D, 0xBBAE, 0xC3CF, 0xBB6D, 0xB32C, 0xB32C, 0xB32C, 0xBB2C, 0xBB2C,
  0xC34C, 0xC32C, 0xBAEB, 0xB2EB, 0xAACA, 0xAACA, 0xA2CA, 0xA2AA, 0x9A89, 0x9289, 0x92A9, 0x8A89,
  0x92C9, 0x92C9, 0x8288, 0x8288, 0x82A9, 0x7A68, 0x7247, 0x6A06, 0x6A06, 0x6A26, 0x8288, 0x934A,
  0xA3CC, 0xB44D, 0xB44E, 0xB44D, 0xB44E, 0xBC4E, 0xBC2D, 0xB40D, 0xBC4E, 0xBC6E, 0xBC6E, 0xBC6E,
  0xC48E, 0xC48E, 0xBC6E, 0xC4AF, 0xCD10, 0xD531, 0xCD31, 0xCD10, 0xCCF0, 0xCCF0, 0xC4CF, 0xC4AF,
  0xC4AF, 0xC4AF, 0xC48F, 0xC46E, 0xBC4E, 0xBC4E, 0xBC2D, 0xBC2D, 0xB40D, 0xB40D, 0xB3ED, 0xB3ED,
  0xB3EC, 0xABCC, 0xABAB, 0xABAB, 0xA38B, 0xA36A, 0xA32A, 0x9B09, 0x9B09, 0x9B09, 0x9AE9, 0x92E9,
  0x92C9, 0x92C8, 0x92A8, 0x8AC8, 0x8AA8, 0x8AA8, 0x8A88, 0x8287, 0x8287, 0x8287, 0x8287, 0x8287,
  0x8287, 0x8287, 0x8267, 0x7A47, 0x7A67, 0x7A47, 0x7A67, 0x7A47, 0x7A47, 0x7A47, 0x7A47, 0x7226,
  0x7226, 0x7226, 0x7226, 0x7226, 0x7226, 0x6A06, 0x6A06, 0x69E5, 0x69E5, 0x69E5, 0x5184, 0x59C5,
  0x4123, 0x4123, 0x3903, 0x4123, 0x28A2, 0x1881, 0x1861, 0x28A2, 0x28C2, 0x30E2, 0x28A2, 0x28A1,
  0x28A1, 0x28A2, 0x28A1, 0x28A2, 0x28A2, 0x28A2, 0x20A1, 0x28A1, 0x28A1, 0x28A1, 0x30A1, 0x4942,
  0x7204, 0x7204, 0x69C3, 0x71C3, 0x7A24, 0x8A65, 0x8A85, 0x8A65, 0x7A23, 0x8A65, 0x8A65, 0x8A85,
  0x8244, 0x8244, 0x8A64, 0x8A64, 0x8A64, 0x8A84, 0x8A85, 0x8A85, 0x8A85, 0x8A85, 0x8A85, 0x8A84,
  0x8A84, 0x8A84, 0x8A85, 0x8A85, 0x8A85, 0x8A85, 0x8A85, 0x8A85, 0x8A65, 0x8265, 0x8265, 0x8265,
  0x8265, 0x8245, 0x8245, 0x8244, 0x8244, 0x8224, 0x8224, 0x7A24, 0x7A24, 0x7A03, 0x7A03, 0x7A03,
  0x81E2, 0x81E3, 0x81E3, 0x81E3, 0x8203, 0x8203, 0x8203, 0x8203, 0x8A03, 0x8203, 0x8203, 0x8203,
  0x8203, 0x8203, 0x8A23, 0x8A23, 0x8A23, 0x8A23, 0x8A23, 0x8A23, 0x8A23, 0x8A23, 0x8A23, 0x8A24,
  0x8A24, 0x8A24, 0x8203, 0x81E3, 0x79E3, 0x79E3, 0x79E3, 0x79E3, 0x69C4, 0x69A4, 0x61C4, 0x5A06,
  0x4185, 0x6226, 0xC4D0, 0xCD10, 0xCD31, 0xD551, 0xD551, 0xCCF0, 0xBC8F, 0xB44E, 0xB46F, 0xBCB0,
  0xBCAF, 0xBC2E, 0xBBCE, 0xC3CF, 0xCBF0, 0xCBCF, 0xCB8E, 0xCBAE, 0xCB8E, 0xCB8E, 0xC36D, 0xC34D,
  0xC32C, 0xBB0B, 0xB2EB, 0xAACA, 0xAACA, 0xA2CA, 0xA2EA, 0xA30A, 0xA30A, 0xA30B, 0xA34B, 0xA36B,
  0xA36C, 0xA36B, 0x9B6B, 0x9B6B, 0xA38C, 0xA3AC, 0xA3AC, 0x9BAC, 0x9B8C, 0x934B, 0x8B0A, 0x7A88,
  0x7A88, 0x932A, 0xABCC, 0xB44D, 0xB44D, 0xBC4D, 0xB42D, 0xB42D, 0xB42D, 0xBC6E, 0xC48E, 0xBC8E,
  0xC48E, 0xBC6E, 0xBC6E, 0xC4D0, 0xCD10, 0xCD31, 0xCD11, 0xCD10, 0xCCD0, 0xCCD0, 0xC4CF, 0xC4AF,
  0xC4AF, 0xC48F, 0xC48E, 0xC46E, 0xBC4E, 0xBC2D, 0xBC2D, 0xB40D, 0xB40D, 0xB40D, 0xB3EC, 0xB3CC,
  0xB3CC, 0xABCC, 0xABAB, 0xAB8B, 0xAB8B, 0xA34A, 0x9B09, 0x9B09, 0x9B09, 0x9B09, 0x92E9, 0x92C9,
  0x92C8, 0x92C8, 0x8AA8, 0x8AA8, 0x8AA8, 0x8A88, 0x8A88, 0x8A88, 0x8288, 0x8287, 0x8287, 0x8287,
  0x8267, 0x8267, 0x8267, 0x7A67, 0x8267, 0x7A67, 0x7A67, 0x7A47, 0x7A67, 0x7A47, 0x7A47, 0x7226,
  0x7226, 0x7A47, 0x7247, 0x7226, 0x7226, 0x6A06, 0x6A06, 0x6A06, 0x6A06, 0x6A06, 0x59A5, 0x59A5,
  0x5184, 0x4123, 0x4123, 0x4123, 0x30C2, 0x28C2, 0x2081, 0x1861, 0x28C2, 0x30C2, 0x30E3, 0x30C2,
  0x28C2, 0x28A2, 0x28C2, 0x30C2, 0x30C2, 0x30E2, 0x30C2, 0x30C2, 0x38E2, 0x30E2, 0x30C1, 0x38C1,
  0x69E4, 0x7204, 0x8245, 0x7A04, 0x8224, 0x8A85, 0x8A85, 0x8A85, 0x8A65, 0x8223, 0x8A44, 0x8A85,
  0x8A64, 0x8223, 0x8223, 0x8A64, 0x8244, 0x8264, 0x8264, 0x8A64, 0x8A64, 0x8264, 0x8244, 0x8244,
  0x8243, 0x8223, 0x8223, 0x8223, 0x7A23, 0x7A03, 0x7A03, 0x7A03, 0x7203, 0x71E3, 0x71E3, 0x71E3,
  0x71E3, 0x71E3, 0x71E3, 0x71E2, 0x79E3, 0x7A03, 0x7A03, 0x7A03, 0x7A03, 0x7A23, 0x7A23, 0x7A03,
  0x79C2, 0x79C2, 0x79C2, 0x81C2, 0x81C3, 0x81C3, 0x81C2, 0x81C2, 0x81C3, 0x79C2, 0x79C2, 0x79C2,
  0x79C2, 0x81E2, 0x81E2, 0x81E3, 0x81E3, 0x8203, 0x79E3, 0x79E3, 0x81E3, 0x79E3, 0x79E3, 0x79E3,
  0x79E3, 0x79E3, 0x71C3, 0x71C3, 0x71C2, 0x71C2, 0x71C3, 0x71A3, 0x69A3, 0x61A4, 0x61C5, 0x59C6,
  0x49A6, 0x4144, 0xAC0D, 0xCD10, 0xCD31, 0xD551, 0xD551, 0xCD10, 0xBC8F, 0xB44E, 0xB46E, 0xBC8F,
  0xBC6F, 0xB3AE, 0xBBAE, 0xCBCF, 0xCBCF, 0xCBAF, 0xC38E, 0xCBAE, 0xC38E, 0xCB8E, 0xC38D, 0xC36D,
  0xBB4C, 0xBB2C, 0xB32B, 0xAB2B, 0xB34C, 0xAB4C, 0xB36C, 0xB38C, 0xAB8C, 0xABCD, 0xABCD, 0xABED,
  0xABED, 0xB40E, 0xABED, 0xAC0D, 0xAC0D, 0xAC2E, 0xAC0D, 0xAC0D, 0xAC2E, 0xAC2E, 0xAC0D, 0xAC0D,
  0x9B8C, 0x932A, 0x82C9, 0x934A, 0xABEC, 0xB42D, 0xBC6E, 0xBC4E, 0xBC6D, 0xBC8E, 0xBC6E, 0xBC6E,
  0xC4AF, 0xBC6E, 0xC4AF, 0xCD10, 0xCD31, 0xCD10, 0xCD10, 0xCCF0, 0xCCCF, 0xC4CF, 0xC4AF, 0xC4AF,
  0xC46E, 0xC46E, 0xC46E, 0xBC4E, 0xBC2D, 0xBC2D, 0xB40D, 0xB40D, 0xB3EC, 0xB3EC, 0xB3CC, 0xABCC,
  0xABAB, 0xABAB, 0xAB8B, 0xA36B, 0xA34A, 0xA34A, 0x9B09, 0x9B09, 0x9B09, 0x9AE9, 0x92C9, 0x92C8,
  0x92C8, 0x8AA8, 0x8AC8, 0x8AA8, 0x8A88, 0x8A88, 0x8A88, 0x8A88, 0x8287, 0x8287, 0x8287, 0x8267,
  0x8287, 0x8287, 0x8267, 0x8267, 0x8267, 0x7A67, 0x7A67, 0x7A67, 0x7A67, 0x7A47, 0x7A47, 0x7A47,
  0x7A67, 0x7A67, 0x7247, 0x7A47, 0x7226, 0x7226, 0x7226, 0x6A06, 0x6A06, 0x6A26, 0x61E5, 0x59A5,
  0x59C5, 0x4923, 0x4944, 0x4964, 0x38E3, 0x30E3, 0x28A2, 0x2081, 0x2081, 0x30C2, 0x38E3, 0x3923,
  0x38E2, 0x3903, 0x30C2, 0x3903, 0x4143, 0x4944, 0x4964, 0x4102, 0x5163, 0x4102, 0x4101, 0x4922,
  0x5942, 0x7A25, 0x7A04, 0x8245, 0x8224, 0x8A44, 0x8A65, 0x8A64, 0x8A64, 0x8244, 0x8224, 0x8244,
  0x8224, 0x8223, 0x7A03, 0x79E3, 0x7A03, 0x7A03, 0x7A03, 0x7A02, 0x7A02, 0x7A02, 0x79E2, 0x79E2,
  0x79E2, 0x79E2, 0x79E2, 0x79E2, 0x79E2, 0x71E2, 0x71E3, 0x71E3, 0x79E3, 0x79E3, 0x71E3, 0x79E3,
  0x7A03, 0x7A03, 0x7A03, 0x7A24, 0x8224, 0x8244, 0x8244, 0x8244, 0x8244, 0x8A65, 0x8A65, 0x8A65,
  0x7182, 0x7182, 0x7182, 0x7182, 0x7182, 0x7182, 0x7182, 0x6981, 0x6962, 0x6961, 0x6961, 0x6982,
  0x6982, 0x6982, 0x6982, 0x71A2, 0x71A2, 0x71A2, 0x69A2, 0x69A2, 0x69A2, 0x6982, 0x69A2, 0x71A2,
  0x71C2, 0x71C3, 0x69A3, 0x69A3, 0x71C3, 0x71C3, 0x71C3, 0x71C3, 0x71C3, 0x69C4, 0x69C4, 0x69E5,
  0x59E7, 0x3103, 0x82C9, 0xCD10, 0xCD10, 0xCD51, 0xD551, 0xCD31, 0xBC8F, 0xB44E, 0xB44E, 0xBC8F,
  0xB42E, 0xBBAE, 0xC3AE, 0xC3AE, 0xC3AE, 0xC3AE, 0xCBCE, 0xC3AE, 0xC3AE, 0xC3CE, 0xC3AE, 0xC3CE,
  0xBBCD, 0xBBCD, 0xBBEE, 0xBBED, 0xBC0E, 0xBC2E, 0xBC0E, 0xBC2E, 0xBC4E, 0xBC6F, 0xBC4F, 0xBC6F,
  0xBC6F, 0xBC8F, 0xBC8F, 0xBC8F, 0xB46F, 0xB46F, 0xB46F, 0xBC6F, 0xBC8F, 0xB46E, 0xB46E, 0xB46E,
  0xB44E, 0xAC2E, 0xA3EC, 0x934A, 0x8B29, 0x9B8B, 0xB42D, 0xBC4D, 0xBC8E, 0xC4AE, 0xC48E, 0xC48E,
  0xC48E, 0xBC8E, 0xCCF0, 0xCCF0, 0xCD10, 0xCD10, 0xCCF0, 0xC4CF, 0xC4CF, 0xC4AF, 0xC4AF, 0xC46E,
  0xC46E, 0xBC4E, 0xBC4E, 0xBC4E, 0xBC2D, 0xB40D, 0xB3EC, 0xB40D, 0xB3EC, 0xB3CC, 0xABCC, 0xABAC,
  0xABAB, 0xAB8B, 0xA36A, 0xA36A, 0xA34A, 0xA32A, 0x9B09, 0x9AE9, 0x9AE9, 0x92E9, 0x92C9, 0x92C8,
  0x92C8, 0x8AA8, 0x8AA8, 0x8AA8, 0x8A88, 0x8A88, 0x8A88, 0x8287, 0x8287, 0x8287, 0x8288, 0x8287,
  0x8267, 0x8267, 0x8288, 0x8267, 0x8267, 0x7A67, 0x7A67, 0x7A67, 0x7A67, 0x7A47, 0x7A67, 0x7A67,
  0x7A67, 0x7A67, 0x7A47, 0x7A47, 0x7247, 0x7246, 0x7226, 0x7226, 0x7226, 0x7226, 0x6A06, 0x61A5,
  0x61E6, 0x4943, 0x4944, 0x4964, 0x4123, 0x38E2, 0x30E2, 0x28A2, 0x28A1, 0x2881, 0x38E2, 0x4944,
  0x4123, 0x5184, 0x4123, 0x30A1, 0x4102, 0x59A5, 0x61C5, 0x5184, 0x61A4, 0x69E4, 0x6182, 0x69C3,
  0x6182, 0x69A2, 0x7A04, 0x7A04, 0x8224, 0x7A04, 0x7A03, 0x7A03, 0x7A03, 0x7A03, 0x79E3, 0x71C2,
  0x71C2, 0x71A2, 0x71A2, 0x71C2, 0x71C2, 0x71C2, 0x71C2, 0x71E2, 0x71E2, 0x79E2, 0x79E2, 0x79E2,
  0x7A02, 0x7A02, 0x7A03, 0x7A03, 0x7A03, 0x7A23, 0x8244, 0x8244, 0x8244, 0x8244, 0x8265, 0x8265,
  0x8265, 0x8265, 0x8A85, 0x8A65, 0x8A85, 0x8A85, 0x8AA6, 0x8A86, 0x8A85, 0x8A85, 0x8A85, 0x8A86,
  0x6941, 0x6941, 0x6941, 0x6962, 0x6961, 0x6941, 0x6941, 0x6941, 0x6962, 0x6962, 0x6982, 0x6982,
  0x6982, 0x69A2, 0x69A2, 0x69A2, 0x69A2, 0x69A2, 0x69A2, 0x71A2, 0x71A2, 0x71A2, 0x71C3, 0x71C3,
  0x79E3, 0x79E3, 0x79E3, 0x79E3, 0x7A03, 0x7A03, 0x8224, 0x8224, 0x8224, 0x7A25, 0x7205, 0x7225,
  0x6227, 0x30E3, 0x5184, 0xC4AF, 0xCD11, 0xCD31, 0xD572, 0xD551, 0xC4AF, 0xB46F, 0xBC8F, 0xB44E,
  0xB3ED, 0xBB8D, 0xC3AE, 0xC3AE, 0xC3CE, 0xC3AE, 0xCBEF, 0xC3CE, 0xC40E, 0xC42F, 0xC470, 0xCC90,
  0xCC90, 0xCCB0, 0xCCD0, 0xC490, 0xC4B0, 0xC4B0, 0xC490, 0xC4B0, 0xC4B0, 0xC4B0, 0xC4B0, 0xC4D0,
  0xBCAF, 0xC4AF, 0xBCB0, 0xBCAF, 0xBCAF, 0xBC8F, 0xBCAF, 0xBCAF, 0xBCB0, 0xBCB0, 0xBC8F, 0xBCAF,
  0xBC8F, 0xBC8E, 0xBC8E, 0xB46E, 0xB46E, 0xB42D, 0xA38B, 0xA3AB, 0xABCB, 0xB42C, 0xBC4D, 0xBC6E,
  0xBC6E, 0xC4CF, 0xCCEF, 0xCCF0, 0xCCF0, 0xCCF0, 0xC4CF, 0xC4CF, 0xC4AF, 0xC4AF, 0xC48E, 0xBC4E,
  0xBC4D, 0xBC4D, 0xBC2D, 0xBC2D, 0xB40D, 0xB40D, 0xB3EC, 0xB3EC, 0xB3CC, 0xABCC, 0xABCC, 0xABAB,
  0xAB8B, 0xA36A, 0xA34A, 0xA34A, 0xA34A, 0x9B2A, 0x9B09, 0x92E9, 0x92E9, 0x92E9, 0x92C9, 0x8AA8,
  0x8AA8, 0x8AA8, 0x8AA8, 0x8A88, 0x8A88, 0x8A88, 0x8287, 0x8287, 0x8287, 0x8287, 0x8287, 0x8287,
  0x8287, 0x8287, 0x8288, 0x8287, 0x8267, 0x8267, 0x7A67, 0x7A67, 0x7A67, 0x7A67, 0x7A67, 0x7A67,
  0x7A67, 0x7A47, 0x7A67, 0x7A67, 0x7A67, 0x7A47, 0x7247, 0x7247, 0x7246, 0x7246, 0x7226, 0x61C4,
  0x69E5, 0x4944, 0x4944, 0x5164, 0x4944, 0x4103, 0x4103, 0x30C2, 0x38E2, 0x3902, 0x30C2, 0x4123,
  0x5164, 0x59A4, 0x59A5, 0x4923, 0x38E2, 0x4923, 0x59C5, 0x6A26, 0x69A3, 0x7A24, 0x7A04, 0x69A2,
  0x71E3, 0x71C3, 0x71A2, 0x79E3, 0x79E3, 0x71C2, 0x71C2, 0x71C2, 0x71C2, 0x71C2, 0x71C2, 0x69A2,
  0x6981, 0x6981, 0x6981, 0x71C2, 0x71E2, 0x7A02, 0x7A03, 0x7A03, 0x7A03, 0x8223, 0x8244, 0x8244,
  0x8244, 0x8244, 0x8264, 0x8A64, 0x8A64, 0x8A85, 0x8A85, 0x8AA5, 0x8AA5, 0x92A6, 0x92A6, 0x92A6,
  0x92A6, 0x92A6, 0x92A6, 0x92A6, 0x92A6, 0x92A6, 0x92A6, 0x92A6, 0x92A6, 0x92A6, 0x92A6, 0x8AA6,
  0x6961, 0x6961, 0x6962, 0x6982, 0x7182, 0x7182, 0x7182, 0x71A2, 0x71A2, 0x79C3, 0x79C3, 0x79E3,
  0x79E3, 0x79E3, 0x79E3, 0x79E3, 0x79E3, 0x79E3, 0x7A03, 0x7A03, 0x8203, 0x8203, 0x8204, 0x8224,
  0x8224, 0x8A44, 0x8A44, 0x8A44, 0x8A64, 0x8A64, 0x8A64, 0x9285, 0x8A65, 0x8A65, 0x8265, 0x8265,
  0x7A87, 0x4165, 0x30C2, 0x9B8B, 0xCD10, 0xCD31, 0xD572, 0xD572, 0xC4D0, 0xBC6F, 0xB46E, 0xAC0D,
  0xABAD, 0xBBCE, 0xC3EF, 0xC3EE, 0xC40F, 0xC42F, 0xCC6F, 0xCC90, 0xCCB0, 0xCCD1, 0xD512, 0xCD11,
  0xCD11, 0xCCF1, 0xCCF1, 0xCD11, 0xCCF1, 0xCCF1, 0xC4F0, 0xC4D0, 0xC4D0, 0xC4D0, 0xC4D0, 0xC4F0,
  0xC4D0, 0xC4B0, 0xC4B0, 0xC4D0, 0xBCB0, 0xC4B0, 0xC4D0, 0xBCAF, 0xBCB0, 0xC4F0, 0xC4D0, 0xC4D0,
  0xC4F0, 0xC4D0, 0xC4F0, 0xBCAF, 0xBC8F, 0xC4CF, 0xC4AF, 0xBC8E, 0xBC6E, 0xBC4E, 0xBC8E, 0xC4AF,
  0xC4AF, 0xC4CF, 0xC4CF, 0xC4CF, 0xC4CF, 0xC4CF, 0xC4CF, 0xC4AF, 0xC4AF, 0xC48E, 0xC46E, 0xC46E,
  0xBC2D, 0xBC2D, 0xBC0D, 0xB40D, 0xB40D, 0xB3EC, 0xB3EC, 0xABCC, 0xABCC, 0xABAB, 0xABAB, 0xAB8B,
  0xA36A, 0xA34A, 0xA32A, 0xA32A, 0xA34A, 0x9B29, 0x9B09, 0x92E9, 0x92C9, 0x92C8, 0x92C8, 0x8AA8,
  0x8AA8, 0x8AA8, 0x8AA8, 0x8AA8, 0x8A88, 0x8A88, 0x8287, 0x8287, 0x8287, 0x8287, 0x8287, 0x8287,
  0x8287, 0x8288, 0x8288, 0x8288, 0x8267, 0x7A67, 0x7A67, 0x7A67, 0x7A67, 0x7A67, 0x7A67, 0x7A67,
  0x7A67, 0x7A67, 0x7A67, 0x7A67, 0x7A67, 0x7A47, 0x7A47, 0x7246, 0x7247, 0x7247, 0x7247, 0x61C5,
  0x69E5, 0x5184, 0x4923, 0x5164, 0x5164, 0x4943, 0x4943, 0x4964, 0x4123, 0x5184, 0x5164, 0x4923,
  0x5164, 0x59A4, 0x61C5, 0x59A4, 0x5184, 0x4943, 0x4943, 0x61C4, 0x69C3, 0x79E3, 0x79E3, 0x71C3,
  0x71C3, 0x71E3, 0x71C2, 0x79E3, 0x79E3, 0x79E3, 0x79E2, 0x79E2, 0x79E3, 0x79E3, 0x79E3, 0x79E3,
  0x71C2, 0x71C2, 0x71E2, 0x7A03, 0x8223, 0x8244, 0x8244, 0x8264, 0x8A64, 0x8A64, 0x8A85, 0x8A85,
  0x8A85, 0x8A85, 0x8AA5, 0x92A5, 0x92A6, 0x92A6, 0x92C6, 0x92C6, 0x92C6, 0x92C6, 0x92C6, 0x92A6,
  0x92A6, 0x92A6, 0x92A6, 0x92A6, 0x92A6, 0x92A6, 0x92A6, 0x92A5, 0x92A6, 0x8AA5, 0x8AA5, 0x92A5,
  0x79C2, 0x79C2, 0x79C2, 0x79C2, 0x79C2, 0x79E3, 0x79E3, 0x8203, 0x8203, 0x8224, 0x8223, 0x8A23,
  0x8A44, 0x8A44, 0x8A44, 0x8A43, 0x8A44, 0x8A44, 0x8A44, 0x8A44, 0x8A44, 0x8244, 0x8244, 0x8244,
  0x8A44, 0x8A44, 0x8A44, 0x8A64, 0x9265, 0x9285, 0x9285, 0x92A5, 0x9285, 0x9285, 0x8A85, 0x9285,
  0x82A7, 0x51E6, 0x28A2, 0x6A47, 0xCCF0, 0xCD10, 0xD551, 0xD572, 0xCD10, 0xBC8F, 0xB46E, 0xB42E,
  0xB40E, 0xC44F, 0xCC4F, 0xCC90, 0xCCB0, 0xCCD0, 0xCCD0, 0xCCD0, 0xCD11, 0xD532, 0xD552, 0xD552,
  0xD532, 0xCD32, 0xCD32, 0xCD32, 0xCD32, 0xCD32, 0xCCF1, 0xC4F1, 0xC4D0, 0xC4F0, 0xC4D0, 0xC4D0,
  0xC4D0, 0xC4D0, 0xC4D0, 0xC4D0, 0xC4D0, 0xC4D0, 0xC4D0, 0xC4D0, 0xC4F0, 0xC4F0, 0xC4F0, 0xC511,
  0xC4F0, 0xC4F0, 0xC510, 0xC4F0, 0xC4CF, 0xC4AF, 0xC4AF, 0xBC8E, 0xC4AE, 0xC4AE, 0xC4AE, 0xC4AE,
  0xC48E, 0xC4AF, 0xC4AF, 0xC4AF, 0xC4AF, 0xC4AF, 0xC4AF, 0xC48F, 0xBC6E, 0xBC6E, 0xBC6E, 0xBC4E,
  0xB42D, 0xB40D, 0xB3EC, 0xB3EC, 0xB3EC, 0xB3CC, 0xABCC, 0xABCC, 0xABAB, 0xABAB, 0xAB8B, 0xAB8B,
  0xA36A, 0xA32A, 0x9B2A, 0x9B0A, 0x9B0A, 0x9B09, 0x92E9, 0x92C9, 0x92C8, 0x8AC8, 0x8AA8, 0x8AA8,
  0x8AA8, 0x8AA8, 0x8AA8, 0x8AA8, 0x8AA8, 0x8AA8, 0x8287, 0x8287, 0x8287, 0x8287, 0x8288, 0x8288,
  0x8287, 0x8288, 0x8288, 0x8288, 0x8267, 0x7A67, 0x7A67, 0x7A67, 0x7A67, 0x7A67, 0x8267, 0x8288,
  0x8288, 0x8287, 0x7A67, 0x7A67, 0x7A67, 0x7A67, 0x7A67, 0x7246, 0x7247, 0x7247, 0x7247, 0x61E5,
  0x69E5, 0x59A5, 0x4943, 0x5184, 0x5184, 0x5984, 0x59A4, 0x5184, 0x5984, 0x5984, 0x59A4, 0x61C5,
  0x5984, 0x59A4, 0x61C4, 0x61C5, 0x61C5, 0x59C5, 0x61E5, 0x69E4, 0x69A3, 0x71E3, 0x7A03, 0x8224,
  0x7A03, 0x8223, 0x8224, 0x8224, 0x8224, 0x8244, 0x8244, 0x8244, 0x8244, 0x8244, 0x8244, 0x8244,
  0x8224, 0x8224, 0x8224, 0x8244, 0x8264, 0x8A65, 0x8A65, 0x8A85, 0x8A85, 0x8A85, 0x8A85, 0x8A85,
  0x8AA5, 0x8AA5, 0x92A6, 0x92A6, 0x92A5, 0x92A6, 0x92C6, 0x92C6, 0x92C6, 0x92A6, 0x92A6, 0x92A6,
  0x92A6, 0x92A6, 0x92A6, 0x92A6, 0x92A6, 0x92A5, 0x92A5, 0x92A5, 0x92A5, 0x92A5, 0x8AA5, 0x92A5,
  0x8203, 0x8203, 0x8203, 0x8A03, 0x8203, 0x8203, 0x8A23, 0x8A23, 0x8A43, 0x8A63, 0x8A64, 0x8A64,
  0x9264, 0x9264, 0x9264, 0x8A64, 0x8A64, 0x8A64, 0x8A64, 0x8A44, 0x8A44, 0x8244, 0x8244, 0x8A44,
  0x8A44, 0x8A44, 0x8A64, 0x8A65, 0x9285, 0x9285, 0x9285, 0x9AA5, 0x9AA5, 0x92A5, 0x92A5, 0x9285,
  0x8AA7, 0x6227, 0x28E3, 0x4143, 0xB44E, 0xCD10, 0xCD31, 0xD551, 0xCD10, 0xBCAF, 0xB46E, 0xB46F,
  0xC4B0, 0xCCB0, 0xCCD0, 0xCCD0, 0xCCD0, 0xCCF1, 0xCD11, 0xCD11, 0xCD32, 0xD552, 0xD573, 0xD572,
  0xD552, 0xCD52, 0xCD52, 0xCD32, 0xCD11, 0xCD11, 0xC4F0, 0xC4F0, 0xC4D0, 0xC4D0, 0xC4D0, 0xC4D0,
  0xC4D0, 0xC4D0, 0xC4D0, 0xC4D0, 0xC4F0, 0xC4F0, 0xC4F0, 0xC511, 0xC511, 0xC511, 0xC511, 0xCD31,
  0xCD31, 0xC511, 0xC510, 0xC4F0, 0xC4CF, 0xC4CF, 0xC4AF, 0xC4AF, 0xC48E, 0xBC6D, 0xBC4D, 0xBC6E,
  0xBC8E, 0xC48E, 0xC4AE, 0xC48E, 0xC48E, 0xBC8E, 0xC48E, 0xBC6E, 0xBC4E, 0xBC4E, 0xBC4D, 0xBC2D,
  0xB40D, 0xB3EC, 0xB3EC, 0xABCC, 0xABAB, 0xABCC, 0xABCC, 0xABAB, 0xAB8B, 0xAB8B, 0xA38B, 0xA36B,
  0xA34A, 0xA32A, 0x9B0A, 0x9B09, 0x9B09, 0x92E9, 0x92C9, 0x92C9, 0x92C8, 0x8AC8, 0x8AA8, 0x8AA8,
  0x8AA8, 0x8AA8, 0x8AA8, 0x8AA8, 0x8AA8, 0x8AA8, 0x8288, 0x8288, 0x8287, 0x8287, 0x8287, 0x8287,
  0x8287, 0x8288, 0x8288, 0x8267, 0x8267, 0x8267, 0x7A67, 0x7A67, 0x7A67, 0x7A67, 0x8288, 0x8288,
  0x8288, 0x8288, 0x8287, 0x7A87, 0x7A87, 0x7A67, 0x7A67, 0x7A47, 0x7A47, 0x7A47, 0x7246, 0x69E5,
  0x69E5, 0x61E5, 0x59A5, 0x5984, 0x59A5, 0x59A5, 0x59A5, 0x59A5, 0x61C5, 0x59C5, 0x61C5, 0x61C5,
  0x61C5, 0x59A4, 0x61C4, 0x61E5, 0x61E5, 0x6205, 0x6A46, 0x7225, 0x8224, 0x8224, 0x8A45, 0x8A64,
  0x8A64, 0x8A64, 0x8A64, 0x8A64, 0x8A64, 0x8A64, 0x8A64, 0x8A65, 0x8A65, 0x8A64, 0x8A64, 0x8A65,
  0x8244, 0x8244, 0x8244, 0x8264, 0x8A65, 0x8A85, 0x8A85, 0x8A85, 0x8A85, 0x8A85, 0x8A85, 0x8AA5,
  0x8AA5, 0x8AA5, 0x92A5, 0x8AA5, 0x92A6, 0x92A6, 0x92A6, 0x92A6, 0x92A6, 0x92A5, 0x8AA5, 0x8AA5,
  0x8AA5, 0x8AA5, 0x8AA5, 0x8AA5, 0x8AA5, 0x92A5, 0x8AA5, 0x8AA5, 0x8AA5, 0x8AA5, 0x8AA5, 0x8AA5,
  0x8A23, 0x8A23, 0x8A23, 0x8A23, 0x8A23, 0x8A43, 0x8A43, 0x8A63, 0x9263, 0x9264, 0x9284, 0x9284,
  0x9284, 0x9284, 0x9264, 0x9264, 0x8A64, 0x8A64, 0x8A64, 0x8A64, 0x8A64, 0x8A64, 0x8A64, 0x8A64,
  0x9265, 0x9285, 0x9285, 0x9285, 0x9285, 0x9285, 0x9285, 0x92A5, 0x92A5, 0x92A5, 0x92A6, 0x8A85,
  0x8AA6, 0x6A47, 0x3924, 0x30C1, 0x936B, 0xC4D0, 0xCD31, 0xD551, 0xCD31, 0xC4AF, 0xB46F, 0xBCD0,
  0xC4F1, 0xCD11, 0xCD11, 0xCD11, 0xCD11, 0xCD11, 0xCD32, 0xCD32, 0xD552, 0xD572, 0xD572, 0xD552,
  0xCD52, 0xCD52, 0xCD11, 0xCD11, 0xCD11, 0xC4F1, 0xC4F0, 0xC4D0, 0xC4D0, 0xBCAF, 0xBCAF, 0xC4D0,
  0xC4D0, 0xC4D0, 0xC4D0, 0xC4D0, 0xC4F0, 0xC4F0, 0xC511, 0xC511, 0xCD31, 0xCD31, 0xC531, 0xCD52,
  0xCD52, 0xCD31, 0xC511, 0xC4F0, 0xC4CF, 0xC48E, 0xBC8E, 0xBC6E, 0xBC8E, 0xC46E, 0xBC6D, 0xBC6E,
  0xC48E, 0xBC6E, 0xBC8E, 0xC48E, 0xBC6E, 0xBC6E, 0xBC6E, 0xBC4E, 0xBC4D, 0xBC2D, 0xB40D, 0xB40C,
  0xB3EC, 0xB3CC, 0xB3EC, 0xB3CC, 0xABAB, 0xABAB, 0xABAB, 0xABAB, 0xAB8B, 0xAB8B, 0xA34A, 0xA34A,
  0xA32A, 0x9B2A, 0x9B09, 0x9AE9, 0x92E9, 0x92C9, 0x92C9, 0x92C8, 0x8AA8, 0x8AA8, 0x8AA8, 0x8AA8,
  0x8AA8, 0x8A88, 0x8A88, 0x82A8, 0x8A88, 0x8A88, 0x8288, 0x8288, 0x8287, 0x8287, 0x8287, 0x8287,
  0x8287, 0x8287, 0x8288, 0x8267, 0x8267, 0x7A67, 0x7A67, 0x7A67, 0x7A67, 0x7A67, 0x8288, 0x8288,
  0x8288, 0x8288, 0x8267, 0x8287, 0x8287, 0x7A67, 0x7A67, 0x7A47, 0x7A47, 0x7A46, 0x7226, 0x6A06,
  0x69E5, 0x61E5, 0x61C5, 0x59A4, 0x61C5, 0x61C5, 0x61C5, 0x61C5, 0x61C5, 0x61C5, 0x61C5, 0x61C5,
  0x61E5, 0x61E5, 0x61E5, 0x61E5, 0x6A06, 0x6206, 0x6A26, 0x7A45, 0x8A65, 0x8A65, 0x8A65, 0x8A65,
  0x8A65, 0x8A64, 0x8A64, 0x8A64, 0x8A44, 0x8A64, 0x8A64, 0x8A64, 0x8A64, 0x8244, 0x8244, 0x8244,
  0x8244, 0x8244, 0x8244, 0x8264, 0x8A65, 0x8A85, 0x8A85, 0x8A85, 0x8A85, 0x8A85, 0x8A85, 0x8AA5,
  0x8AA5, 0x8AA5, 0x8AA5, 0x8AA5, 0x8AA5, 0x8AA5, 0x8AA5, 0x8AA5, 0x8AA5, 0x8AA5, 0x8A85, 0x8A85,
  0x8A85, 0x8A85, 0x8A85, 0x8A85, 0x8A85, 0x8A85, 0x8A85, 0x8AA5, 0x8AA5, 0x8AA5, 0x92A5, 0x8AA5,
  0x8A23, 0x8A43, 0x8A43, 0x8A43, 0x8A43, 0x8A63, 0x8A63, 0x9263, 0x9264, 0x9284, 0x9284, 0x9284,
  0x9284, 0x9284, 0x9264, 0x9264, 0x9264, 0x9264, 0x9284, 0x9285, 0x92A5, 0x92A5, 0x92A5, 0x9AA5,
  0x9AC6, 0x9AC6, 0x9AC6, 0x9AA5, 0x92A5, 0x9AA5, 0x92A5, 0x92A5, 0x92A5, 0x92A6, 0x92A6, 0x92A5,
  0x92A6, 0x7A87, 0x4144, 0x2881, 0x7267, 0xBC8E, 0xCD10, 0xCD31, 0xD551, 0xC4AF, 0xBCAF, 0xC4F1,
  0xC511, 0xCD32, 0xCD52, 0xCD52, 0xCD31, 0xCD31, 0xCD52, 0xD552, 0xD552, 0xD552, 0xCD52, 0xCD32,
  0xCD52, 0xCD11, 0xCCF1, 0xCCF1, 0xC4D0, 0xC4F1, 0xC4D0, 0xBCB0, 0xC4AF, 0xBC8F, 0xBC8F, 0xBCAF,
  0xC4D0, 0xC4D0, 0xC4D0, 0xC4D0, 0xC4F0, 0xC511, 0xC511, 0xC511, 0xC531, 0xCD31, 0xCD31, 0xCD52,
  0xCD31, 0xC511, 0xC510, 0xC4F0, 0xC4CF, 0xC4AF, 0xBC8E, 0xBC6D, 0xBC6D, 0xBC4D, 0xBC2D, 0xB42D,
  0xBC2D, 0xBC4D, 0xBC4E, 0xBC6E, 0xBC6E, 0xBC6E, 0xBC2D, 0xB42D, 0xB40D, 0xB40C, 0xB40D, 0xB40D,
  0xB3EC, 0xABCC, 0xABCC, 0xA38B, 0xAB8B, 0xAB8B, 0xAB8B, 0xAB8B, 0xA36A, 0xA36A, 0xA34A, 0xA32A,
  0x9B2A, 0x9B0A, 0x9B09, 0x9AE9, 0x92E9, 0x92C9, 0x92C8, 0x92C8, 0x8AA8, 0x8AA8, 0x8AA8, 0x8A88,
  0x8A88, 0x8A88, 0x8A88, 0x8288, 0x8288, 0x8287, 0x8287, 0x8288, 0x8287, 0x8287, 0x8287, 0x8287,
  0x8287, 0x8288, 0x8267, 0x8267, 0x8267, 0x7A67, 0x8267, 0x8267, 0x8287, 0x8288, 0x8288, 0x8288,
  0x8288, 0x8288, 0x8288, 0x8287, 0x8267, 0x7A67, 0x7A47, 0x7246, 0x7247, 0x7226, 0x7226, 0x7226,
  0x6A06, 0x61E5, 0x61C5, 0x59A5, 0x61C5, 0x61C5, 0x61C5, 0x61C5, 0x61C5, 0x61C5, 0x61C5, 0x61E5,
  0x61E5, 0x61E5, 0x61E5, 0x69E5, 0x6A06, 0x6A26, 0x6A26, 0x7A45, 0x8A65, 0x8A65, 0x8A65, 0x8244,
  0x8244, 0x8245, 0x8244, 0x8244, 0x8244, 0x8244, 0x8244, 0x8244, 0x8244, 0x8244, 0x8244, 0x8244,
  0x8244, 0x8244, 0x8244, 0x8A65, 0x8A65, 0x8A85, 0x8A85, 0x8A85, 0x8A85, 0x8A85, 0x8A85, 0x8A85,
  0x8A85, 0x8A85, 0x8A85, 0x8A85, 0x8A85, 0x8A85, 0x8A85, 0x8A85, 0x8A85, 0x8A85, 0x8A85, 0x8A85,
  0x8A85, 0x8A85, 0x8A85, 0x8A85, 0x8A85, 0x8A85, 0x8A85, 0x8A85, 0x8A85, 0x92A5, 0x92A5, 0x8AA5,
  0x9263, 0x8A63, 0x8A63, 0x9243, 0x8A63, 0x8A63, 0x8A63, 0x8A63, 0x9264, 0x9264, 0x9264, 0x8A63,
  0x9284, 0x9284, 0x9284, 0x92A4, 0x92A5, 0x92A5, 0x92A5, 0x92A5, 0x9AC6, 0x9AC6, 0x9AC6, 0x9AC6,
  0x9AC6, 0x9AC6, 0x9AC6, 0x9AC6, 0x9AC6, 0x9AC6, 0x92A5, 0x92A5, 0x92A5, 0x92A6, 0x92A6, 0x92A6,
  0x92C6, 0x8AC7, 0x4985, 0x2881, 0x59A4, 0xA3CC, 0xCCF0, 0xCD31, 0xD551, 0xC4F0, 0xBCAF, 0xC4F1,
  0xC511, 0xCD52, 0xCD52, 0xCD52, 0xCD52, 0xCD31, 0xCD31, 0xCD31, 0xCD32, 0xCD31, 0xCD31, 0xCD11,
  0xC4F1, 0xC4F1, 0xC4F0, 0xC4D0, 0xC4D0, 0xC4D0, 0xC4B0, 0xBCAF, 0xBC8E, 0xBC6E, 0xBC8F, 0xBCAF,
  0xBCAF, 0xC4D0, 0xC4D0, 0xC4D0, 0xC4F0, 0xC511, 0xC511, 0xC4F0, 0xC531, 0xC531, 0xCD52, 0xCD31,
  0xCD31, 0xCD51, 0xCD11, 0xC4F0, 0xC4CF, 0xC4AF, 0xC48E, 0xBC6D, 0xBC4D, 0xBC2C, 0xB40C, 0xB42C,
  0xB42D, 0xBC6E, 0xBC8E, 0xBC8E, 0xBC4E, 0xB42D, 0xB40D, 0xB40D, 0xABEC, 0xABCC, 0xB3EC, 0xB3EC,
  0xABCC, 0xABAC, 0xABAB, 0xABAB, 0xABAB, 0xA38B, 0xA36B, 0xA36A, 0xA34A, 0xA34A, 0xA32A, 0x9B2A,
  0x9B0A, 0x9B09, 0x9AE9, 0x9AE9, 0x92E9, 0x92C9, 0x92C8, 0x92C8, 0x8AA8, 0x8AA8, 0x8AA8, 0x8A88,
  0x8A88, 0x8A88, 0x8A88, 0x8A88, 0x8267, 0x8A88, 0x8288, 0x8287, 0x8287, 0x8288, 0x8287, 0x8287,
  0x8287, 0x8267, 0x8288, 0x8267, 0x8267, 0x8267, 0x8287, 0x8287, 0x8288, 0x8288, 0x8288, 0x8288,
  0x8287, 0x8287, 0x8287, 0x7A67, 0x7A47, 0x7A47, 0x7A47, 0x7247, 0x7A46, 0x7226, 0x7226, 0x6A06,
  0x6A06, 0x69E5, 0x61E5, 0x61C5, 0x61C5, 0x61E5, 0x61C5, 0x61E5, 0x61C5, 0x61C5, 0x61C5, 0x61E5,
  0x61E5, 0x61E5, 0x61E5, 0x6A05, 0x6A06, 0x6A26, 0x7246, 0x7A45, 0x8265, 0x8A65, 0x8245, 0x8244,
  0x8244, 0x8244, 0x8244, 0x8244, 0x8244, 0x8244, 0x8244, 0x8244, 0x8244, 0x8244, 0x8244, 0x8244,
  0x8244, 0x8244, 0x8244, 0x8A65, 0x8A64, 0x8A64, 0x8A85, 0x8A85, 0x8A85, 0x8A85, 0x8A85, 0x8A85,
  0x8A85, 0x8A85, 0x8A85, 0x8A85, 0x8A65, 0x8A65, 0x8A65, 0x8A65, 0x8A65, 0x8A85, 0x8A85, 0x8A85,
  0x8A85, 0x8A85, 0x8A85, 0x8A85, 0x8A85, 0x8A85, 0x8A85, 0x8A85, 0x8A85, 0x8A85, 0x8A85, 0x8A85,
  0x9264, 0x9264, 0x9263, 0x9263, 0x9263, 0x9263, 0x9264, 0x9264, 0x9264, 0x9264, 0x9264, 0x9264,
  0x9284, 0x92A4, 0x9AC5, 0x9AC5, 0x9AC5, 0x9AC5, 0x9AC5, 0x9AA5, 0x92A5, 0x92A5, 0x92A5, 0x9AA5,
  0x9AA5, 0x9AA5, 0x9AA5, 0x9AA5, 0x9AA5, 0x92A5, 0x92A5, 0x9285, 0x92A5, 0x92A5, 0x92C6, 0x92C6,
  0x92E6, 0x9308, 0x59E6, 0x28A2, 0x5143, 0x8AC8, 0xBC8E, 0xCD31, 0xD551, 0xCD10, 0xBC8F, 0xBCD0,
  0xC511, 0xCD31, 0xCD52, 0xCD52, 0xCD32, 0xCD11, 0xCD11, 0xCD11, 0xCD11, 0xCD11, 0xCCF0, 0xC4F0,
  0xC4F0, 0xC4F0, 0xC4D0, 0xC4D0, 0xC4D0, 0xC4B0, 0xBC8F, 0xBC8F, 0xBC6E, 0xB46E, 0xBC8E, 0xBC8F,
  0xBC8F, 0xC4D0, 0xC4D0, 0xC4D0, 0xC4F0, 0xC4F0, 0xC4F0, 0xC511, 0xC511, 0xC511, 0xCD31, 0xCD31,
  0xCD31, 0xCD51, 0xCD31, 0xC4F0, 0xC4CF, 0xC4AF, 0xC48E, 0xBC6E, 0xBC2D, 0xB40C, 0xB40C, 0xB40C,
  0xBC4D, 0xBC6E, 0xBC8E, 0xBC4E, 0xB40D, 0xB3EC, 0xABCC, 0xABEC, 0xABEC, 0xB3EC, 0xABCC, 0xABAB,
  0xA38B, 0xA32A, 0xA34A, 0xA38B, 0xA38B, 0xA36B, 0xA34A, 0xA36A, 0xA34A, 0xA32A, 0x9B2A, 0x9B2A,
  0x9B09, 0x9AE9, 0x92E9, 0x92E9, 0x92E9, 0x92C8, 0x92C8, 0x92C8, 0x92C8, 0x8AA8, 0x8A88, 0x8A88,
  0x8A88, 0x8A88, 0x8A88, 0x8A88, 0x8A88, 0x8288, 0x8287, 0x8267, 0x8287, 0x8288, 0x8287, 0x8287,
  0x8267, 0x8288, 0x8288, 0x8287, 0x8287, 0x8287, 0x8287, 0x8288, 0x8288, 0x8288, 0x8287, 0x8287,
  0x8287, 0x7A67, 0x7A67, 0x7A67, 0x7A47, 0x7A47, 0x7A47, 0x7A47, 0x7226, 0x7206, 0x7206, 0x6A06,
  0x6A06, 0x6A05, 0x61E5, 0x61C5, 0x61C4, 0x61E5, 0x61C5, 0x61C5, 0x61C5, 0x61E5, 0x61E5, 0x61E5,
  0x61E5, 0x69E5, 0x6A05, 0x6A05, 0x6A26, 0x6A26, 0x6A26, 0x6A05, 0x8265, 0x8265, 0x8245, 0x8245,
  0x8244, 0x8244, 0x8244, 0x8244, 0x8244, 0x8244, 0x8244, 0x8244, 0x8244, 0x8244, 0x8244, 0x8244,
  0x8244, 0x8264, 0x8A65, 0x8A65, 0x8A64, 0x8A64, 0x8A64, 0x8A64, 0x8A64, 0x8A64, 0x8A64, 0x8A64,
  0x8A64, 0x8A64, 0x8A64, 0x8A64, 0x8A64, 0x8A64, 0x8A64, 0x8A64, 0x8A65, 0x8A65, 0x8A65, 0x8A65,
  0x8A85, 0x8A85, 0x8A85, 0x8A85, 0x8A85, 0x8A85, 0x8A85, 0x8A85, 0x8A85, 0x8A85, 0x8A85, 0x8A85,
  0x9264, 0x9263, 0x9263, 0x9263, 0x9263, 0x9263, 0x9264, 0x9284, 0x9284, 0x9284, 0x9284, 0x9284,
  0x9284, 0x9AA4, 0x9AC5, 0x9AE5, 0x9AE5, 0x9AE6, 0x9AC5, 0x9AA5, 0x9285, 0x9265, 0x9285, 0x9285,
  0x9285, 0x9285, 0x9285, 0x9265, 0x9285, 0x9285, 0x9265, 0x9285, 0x92A5, 0x92C6, 0x9AE6, 0x9AE6,
  0x9AE6, 0x9B07, 0x6A46, 0x28A2, 0x4902, 0x7246, 0xA3AC, 0xCD10, 0xCD31, 0xCD31, 0xC4CF, 0xBC8F,
  0xBCD0, 0xC4F1, 0xCD31, 0xCD31, 0xCD11, 0xCD11, 0xCD11, 0xCCF1, 0xC4F0, 0xC4F0, 0xC4D0, 0xC4D0,
  0xC4D0, 0xC4D0, 0xC4B0, 0xBCAF, 0xBCAF, 0xC4AF, 0xBC8F, 0xBC6F, 0xBC8F, 0xBC8F, 0xBC6F, 0xBC8E,
  0xBC8F, 0xBCAF, 0xC4AF, 0xC4D0, 0xC4F0, 0xC4F0, 0xC4F0, 0xC4F0, 0xC510, 0xC510, 0xC531, 0xCD31,
  0xC510, 0xCD11, 0xCD10, 0xC4F0, 0xC4CF, 0xC4AF, 0xBC8E, 0xBC6E, 0xBC2C, 0xB40C, 0xB3EC, 0xB3EB,
  0xB40C, 0xB40C, 0xB42D, 0xB40C, 0xABEC, 0xABCC, 0xABCC, 0xABCC, 0xABCC, 0xABCC, 0xABCC, 0xABAB,
  0xA36B, 0x8AC8, 0x9329, 0xA38B, 0xA36B, 0xA34A, 0x9B4A, 0x9B4A, 0x9B2A, 0x9B2A, 0x9B2A, 0x9B29,
  0x9309, 0x9309, 0x92E9, 0x92E9, 0x92C9, 0x92C8, 0x92C8, 0x8AC8, 0x8AA8, 0x8A88, 0x8A88, 0x8A88,
  0x8A88, 0x8A88, 0x8A88, 0x8A88, 0x8288, 0x8288, 0x8287, 0x8287, 0x8A88, 0x8288, 0x8288, 0x8287,
  0x8287, 0x8287, 0x8267, 0x8287, 0x8287, 0x8287, 0x8288, 0x8288, 0x8288, 0x8288, 0x8287, 0x8287,
  0x8267, 0x7A67, 0x7A67, 0x7A47, 0x7A47, 0x7A47, 0x7A47, 0x7246, 0x7226, 0x7206, 0x6A06, 0x69E5,
  0x69E5, 0x69E5, 0x61E5, 0x61E5, 0x61C5, 0x61C5, 0x61C5, 0x61E5, 0x61E5, 0x61E5, 0x61E5, 0x61E5,
  0x69E5, 0x6A05, 0x6A05, 0x6A05, 0x6A26, 0x6A46, 0x6227, 0x4964, 0x69E5, 0x8246, 0x8245, 0x8245,
  0x8245, 0x8244, 0x8244, 0x8245, 0x8265, 0x8A65, 0x8264, 0x8264, 0x8245, 0x8244, 0x8244, 0x8264,
  0x8A65, 0x8A65, 0x8A65, 0x8A65, 0x8A64, 0x8264, 0x8A64, 0x8A64, 0x8A64, 0x8A64, 0x8A64, 0x8A64,
  0x8A64, 0x8A64, 0x8A64, 0x8A64, 0x8A64, 0x8A64, 0x8A64, 0x8A64, 0x8A64, 0x8A64, 0x8A64, 0x8A65,
  0x8A85, 0x8A85, 0x8A85, 0x8A85, 0x8A65, 0x8A65, 0x8A64, 0x8A65, 0x8A64, 0x8244, 0x8244, 0x8244,
  0x9284, 0x9284, 0x9284, 0x9284, 0x9284, 0x9284, 0x9284, 0x9284, 0x9AA4, 0x9AA4, 0x9284, 0x9284,
  0x9284, 0x9AC4, 0x9AC5, 0xA2E5, 0x9AE5, 0x9AC5, 0x9AC5, 0x92A5, 0x9265, 0x8A64, 0x8A44, 0x8A64,
  0x9264, 0x9265, 0x9265, 0x8A45, 0x8A65, 0x8A65, 0x9265, 0x9285, 0x92C6, 0x9AC6, 0x9AE6, 0xA306,
  0x9AE6, 0x9B07, 0x7AA8, 0x30E3, 0x40E1, 0x7226, 0x7A88, 0xC4AF, 0xCD10, 0xCD10, 0xCCF0, 0xBCAF,
  0xBCB0, 0xBCB0, 0xC4D0, 0xCCF1, 0xC4F1, 0xCD11, 0xC4F0, 0xC4D0, 0xC4D0, 0xC4D0, 0xC4B0, 0xC4AF,
  0xC4AF, 0xC4B0, 0xBCAF, 0xC4AF, 0xC4AF, 0xBCAF, 0xBC8F, 0xBC8F, 0xBC8F, 0xB46E, 0xB46E, 0xBC8E,
  0xBCAF, 0xBCAF, 0xC4AF, 0xBC8F, 0xC4CF, 0xC4CF, 0xC4AF, 0xBCCF, 0xC4F0, 0xC511, 0xCD31, 0xC4F0,
  0xC4F0, 0xCD10, 0xC4F0, 0xC4F0, 0xC4CF, 0xBCAF, 0xBC6E, 0xBC4D, 0xB42D, 0xB40C, 0xB40C, 0xB3EC,
  0xABEC, 0xB40C, 0xABEC, 0xB3EC, 0xABEC, 0xABCC, 0xABEC, 0xABCC, 0xABCC, 0xABCC, 0xABCC, 0xABAC,
  0xABAB, 0xABAB, 0xABAB, 0xA38B, 0xA38B, 0x9B4A, 0x9B2A, 0x9B2A, 0x9B2A, 0x9B2A, 0x9B29, 0x9B09,
  0x9309, 0x9309, 0x92E9, 0x92E9, 0x92C8, 0x92C8, 0x92C8, 0x8AA8, 0x8A88, 0x8A88, 0x8A88, 0x8A88,
  0x8A88, 0x8A88, 0x8A88, 0x8A88, 0x8288, 0x8A88, 0x8288, 0x8288, 0x8A88, 0x8A88, 0x82A8, 0x8287,
  0x8287, 0x8287, 0x8287, 0x8287, 0x8287, 0x8288, 0x8288, 0x8288, 0x8287, 0x8287, 0x8287, 0x8288,
  0x7A67, 0x7A67, 0x7A67, 0x7A47, 0x7A47, 0x7246, 0x7A46, 0x7226, 0x7206, 0x6A06, 0x69E5, 0x69E5,
  0x69E5, 0x61E5, 0x61E5, 0x61C5, 0x61C5, 0x61E5, 0x61E5, 0x61C5, 0x61E5, 0x61E5, 0x61E5, 0x61E5,
  0x6A05, 0x69E5, 0x6A05, 0x6A06, 0x6A26, 0x6A26, 0x6A47, 0x4144, 0x4943, 0x7A26, 0x8246, 0x8245,
  0x8245, 0x8244, 0x8244, 0x8244, 0x8265, 0x8A65, 0x8A65, 0x8A65, 0x8A65, 0x8A65, 0x8A64, 0x8A85,
  0x8A85, 0x8A85, 0x8A85, 0x8A65, 0x8A64, 0x8A64, 0x8A64, 0x8A64, 0x8A65, 0x8A64, 0x8A64, 0x8A64,
  0x8A64, 0x8A64, 0x8A64, 0x8A64, 0x8A64, 0x8A64, 0x8A64, 0x8A64, 0x8A64, 0x8A64, 0x8A64, 0x8A64,
  0x8A64, 0x8A64, 0x8A44, 0x8244, 0x8244, 0x8224, 0x8223, 0x7A03, 0x7A03, 0x7A03, 0x7A03, 0x79E3,
};
