#pragma once
#include <stdint.h>

// 240x240 RGB565 portrait background
static const uint16_t BG_PORTRAIT_240[240 * 240] PROGMEM = {
  0x3A09, 0x3A09, 0x3A09, 0x3A09, 0x39E9, 0x31C8, 0x31C8, 0x31E8, 0x3A09, 0x31E8, 0x2987, 0x2166,
  0x2966, 0x2146, 0x2125, 0x1905, 0x2125, 0x2146, 0x2966, 0x2987, 0x31A7, 0x31A7, 0x31C8, 0x39E8,
  0x39E8, 0x39E8, 0x3A09, 0x3A09, 0x3A09, 0x3A09, 0x39E8, 0x31C7, 0x31A7, 0x31A7, 0x31A7, 0x31A7,
  0x3186, 0x2986, 0x2966, 0x2966, 0x31A7, 0x31A7, 0x31C7, 0x39E8, 0x4249, 0x426A, 0x428A, 0x4A8A,
  0x4A8A, 0x4A6A, 0x4A8A, 0x4A8A, 0x4A8A, 0x52AB, 0x4A8A, 0x4229, 0x31C7, 0x39E8, 0x39E8, 0x39E8,
  0x31C7, 0x31A7, 0x31A7, 0x31A7, 0x39A7, 0x39A7, 0x39C7, 0x39C8, 0x39E8, 0x4208, 0x39E8, 0x39C8,
  0x39C7, 0x39C8, 0x39E8, 0x31A7, 0x31A7, 0x39C7, 0x39E8, 0x4208, 0x39C7, 0x31A7, 0x39C7, 0x31C7,
  0x31A6, 0x3186, 0x2145, 0x1904, 0x2965, 0x2945, 0x2124, 0x2104, 0x2124, 0x2945, 0x2124, 0x2104,
  0x2124, 0x2124, 0x2124, 0x2124, 0x2104, 0x2104, 0x18E3, 0x18E3, 0x2124, 0x2124, 0x2104, 0x2104,
  0x2124, 0x2124, 0x2104, 0x2104, 0x18E3, 0x18C3, 0x18C3, 0x18E3, 0x2104, 0x2124, 0x2124, 0x2104,
  0x2104, 0x2104, 0x2104, 0x2124, 0x2124, 0x2124, 0x2124, 0x2944, 0x2945, 0x2945, 0x2965, 0x2965,
  0x3185, 0x3185, 0x2965, 0x2965, 0x2965, 0x2965, 0x2965, 0x2965, 0x2945, 0x2945, 0x2945, 0x2965,
  0x2966, 0x2966, 0x2946, 0x2946, 0x2966, 0x2966, 0x2966, 0x2966, 0x31C7, 0x39E8, 0x4229, 0x4249,
  0x4A6A, 0x4A6A, 0x4A6A, 0x4A8A, 0x4A8B, 0x52EC, 0x52EC, 0x52EC, 0x632D, 0x5B0D, 0x52CC, 0x52CC,
  0x52CC, 0x52CC, 0x4AAC, 0x4A6B, 0x424A, 0x3A2A, 0x426B, 0x52AC, 0x4ACB, 0x4ACC, 0x52EC, 0x52EC,
  0x52EC, 0x52EC, 0x52EC, 0x530C, 0x530D, 0x530D, 0x52EC, 0x4A8B, 0x3209, 0x3209, 0x428B, 0x52EC,
  0x530D, 0x5B2D, 0x5B2D, 0x5B0D, 0x530C, 0x52CC, 0x4ACB, 0x52CC, 0x4AAB, 0x4ACC, 0x4AAB, 0x424A,
  0x31E9, 0x31C8, 0x2987, 0x2966, 0x1946, 0x2146, 0x2146, 0x2125, 0x2125, 0x2104, 0x2104, 0x2105,
  0x2104, 0x2125, 0x2165, 0x2986, 0x31C7, 0x3A28, 0x4A89, 0x52CA, 0x5ACA, 0x5ACA, 0x52CA, 0x5ACA,
  0x5AEB, 0x5B0B, 0x5B0B, 0x5B0B, 0x634C, 0x634C, 0x5B4C, 0x5B4C, 0x5B2B, 0x632C, 0x634C, 0x634C,
  0x3A09, 0x4229, 0x3A09, 0x39E9, 0x39E8, 0x31C8, 0x31C8, 0x31C8, 0x31E8, 0x31C8, 0x2166, 0x2146,
  0x2966, 0x2966, 0x2125, 0x18E4, 0x1904, 0x2125, 0x2966, 0x2987, 0x2987, 0x31A7, 0x31C8, 0x39E8,
  0x39E8, 0x39E8, 0x39E9, 0x3A09, 0x3A09, 0x3A09, 0x39E8, 0x31C8, 0x31A7, 0x31A7, 0x31A7, 0x31A7,
  0x3186, 0x3186, 0x3186, 0x3187, 0x31A7, 0x31A7, 0x31C7, 0x3A08, 0x426A, 0x4A8A, 0x4A8A, 0x428A,
  0x4249, 0x4249, 0x4229, 0x4229, 0x4229, 0x4229, 0x4229, 0x39E8, 0x3A08, 0x39E8, 0x39E8, 0x39E8,
  0x31C7, 0x31C7, 0x31C7, 0x31C7, 0x31A7, 0x39A7, 0x31A7, 0x3187, 0x3186, 0x3187, 0x3187, 0x3187,
  0x3186, 0x39C7, 0x31A7, 0x31A7, 0x2966, 0x31A7, 0x39E8, 0x3186, 0x2966, 0x2945, 0x2986, 0x2966,
  0x2945, 0x2945, 0x2104, 0x18E4, 0x2124, 0x2104, 0x2104, 0x2124, 0x2945, 0x2124, 0x2104, 0x2104,
  0x2104, 0x2104, 0x18E3, 0x18E3, 0x18E3, 0x18E3, 0x2104, 0x2104, 0x18E3, 0x18C3, 0x10A2, 0x10A2,
  0x18C3, 0x18E3, 0x2124, 0x2124, 0x2104, 0x2104, 0x2104, 0x2104, 0x2124, 0x2124, 0x2124, 0x2124,
  0x2104, 0x2104, 0x2103, 0x2103, 0x2103, 0x2103, 0x2104, 0x2124, 0x2124, 0x2124, 0x2124, 0x2944,
  0x2945, 0x2945, 0x2945, 0x2945, 0x2945, 0x2945, 0x2945, 0x2945, 0x2945, 0x2945, 0x2945, 0x2945,
  0x2946, 0x2945, 0x2945, 0x2945, 0x2925, 0x2125, 0x2925, 0x2945, 0x3186, 0x31A7, 0x31C7, 0x39E8,
  0x4229, 0x4249, 0x4249, 0x4249, 0x4A8B, 0x4A6A, 0x4AAB, 0x5B0D, 0x5B2D, 0x5B0D, 0x52CC, 0x4AAB,
  0x52AC, 0x52AC, 0x4AAC, 0x4A8B, 0x426B, 0x426A, 0x4A8B, 0x52CC, 0x52EC, 0x52EC, 0x52EC, 0x52EC,
  0x52EC, 0x52EC, 0x530C, 0x530C, 0x5B0D, 0x5B0D, 0x52ED, 0x4AAB, 0x3A29, 0x3A09, 0x428B, 0x52EC,
  0x530D, 0x5B2D, 0x5B2D, 0x5B2D, 0x5B0D, 0x52EC, 0x52CC, 0x52CC, 0x4ACC, 0x4ACC, 0x4A8B, 0x3A29,
  0x29A8, 0x2987, 0x2966, 0x2145, 0x1926, 0x2146, 0x2145, 0x2125, 0x2125, 0x2124, 0x2925, 0x2945,
  0x2966, 0x2966, 0x2945, 0x2965, 0x31C7, 0x4269, 0x52AA, 0x52CA, 0x5AEB, 0x5AEB, 0x5AEA, 0x5AEA,
  0x5AEB, 0x5B0B, 0x632C, 0x634C, 0x638D, 0x636C, 0x636C, 0x634C, 0x634C, 0x634C, 0x636C, 0x636C,
  0x3A09, 0x4229, 0x3A09, 0x39E8, 0x39E8, 0x31C8, 0x31C8, 0x29A7, 0x31C8, 0x29A7, 0x2146, 0x2166,
  0x2987, 0x2987, 0x2966, 0x18E5, 0x18E4, 0x1925, 0x2146, 0x2967, 0x2987, 0x2987, 0x31A8, 0x31C8,
  0x31C8, 0x39E8, 0x39E8, 0x39E8, 0x3A08, 0x3A08, 0x3A08, 0x39E8, 0x31A7, 0x31A7, 0x31A7, 0x31A7,
  0x3186, 0x3186, 0x3187, 0x31A7, 0x31A7, 0x39C7, 0x31C7, 0x3A08, 0x4229, 0x4249, 0x3A29, 0x3A29,
  0x39E8, 0x3A08, 0x4209, 0x4229, 0x4229, 0x4249, 0x4A4A, 0x4229, 0x4229, 0x3A08, 0x4208, 0x4208,
  0x39C7, 0x31C7, 0x39E8, 0x4208, 0x4209, 0x4A4A, 0x4A6A, 0x4A49, 0x4208, 0x39C8, 0x31A7, 0x3166,
  0x2966, 0x31A7, 0x2966, 0x3186, 0x2125, 0x2966, 0x31A7, 0x2145, 0x2965, 0x2145, 0x2145, 0x2124,
  0x2104, 0x2104, 0x18E3, 0x18C3, 0x2104, 0x18E3, 0x18E3, 0x2124, 0x2124, 0x2104, 0x18E3, 0x2104,
  0x18E3, 0x2104, 0x2104, 0x2104, 0x18E3, 0x18E3, 0x18C3, 0x18C3, 0x10A2, 0x10A2, 0x18C3, 0x18E3,
  0x2104, 0x2104, 0x2104, 0x2104, 0x2104, 0x2104, 0x2124, 0x2104, 0x2104, 0x2104, 0x2104, 0x2124,
  0x2104, 0x2104, 0x2104, 0x2104, 0x2104, 0x2104, 0x2104, 0x2104, 0x2124, 0x2124, 0x2124, 0x2124,
  0x2945, 0x2945, 0x2945, 0x2965, 0x2945, 0x2125, 0x2124, 0x2124, 0x2125, 0x2125, 0x2105, 0x2104,
  0x2105, 0x2105, 0x2125, 0x2925, 0x2925, 0x2945, 0x2966, 0x3186, 0x31A7, 0x31A7, 0x2986, 0x2965,
  0x2966, 0x31A7, 0x3A28, 0x4A8A, 0x4A8B, 0x4A8B, 0x4A8B, 0x52CC, 0x52EC, 0x52CC, 0x4A8B, 0x4AAB,
  0x52AB, 0x4AAB, 0x4AAB, 0x4AAB, 0x4A8B, 0x4A8B, 0x4A8B, 0x52AB, 0x530C, 0x530C, 0x530C, 0x530C,
  0x52EC, 0x52EC, 0x530C, 0x530C, 0x530D, 0x530D, 0x52EC, 0x4AAB, 0x424A, 0x3A09, 0x426A, 0x52CC,
  0x532D, 0x5B2D, 0x5B2D, 0x5B2D, 0x5B2D, 0x5B0D, 0x52EC, 0x52EC, 0x52EC, 0x4ACC, 0x426A, 0x31E8,
  0x2987, 0x2166, 0x2146, 0x2125, 0x2125, 0x2946, 0x2946, 0x2945, 0x3165, 0x3985, 0x39A6, 0x41E7,
  0x5269, 0x5269, 0x4207, 0x3186, 0x39C7, 0x4A69, 0x52CA, 0x5ACA, 0x5AEB, 0x5AEB, 0x5AEA, 0x52CA,
  0x52CA, 0x5B0B, 0x632C, 0x634C, 0x6B8D, 0x6B6D, 0x636C, 0x634C, 0x5B2B, 0x632C, 0x634C, 0x636C,
  0x39E9, 0x3A09, 0x3A09, 0x39E8, 0x39E8, 0x39E8, 0x31C8, 0x29A7, 0x29A7, 0x29A7, 0x2966, 0x2987,
  0x31C8, 0x31C8, 0x2967, 0x18E5, 0x10C3, 0x1904, 0x2146, 0x2966, 0x2987, 0x2987, 0x31A8, 0x31C8,
  0x39E8, 0x39E8, 0x39E8, 0x39E8, 0x39E8, 0x3A08, 0x3A08, 0x39E8, 0x31C7, 0x31C7, 0x31C7, 0x31A7,
  0x3186, 0x3186, 0x3187, 0x3187, 0x31A7, 0x39C7, 0x39E8, 0x39E8, 0x39E8, 0x3A08, 0x3A28, 0x3A29,
  0x4A6A, 0x4A8A, 0x4A8A, 0x4A8A, 0x4A8A, 0x528B, 0x4A8A, 0x4A6A, 0x4229, 0x3A08, 0x3A08, 0x3A08,
  0x39C8, 0x39C7, 0x39E8, 0x4208, 0x39E8, 0x4229, 0x4A49, 0x4209, 0x4209, 0x4A29, 0x4A4A, 0x4A49,
  0x4208, 0x39E8, 0x3186, 0x39C7, 0x2145, 0x2125, 0x2125, 0x2966, 0x3186, 0x2145, 0x2104, 0x18C3,
  0x18C3, 0x18E3, 0x18C3, 0x18C3, 0x2124, 0x2124, 0x2124, 0x2104, 0x2104, 0x2124, 0x2124, 0x2104,
  0x2104, 0x2104, 0x2104, 0x2104, 0x2104, 0x18E3, 0x18C3, 0x18C3, 0x18E3, 0x18E3, 0x18E3, 0x18E3,
  0x18E3, 0x18C3, 0x18C3, 0x18C3, 0x18E3, 0x18E3, 0x2104, 0x2104, 0x2124, 0x2124, 0x2945, 0x2945,
  0x2945, 0x2945, 0x2124, 0x2124, 0x2124, 0x2104, 0x2124, 0x2124, 0x2104, 0x2104, 0x2104, 0x2104,
  0x2104, 0x2104, 0x2104, 0x2124, 0x2945, 0x2945, 0x2125, 0x2125, 0x2125, 0x2125, 0x2104, 0x2104,
  0x18C3, 0x18C3, 0x18E4, 0x2104, 0x2104, 0x2105, 0x2945, 0x2966, 0x3186, 0x31A7, 0x31A6, 0x2966,
  0x2165, 0x2145, 0x2966, 0x31A7, 0x3A09, 0x4A8B, 0x4A8B, 0x426A, 0x4A8B, 0x4A8B, 0x426A, 0x4AAB,
  0x4AAB, 0x4AAB, 0x4AAB, 0x4AAB, 0x4A8B, 0x4A8B, 0x4A8B, 0x52CC, 0x52EC, 0x52EC, 0x52EC, 0x52EC,
  0x52EC, 0x52EC, 0x52EC, 0x530C, 0x52EC, 0x530D, 0x52EC, 0x4AAC, 0x426A, 0x3A29, 0x424A, 0x52CC,
  0x5B2D, 0x5B2D, 0x5B2D, 0x5B0D, 0x5B2D, 0x5B0D, 0x530C, 0x52ED, 0x52ED, 0x4ACC, 0x3A4A, 0x29A8,
  0x2167, 0x2146, 0x2146, 0x2146, 0x2945, 0x3186, 0x39A6, 0x41A6, 0x49E7, 0x5228, 0x5A89, 0x6ACA,
  0x83AD, 0x83AE, 0x62EB, 0x41E7, 0x39E7, 0x4A69, 0x52AA, 0x5ACA, 0x5ACA, 0x5AEB, 0x5AEA, 0x52CA,
  0x52CA, 0x5AEB, 0x5B2B, 0x634C, 0x636C, 0x636C, 0x634C, 0x5B2B, 0x5B2B, 0x5B2B, 0x632C, 0x634C,
  0x39E9, 0x3A09, 0x3A09, 0x39E8, 0x39E8, 0x39E9, 0x31E8, 0x29A7, 0x31A7, 0x29A7, 0x2987, 0x2987,
  0x31A7, 0x2987, 0x2966, 0x18E4, 0x10A3, 0x18E4, 0x2146, 0x2966, 0x2987, 0x31A7, 0x31C8, 0x39E8,
  0x3A09, 0x3A09, 0x3A09, 0x39E9, 0x3A08, 0x3A08, 0x3A08, 0x39E8, 0x39E8, 0x31C7, 0x31A7, 0x31A7,
  0x31A7, 0x31A7, 0x3186, 0x3186, 0x31A6, 0x31A7, 0x39C7, 0x39E8, 0x3A08, 0x4249, 0x4A8A, 0x52AB,
  0x52CB, 0x52AB, 0x4A8A, 0x4A6A, 0x4A49, 0x4A49, 0x4229, 0x4208, 0x4A49, 0x39E8, 0x39E8, 0x39E8,
  0x4208, 0x4208, 0x4208, 0x4208, 0x4209, 0x4A29, 0x4229, 0x4208, 0x4208, 0x4229, 0x4A29, 0x4229,
  0x4208, 0x39E8, 0x39C8, 0x39C8, 0x2966, 0x2104, 0x18C4, 0x3186, 0x2965, 0x2104, 0x18C3, 0x1082,
  0x10A3, 0x18C3, 0x18C3, 0x18E3, 0x18E3, 0x18E3, 0x18C3, 0x18C3, 0x18C3, 0x18E3, 0x18E3, 0x18E3,
  0x2104, 0x2104, 0x2104, 0x2104, 0x2104, 0x2104, 0x2104, 0x2104, 0x18E3, 0x18E3, 0x18C3, 0x18C3,
  0x18E3, 0x2104, 0x2104, 0x2124, 0x2124, 0x2124, 0x2124, 0x2124, 0x2124, 0x2104, 0x2104, 0x2104,
  0x2104, 0x2104, 0x2104, 0x18E3, 0x18E3, 0x18C3, 0x18E3, 0x18E3, 0x18E3, 0x18E3, 0x18E4, 0x18E3,
  0x18C3, 0x18C3, 0x18C3, 0x18E3, 0x18E4, 0x2104, 0x2104, 0x2105, 0x2104, 0x2104, 0x18E4, 0x18E4,
  0x20E4, 0x18E4, 0x18E4, 0x18E4, 0x18E4, 0x18C4, 0x18E4, 0x2104, 0x2145, 0x2986, 0x31A6, 0x31C7,
  0x39E8, 0x31C7, 0x2986, 0x2145, 0x2966, 0x2987, 0x3A08, 0x4249, 0x424A, 0x4A8B, 0x52AB, 0x4A8B,
  0x4AAB, 0x4AAB, 0x52AB, 0x52AB, 0x4A8B, 0x4A8A, 0x4AAB, 0x5AEC, 0x52EC, 0x52EC, 0x52EC, 0x52EC,
  0x52EC, 0x52EC, 0x52EC, 0x52EC, 0x52EC, 0x530D, 0x52ED, 0x52CC, 0x4A8B, 0x3A4A, 0x426A, 0x52EC,
  0x5B0D, 0x5B2D, 0x5B0D, 0x530D, 0x5B0D, 0x530C, 0x530D, 0x5B0D, 0x52ED, 0x4AAB, 0x3A09, 0x2987,
  0x2166, 0x2146, 0x2966, 0x2966, 0x39A6, 0x4A08, 0x5248, 0x5A69, 0x62A9, 0x72EA, 0x836C, 0x8BCD,
  0x9C2F, 0x9C50, 0x7B6C, 0x4A27, 0x41E7, 0x5269, 0x52AA, 0x5ACA, 0x5AEB, 0x5AEB, 0x5AEB, 0x5AEA,
  0x5AEA, 0x5B0B, 0x632C, 0x634C, 0x634C, 0x634C, 0x634C, 0x632C, 0x5B2B, 0x5B2B, 0x632C, 0x634C,
  0x39E9, 0x39E9, 0x3A09, 0x39E9, 0x39E8, 0x39E8, 0x31C8, 0x29A7, 0x2987, 0x2987, 0x2146, 0x2166,
  0x2966, 0x2966, 0x2146, 0x1905, 0x10C4, 0x1905, 0x2146, 0x2967, 0x2987, 0x31A7, 0x31A8, 0x31C8,
  0x39E8, 0x39E9, 0x39E9, 0x39E8, 0x39E8, 0x39E8, 0x39E8, 0x31C8, 0x31C7, 0x31C7, 0x31A7, 0x31A7,
  0x31A7, 0x31A7, 0x31A6, 0x3186, 0x39C7, 0x39C7, 0x31C7, 0x39E8, 0x4229, 0x52AA, 0x5AEC, 0x5B0C,
  0x5ACB, 0x52AB, 0x528A, 0x528A, 0x528A, 0x528A, 0x4A6A, 0x4A49, 0x4208, 0x3A08, 0x4208, 0x4229,
  0x4229, 0x4229, 0x4A49, 0x4A6A, 0x526A, 0x4A6A, 0x4229, 0x39E8, 0x39E8, 0x4208, 0x4229, 0x4208,
  0x39A7, 0x39C7, 0x4208, 0x39C7, 0x3166, 0x2105, 0x18C3, 0x2966, 0x2104, 0x18E3, 0x18C3, 0x10A2,
  0x10A2, 0x18C3, 0x18C3, 0x18E4, 0x2104, 0x18C3, 0x18C3, 0x18E3, 0x2104, 0x18E3, 0x18E3, 0x18E3,
  0x18E3, 0x18E3, 0x18E3, 0x18E3, 0x18E3, 0x18E3, 0x2104, 0x2104, 0x18E3, 0x2104, 0x2104, 0x2104,
  0x2104, 0x2104, 0x18E3, 0x18E3, 0x18E3, 0x18E3, 0x18E3, 0x2104, 0x2104, 0x2124, 0x2124, 0x2124,
  0x2124, 0x2124, 0x2104, 0x2104, 0x18E3, 0x2104, 0x2104, 0x2104, 0x18E3, 0x18E4, 0x18E4, 0x18E4,
  0x18E3, 0x18C3, 0x18C3, 0x18C3, 0x18E4, 0x20E4, 0x2104, 0x2125, 0x2105, 0x2105, 0x2105, 0x2125,
  0x2105, 0x2105, 0x2104, 0x18E4, 0x18E4, 0x18C4, 0x18E4, 0x18E4, 0x1904, 0x2125, 0x2145, 0x2966,
  0x31C7, 0x31E7, 0x39E8, 0x3A08, 0x29A7, 0x2966, 0x2166, 0x2987, 0x39E8, 0x4249, 0x4A8A, 0x4A8B,
  0x52CB, 0x52CB, 0x52CC, 0x52CC, 0x4AAB, 0x4A8B, 0x52AB, 0x5B0C, 0x530C, 0x530C, 0x52EC, 0x52EC,
  0x52EC, 0x52EC, 0x52EC, 0x52EC, 0x52EC, 0x52ED, 0x52ED, 0x4ACC, 0x426B, 0x3A4A, 0x426B, 0x52EC,
  0x530D, 0x5B0D, 0x5B0D, 0x530D, 0x530C, 0x52ED, 0x52ED, 0x5B0D, 0x52EC, 0x428B, 0x31C8, 0x2166,
  0x2146, 0x2946, 0x2966, 0x31A7, 0x5228, 0x62AA, 0x730B, 0x7B2B, 0x834B, 0x8B8C, 0x9BEE, 0xA44F,
  0xA470, 0xA470, 0x7B6C, 0x5227, 0x4A27, 0x52A9, 0x5ACA, 0x5ACA, 0x5AEB, 0x5AEB, 0x5AEB, 0x5AEB,
  0x5AEB, 0x5B0B, 0x632B, 0x634C, 0x632C, 0x632C, 0x632C, 0x5B2B, 0x5B2B, 0x5B2B, 0x5B2B, 0x632C,
  0x39E9, 0x39E8, 0x39E9, 0x3A09, 0x39E8, 0x31C8, 0x31C8, 0x31A7, 0x2987, 0x2966, 0x2146, 0x2146,
  0x2966, 0x2146, 0x2146, 0x1905, 0x18E5, 0x2125, 0x2146, 0x2967, 0x2987, 0x31A7, 0x31A7, 0x31A7,
  0x31C8, 0x39E8, 0x39E8, 0x39E8, 0x31E8, 0x39E8, 0x31E8, 0x31C7, 0x39C7, 0x31C7, 0x31A7, 0x31A7,
  0x3187, 0x3186, 0x3186, 0x31A6, 0x39E7, 0x39C7, 0x39E7, 0x39E8, 0x4229, 0x52AB, 0x5AEC, 0x5AEC,
  0x5ACB, 0x5ACB, 0x52AB, 0x52AB, 0x52AB, 0x526A, 0x4A49, 0x4229, 0x41E8, 0x4208, 0x4229, 0x4229,
  0x4208, 0x4209, 0x4A49, 0x4A6A, 0x4A6A, 0x4A6A, 0x4A49, 0x4A29, 0x4229, 0x4209, 0x39E8, 0x39C7,
  0x39C7, 0x39C7, 0x4208, 0x3186, 0x2966, 0x2104, 0x18E3, 0x2104, 0x18C3, 0x18C3, 0x18E3, 0x10A2,
  0x10A2, 0x10A2, 0x10A2, 0x18E3, 0x18E3, 0x18C3, 0x18C3, 0x18E3, 0x18E3, 0x18C3, 0x18C3, 0x18C3,
  0x18C3, 0x18C3, 0x18C3, 0x18E3, 0x18E3, 0x18E3, 0x18E3, 0x18E3, 0x18E3, 0x18E3, 0x18C3, 0x18C3,
  0x18C3, 0x18C3, 0x18C3, 0x18C3, 0x18C3, 0x18C3, 0x18C3, 0x18E3, 0x2104, 0x2104, 0x2104, 0x2104,
  0x18E3, 0x2104, 0x2104, 0x18E3, 0x18E4, 0x2104, 0x2104, 0x2104, 0x18E4, 0x18E4, 0x18E3, 0x18C4,
  0x18C4, 0x18C4, 0x18C3, 0x18C3, 0x18C3, 0x18C3, 0x18C3, 0x18C4, 0x18E4, 0x20E4, 0x2105, 0x2105,
  0x20E4, 0x2104, 0x18E4, 0x18E4, 0x18C3, 0x18E4, 0x18E4, 0x18C3, 0x10A3, 0x18E3, 0x18E4, 0x18E4,
  0x1904, 0x2125, 0x2966, 0x31C7, 0x3A08, 0x3A08, 0x2986, 0x2166, 0x2986, 0x31A7, 0x31C7, 0x4249,
  0x4A8A, 0x4A8A, 0x4AAB, 0x52CB, 0x52CB, 0x4A8A, 0x4AAB, 0x52EB, 0x52EC, 0x52EC, 0x52EC, 0x52EC,
  0x52EC, 0x52EC, 0x52EC, 0x52EC, 0x52EC, 0x52EC, 0x52ED, 0x4ACC, 0x3A4A, 0x3A29, 0x426A, 0x4ACC,
  0x52ED, 0x530D, 0x530D, 0x530D, 0x530D, 0x530D, 0x52ED, 0x530D, 0x52CC, 0x424A, 0x2987, 0x2146,
  0x2966, 0x2966, 0x3186, 0x4208, 0x62A9, 0x7B4C, 0x8BAD, 0x93CD, 0x93CD, 0x9BED, 0xA42E, 0xAC6F,
  0xAC90, 0xA46F, 0x7B4B, 0x5227, 0x4A27, 0x5AA9, 0x5AEA, 0x5ACA, 0x5AEB, 0x5ACA, 0x5ACA, 0x5AEA,
  0x5AEB, 0x5AEB, 0x5B0B, 0x632B, 0x632B, 0x632B, 0x5B2B, 0x5B0B, 0x5B0B, 0x5B0B, 0x5B0B, 0x5B0B,
  0x39E8, 0x31C8, 0x39E8, 0x3A09, 0x39E8, 0x31C8, 0x31C8, 0x31A7, 0x31A8, 0x2987, 0x2966, 0x2987,
  0x2987, 0x2966, 0x2146, 0x18E4, 0x18E4, 0x1905, 0x2126, 0x2966, 0x2987, 0x31A7, 0x31C8, 0x31C8,
  0x31C8, 0x39E8, 0x3A08, 0x3A08, 0x3A08, 0x3A08, 0x39E8, 0x39E8, 0x39C7, 0x39C7, 0x39C7, 0x31A7,
  0x3186, 0x3166, 0x3186, 0x39A7, 0x39C7, 0x39C7, 0x4208, 0x4228, 0x4A49, 0x52CB, 0x630C, 0x630C,
  0x5AEC, 0x5AEC, 0x5ACB, 0x528A, 0x526A, 0x4A29, 0x4208, 0x4208, 0x4229, 0x41E8, 0x39C8, 0x39C7,
  0x39C7, 0x39E8, 0x39E8, 0x39A7, 0x39C8, 0x39C7, 0x31A7, 0x3187, 0x3186, 0x3186, 0x2966, 0x2966,
  0x2965, 0x2945, 0x2965, 0x2104, 0x2124, 0x18C3, 0x2104, 0x2104, 0x10A2, 0x10A2, 0x10A2, 0x1082,
  0x10A2, 0x10A2, 0x10A2, 0x18C3, 0x18C3, 0x18C3, 0x18E3, 0x18C3, 0x18C3, 0x18C3, 0x18E3, 0x18E3,
  0x18E3, 0x18C3, 0x18C3, 0x10A2, 0x18C3, 0x18C3, 0x18E3, 0x2104, 0x18E3, 0x18E3, 0x18C3, 0x18C3,
  0x18C3, 0x10A2, 0x10A2, 0x18C3, 0x10A2, 0x10A2, 0x10A2, 0x10A2, 0x10A2, 0x10A2, 0x10A2, 0x10A2,
  0x18C3, 0x18E3, 0x18E3, 0x18C3, 0x18C3, 0x18E4, 0x2104, 0x2104, 0x2104, 0x18E4, 0x18E4, 0x18C4,
  0x18E4, 0x18E4, 0x18E4, 0x18E4, 0x18E4, 0x18C4, 0x18C3, 0x18C3, 0x18C4, 0x20E4, 0x2105, 0x2105,
  0x2125, 0x2125, 0x2104, 0x18E4, 0x18E4, 0x18E4, 0x18E4, 0x10A3, 0x10A3, 0x10C3, 0x10C3, 0x10C3,
  0x10E3, 0x18E4, 0x1904, 0x2145, 0x2986, 0x31C7, 0x4229, 0x39E8, 0x2966, 0x2986, 0x39E8, 0x3A08,
  0x3A08, 0x3A08, 0x4249, 0x4AAB, 0x52CB, 0x4AAB, 0x4AAB, 0x52CB, 0x4ACB, 0x52CC, 0x52CC, 0x52CC,
  0x52EC, 0x52EC, 0x52EC, 0x52EC, 0x530C, 0x530D, 0x5B0D, 0x4ACC, 0x3A2A, 0x3A09, 0x426A, 0x4AAC,
  0x52EC, 0x52ED, 0x52ED, 0x530D, 0x5B2D, 0x5B0D, 0x52ED, 0x52ED, 0x52CC, 0x3A2A, 0x2166, 0x2125,
  0x2966, 0x3186, 0x39C7, 0x5249, 0x6AEA, 0x838C, 0x940E, 0x9C0E, 0xA40D, 0xA42D, 0xAC4E, 0xB46F,
  0xAC8F, 0x9C4F, 0x7B2B, 0x5227, 0x4A07, 0x5289, 0x5ACA, 0x5ACB, 0x5AEB, 0x5ACA, 0x52AA, 0x5ACA,
  0x5AEB, 0x5AEB, 0x5B0B, 0x632B, 0x632C, 0x632C, 0x5B2B, 0x5B0B, 0x52EA, 0x52EA, 0x5B0B, 0x5B0B,
  0x3A09, 0x31E8, 0x31E8, 0x31E8, 0x31C8, 0x31C8, 0x31C8, 0x31A7, 0x31A7, 0x2987, 0x2146, 0x2146,
  0x2987, 0x2987, 0x2146, 0x18E4, 0x10C4, 0x1905, 0x2125, 0x2146, 0x2987, 0x31A7, 0x31C8, 0x31C8,
  0x31C8, 0x31C8, 0x39E8, 0x3A08, 0x3A08, 0x3A08, 0x39E8, 0x31C7, 0x31A7, 0x31C7, 0x3187, 0x3186,
  0x3186, 0x3166, 0x31A6, 0x39C7, 0x39E8, 0x39E7, 0x4228, 0x4208, 0x4A69, 0x630C, 0x632C, 0x630C,
  0x6B4D, 0x5AEC, 0x52AA, 0x4A6A, 0x4229, 0x4228, 0x4A49, 0x4A69, 0x39E7, 0x39C7, 0x31A7, 0x31A6,
  0x3186, 0x3166, 0x3186, 0x31A7, 0x31A6, 0x39C7, 0x39E7, 0x31A7, 0x2966, 0x2945, 0x2125, 0x2125,
  0x2104, 0x2104, 0x2124, 0x2124, 0x18E3, 0x18E3, 0x20E4, 0x18A2, 0x0861, 0x18A2, 0x18C3, 0x10A2,
  0x1082, 0x18C3, 0x18C3, 0x18A2, 0x10A2, 0x18C3, 0x18E3, 0x18E3, 0x18E3, 0x18C3, 0x18E3, 0x2104,
  0x2104, 0x18E3, 0x18E3, 0x18E3, 0x18C3, 0x18C3, 0x10A2, 0x10A2, 0x18C3, 0x18C3, 0x18C3, 0x18C3,
  0x10A2, 0x10A2, 0x10A2, 0x10A2, 0x10A2, 0x10A2, 0x18C3, 0x18C3, 0x18C3, 0x18C3, 0x18C3, 0x18C3,
  0x18C3, 0x18C3, 0x10A3, 0x18C3, 0x18C3, 0x18E3, 0x18E3, 0x18E3, 0x18E4, 0x18E4, 0x18E4, 0x18E4,
  0x20E4, 0x2104, 0x2125, 0x2125, 0x2104, 0x2104, 0x18E4, 0x18C3, 0x18C3, 0x18C4, 0x18E4, 0x18E4,
  0x2125, 0x2104, 0x1904, 0x18E4, 0x18E4, 0x18E4, 0x18C3, 0x10A3, 0x18C3, 0x10C3, 0x18E3, 0x18E4,
  0x18E4, 0x18E4, 0x1904, 0x1904, 0x2125, 0x2145, 0x29A6, 0x39E8, 0x3A08, 0x31E7, 0x31A7, 0x31C7,
  0x3A28, 0x4229, 0x4229, 0x4249, 0x4A8A, 0x4A8A, 0x4A8A, 0x52AB, 0x52AB, 0x52CB, 0x52CC, 0x52EC,
  0x52EC, 0x52EC, 0x52EC, 0x52EC, 0x5B0D, 0x5B2D, 0x5B0D, 0x52CC, 0x426A, 0x3A29, 0x426A, 0x4ACC,
  0x52ED, 0x5B0D, 0x5B2D, 0x5B0D, 0x5B2D, 0x5B0D, 0x530D, 0x530D, 0x4ACC, 0x3A09, 0x2966, 0x2146,
  0x2966, 0x3186, 0x4A08, 0x62AA, 0x7B2B, 0x838C, 0x93ED, 0x9C0E, 0xA42E, 0xA42E, 0xAC2E, 0xAC4E,
  0xA44E, 0x93ED, 0x6AEA, 0x4A07, 0x4A27, 0x5289, 0x5AEB, 0x5AEB, 0x5ACA, 0x5ACA, 0x5ACA, 0x5AEA,
  0x5AEB, 0x5AEA, 0x5AEB, 0x5B0B, 0x5B0B, 0x5B0B, 0x5B0B, 0x5B0B, 0x5AEB, 0x52EA, 0x52EA, 0x52EA,
  0x3A09, 0x31E8, 0x31E8, 0x31E8, 0x31C8, 0x39E8, 0x31C8, 0x31C8, 0x31A8, 0x2987, 0x2146, 0x2146,
  0x2987, 0x2987, 0x2126, 0x10C4, 0x10C4, 0x10C4, 0x2126, 0x2987, 0x2967, 0x31A7, 0x31C8, 0x31A8,
  0x39E8, 0x39E8, 0x3A08, 0x3A09, 0x3A08, 0x39E8, 0x31E8, 0x31C7, 0x31A7, 0x31A7, 0x39C7, 0x31A7,
  0x39C7, 0x39C7, 0x31A6, 0x39E7, 0x41E8, 0x4A49, 0x4208, 0x4229, 0x630C, 0x630C, 0x52AA, 0x5AEB,
  0x632C, 0x52AA, 0x4A49, 0x4A49, 0x4A49, 0x4229, 0x4208, 0x39C7, 0x31A6, 0x3186, 0x3186, 0x3186,
  0x3186, 0x3186, 0x39A7, 0x39C7, 0x31A7, 0x31A6, 0x2966, 0x2945, 0x2945, 0x2945, 0x2965, 0x2966,
  0x2945, 0x2104, 0x2104, 0x2104, 0x18E3, 0x18E3, 0x18C3, 0x1061, 0x1082, 0x18C3, 0x18C3, 0x1082,
  0x18C3, 0x18C3, 0x18A3, 0x18C3, 0x18C3, 0x18C3, 0x10A2, 0x18C3, 0x18E3, 0x18E3, 0x18C3, 0x18C3,
  0x10A2, 0x10A2, 0x18C3, 0x18C3, 0x18C3, 0x18E3, 0x18E3, 0x18E3, 0x18C3, 0x18C3, 0x18C3, 0x18E3,
  0x18C3, 0x10A2, 0x10A2, 0x10A2, 0x10A2, 0x10A2, 0x18C3, 0x18C3, 0x10A2, 0x10A2, 0x10A3, 0x10A3,
  0x18C3, 0x10A3, 0x10A3, 0x10A3, 0x18C3, 0x18C3, 0x18C3, 0x18C3, 0x18C3, 0x18C4, 0x18E4, 0x18E4,
  0x18E4, 0x18C4, 0x18E4, 0x18E4, 0x2105, 0x2104, 0x20E4, 0x18E4, 0x18E4, 0x18E4, 0x18E4, 0x18C4,
  0x18E4, 0x20E4, 0x2125, 0x2125, 0x2125, 0x2104, 0x18E4, 0x18E4, 0x10A3, 0x10A3, 0x10C3, 0x18E4,
  0x18E3, 0x18E3, 0x18E3, 0x10C3, 0x10C3, 0x18E4, 0x1924, 0x2145, 0x39E8, 0x4A6A, 0x4229, 0x31C7,
  0x31A7, 0x4249, 0x4A6A, 0x4249, 0x4A6A, 0x426A, 0x4A6A, 0x52CB, 0x52CB, 0x52CB, 0x52CC, 0x52EC,
  0x52EC, 0x52EC, 0x52EC, 0x52EC, 0x5B2D, 0x5B2D, 0x5B0D, 0x52CC, 0x424A, 0x3A29, 0x426A, 0x4ACC,
  0x52ED, 0x5B0D, 0x5B0D, 0x530D, 0x530D, 0x530D, 0x52EC, 0x4AEC, 0x52CC, 0x424A, 0x31A7, 0x2986,
  0x39A6, 0x41E7, 0x5248, 0x62CA, 0x836B, 0x8BCD, 0x93ED, 0x9BED, 0x9BEC, 0x9BCC, 0x9BCC, 0x9BED,
  0x93AC, 0x836B, 0x5A68, 0x41E6, 0x4A27, 0x52AA, 0x5B0B, 0x5AEB, 0x5AEA, 0x5ACA, 0x5ACA, 0x5AEB,
  0x5AEB, 0x5B0B, 0x630B, 0x632C, 0x632C, 0x632B, 0x5B0B, 0x5AEB, 0x52EA, 0x52EA, 0x5AEB, 0x5B0B,
  0x3208, 0x3A09, 0x3A09, 0x31E8, 0x3A09, 0x3A09, 0x31C8, 0x31A8, 0x31C8, 0x31A7, 0x2987, 0x2987,
  0x31A7, 0x31A7, 0x2966, 0x1905, 0x18E4, 0x18E4, 0x2125, 0x2987, 0x2967, 0x2987, 0x31C8, 0x31C8,
  0x31C8, 0x39E8, 0x39E8, 0x39E8, 0x39E8, 0x39E8, 0x31E7, 0x31C7, 0x31A7, 0x3187, 0x31A7, 0x3186,
  0x39A7, 0x39C8, 0x31A6, 0x4208, 0x4228, 0x4A49, 0x4228, 0x4A69, 0x5ACB, 0x5AEB, 0x5ACB, 0x5ACB,
  0x4A69, 0x4228, 0x4228, 0x4228, 0x39E7, 0x31A6, 0x31A6, 0x31A6, 0x39C7, 0x31A6, 0x31A6, 0x31A6,
  0x3186, 0x3166, 0x2945, 0x2945, 0x2965, 0x2945, 0x2124, 0x2104, 0x2124, 0x2945, 0x2945, 0x2124,
  0x2924, 0x2104, 0x18E3, 0x18C3, 0x18E3, 0x18E3, 0x18C3, 0x18A2, 0x18C2, 0x18C3, 0x18C3, 0x18C3,
  0x2103, 0x2103, 0x18E3, 0x18E3, 0x18C3, 0x18C3, 0x18C3, 0x18E3, 0x2104, 0x2104, 0x2104, 0x18C3,
  0x10A2, 0x10A2, 0x10A2, 0x18C3, 0x18C3, 0x18E3, 0x18E3, 0x18E3, 0x18C3, 0x18C3, 0x18E3, 0x18E3,
  0x18E3, 0x18C3, 0x18C3, 0x18C3, 0x10A2, 0x18C3, 0x18C3, 0x18C3, 0x10A2, 0x10A2, 0x18C3, 0x10A3,
  0x1082, 0x1082, 0x1082, 0x10A2, 0x1083, 0x10A3, 0x10A3, 0x18A3, 0x18A3, 0x18C3, 0x18C4, 0x18C4,
  0x18C3, 0x18C3, 0x18C3, 0x18A3, 0x18C3, 0x18C3, 0x18C3, 0x18C4, 0x18E4, 0x18E4, 0x18E4, 0x18E4,
  0x18E4, 0x18E4, 0x2104, 0x2104, 0x2105, 0x2125, 0x2125, 0x2125, 0x2104, 0x18E4, 0x18E4, 0x18E4,
  0x18C3, 0x18E4, 0x18E4, 0x18C3, 0x2125, 0x2145, 0x2145, 0x1904, 0x2145, 0x29A6, 0x31C7, 0x3A08,
  0x31A7, 0x2986, 0x31C7, 0x4249, 0x4249, 0x4249, 0x4A8A, 0x4A8A, 0x52CC, 0x52CC, 0x52CB, 0x52CC,
  0x52CC, 0x52EC, 0x52EC, 0x52EC, 0x5B0D, 0x5B2D, 0x5B2D, 0x52EC, 0x426A, 0x3A29, 0x426A, 0x4ACC,
  0x530C, 0x5B0D, 0x530D, 0x530D, 0x530D, 0x52ED, 0x4AEC, 0x4ACC, 0x52CC, 0x426A, 0x31C7, 0x31A7,
  0x41E7, 0x5228, 0x6268, 0x6AA9, 0x7B4A, 0x8BAC, 0x93CC, 0x93CC, 0x93AB, 0x938B, 0x938B, 0x8B8B,
  0x834A, 0x72E9, 0x5206, 0x41C5, 0x4A48, 0x52CA, 0x5B0C, 0x5B0C, 0x5AEB, 0x5ACA, 0x5ACA, 0x5AEB,
  0x630B, 0x632B, 0x632C, 0x632C, 0x634C, 0x632C, 0x5B2B, 0x5AEB, 0x52EA, 0x52EA, 0x5B0B, 0x5B0B,
  0x3A09, 0x424A, 0x424A, 0x3A29, 0x4229, 0x3A29, 0x39E8, 0x31C8, 0x31C8, 0x31C8, 0x31A7, 0x2987,
  0x2987, 0x2987, 0x2966, 0x2125, 0x2146, 0x2146, 0x2966, 0x2987, 0x31A7, 0x31A7, 0x31C8, 0x3A09,
  0x39E8, 0x3A09, 0x3A09, 0x3A08, 0x39E8, 0x39E8, 0x39E8, 0x39E8, 0x39E8, 0x39C8, 0x39C7, 0x31C7,
  0x39C7, 0x39C7, 0x31A7, 0x4208, 0x4A49, 0x4A49, 0x4228, 0x4A49, 0x4A49, 0x4A69, 0x52AB, 0x4229,
  0x39C7, 0x3186, 0x3186, 0x31A6, 0x39C7, 0x39E7, 0x39E7, 0x39C7, 0x3186, 0x3186, 0x3186, 0x3166,
  0x2965, 0x2945, 0x2925, 0x2124, 0x2945, 0x2945, 0x2965, 0x2945, 0x2124, 0x2124, 0x2104, 0x2104,
  0x2124, 0x2104, 0x18C3, 0x18A3, 0x18A3, 0x18A2, 0x18C3, 0x2104, 0x2104, 0x20E3, 0x2104, 0x2124,
  0x2103, 0x2104, 0x2124, 0x18C3, 0x2104, 0x2124, 0x2124, 0x2104, 0x2104, 0x2104, 0x18E3, 0x18E3,
  0x18E3, 0x18E3, 0x18C3, 0x18C3, 0x18C3, 0x18C3, 0x18C3, 0x18C3, 0x18C3, 0x18C3, 0x18C3, 0x18E3,
  0x18E3, 0x18C3, 0x18C3, 0x18C3, 0x10A2, 0x10A2, 0x10A2, 0x10A2, 0x10A2, 0x10A2, 0x18C3, 0x18C3,
  0x10A2, 0x10A3, 0x10A3, 0x10A3, 0x10A3, 0x10A3, 0x10A3, 0x10A3, 0x10A3, 0x18C3, 0x18C3, 0x18E4,
  0x18E4, 0x18C4, 0x18C4, 0x18C4, 0x18A3, 0x18A3, 0x10A3, 0x18A3, 0x18C3, 0x18C3, 0x18C3, 0x18A3,
  0x18C4, 0x18C3, 0x18C3, 0x18E4, 0x2105, 0x2125, 0x2125, 0x2104, 0x2145, 0x2104, 0x18E4, 0x18C3,
  0x10C3, 0x18C3, 0x18C3, 0x18E4, 0x10C3, 0x10C3, 0x18E4, 0x18E4, 0x2125, 0x2165, 0x2986, 0x31C7,
  0x4229, 0x39E8, 0x2986, 0x31A7, 0x4249, 0x4A6A, 0x4249, 0x4A8A, 0x52CC, 0x52CB, 0x52CB, 0x52CB,
  0x52CC, 0x52EC, 0x52EC, 0x52EC, 0x52EC, 0x5B0D, 0x5B2D, 0x52EC, 0x426A, 0x3A29, 0x424A, 0x4AAC,
  0x52EC, 0x5B0D, 0x5B0D, 0x530D, 0x5B0D, 0x5B0D, 0x52ED, 0x52EC, 0x52CC, 0x426A, 0x39E8, 0x41E8,
  0x5248, 0x5A69, 0x6288, 0x6A88, 0x72E9, 0x836B, 0x93AC, 0x93AB, 0x938B, 0x938A, 0x8B6A, 0x8B6B,
  0x8B8B, 0x730A, 0x5207, 0x41E6, 0x4A48, 0x52CA, 0x5B0C, 0x5B0C, 0x5AEB, 0x5ACA, 0x5ACA, 0x5ACA,
  0x5B0B, 0x632C, 0x632C, 0x632C, 0x632C, 0x634C, 0x632C, 0x5B0B, 0x5B0B, 0x5B0B, 0x5B0B, 0x52EA,
  0x424A, 0x4A8B, 0x4AAB, 0x426A, 0x426A, 0x424A, 0x4229, 0x4229, 0x39E9, 0x39E9, 0x39E8, 0x39E8,
  0x39E8, 0x39E8, 0x31C8, 0x31C8, 0x2987, 0x2987, 0x2967, 0x31A7, 0x31C8, 0x31A8, 0x31C8, 0x4229,
  0x4229, 0x424A, 0x4A6A, 0x4249, 0x4229, 0x4229, 0x4229, 0x4229, 0x4208, 0x4229, 0x4229, 0x4229,
  0x4229, 0x39C7, 0x39E7, 0x4208, 0x4A49, 0x4A69, 0x4208, 0x4208, 0x4A49, 0x4A49, 0x4228, 0x39A7,
  0x39C7, 0x39C7, 0x39C7, 0x39E7, 0x39C7, 0x39C7, 0x31A6, 0x31A6, 0x3186, 0x2965, 0x2945, 0x2945,
  0x2124, 0x2945, 0x2945, 0x2945, 0x2945, 0x2965, 0x2965, 0x2945, 0x2124, 0x2124, 0x2104, 0x2104,
  0x18C2, 0x18C3, 0x18A2, 0x18A2, 0x18C2, 0x18C3, 0x2104, 0x3165, 0x2945, 0x2924, 0x2944, 0x2924,
  0x20E3, 0x20E3, 0x2104, 0x18C2, 0x2104, 0x2124, 0x2124, 0x2104, 0x18C3, 0x18E3, 0x18E3, 0x18E3,
  0x18E3, 0x18E3, 0x18E3, 0x18C3, 0x18C3, 0x18C3, 0x18C3, 0x18C3, 0x18E3, 0x18E3, 0x18E3, 0x18E3,
  0x18E3, 0x18E3, 0x18E3, 0x2104, 0x18E3, 0x18E3, 0x18C3, 0x10A2, 0x18C3, 0x18E3, 0x18E3, 0x18E3,
  0x18E4, 0x18E4, 0x18E4, 0x18E4, 0x18C3, 0x18C3, 0x18C3, 0x18C3, 0x18A3, 0x18C3, 0x18C3, 0x18C4,
  0x18E4, 0x18E4, 0x18E4, 0x20E4, 0x18C3, 0x18A3, 0x10A3, 0x10A3, 0x10A3, 0x1083, 0x1082, 0x1082,
  0x18A3, 0x10A3, 0x10A3, 0x18C3, 0x18E4, 0x2104, 0x2104, 0x2104, 0x2104, 0x2104, 0x20E4, 0x18E4,
  0x18C4, 0x18C3, 0x18C3, 0x18C3, 0x18E3, 0x18E3, 0x18E3, 0x10C3, 0x1904, 0x2145, 0x2145, 0x2125,
  0x1924, 0x31A7, 0x31C7, 0x31A7, 0x39E8, 0x4269, 0x4A6A, 0x4249, 0x52CB, 0x52AB, 0x52AB, 0x52CB,
  0x52CC, 0x52EC, 0x52EC, 0x52EC, 0x52EC, 0x5B0D, 0x5B2D, 0x52EC, 0x426B, 0x3A09, 0x3A4A, 0x4AAB,
  0x530C, 0x5B0D, 0x5B0D, 0x5B0D, 0x5B2D, 0x5B2D, 0x530D, 0x52ED, 0x52EC, 0x4A8A, 0x4A49, 0x5289,
  0x6AEA, 0x72EA, 0x72C9, 0x72E9, 0x7B2A, 0x8B8B, 0x93AC, 0x93AB, 0x93AB, 0x9BCB, 0x9BCC, 0x9BED,
  0x9C0D, 0x7B4B, 0x5247, 0x4A07, 0x4A68, 0x52AA, 0x5AEB, 0x5B0B, 0x5AEB, 0x5ACA, 0x5ACA, 0x5ACA,
  0x630B, 0x632C, 0x6B4C, 0x6B4C, 0x634C, 0x634C, 0x632C, 0x5B0B, 0x5B0B, 0x5B0B, 0x5AEB, 0x52EA,
  0x3A09, 0x3A29, 0x3A29, 0x3A09, 0x3A09, 0x39E8, 0x39E8, 0x39E8, 0x39E8, 0x39E8, 0x39C8, 0x31C8,
  0x31A8, 0x31A8, 0x31A7, 0x2987, 0x2126, 0x1905, 0x2126, 0x2967, 0x2987, 0x2987, 0x31C8, 0x39E8,
  0x3A08, 0x4229, 0x4249, 0x4249, 0x3A28, 0x3A08, 0x3A08, 0x3A08, 0x39E8, 0x4229, 0x4208, 0x4A49,
  0x4208, 0x31C7, 0x4208, 0x4228, 0x4A49, 0x4A49, 0x4208, 0x4208, 0x4228, 0x39E7, 0x39C7, 0x39C7,
  0x39C7, 0x31A6, 0x39C7, 0x39E7, 0x39E7, 0x39E7, 0x3186, 0x2945, 0x2124, 0x2124, 0x2945, 0x2945,
  0x2945, 0x2945, 0x2945, 0x2945, 0x2124, 0x2124, 0x2124, 0x2124, 0x2945, 0x2945, 0x2124, 0x2104,
  0x20E3, 0x2103, 0x20E3, 0x20E3, 0x2103, 0x2104, 0x2924, 0x3165, 0x3165, 0x3165, 0x2924, 0x20E3,
  0x20E3, 0x20E3, 0x18E3, 0x18E3, 0x20E3, 0x20E4, 0x2104, 0x18E3, 0x18E3, 0x18E3, 0x18E3, 0x18E3,
  0x18E3, 0x18E3, 0x18C3, 0x18C3, 0x18C3, 0x18C3, 0x18C3, 0x18C3, 0x18E3, 0x18E3, 0x18E3, 0x18E3,
  0x18E3, 0x18E3, 0x18E3, 0x2104, 0x2124, 0x2104, 0x18E3, 0x18C3, 0x18C3, 0x18E3, 0x18E3, 0x18C3,
  0x18C3, 0x18E3, 0x18E4, 0x18E4, 0x18E4, 0x18C4, 0x18C4, 0x18C4, 0x18C3, 0x18C3, 0x18C3, 0x18C3,
  0x18C4, 0x18E4, 0x18E4, 0x18E4, 0x18C4, 0x18C3, 0x18A3, 0x10A3, 0x10A3, 0x10A3, 0x10A2, 0x1082,
  0x1083, 0x10A3, 0x10A3, 0x10A3, 0x18C3, 0x18E4, 0x2104, 0x2125, 0x2104, 0x2105, 0x2125, 0x2105,
  0x2104, 0x20E4, 0x18E4, 0x18E4, 0x10C3, 0x10C3, 0x18E4, 0x1904, 0x2125, 0x2125, 0x18E4, 0x18E4,
  0x1924, 0x2966, 0x3A28, 0x39E8, 0x2145, 0x31C7, 0x4A8A, 0x4269, 0x4A8B, 0x4A8B, 0x4AAB, 0x52AB,
  0x52CC, 0x52CC, 0x52EC, 0x52EC, 0x530C, 0x530C, 0x530D, 0x52EC, 0x426A, 0x3A09, 0x3A4A, 0x4AAC,
  0x530C, 0x5B2D, 0x5B0D, 0x530D, 0x5B0D, 0x5B0D, 0x52ED, 0x52EC, 0x52EC, 0x52AB, 0x528A, 0x62EB,
  0x7B6C, 0x836B, 0x834A, 0x834A, 0x834A, 0x93AB, 0x9BEC, 0x9BEC, 0xA40D, 0xAC2D, 0xAC4E, 0xAC6F,
  0xA46F, 0x836C, 0x5A68, 0x4A27, 0x5269, 0x52AA, 0x5AEB, 0x5AEB, 0x5AEB, 0x5ACA, 0x5ACA, 0x5AEB,
  0x632B, 0x6B6C, 0x6B6D, 0x6B6D, 0x6B4C, 0x632C, 0x5B2B, 0x5B0B, 0x5B0B, 0x52EA, 0x52EA, 0x52EA,
  0x424A, 0x424A, 0x426A, 0x426A, 0x424A, 0x4229, 0x4229, 0x3A09, 0x3A09, 0x3A09, 0x39E8, 0x39E8,
  0x39E8, 0x31C8, 0x2987, 0x2146, 0x2126, 0x1905, 0x2126, 0x2967, 0x2987, 0x31A7, 0x31C8, 0x31C8,
  0x3A08, 0x4229, 0x4229, 0x3A08, 0x31C7, 0x31C7, 0x39E8, 0x39E8, 0x4208, 0x39E8, 0x4208, 0x4249,
  0x39E8, 0x39C7, 0x4228, 0x4228, 0x4228, 0x4208, 0x4208, 0x39C7, 0x2965, 0x2945, 0x3186, 0x39C7,
  0x31A6, 0x39C7, 0x39E7, 0x39E7, 0x3186, 0x2945, 0x2945, 0x2124, 0x2945, 0x2945, 0x2965, 0x3186,
  0x2965, 0x2124, 0x18E3, 0x18E3, 0x2104, 0x2104, 0x2104, 0x2124, 0x2944, 0x2945, 0x2944, 0x2124,
  0x2103, 0x2103, 0x20E3, 0x2104, 0x2924, 0x3165, 0x3185, 0x3186, 0x3165, 0x2944, 0x2103, 0x20E3,
  0x2104, 0x2104, 0x18E3, 0x2104, 0x2104, 0x2103, 0x2104, 0x2104, 0x2104, 0x18E3, 0x18C3, 0x18C3,
  0x18C3, 0x18C3, 0x18C3, 0x10A2, 0x10A2, 0x10A2, 0x10A2, 0x10A2, 0x10A2, 0x10A2, 0x10A2, 0x10A2,
  0x10A2, 0x1082, 0x10A2, 0x18C3, 0x18E3, 0x18E3, 0x18E3, 0x18C3, 0x10A3, 0x10A3, 0x10A2, 0x10A2,
  0x10A2, 0x10A2, 0x10A3, 0x18C3, 0x18C3, 0x18C3, 0x18C3, 0x18C3, 0x18A3, 0x18A3, 0x18C3, 0x18C3,
  0x18C3, 0x18C3, 0x18C4, 0x18C4, 0x20E4, 0x18E4, 0x18E3, 0x18C3, 0x18C3, 0x10A3, 0x10A2, 0x1082,
  0x1062, 0x1083, 0x18A3, 0x18C3, 0x18C3, 0x18C3, 0x18E4, 0x20E4, 0x2104, 0x2104, 0x2104, 0x20E4,
  0x2104, 0x2104, 0x20E4, 0x2104, 0x1904, 0x10C3, 0x10A3, 0x10A3, 0x10C3, 0x10C3, 0x10C3, 0x18E4,
  0x08A2, 0x1924, 0x2966, 0x2966, 0x2966, 0x2966, 0x31A7, 0x4229, 0x424A, 0x4A6A, 0x4A8B, 0x52AB,
  0x52CB, 0x52CB, 0x52CC, 0x52EC, 0x530C, 0x52EC, 0x52EC, 0x52CC, 0x426A, 0x3A29, 0x3A4A, 0x4AAB,
  0x530C, 0x5B2D, 0x5B0D, 0x530D, 0x532D, 0x530D, 0x52EC, 0x52EC, 0x52EC, 0x52CB, 0x5ACA, 0x6B2B,
  0x838C, 0x8BAC, 0x8B8B, 0x938B, 0x8B6A, 0x938B, 0x9BAC, 0xA3EC, 0xAC2D, 0xAC4E, 0xB48F, 0xBCB0,
  0xAC90, 0x838C, 0x5A48, 0x5228, 0x5289, 0x5AAA, 0x5AEB, 0x5AEB, 0x5AEA, 0x5AEA, 0x5AEA, 0x5AEB,
  0x632C, 0x6B6D, 0x738D, 0x738D, 0x6B4C, 0x632C, 0x5B0B, 0x5B0B, 0x5AEB, 0x52EA, 0x52CA, 0x52EA,
  0x4AAB, 0x4A8B, 0x4AAB, 0x52CC, 0x4AAB, 0x4A8B, 0x4A6A, 0x422A, 0x4229, 0x4229, 0x4229, 0x424A,
  0x4A8B, 0x4A8B, 0x424A, 0x3A09, 0x31C8, 0x31C8, 0x2987, 0x2987, 0x39E9, 0x39E9, 0x31C8, 0x3A09,
  0x5AEC, 0x5AEC, 0x52CB, 0x426A, 0x3A08, 0x3A28, 0x4249, 0x4269, 0x4A6A, 0x4209, 0x4A6A, 0x528A,
  0x4228, 0x39E8, 0x4208, 0x3A08, 0x39E7, 0x39E7, 0x4208, 0x31A6, 0x2965, 0x3186, 0x39C7, 0x4208,
  0x39C7, 0x31A6, 0x31A6, 0x3186, 0x2965, 0x2965, 0x2965, 0x2945, 0x2965, 0x2945, 0x2965, 0x2965,
  0x2945, 0x18E3, 0x18E3, 0x2104, 0x18E3, 0x18E3, 0x18E3, 0x18E3, 0x2103, 0x2124, 0x2124, 0x2104,
  0x2103, 0x2104, 0x2103, 0x2104, 0x2924, 0x2945, 0x3185, 0x3185, 0x3185, 0x2924, 0x2103, 0x2924,
  0x2924, 0x2104, 0x2103, 0x2103, 0x2124, 0x20E3, 0x18C3, 0x18C3, 0x18C3, 0x10A2, 0x18C3, 0x18E3,
  0x10A2, 0x10A2, 0x10A2, 0x10A2, 0x1082, 0x1082, 0x1082, 0x1082, 0x1082, 0x10A2, 0x10A2, 0x10A2,
  0x1082, 0x1082, 0x1082, 0x10A2, 0x18C3, 0x18E3, 0x2104, 0x18E3, 0x18C3, 0x10A3, 0x10A3, 0x10A3,
  0x10A2, 0x10A2, 0x10A3, 0x10A3, 0x18A3, 0x18A3, 0x10A3, 0x1083, 0x10A3, 0x10A3, 0x18A3, 0x18C3,
  0x18C3, 0x18C3, 0x18C3, 0x18C3, 0x18C3, 0x18C3, 0x18E3, 0x18E3, 0x18E4, 0x18E4, 0x18E3, 0x18C3,
  0x18C3, 0x10A3, 0x1082, 0x1082, 0x1082, 0x18A3, 0x18E4, 0x20E4, 0x2104, 0x2104, 0x20E4, 0x20E4,
  0x2125, 0x2105, 0x2104, 0x2104, 0x1904, 0x2125, 0x2125, 0x10C3, 0x10A3, 0x18E3, 0x10C3, 0x10C3,
  0x10A3, 0x1904, 0x1904, 0x1904, 0x2145, 0x2145, 0x2125, 0x31A7, 0x4229, 0x424A, 0x4A8A, 0x52AB,
  0x4AAB, 0x52AB, 0x52CC, 0x52CC, 0x52EC, 0x52EC, 0x52EC, 0x52EC, 0x428A, 0x3A29, 0x3A4A, 0x4AAB,
  0x530C, 0x5B0C, 0x530D, 0x530D, 0x5B2D, 0x532D, 0x52ED, 0x52EC, 0x52CC, 0x5ACB, 0x5AEB, 0x6B2B,
  0x838C, 0x8BCD, 0x93CC, 0x93AB, 0x8B6A, 0x936A, 0x936A, 0x9BAB, 0xA3EC, 0xAC0D, 0xB46E, 0xBCD0,
  0xAC90, 0x836C, 0x5A48, 0x5228, 0x5A89, 0x5ACA, 0x5AEB, 0x5AEB, 0x5AEA, 0x5AEB, 0x5AEB, 0x5AEB,
  0x632C, 0x6B6C, 0x6B8D, 0x6B8D, 0x6B4C, 0x630B, 0x5AEB, 0x5AEB, 0x5B0B, 0x52CA, 0x52CA, 0x52CA,
  0x52CC, 0x5B0D, 0x5AEC, 0x4A8B, 0x422A, 0x424A, 0x424A, 0x4229, 0x39E8, 0x3A09, 0x31C8, 0x31C8,
  0x4A6A, 0x632D, 0x5B0D, 0x422A, 0x3187, 0x3187, 0x2967, 0x2987, 0x31A7, 0x31C8, 0x39C8, 0x39E8,
  0x4A6A, 0x52AB, 0x52AB, 0x426A, 0x4249, 0x426A, 0x4A8A, 0x52AB, 0x52CB, 0x3A08, 0x4229, 0x4A6A,
  0x4229, 0x4229, 0x4229, 0x4229, 0x39C7, 0x39C7, 0x31A7, 0x3186, 0x31A6, 0x4228, 0x4A49, 0x39C7,
  0x31A6, 0x39C7, 0x31A6, 0x2965, 0x2924, 0x2124, 0x2925, 0x2945, 0x2925, 0x2925, 0x2945, 0x2945,
  0x2945, 0x2945, 0x2945, 0x2945, 0x2944, 0x2124, 0x2124, 0x20E3, 0x18C3, 0x18C2, 0x18E3, 0x2103,
  0x18E3, 0x18E3, 0x2924, 0x2945, 0x2104, 0x20E3, 0x3144, 0x39A6, 0x3165, 0x2924, 0x2924, 0x2924,
  0x2103, 0x2924, 0x20E3, 0x18C3, 0x2103, 0x18E3, 0x18E3, 0x2103, 0x18E3, 0x18C3, 0x18E3, 0x18E3,
  0x18C3, 0x18C3, 0x18C3, 0x18C3, 0x10A2, 0x10A2, 0x10A2, 0x10A2, 0x10A2, 0x10A2, 0x18C3, 0x18C3,
  0x18E3, 0x18E3, 0x18C3, 0x18C3, 0x18C4, 0x18E4, 0x20E4, 0x2104, 0x2104, 0x2104, 0x18E4, 0x18E4,
  0x18C3, 0x18C3, 0x18C4, 0x18C3, 0x18C3, 0x18A3, 0x18C3, 0x18E4, 0x18A3, 0x18A3, 0x10A3, 0x10A3,
  0x1083, 0x1083, 0x10A3, 0x10A3, 0x18C3, 0x18C4, 0x18E4, 0x18C4, 0x18E4, 0x20E4, 0x18E4, 0x18E4,
  0x18C4, 0x18C3, 0x18C3, 0x18A3, 0x10A3, 0x10A3, 0x18A3, 0x18C3, 0x18E4, 0x2104, 0x2125, 0x2125,
  0x2105, 0x2105, 0x2125, 0x2125, 0x2104, 0x20E4, 0x20E4, 0x2104, 0x2105, 0x18E4, 0x18C4, 0x20E4,
  0x18E4, 0x2125, 0x2125, 0x2104, 0x2145, 0x31A7, 0x2986, 0x2125, 0x2986, 0x4249, 0x4249, 0x4229,
  0x4A8B, 0x52AB, 0x52AB, 0x5B0D, 0x5AEC, 0x52EC, 0x52EC, 0x52CC, 0x426A, 0x3A29, 0x3A49, 0x426A,
  0x52ED, 0x530D, 0x5B0D, 0x5B0D, 0x5B0C, 0x5AEC, 0x5B0D, 0x52EC, 0x530D, 0x530C, 0x5B0C, 0x630C,
  0x734B, 0x8BAD, 0x93ED, 0x938B, 0x8B6B, 0x8B4A, 0x8B4A, 0x936A, 0x938A, 0x9BCB, 0xAC2D, 0xAC6E,
  0xA44E, 0x7B2B, 0x4A27, 0x4A28, 0x52A9, 0x5ACA, 0x5B0A, 0x5AEA, 0x5AEA, 0x5AEA, 0x5B0B, 0x632B,
  0x632B, 0x634C, 0x6B4C, 0x6B4C, 0x634C, 0x632C, 0x5B0B, 0x5AEB, 0x52EA, 0x52EA, 0x52EA, 0x52EA,
  0x3A29, 0x424A, 0x424A, 0x3A09, 0x39E8, 0x3A09, 0x3A09, 0x39E8, 0x31C8, 0x31C8, 0x3187, 0x2966,
  0x31A8, 0x3A09, 0x31C8, 0x1905, 0x18E5, 0x18E5, 0x18E5, 0x2126, 0x2966, 0x2987, 0x31A7, 0x31A7,
  0x31E8, 0x4229, 0x4229, 0x31E8, 0x31C7, 0x31C7, 0x39E8, 0x3A08, 0x4208, 0x31A7, 0x31C7, 0x39E8,
  0x4229, 0x4229, 0x41E8, 0x39E8, 0x39C7, 0x39C7, 0x31A7, 0x39C7, 0x4228, 0x4228, 0x39C7, 0x31A6,
  0x39E7, 0x31A6, 0x2965, 0x2124, 0x2104, 0x2124, 0x2925, 0x2925, 0x2945, 0x2965, 0x3165, 0x2945,
  0x2924, 0x2104, 0x2904, 0x2924, 0x2944, 0x2944, 0x2124, 0x2104, 0x18E3, 0x18E3, 0x18E3, 0x18C2,
  0x2124, 0x18C2, 0x18C2, 0x2103, 0x2103, 0x2103, 0x3165, 0x41C6, 0x3165, 0x2944, 0x2944, 0x2924,
  0x2103, 0x2924, 0x2104, 0x2103, 0x18E3, 0x18E3, 0x2103, 0x18E3, 0x18C3, 0x18E3, 0x18E3, 0x18E3,
  0x18C3, 0x18C3, 0x18C3, 0x18C3, 0x18C3, 0x18C3, 0x18C3, 0x18C3, 0x10A2, 0x10A2, 0x10A2, 0x10A2,
  0x10A2, 0x18C3, 0x18C3, 0x18C3, 0x10A3, 0x10A3, 0x18C3, 0x18C4, 0x18E4, 0x2104, 0x2105, 0x2125,
  0x18E4, 0x18E4, 0x18E4, 0x18E4, 0x18C4, 0x18C3, 0x18C3, 0x18C3, 0x18C3, 0x18C3, 0x18C3, 0x18C3,
  0x10A3, 0x1083, 0x1082, 0x1082, 0x1082, 0x18A3, 0x18C4, 0x18C4, 0x18C3, 0x18C4, 0x18E4, 0x18E4,
  0x18E4, 0x18E4, 0x18E4, 0x18E4, 0x18C4, 0x18C3, 0x18C3, 0x18A3, 0x18C3, 0x18C3, 0x18E4, 0x2104,
  0x2925, 0x2945, 0x2125, 0x20E4, 0x2105, 0x2125, 0x2104, 0x18C3, 0x18E4, 0x2104, 0x2105, 0x2104,
  0x2104, 0x2945, 0x2145, 0x2125, 0x2966, 0x2986, 0x2986, 0x2986, 0x2125, 0x2966, 0x39E8, 0x4249,
  0x424A, 0x4A6A, 0x52AB, 0x52CB, 0x52CC, 0x52EC, 0x5B0D, 0x52EC, 0x428A, 0x3A29, 0x3A49, 0x4A8B,
  0x52EC, 0x530D, 0x5B0D, 0x5B2D, 0x5B0D, 0x5B0C, 0x5B2D, 0x530C, 0x530D, 0x530C, 0x530C, 0x5AEB,
  0x62EA, 0x7B4B, 0x93AC, 0x93AC, 0x8B6B, 0x8B4A, 0x8B49, 0x8B49, 0x936A, 0x9BAA, 0xA3EC, 0xA44E,
  0x9C0D, 0x730A, 0x4A07, 0x4A48, 0x5AAA, 0x5AEA, 0x5B0B, 0x5AEA, 0x5B0B, 0x5AEA, 0x630B, 0x632C,
  0x634C, 0x6B4C, 0x6B4C, 0x6B6D, 0x634C, 0x632C, 0x630B, 0x5B0B, 0x5B0B, 0x52EA, 0x52EA, 0x52CA,
  0x3A09, 0x3A29, 0x3A29, 0x3A09, 0x3A09, 0x3A09, 0x3A09, 0x39E8, 0x31C8, 0x31A8, 0x2987, 0x2987,
  0x31C8, 0x39E8, 0x2987, 0x1905, 0x18E5, 0x18E5, 0x1905, 0x2126, 0x2967, 0x2987, 0x2987, 0x31A7,
  0x31A7, 0x39E8, 0x3A08, 0x31C7, 0x31A7, 0x31A7, 0x31C7, 0x31C7, 0x39C7, 0x39C7, 0x39C7, 0x39E8,
  0x4228, 0x4228, 0x39E8, 0x39E7, 0x39C7, 0x39C7, 0x31A6, 0x31A6, 0x39E7, 0x39C7, 0x3186, 0x31A6,
  0x2965, 0x2104, 0x2104, 0x2965, 0x2965, 0x18E3, 0x20E3, 0x2945, 0x2945, 0x2945, 0x2945, 0x2104,
  0x20E3, 0x18C3, 0x18C3, 0x20E3, 0x2924, 0x2924, 0x2124, 0x2104, 0x2103, 0x2103, 0x18E3, 0x18C3,
  0x18C2, 0x18C2, 0x18E3, 0x20E3, 0x20E3, 0x2924, 0x3985, 0x41E7, 0x39C6, 0x2944, 0x2924, 0x2944,
  0x3185, 0x3185, 0x2944, 0x20E3, 0x18E3, 0x18E3, 0x18E3, 0x18C3, 0x18C3, 0x18E3, 0x18E3, 0x18C3,
  0x18C3, 0x18C3, 0x18C3, 0x18C3, 0x18C3, 0x18C3, 0x18C3, 0x18C3, 0x18C3, 0x10A2, 0x10A2, 0x10A2,
  0x10A2, 0x10A2, 0x10A2, 0x10A2, 0x18A3, 0x18A3, 0x10A3, 0x10A3, 0x18C3, 0x18C4, 0x18E4, 0x20E4,
  0x2104, 0x20E4, 0x18E4, 0x18E4, 0x18E4, 0x18E4, 0x18C4, 0x18C3, 0x18C3, 0x18C4, 0x18E4, 0x18E4,
  0x18C4, 0x18C3, 0x18C3, 0x18A3, 0x10A3, 0x1082, 0x1082, 0x1083, 0x18C4, 0x2104, 0x18E4, 0x18C3,
  0x18E4, 0x20E4, 0x2104, 0x2104, 0x2104, 0x20E4, 0x18C4, 0x18C3, 0x18E4, 0x18E4, 0x18E4, 0x18E4,
  0x2104, 0x2125, 0x2125, 0x2125, 0x2105, 0x2104, 0x2104, 0x2104, 0x20E4, 0x18A3, 0x18C3, 0x2125,
  0x2125, 0x2966, 0x2125, 0x18E4, 0x18E4, 0x18E3, 0x1904, 0x31C7, 0x2986, 0x18E4, 0x2125, 0x3A08,
  0x4A4A, 0x4A6A, 0x52AB, 0x4A8B, 0x4A8B, 0x52CB, 0x52EC, 0x52CC, 0x4A8B, 0x3A29, 0x3A29, 0x4A8B,
  0x52EC, 0x530D, 0x5B0D, 0x5B0D, 0x5B0C, 0x5B0D, 0x5B2D, 0x52EC, 0x530C, 0x52EC, 0x530C, 0x52CB,
  0x5A89, 0x6AA9, 0x832A, 0x8B6B, 0x8B4B, 0x834A, 0x8329, 0x8B29, 0x8B49, 0x938A, 0x9BCB, 0xA40D,
  0x93ED, 0x6AC9, 0x49E6, 0x4A28, 0x5AAA, 0x5AEB, 0x632B, 0x632B, 0x630B, 0x5AEA, 0x5B0B, 0x634C,
  0x6B4C, 0x6B4C, 0x6B4C, 0x6B4C, 0x632C, 0x632C, 0x630B, 0x5B0B, 0x5B0B, 0x5B0B, 0x52EA, 0x4ACA,
  0x3A29, 0x3A29, 0x3A29, 0x3A29, 0x4229, 0x3A09, 0x39E9, 0x31C8, 0x39E8, 0x31C8, 0x2987, 0x3187,
  0x39E8, 0x3A09, 0x31A7, 0x2125, 0x18E5, 0x18E5, 0x1905, 0x2126, 0x2987, 0x2987, 0x3187, 0x31C7,
  0x31A7, 0x39E8, 0x39E8, 0x31C7, 0x31C7, 0x31C7, 0x31C7, 0x31C7, 0x39C7, 0x39C7, 0x3A08, 0x4208,
  0x4208, 0x4228, 0x4228, 0x39E8, 0x3186, 0x31A6, 0x39C7, 0x39C7, 0x3186, 0x2965, 0x2965, 0x2124,
  0x18C3, 0x2104, 0x2945, 0x2124, 0x2104, 0x2124, 0x2925, 0x2945, 0x2124, 0x2104, 0x2104, 0x2104,
  0x2104, 0x2104, 0x2104, 0x2104, 0x20E3, 0x2924, 0x2124, 0x20E3, 0x18E3, 0x18E3, 0x18E3, 0x20E3,
  0x18C2, 0x20E3, 0x20E3, 0x20E3, 0x2924, 0x3165, 0x39A6, 0x39A6, 0x41E7, 0x3165, 0x3165, 0x39A6,
  0x39A6, 0x2944, 0x20E3, 0x20E3, 0x2124, 0x18C3, 0x1082, 0x1082, 0x10A2, 0x18C3, 0x18C3, 0x18E3,
  0x18C3, 0x18C3, 0x18C3, 0x18C3, 0x18C3, 0x18C3, 0x18C3, 0x18C3, 0x10A2, 0x10A2, 0x10A2, 0x18C3,
  0x18C3, 0x10A2, 0x10A2, 0x10A2, 0x10A3, 0x10A3, 0x1082, 0x1082, 0x1083, 0x10A3, 0x18C3, 0x18E4,
  0x2104, 0x20E4, 0x20E4, 0x18E4, 0x18E4, 0x18E4, 0x18E4, 0x18E4, 0x18E4, 0x18E4, 0x18E4, 0x18E4,
  0x18C4, 0x18C4, 0x18E4, 0x18E4, 0x10A3, 0x10A3, 0x1082, 0x1082, 0x10A3, 0x18C3, 0x18E4, 0x20E4,
  0x18E4, 0x18E4, 0x20E4, 0x2104, 0x2105, 0x2104, 0x20E4, 0x18E4, 0x18C3, 0x18E4, 0x20E4, 0x18E4,
  0x20E4, 0x2104, 0x2125, 0x2125, 0x20E4, 0x2104, 0x2104, 0x18E4, 0x20E4, 0x18E4, 0x18C3, 0x18C3,
  0x18E4, 0x2104, 0x2104, 0x2104, 0x1904, 0x1904, 0x2125, 0x31A7, 0x2166, 0x1904, 0x2125, 0x31C7,
  0x4229, 0x4A4A, 0x4A8A, 0x52AB, 0x52AB, 0x52AB, 0x4AAB, 0x4AAB, 0x4AAB, 0x424A, 0x3A29, 0x428B,
  0x4AEC, 0x530D, 0x5B0D, 0x5B0D, 0x52EC, 0x5B0C, 0x5B2D, 0x530C, 0x4AEC, 0x52EC, 0x530C, 0x52CA,
  0x5248, 0x5A47, 0x72C8, 0x832A, 0x834A, 0x834A, 0x8329, 0x8329, 0x8B29, 0x8B6A, 0x93AB, 0x9BEC,
  0x8BCD, 0x6289, 0x41C6, 0x4A28, 0x5AAA, 0x62EB, 0x634C, 0x6B4C, 0x632B, 0x5AEB, 0x5B0B, 0x634C,
  0x6B4C, 0x6B4C, 0x6B4C, 0x6B4C, 0x634C, 0x632C, 0x5B0B, 0x5B0B, 0x5B0B, 0x5B0B, 0x52EA, 0x4ACA,
  0x39E8, 0x3A09, 0x3A29, 0x3A29, 0x4229, 0x3A09, 0x39E9, 0x39E8, 0x39E8, 0x31C8, 0x2987, 0x2967,
  0x31A7, 0x31C8, 0x2987, 0x1905, 0x18E5, 0x18E4, 0x18E5, 0x2126, 0x2987, 0x2987, 0x2987, 0x31A7,
  0x31A7, 0x39E8, 0x39E8, 0x31C7, 0x31C7, 0x31C7, 0x31A7, 0x31C7, 0x39C7, 0x39C7, 0x39C7, 0x39C7,
  0x39E8, 0x4208, 0x39E7, 0x3186, 0x3186, 0x31A6, 0x39C7, 0x3186, 0x2945, 0x2124, 0x2124, 0x18C3,
  0x2124, 0x2945, 0x2945, 0x2124, 0x2124, 0x2945, 0x2945, 0x2124, 0x2104, 0x2104, 0x2104, 0x2124,
  0x2924, 0x2924, 0x2104, 0x20E3, 0x20E3, 0x2924, 0x2924, 0x18C3, 0x18C2, 0x18C3, 0x18C2, 0x18E3,
  0x2103, 0x18C2, 0x18C3, 0x2103, 0x2924, 0x2924, 0x3145, 0x39A6, 0x41E6, 0x3165, 0x3164, 0x39A6,
  0x3986, 0x2924, 0x20E3, 0x20E3, 0x18C3, 0x18A2, 0x18C3, 0x18E3, 0x18E4, 0x18C3, 0x1082, 0x1082,
  0x10A2, 0x10A2, 0x10A2, 0x10A2, 0x10A2, 0x10A2, 0x10A2, 0x10A2, 0x10A2, 0x10A2, 0x10A3, 0x10A3,
  0x10A3, 0x10A3, 0x10A3, 0x18C3, 0x1083, 0x1082, 0x1082, 0x1082, 0x1082, 0x1083, 0x10A3, 0x10A3,
  0x18C4, 0x18E4, 0x18E4, 0x18E4, 0x18C4, 0x18E4, 0x18E4, 0x2104, 0x20E4, 0x20E4, 0x18E4, 0x18E4,
  0x18C3, 0x18C3, 0x18C3, 0x18C3, 0x10A3, 0x10A3, 0x10A3, 0x1083, 0x1082, 0x1083, 0x18C3, 0x18E4,
  0x18E4, 0x18C4, 0x18C4, 0x18E4, 0x20E4, 0x2104, 0x2104, 0x2104, 0x18C3, 0x18C3, 0x18C3, 0x18C3,
  0x18C4, 0x2104, 0x2104, 0x2104, 0x18E4, 0x2125, 0x2125, 0x20E4, 0x18E4, 0x18E4, 0x18E4, 0x18E4,
  0x1904, 0x18E4, 0x18E4, 0x2104, 0x2125, 0x2945, 0x2966, 0x2966, 0x2125, 0x2145, 0x2124, 0x1904,
  0x2986, 0x4229, 0x4A8A, 0x52AB, 0x52EC, 0x5AEC, 0x52CC, 0x52CC, 0x4ACB, 0x426A, 0x3A4A, 0x4A8B,
  0x4AEC, 0x530D, 0x530C, 0x52EC, 0x52EC, 0x5B0D, 0x5B4E, 0x5B2D, 0x530C, 0x52EC, 0x52EC, 0x52CA,
  0x5268, 0x5A47, 0x6AA8, 0x832A, 0x834A, 0x832A, 0x832A, 0x8329, 0x8B29, 0x8B4A, 0x938B, 0x93AC,
  0x836B, 0x5A68, 0x49E7, 0x4A48, 0x5AAA, 0x630C, 0x6B4C, 0x6B4C, 0x634C, 0x5B0B, 0x630B, 0x6B4C,
  0x6B6C, 0x6B6C, 0x6B6C, 0x6B6C, 0x6B4C, 0x632C, 0x630B, 0x5B0B, 0x5B0B, 0x5B0B, 0x5AEB, 0x52EA,
  0x3A09, 0x3A29, 0x424A, 0x424A, 0x4229, 0x4229, 0x3A09, 0x3A09, 0x31A8, 0x31C8, 0x31A7, 0x2966,
  0x2967, 0x31A7, 0x2987, 0x2125, 0x18E5, 0x18E5, 0x1905, 0x2966, 0x31A7, 0x31A7, 0x31A7, 0x31A7,
  0x31C7, 0x39E8, 0x39E8, 0x39C8, 0x39E7, 0x31C7, 0x31C7, 0x31C7, 0x31C7, 0x39E8, 0x39C7, 0x39C7,
  0x39E8, 0x39C7, 0x3186, 0x2965, 0x39C7, 0x3186, 0x2945, 0x2124, 0x2944, 0x2124, 0x2124, 0x2124,
  0x2965, 0x2124, 0x2124, 0x2965, 0x2965, 0x2104, 0x18E3, 0x18E3, 0x20E4, 0x2104, 0x2104, 0x18E3,
  0x18C3, 0x18C3, 0x18C3, 0x18C3, 0x20E3, 0x2104, 0x20E3, 0x18C3, 0x18E3, 0x18E3, 0x18C2, 0x18E3,
  0x2103, 0x2104, 0x2924, 0x2924, 0x2924, 0x2903, 0x3144, 0x3986, 0x41C6, 0x3985, 0x3144, 0x3164,
  0x3144, 0x2924, 0x2924, 0x20E3, 0x18C3, 0x20E3, 0x18E3, 0x18A2, 0x1082, 0x1082, 0x10A2, 0x10A2,
  0x1082, 0x1082, 0x1082, 0x1082, 0x1082, 0x10A2, 0x10A2, 0x10A2, 0x1082, 0x1082, 0x1082, 0x1082,
  0x1082, 0x10A2, 0x10A3, 0x18C3, 0x10A3, 0x10A3, 0x10A3, 0x1083, 0x1082, 0x1082, 0x1062, 0x0862,
  0x10A3, 0x18C3, 0x18C3, 0x18C3, 0x18C3, 0x18C3, 0x18E4, 0x2104, 0x2104, 0x2104, 0x2104, 0x2104,
  0x18E4, 0x18E4, 0x18C3, 0x18C3, 0x18C3, 0x10A3, 0x1083, 0x10A3, 0x10A3, 0x10A3, 0x1083, 0x1082,
  0x18C3, 0x18C3, 0x18C3, 0x18C3, 0x18C3, 0x18E4, 0x18E4, 0x18E4, 0x2104, 0x2104, 0x18E4, 0x18A3,
  0x10A3, 0x18A3, 0x18C4, 0x18E4, 0x2104, 0x2104, 0x2104, 0x2104, 0x2104, 0x18C3, 0x18A3, 0x18E4,
  0x18E4, 0x18C3, 0x18C3, 0x18E4, 0x18C3, 0x2104, 0x2945, 0x2145, 0x2124, 0x18E4, 0x10C3, 0x1904,
  0x2145, 0x31C7, 0x4229, 0x4A8A, 0x52CC, 0x5B0C, 0x5B0D, 0x52CC, 0x4AAB, 0x424A, 0x424A, 0x4AAB,
  0x4AEC, 0x530D, 0x530C, 0x530C, 0x530C, 0x5B2D, 0x636E, 0x5B4D, 0x530D, 0x530C, 0x52EC, 0x52CA,
  0x5A89, 0x5A68, 0x6AC9, 0x7B2A, 0x834A, 0x834A, 0x834A, 0x8329, 0x8329, 0x8B29, 0x8B4A, 0x834B,
  0x7B0A, 0x5A28, 0x49E7, 0x4A48, 0x5AAA, 0x630C, 0x6B4C, 0x6B4C, 0x632B, 0x5B0B, 0x630B, 0x632C,
  0x6B4C, 0x6B4C, 0x6B4C, 0x6B6C, 0x6B4C, 0x6B4C, 0x632C, 0x632B, 0x5B2B, 0x5B0B, 0x5B0B, 0x5B0B,
  0x31E8, 0x3A09, 0x3A29, 0x3A29, 0x4229, 0x4229, 0x3A09, 0x39E8, 0x31C8, 0x31C8, 0x31A7, 0x2967,
  0x2966, 0x2987, 0x2966, 0x2125, 0x10C4, 0x10C4, 0x18E4, 0x2146, 0x31A7, 0x31A7, 0x31A7, 0x31C8,
  0x31C7, 0x39E8, 0x39E8, 0x39E8, 0x39E8, 0x39C7, 0x31C7, 0x31C7, 0x31A6, 0x39E7, 0x39C7, 0x39E7,
  0x39E7, 0x31A6, 0x3186, 0x31A6, 0x3186, 0x2945, 0x2104, 0x2124, 0x2965, 0x2945, 0x2124, 0x2965,
  0x2124, 0x2124, 0x2124, 0x2104, 0x18E3, 0x18E3, 0x18C3, 0x18E3, 0x18E3, 0x18E3, 0x18C3, 0x18A3,
  0x18A2, 0x18C3, 0x18E3, 0x2104, 0x18C3, 0x20E3, 0x20E3, 0x20E3, 0x2103, 0x20E3, 0x18C3, 0x20E3,
  0x2924, 0x2944, 0x2924, 0x2903, 0x3144, 0x3985, 0x3985, 0x3965, 0x41A5, 0x41C6, 0x41A6, 0x3985,
  0x3124, 0x28E3, 0x2903, 0x20C3, 0x20C3, 0x2104, 0x20E3, 0x18A3, 0x10A2, 0x1082, 0x1082, 0x1082,
  0x1082, 0x1082, 0x1082, 0x1082, 0x1082, 0x1082, 0x1082, 0x1082, 0x1082, 0x1082, 0x0862, 0x0862,
  0x0862, 0x1082, 0x10A2, 0x10A3, 0x10A3, 0x10A3, 0x10A3, 0x10A3, 0x10A3, 0x1083, 0x1082, 0x1082,
  0x1082, 0x10A3, 0x18A3, 0x18C3, 0x18C3, 0x18C3, 0x18C4, 0x18E4, 0x18E4, 0x18E4, 0x20E4, 0x20E4,
  0x20E4, 0x18E4, 0x18E4, 0x20E4, 0x18C3, 0x18C3, 0x18C4, 0x18C3, 0x10A3, 0x1082, 0x1082, 0x10A3,
  0x10A3, 0x10A3, 0x18A3, 0x18C3, 0x18C3, 0x18C3, 0x18C3, 0x18C4, 0x18E4, 0x2104, 0x2125, 0x2104,
  0x18C3, 0x10A3, 0x10A3, 0x10A3, 0x18E4, 0x2104, 0x20E4, 0x18E4, 0x2104, 0x2125, 0x18C4, 0x0862,
  0x1082, 0x1083, 0x18C3, 0x18E4, 0x18E4, 0x18C3, 0x18E4, 0x2125, 0x10A3, 0x10A2, 0x2104, 0x3186,
  0x2966, 0x2125, 0x2966, 0x3A08, 0x4A8B, 0x5ACC, 0x5B0D, 0x5AEC, 0x4A8B, 0x424A, 0x426A, 0x4AAB,
  0x52EC, 0x530D, 0x530C, 0x5B0D, 0x5B0D, 0x5B0D, 0x5B4E, 0x5B2D, 0x5B2D, 0x530C, 0x52EB, 0x5ACA,
  0x5AA9, 0x62A9, 0x72E9, 0x7B2A, 0x8B8B, 0x8B8B, 0x8B6A, 0x8B4A, 0x8B29, 0x8329, 0x8309, 0x7B09,
  0x6AA9, 0x51E7, 0x41E7, 0x4A48, 0x52AA, 0x632C, 0x6B4C, 0x6B4C, 0x630B, 0x5AEB, 0x5AEB, 0x630B,
  0x632B, 0x632C, 0x634C, 0x634C, 0x634C, 0x634C, 0x632C, 0x632C, 0x5B2B, 0x5B0B, 0x5B0B, 0x5AEB,
  0x31C8, 0x3A09, 0x3A09, 0x3A09, 0x3A09, 0x4229, 0x3A09, 0x39E8, 0x39C8, 0x31C8, 0x2987, 0x2967,
  0x2987, 0x3187, 0x2966, 0x2125, 0x1905, 0x18E4, 0x18E5, 0x2146, 0x2987, 0x2987, 0x2986, 0x31A7,
  0x31C7, 0x39E8, 0x39E8, 0x39E8, 0x39E8, 0x39E8, 0x31C7, 0x31A7, 0x4208, 0x31A6, 0x31A6, 0x39C7,
  0x31A6, 0x2965, 0x3186, 0x2945, 0x2945, 0x2124, 0x2944, 0x2965, 0x2945, 0x2944, 0x2945, 0x2944,
  0x2124, 0x2104, 0x18E3, 0x18E3, 0x18C3, 0x18C3, 0x18C3, 0x20E3, 0x20E3, 0x18C3, 0x18C3, 0x18C3,
  0x18C3, 0x18C3, 0x18C3, 0x18A2, 0x18C3, 0x2104, 0x2104, 0x2103, 0x20E3, 0x18C3, 0x18C2, 0x2103,
  0x20E3, 0x2103, 0x20E3, 0x20C2, 0x2903, 0x2924, 0x3165, 0x3986, 0x3985, 0x39A5, 0x39A6, 0x41C6,
  0x39A6, 0x3144, 0x2904, 0x18A2, 0x2904, 0x20E3, 0x18C3, 0x18C3, 0x18C3, 0x1082, 0x1062, 0x1082,
  0x1082, 0x1082, 0x0861, 0x0861, 0x0861, 0x0861, 0x0862, 0x0861, 0x0862, 0x0862, 0x1082, 0x1082,
  0x1082, 0x1082, 0x1082, 0x1082, 0x1083, 0x1083, 0x10A3, 0x10A3, 0x10A3, 0x10A3, 0x10A3, 0x10A3,
  0x1082, 0x1083, 0x10A3, 0x18C3, 0x18C4, 0x18C4, 0x18C3, 0x18A3, 0x18C4, 0x18C4, 0x18C3, 0x18C3,
  0x18C3, 0x18C4, 0x18E4, 0x20E4, 0x2104, 0x18E4, 0x18C3, 0x18C3, 0x18C4, 0x18C3, 0x10A3, 0x1082,
  0x1082, 0x1083, 0x18A3, 0x18C3, 0x18C3, 0x18C3, 0x18C3, 0x18C3, 0x18C3, 0x18A3, 0x18A3, 0x18C3,
  0x18C3, 0x18E4, 0x18C4, 0x18C3, 0x1082, 0x18E4, 0x2125, 0x2125, 0x2104, 0x18E4, 0x18E4, 0x2105,
  0x18A3, 0x10A3, 0x1082, 0x10A3, 0x10C3, 0x10A3, 0x1082, 0x10A3, 0x18C3, 0x18E4, 0x2104, 0x2945,
  0x2145, 0x18E4, 0x1904, 0x3187, 0x4A4A, 0x52AB, 0x5B0D, 0x5AEC, 0x4AAB, 0x4A6A, 0x4AAB, 0x52CC,
  0x52EC, 0x530D, 0x530C, 0x5B0D, 0x530C, 0x52EC, 0x5B0D, 0x52EC, 0x532C, 0x530C, 0x530B, 0x5AEB,
  0x62EA, 0x6B0A, 0x732A, 0x836B, 0x93AC, 0x93AC, 0x93AB, 0x936A, 0x8B49, 0x8309, 0x7AE8, 0x72C9,
  0x5A47, 0x41C6, 0x49E7, 0x5269, 0x5ACA, 0x632C, 0x634C, 0x632C, 0x630B, 0x5B0B, 0x5B0B, 0x630B,
  0x630B, 0x632B, 0x634C, 0x634C, 0x630B, 0x632B, 0x632C, 0x632B, 0x5B0B, 0x5AEB, 0x5AEA, 0x52EA,
  0x3A09, 0x3A09, 0x3A09, 0x3A09, 0x3A09, 0x4229, 0x3A09, 0x39E8, 0x39E8, 0x31C8, 0x31A7, 0x2987,
  0x2987, 0x2987, 0x2967, 0x2125, 0x18E4, 0x1905, 0x2125, 0x2146, 0x2966, 0x2987, 0x31A7, 0x31A7,
  0x39C7, 0x39E8, 0x3A08, 0x4208, 0x39E8, 0x39E7, 0x39C7, 0x39C7, 0x39C7, 0x39C7, 0x39C7, 0x31A6,
  0x31A6, 0x2965, 0x2965, 0x2945, 0x2104, 0x2945, 0x2965, 0x2124, 0x2104, 0x2944, 0x2124, 0x2944,
  0x2124, 0x2124, 0x18E3, 0x18C3, 0x18E3, 0x2124, 0x2124, 0x2104, 0x18E3, 0x18E3, 0x18E3, 0x18E3,
  0x20E3, 0x20E4, 0x2104, 0x2104, 0x18C3, 0x20E3, 0x20E3, 0x18C3, 0x18C2, 0x18C3, 0x18C2, 0x18C2,
  0x18C2, 0x20E3, 0x20E3, 0x20E3, 0x2903, 0x2924, 0x3145, 0x3165, 0x3965, 0x3985, 0x41E6, 0x4A07,
  0x41E7, 0x3986, 0x3144, 0x2904, 0x2924, 0x20E3, 0x20C3, 0x18C3, 0x18C3, 0x18A3, 0x18A2, 0x1082,
  0x1082, 0x1082, 0x1082, 0x1062, 0x0841, 0x0841, 0x0861, 0x1061, 0x0862, 0x1062, 0x0862, 0x0862,
  0x0862, 0x1082, 0x1082, 0x1082, 0x1082, 0x1082, 0x1082, 0x10A3, 0x10A3, 0x10A3, 0x10A3, 0x18C3,
  0x18C3, 0x18C3, 0x10A3, 0x10A3, 0x18C3, 0x18E4, 0x18C4, 0x10A3, 0x1082, 0x10A3, 0x18C3, 0x10A3,
  0x10A3, 0x10A3, 0x18A3, 0x10A3, 0x18C3, 0x18E4, 0x18E4, 0x18C4, 0x18E4, 0x18E4, 0x18C3, 0x10A3,
  0x10A3, 0x1082, 0x1082, 0x10A3, 0x18C3, 0x18E4, 0x18E4, 0x18C4, 0x18E4, 0x18C3, 0x10A3, 0x1082,
  0x10A3, 0x18A3, 0x18C3, 0x18C3, 0x18C3, 0x18A3, 0x18C3, 0x2104, 0x2125, 0x2125, 0x2104, 0x18E4,
  0x18E4, 0x10A3, 0x1082, 0x1082, 0x1082, 0x10A3, 0x10A3, 0x10A3, 0x2104, 0x2125, 0x1904, 0x18C3,
  0x2104, 0x2104, 0x2104, 0x2125, 0x2966, 0x424A, 0x5B0C, 0x5AEC, 0x52EC, 0x4AAB, 0x426A, 0x4AAB,
  0x530C, 0x530C, 0x52EC, 0x530C, 0x530C, 0x52EC, 0x52EC, 0x52EC, 0x52EC, 0x52EB, 0x5B0B, 0x5B0B,
  0x6B2B, 0x7B8B, 0x83AC, 0x8BED, 0x9BEC, 0x9BCC, 0xA40C, 0xA40C, 0x9BCB, 0x938A, 0x8329, 0x72C8,
  0x5206, 0x41A5, 0x4A07, 0x5269, 0x5ACA, 0x632C, 0x634C, 0x632B, 0x630B, 0x632B, 0x630B, 0x5AEA,
  0x5AEB, 0x632B, 0x632C, 0x632B, 0x6B4C, 0x632B, 0x632C, 0x634C, 0x632C, 0x630B, 0x5B0B, 0x5AEA,
  0x3A09, 0x3A09, 0x3A29, 0x3A29, 0x4229, 0x4229, 0x4209, 0x3A09, 0x39E9, 0x39E8, 0x31C8, 0x31A7,
  0x3187, 0x31A7, 0x2987, 0x2146, 0x18E5, 0x1905, 0x2125, 0x2146, 0x2966, 0x2987, 0x31A7, 0x31A7,
  0x39C7, 0x39E8, 0x4208, 0x4208, 0x3A08, 0x39E7, 0x39C7, 0x39C7, 0x31A6, 0x39C7, 0x39C7, 0x31A6,
  0x2965, 0x2945, 0x2124, 0x2124, 0x2945, 0x2124, 0x2124, 0x2104, 0x2104, 0x2944, 0x2124, 0x2944,
  0x2124, 0x2104, 0x2124, 0x2124, 0x2945, 0x2124, 0x2104, 0x18E3, 0x18E3, 0x2104, 0x2104, 0x2104,
  0x20E4, 0x18E3, 0x18C3, 0x18C3, 0x18C2, 0x18C2, 0x18A2, 0x18A2, 0x18C2, 0x18C3, 0x20E3, 0x20C3,
  0x20E3, 0x20E3, 0x2903, 0x2903, 0x2903, 0x2924, 0x3144, 0x3144, 0x3985, 0x41A6, 0x5228, 0x5A68,
  0x41E7, 0x3165, 0x3145, 0x3165, 0x2903, 0x2903, 0x2103, 0x2904, 0x20E3, 0x20E3, 0x18C3, 0x18A3,
  0x1082, 0x1082, 0x1082, 0x1082, 0x1061, 0x1061, 0x1062, 0x0861, 0x1062, 0x1062, 0x0862, 0x0862,
  0x0862, 0x1082, 0x1082, 0x1082, 0x1082, 0x1082, 0x1082, 0x1083, 0x1083, 0x1083, 0x10A3, 0x18C3,
  0x18C3, 0x18A3, 0x10A3, 0x10A3, 0x18A3, 0x18E4, 0x20E4, 0x18E4, 0x10A3, 0x10A3, 0x10A3, 0x18C3,
  0x18A3, 0x10A3, 0x18C3, 0x18E4, 0x18C3, 0x18C3, 0x18C3, 0x18A3, 0x18C3, 0x18C3, 0x18C3, 0x18C3,
  0x10A3, 0x1083, 0x1082, 0x1082, 0x1083, 0x10A3, 0x10A3, 0x10A3, 0x18C3, 0x18C4, 0x18E4, 0x18E4,
  0x18C3, 0x18C3, 0x18C3, 0x18C3, 0x18C3, 0x18C4, 0x18C4, 0x18C4, 0x20E4, 0x2125, 0x2125, 0x2104,
  0x2104, 0x18E4, 0x18C3, 0x1083, 0x1082, 0x10A3, 0x18A3, 0x10A3, 0x10A3, 0x18C3, 0x18E4, 0x1904,
  0x18E4, 0x18E4, 0x18E4, 0x2125, 0x1904, 0x39C8, 0x52CC, 0x5B2D, 0x5AEC, 0x4AAB, 0x424A, 0x4A8B,
  0x52EC, 0x530C, 0x530D, 0x5B0D, 0x530D, 0x530C, 0x52EC, 0x52EC, 0x52EB, 0x52EB, 0x5B2B, 0x636C,
  0x73AC, 0x83ED, 0x8C0D, 0x946E, 0xA42D, 0xA40D, 0xA42D, 0xAC4D, 0xAC4D, 0xA42D, 0x93AB, 0x7B2A,
  0x5206, 0x41A5, 0x4207, 0x5289, 0x5AEA, 0x634C, 0x6B6C, 0x636C, 0x632B, 0x632B, 0x630B, 0x632B,
  0x632C, 0x6B4C, 0x6B4C, 0x6B4C, 0x6B6C, 0x6B4C, 0x634C, 0x634C, 0x632C, 0x632C, 0x632C, 0x632B,
  0x3A09, 0x3A29, 0x4229, 0x4229, 0x4229, 0x4229, 0x4229, 0x3A09, 0x3A09, 0x39E8, 0x31C8, 0x31A7,
  0x3187, 0x31A7, 0x2987, 0x2146, 0x1905, 0x1905, 0x2125, 0x2145, 0x2966, 0x3187, 0x31A7, 0x31C7,
  0x39C7, 0x39E8, 0x4208, 0x4208, 0x39E8, 0x39C7, 0x39C7, 0x39C7, 0x39C7, 0x39C7, 0x3186, 0x2945,
  0x2124, 0x2124, 0x2124, 0x2124, 0x2124, 0x2124, 0x2124, 0x2104, 0x2104, 0x2124, 0x2124, 0x2945,
  0x2124, 0x2124, 0x2124, 0x2124, 0x2104, 0x18E3, 0x18E3, 0x2104, 0x2104, 0x18E3, 0x18C3, 0x18C3,
  0x18C3, 0x10A2, 0x10A2, 0x10A2, 0x18A2, 0x18C2, 0x20E3, 0x20E3, 0x18C2, 0x18C2, 0x18C2, 0x20E3,
  0x20E3, 0x20E3, 0x20E3, 0x2903, 0x2904, 0x2924, 0x3124, 0x3145, 0x3985, 0x3985, 0x49E7, 0x5228,
  0x41C6, 0x3965, 0x3985, 0x3965, 0x28E3, 0x2903, 0x2924, 0x2924, 0x2903, 0x20E3, 0x18C2, 0x18A2,
  0x18C2, 0x18A2, 0x18A2, 0x1882, 0x1081, 0x1081, 0x1062, 0x0841, 0x1061, 0x1061, 0x1062, 0x0862,
  0x0862, 0x1082, 0x1082, 0x0862, 0x1082, 0x1082, 0x1082, 0x1082, 0x1082, 0x1082, 0x10A3, 0x10A3,
  0x18A3, 0x18A3, 0x10A3, 0x10A3, 0x10A3, 0x10A3, 0x18C3, 0x18E4, 0x2125, 0x2104, 0x18E4, 0x18E4,
  0x18E4, 0x18C4, 0x18C3, 0x18C3, 0x18C3, 0x18E4, 0x20E4, 0x18E4, 0x18C3, 0x18C3, 0x18C4, 0x18E4,
  0x18C3, 0x18A3, 0x10A3, 0x1083, 0x1082, 0x1082, 0x10A3, 0x18A3, 0x18A3, 0x18C3, 0x18E4, 0x18E4,
  0x18E4, 0x18C3, 0x18C3, 0x18A3, 0x18C3, 0x18E4, 0x18E4, 0x18C3, 0x18C3, 0x2104, 0x2125, 0x2125,
  0x2104, 0x2104, 0x18E4, 0x18A3, 0x1083, 0x10A3, 0x10A3, 0x10A3, 0x1082, 0x10A3, 0x18E4, 0x18E4,
  0x18C3, 0x20E4, 0x2125, 0x2105, 0x18C3, 0x2946, 0x4A4A, 0x5B0C, 0x5B0C, 0x52AB, 0x4A8A, 0x4AAB,
  0x52EC, 0x5B2D, 0x5B4D, 0x5B2D, 0x5B4D, 0x5B4D, 0x5B2D, 0x5B2C, 0x5B2C, 0x5B2B, 0x636C, 0x7BED,
  0x844E, 0x948F, 0x948F, 0xA4F0, 0xACAF, 0xAC8E, 0xAC6D, 0xAC8E, 0xB48E, 0xB4AF, 0xA46E, 0x8BCC,
  0x6288, 0x4A07, 0x4A48, 0x52AA, 0x5AEB, 0x634C, 0x636C, 0x636C, 0x6B4C, 0x632B, 0x632B, 0x6B4C,
  0x6B6C, 0x6B4C, 0x6B4C, 0x6B6C, 0x73AD, 0x6B8D, 0x6B6D, 0x6B8D, 0x6B6C, 0x6B4C, 0x6B4C, 0x632C,
  0x3A09, 0x3A29, 0x4229, 0x4229, 0x4229, 0x422A, 0x4229, 0x3A09, 0x3A09, 0x39E8, 0x31C8, 0x31A7,
  0x2987, 0x2987, 0x2987, 0x2146, 0x2105, 0x1905, 0x2105, 0x2125, 0x2966, 0x3187, 0x31A7, 0x31C7,
  0x39C7, 0x39E8, 0x4208, 0x4208, 0x39E8, 0x39C7, 0x39C7, 0x39C7, 0x39C7, 0x31A6, 0x2945, 0x2104,
  0x18E3, 0x2104, 0x2124, 0x2124, 0x18E3, 0x2124, 0x2945, 0x2104, 0x2104, 0x2925, 0x2925, 0x2124,
  0x2124, 0x2945, 0x2124, 0x18E3, 0x18C3, 0x18E3, 0x2104, 0x2104, 0x18C3, 0x10A2, 0x1082, 0x10A2,
  0x10A2, 0x10A2, 0x10A2, 0x10A2, 0x18A2, 0x18C3, 0x20E3, 0x2103, 0x18C3, 0x18A2, 0x18C2, 0x20E3,
  0x20E3, 0x20E3, 0x20E3, 0x20E3, 0x20E3, 0x20E3, 0x2903, 0x2904, 0x3985, 0x3985, 0x49E6, 0x4A07,
  0x41C6, 0x41C6, 0x3985, 0x2903, 0x2924, 0x3144, 0x3165, 0x3145, 0x2924, 0x2904, 0x2903, 0x20E3,
  0x20C3, 0x20C3, 0x18A2, 0x1882, 0x1061, 0x1061, 0x1062, 0x0841, 0x1061, 0x1061, 0x1062, 0x1062,
  0x1082, 0x1082, 0x1082, 0x1082, 0x1062, 0x1082, 0x1082, 0x1082, 0x1082, 0x1082, 0x10A3, 0x10A3,
  0x18A3, 0x18A3, 0x18C3, 0x18C3, 0x10A3, 0x10A3, 0x10A3, 0x10A3, 0x2104, 0x2104, 0x2104, 0x20E4,
  0x2104, 0x2105, 0x2104, 0x18E4, 0x18E4, 0x18C3, 0x18A3, 0x18C3, 0x18E4, 0x18E4, 0x18E4, 0x18C3,
  0x18C4, 0x18C4, 0x18A3, 0x1082, 0x0862, 0x0862, 0x1083, 0x18A3, 0x18A3, 0x18A3, 0x18A3, 0x18C3,
  0x18C4, 0x18C4, 0x18C3, 0x18A3, 0x18C3, 0x18E4, 0x18E4, 0x18C4, 0x18C3, 0x18E4, 0x2104, 0x2125,
  0x2104, 0x20E4, 0x18E4, 0x18C3, 0x18A3, 0x10A3, 0x10A3, 0x1083, 0x1082, 0x1082, 0x10A3, 0x18C4,
  0x20E4, 0x2104, 0x2105, 0x2104, 0x18E4, 0x2125, 0x31A7, 0x4A6A, 0x52CB, 0x52CB, 0x4AAB, 0x52AB,
  0x5B0C, 0x5B2D, 0x5B4D, 0x5B2D, 0x634E, 0x638E, 0x638E, 0x636D, 0x5B4C, 0x638C, 0x740E, 0x8C8F,
  0x94D0, 0x9CD0, 0x9CEF, 0xA530, 0xACF0, 0xACCF, 0xACAE, 0xACAE, 0xACAE, 0xB4CF, 0xACCF, 0x942E,
  0x6AC9, 0x5268, 0x5289, 0x5AEB, 0x630B, 0x632C, 0x632B, 0x632B, 0x632B, 0x5AEB, 0x5AEB, 0x630B,
  0x632C, 0x632C, 0x632C, 0x6B4C, 0x738D, 0x6B6D, 0x6B6C, 0x6B6D, 0x6B6C, 0x634C, 0x632B, 0x630B,
  0x3A09, 0x3A09, 0x3A09, 0x3A09, 0x422A, 0x424A, 0x4229, 0x39E9, 0x39E9, 0x39E8, 0x31C8, 0x31A7,
  0x2967, 0x2987, 0x2967, 0x2146, 0x2105, 0x1905, 0x1905, 0x2125, 0x2966, 0x3187, 0x31A7, 0x31C7,
  0x39C7, 0x39C7, 0x39E7, 0x39E7, 0x39C7, 0x39C7, 0x39A7, 0x39A7, 0x3186, 0x2965, 0x2104, 0x18E3,
  0x18E3, 0x2104, 0x2104, 0x2104, 0x2104, 0x2124, 0x2124, 0x2104, 0x2925, 0x2945, 0x2925, 0x18E4,
  0x2124, 0x2124, 0x2124, 0x2104, 0x2124, 0x2945, 0x2104, 0x10A2, 0x1082, 0x10A2, 0x18C3, 0x18E3,
  0x18E3, 0x18C3, 0x10A2, 0x10A2, 0x18C2, 0x10A2, 0x18A2, 0x18C3, 0x18C3, 0x18C2, 0x18C2, 0x20E3,
  0x18C2, 0x18A2, 0x18A2, 0x20C2, 0x20E3, 0x2903, 0x2924, 0x3144, 0x3964, 0x3985, 0x3985, 0x3965,
  0x3965, 0x3964, 0x3144, 0x3144, 0x3965, 0x3965, 0x3165, 0x3144, 0x2903, 0x2903, 0x2903, 0x20E3,
  0x20C2, 0x20A2, 0x18A2, 0x18A2, 0x1061, 0x1882, 0x1882, 0x1061, 0x1061, 0x1061, 0x1061, 0x1062,
  0x1082, 0x1082, 0x1082, 0x1082, 0x1082, 0x1082, 0x1082, 0x1082, 0x1082, 0x1083, 0x10A3, 0x10A3,
  0x10A3, 0x10A3, 0x18C3, 0x18C3, 0x18C3, 0x18C3, 0x18C3, 0x18C3, 0x1082, 0x18C3, 0x20E4, 0x2104,
  0x2104, 0x2104, 0x2105, 0x2104, 0x2125, 0x2104, 0x18E4, 0x18E4, 0x18A3, 0x18A3, 0x18C3, 0x18C4,
  0x20E4, 0x18E4, 0x18E4, 0x10A3, 0x1082, 0x0862, 0x1062, 0x1082, 0x18A3, 0x10A3, 0x18A3, 0x18C3,
  0x18E4, 0x18E4, 0x18E4, 0x18E4, 0x18C3, 0x18C3, 0x18E4, 0x18E4, 0x18E4, 0x18C4, 0x20E4, 0x2125,
  0x2125, 0x18E4, 0x18C4, 0x18E4, 0x18C3, 0x10A3, 0x1083, 0x10A3, 0x1083, 0x0862, 0x0862, 0x18C4,
  0x2125, 0x18E4, 0x18C3, 0x18E4, 0x2104, 0x2125, 0x2125, 0x3186, 0x4A69, 0x52AB, 0x4A8A, 0x4A8A,
  0x52EC, 0x5B0C, 0x5B0C, 0x5B0C, 0x5B2D, 0x636E, 0x636D, 0x5B4C, 0x5B2B, 0x6BCD, 0x846F, 0x8CD0,
  0x9D10, 0x9D10, 0x9D0F, 0xA530, 0xA50F, 0xAD0F, 0xACEF, 0xACEF, 0xACCE, 0xACEF, 0xACCF, 0x8C0D,
  0x5A88, 0x4A27, 0x4A69, 0x5ACA, 0x5AEB, 0x5B0B, 0x5B0B, 0x632B, 0x632B, 0x630B, 0x630B, 0x630B,
  0x632C, 0x6B4C, 0x6B4C, 0x6B4C, 0x6B6D, 0x6B6C, 0x6B4C, 0x6B6D, 0x6B6D, 0x6B4C, 0x632C, 0x632C,
  0x3A09, 0x3A09, 0x3A09, 0x4229, 0x424A, 0x4A6A, 0x424A, 0x3A09, 0x39E8, 0x39E8, 0x31C8, 0x31A7,
  0x2987, 0x2987, 0x2987, 0x2146, 0x2105, 0x1905, 0x1905, 0x2125, 0x2966, 0x3187, 0x31A7, 0x31A7,
  0x39A7, 0x39A7, 0x39C7, 0x39C7, 0x39C7, 0x39A7, 0x31A6, 0x3186, 0x2965, 0x2104, 0x18C3, 0x18C3,
  0x18E3, 0x2104, 0x2104, 0x2104, 0x2124, 0x2124, 0x2124, 0x2924, 0x2925, 0x2104, 0x2104, 0x2104,
  0x2945, 0x2945, 0x2945, 0x2124, 0x2104, 0x18C3, 0x10A2, 0x10A2, 0x18C3, 0x18E3, 0x18E3, 0x18E3,
  0x10A2, 0x1082, 0x10A2, 0x18C3, 0x18A2, 0x18C2, 0x18C3, 0x20E3, 0x20E3, 0x18C3, 0x18C2, 0x18C2,
  0x20E3, 0x20C2, 0x20C2, 0x20C3, 0x20E3, 0x20E3, 0x2904, 0x2924, 0x3124, 0x2923, 0x28E3, 0x28E3,
  0x2903, 0x2903, 0x2903, 0x3964, 0x39A6, 0x3985, 0x3965, 0x3144, 0x3124, 0x3124, 0x3124, 0x2903,
  0x20C3, 0x20C2, 0x20C3, 0x20C3, 0x18A2, 0x1882, 0x1882, 0x1082, 0x1082, 0x1061, 0x1062, 0x1082,
  0x1082, 0x1082, 0x1082, 0x1082, 0x1082, 0x1082, 0x1083, 0x1082, 0x1082, 0x1083, 0x10A3, 0x10A3,
  0x10A3, 0x10A3, 0x10A3, 0x10A3, 0x18C3, 0x18C3, 0x18C3, 0x18C3, 0x18A3, 0x10A3, 0x18A3, 0x18E4,
  0x2104, 0x2104, 0x2104, 0x2104, 0x2125, 0x2125, 0x2925, 0x2125, 0x18C3, 0x18C3, 0x18C3, 0x18C3,
  0x18C4, 0x18E4, 0x18E4, 0x18C4, 0x18A3, 0x1083, 0x1082, 0x1082, 0x1082, 0x10A3, 0x18C3, 0x18E4,
  0x18E4, 0x18E4, 0x18E4, 0x2104, 0x18C4, 0x18C3, 0x18C4, 0x18E4, 0x18E4, 0x18C3, 0x18E4, 0x2125,
  0x2945, 0x2104, 0x18E4, 0x18E4, 0x18E4, 0x18C3, 0x10A3, 0x18C3, 0x1083, 0x10A3, 0x1083, 0x1083,
  0x18C3, 0x18E4, 0x18E4, 0x18E4, 0x20E4, 0x2125, 0x18E4, 0x2104, 0x39E8, 0x4A6A, 0x4A8A, 0x4A8A,
  0x52CB, 0x52EB, 0x52EC, 0x52EC, 0x530D, 0x5B2D, 0x5B2C, 0x530B, 0x5B4C, 0x742E, 0x8CAF, 0x94F0,
  0x9D10, 0x9D30, 0x9D30, 0xA530, 0xA530, 0xA530, 0xA50F, 0xA50F, 0xA4EF, 0xAD10, 0xA4CF, 0x83CC,
  0x5267, 0x4A28, 0x5289, 0x5ACB, 0x5B0B, 0x632C, 0x632C, 0x6B4C, 0x6B6D, 0x6B6D, 0x6B6C, 0x6B4C,
  0x6B4C, 0x6B6D, 0x6B6D, 0x6B4C, 0x6B6D, 0x6B6D, 0x738D, 0x73AE, 0x73CE, 0x6B8D, 0x632C, 0x632C,
  0x3A09, 0x3A29, 0x4229, 0x4229, 0x424A, 0x4A6A, 0x424A, 0x3A09, 0x39E8, 0x39E8, 0x39E8, 0x31A8,
  0x2987, 0x2987, 0x2987, 0x2946, 0x2105, 0x1905, 0x1904, 0x2125, 0x2966, 0x31A7, 0x31A7, 0x31A7,
  0x39A7, 0x31A7, 0x31A7, 0x39C7, 0x39C7, 0x31A7, 0x3186, 0x2945, 0x2124, 0x18E3, 0x10A2, 0x10A2,
  0x18E3, 0x2104, 0x2124, 0x2124, 0x2124, 0x2945, 0x2925, 0x2925, 0x2104, 0x20E4, 0x2104, 0x2124,
  0x2945, 0x2945, 0x2124, 0x2104, 0x10A2, 0x1082, 0x18C3, 0x2104, 0x2104, 0x18E3, 0x10A2, 0x10A2,
  0x0882, 0x0882, 0x10C2, 0x1903, 0x18C3, 0x2103, 0x2124, 0x2103, 0x18C2, 0x18A2, 0x18A2, 0x18C2,
  0x18C2, 0x18C2, 0x20C2, 0x20E3, 0x20E3, 0x2904, 0x2924, 0x2924, 0x2903, 0x28E3, 0x28E3, 0x3124,
  0x3144, 0x3124, 0x2903, 0x3123, 0x3144, 0x3144, 0x3965, 0x3964, 0x3944, 0x3965, 0x3965, 0x3144,
  0x2903, 0x20C3, 0x20C3, 0x28E3, 0x20C3, 0x18A2, 0x18A2, 0x1882, 0x1082, 0x1081, 0x1082, 0x1082,
  0x10A2, 0x1082, 0x1082, 0x1082, 0x1082, 0x1083, 0x10A3, 0x1082, 0x1082, 0x1083, 0x10A3, 0x1083,
  0x1083, 0x10A3, 0x1083, 0x1082, 0x1083, 0x18A3, 0x18A3, 0x10A3, 0x18C3, 0x10A3, 0x1082, 0x18C3,
  0x20E4, 0x2104, 0x2104, 0x2104, 0x2104, 0x18C4, 0x18C4, 0x18E4, 0x20E4, 0x2125, 0x2104, 0x10A3,
  0x10A3, 0x10A3, 0x10A3, 0x18A3, 0x18C3, 0x10A3, 0x1082, 0x1062, 0x1082, 0x10A3, 0x18C3, 0x18C3,
  0x18C3, 0x18C3, 0x18E4, 0x18E4, 0x18E4, 0x18E4, 0x18E4, 0x18E4, 0x18E4, 0x18E4, 0x18E4, 0x2104,
  0x2125, 0x2125, 0x2105, 0x2104, 0x2104, 0x20E4, 0x18C4, 0x18C3, 0x1083, 0x18C3, 0x18A3, 0x1062,
  0x1062, 0x18C4, 0x2104, 0x18E4, 0x18C3, 0x2925, 0x2125, 0x2104, 0x2986, 0x3A08, 0x4A69, 0x4A8A,
  0x52CB, 0x52CB, 0x52EC, 0x52EC, 0x530C, 0x530C, 0x530C, 0x5B2C, 0x6BAD, 0x846F, 0x8CD0, 0x9510,
  0x9D30, 0x9D2F, 0x9D50, 0xA550, 0x9D50, 0xA550, 0xA52F, 0xA52F, 0xA50F, 0xAD30, 0xA4F0, 0x7BAC,
  0x5288, 0x5269, 0x5ACA, 0x630C, 0x632C, 0x6B4C, 0x6B6D, 0x7BAE, 0x73AD, 0x73AD, 0x73AD, 0x6B8D,
  0x6B6D, 0x6B6C, 0x6B4C, 0x634C, 0x6B6C, 0x6B6C, 0x6B8D, 0x73AE, 0x73AE, 0x6B6C, 0x630B, 0x630B,
  0x3A09, 0x3A29, 0x422A, 0x4229, 0x4229, 0x424A, 0x4229, 0x39E9, 0x39E8, 0x39E8, 0x39E8, 0x31A8,
  0x2987, 0x3187, 0x2987, 0x2966, 0x2105, 0x1905, 0x1904, 0x2125, 0x2966, 0x31A7, 0x31C7, 0x31C7,
  0x39A7, 0x31A7, 0x31A7, 0x39C7, 0x39C7, 0x31A6, 0x2965, 0x2124, 0x18E3, 0x10A2, 0x10A2, 0x18E3,
  0x2124, 0x2124, 0x2945, 0x2945, 0x2104, 0x2945, 0x2925, 0x2104, 0x2104, 0x2124, 0x2925, 0x2104,
  0x2104, 0x2124, 0x2104, 0x18C3, 0x18C3, 0x2104, 0x2124, 0x2124, 0x18E3, 0x1082, 0x0861, 0x1082,
  0x18C3, 0x18E3, 0x18C3, 0x18C3, 0x2104, 0x2104, 0x20E3, 0x18A2, 0x1081, 0x18A2, 0x18C2, 0x20C3,
  0x18C2, 0x20E3, 0x20E3, 0x20E3, 0x2903, 0x2904, 0x2924, 0x2903, 0x2903, 0x28E3, 0x2903, 0x3144,
  0x3144, 0x3964, 0x3985, 0x3985, 0x3985, 0x41A6, 0x41C6, 0x41C6, 0x41A6, 0x41A5, 0x3985, 0x3144,
  0x3104, 0x28C3, 0x20C3, 0x28E3, 0x20C3, 0x20C2, 0x20C3, 0x20C3, 0x1082, 0x1082, 0x1082, 0x10A2,
  0x10A2, 0x1082, 0x1082, 0x10A2, 0x1082, 0x1083, 0x10A3, 0x1082, 0x1082, 0x1083, 0x1083, 0x1082,
  0x1082, 0x10A3, 0x10A3, 0x1083, 0x1083, 0x18C3, 0x18C3, 0x18A3, 0x10A3, 0x18C3, 0x18C3, 0x1083,
  0x1082, 0x18C3, 0x2104, 0x2125, 0x2125, 0x2125, 0x2125, 0x18E4, 0x10A3, 0x18C4, 0x2105, 0x2104,
  0x18C3, 0x18A3, 0x10A3, 0x18A3, 0x18C3, 0x18C3, 0x10A3, 0x1083, 0x10A3, 0x10A3, 0x10A3, 0x18A3,
  0x18C3, 0x18C4, 0x18C4, 0x18C4, 0x18E4, 0x20E4, 0x2104, 0x20E4, 0x20E4, 0x20E4, 0x18E4, 0x18C4,
  0x18C3, 0x2105, 0x2945, 0x2125, 0x2105, 0x2105, 0x20E4, 0x18C3, 0x1083, 0x0842, 0x1082, 0x18A3,
  0x1083, 0x1083, 0x18C3, 0x18A3, 0x18C3, 0x2945, 0x2945, 0x2125, 0x2124, 0x2966, 0x3A28, 0x4269,
  0x52CB, 0x52CB, 0x52EC, 0x52EC, 0x52EC, 0x52EC, 0x5B2C, 0x5B4C, 0x740E, 0x8CB0, 0x8CD0, 0x94F0,
  0x950F, 0x950F, 0x9D2F, 0x9D2F, 0x952F, 0x9D50, 0xA550, 0xAD70, 0xAD50, 0xAD51, 0xA4F0, 0x738C,
  0x4A27, 0x4A28, 0x528A, 0x52AB, 0x5ACB, 0x62EB, 0x632C, 0x736D, 0x73AE, 0x73CE, 0x7BCE, 0x7BCE,
  0x73AE, 0x73AD, 0x738D, 0x6B8D, 0x738D, 0x6B6D, 0x6B6C, 0x6B6D, 0x738D, 0x6B4C, 0x632C, 0x6B4C,
  0x3A08, 0x4229, 0x424A, 0x424A, 0x424A, 0x424A, 0x3A29, 0x3A09, 0x39E9, 0x39E9, 0x39E9, 0x31C8,
  0x31A7, 0x31A7, 0x3187, 0x2146, 0x2125, 0x2105, 0x2104, 0x2125, 0x2966, 0x31A7, 0x31A7, 0x39C7,
  0x31A6, 0x3186, 0x31A6, 0x31A6, 0x3186, 0x2945, 0x2124, 0x2104, 0x18C3, 0x18C3, 0x18E3, 0x2104,
  0x2104, 0x2945, 0x2945, 0x2124, 0x2125, 0x2125, 0x2125, 0x2125, 0x2125, 0x2104, 0x18E4, 0x18E4,
  0x2945, 0x2104, 0x18C3, 0x18C3, 0x2104, 0x2945, 0x2124, 0x10C3, 0x10A2, 0x0861, 0x1082, 0x18E3,
  0x18E3, 0x18E3, 0x2104, 0x2124, 0x18C3, 0x10A2, 0x10A2, 0x10A2, 0x18C3, 0x18C3, 0x20E3, 0x20E4,
  0x20E3, 0x20E3, 0x2904, 0x2904, 0x2904, 0x20E3, 0x20C3, 0x20E3, 0x3103, 0x3123, 0x3123, 0x3103,
  0x3103, 0x3123, 0x3964, 0x41A5, 0x49A5, 0x49A5, 0x49C6, 0x49C6, 0x4185, 0x4164, 0x3944, 0x3923,
  0x3923, 0x3944, 0x2902, 0x20C2, 0x28E2, 0x28E2, 0x20E2, 0x20C2, 0x20E3, 0x20C2, 0x18C2, 0x18A2,
  0x1082, 0x1082, 0x10A2, 0x10A2, 0x10A2, 0x10A2, 0x10A2, 0x10A3, 0x10A2, 0x1082, 0x1082, 0x10A3,
  0x10A3, 0x10A3, 0x10A2, 0x10A2, 0x1082, 0x10A2, 0x10A2, 0x18A2, 0x18E3, 0x18A3, 0x10A3, 0x18A3,
  0x18C3, 0x10A3, 0x18A3, 0x18C4, 0x2104, 0x2125, 0x2104, 0x2104, 0x2105, 0x18E4, 0x18C3, 0x18C3,
  0x18C3, 0x18C3, 0x10A3, 0x1083, 0x18A3, 0x18E4, 0x18C3, 0x1082, 0x10A3, 0x1083, 0x1082, 0x1083,
  0x10A3, 0x18C3, 0x18C3, 0x18C3, 0x10A3, 0x2104, 0x2104, 0x18E4, 0x2104, 0x18E4, 0x18A3, 0x18E4,
  0x2104, 0x18C3, 0x18E4, 0x2925, 0x2104, 0x20E4, 0x20E4, 0x18C3, 0x18C3, 0x1083, 0x0841, 0x0862,
  0x18C3, 0x18C3, 0x10A3, 0x10A3, 0x2105, 0x2945, 0x2105, 0x2104, 0x2946, 0x2966, 0x3186, 0x4209,
  0x52CB, 0x52CB, 0x5B0C, 0x52CB, 0x52EB, 0x52EB, 0x530B, 0x6BAD, 0x7C4E, 0x8CCF, 0x94EF, 0x8CEF,
  0x94EF, 0x950F, 0x950F, 0x950F, 0x950F, 0x9D50, 0xA570, 0xA590, 0xA590, 0xAD91, 0x9D10, 0x73AC,
  0x4248, 0x4228, 0x4249, 0x52AA, 0x5ACA, 0x5AEB, 0x630B, 0x6B4C, 0x634C, 0x634C, 0x6B4C, 0x6B8D,
  0x73CE, 0x7BEE, 0x73CE, 0x6B6C, 0x6B6C, 0x6B6C, 0x6B6C, 0x738D, 0x73AE, 0x6B6C, 0x630B, 0x632C,
  0x3A08, 0x3A29, 0x4229, 0x422A, 0x424A, 0x424A, 0x3A29, 0x39E9, 0x39E9, 0x39E9, 0x39E9, 0x31C8,
  0x31A7, 0x31A7, 0x3187, 0x2966, 0x2125, 0x2125, 0x2104, 0x2125, 0x3186, 0x31C7, 0x31A7, 0x31A6,
  0x3186, 0x3186, 0x31A6, 0x31A6, 0x2945, 0x2124, 0x20E3, 0x18C3, 0x18E3, 0x2104, 0x2104, 0x2104,
  0x2945, 0x2125, 0x2104, 0x2945, 0x2966, 0x2945, 0x2105, 0x2104, 0x2104, 0x18C4, 0x18E4, 0x2945,
  0x2104, 0x2104, 0x2104, 0x2104, 0x2124, 0x2104, 0x18E3, 0x10A2, 0x10A2, 0x10A2, 0x18E3, 0x18E3,
  0x18E3, 0x2945, 0x2124, 0x1082, 0x18C3, 0x10A2, 0x18C3, 0x18C3, 0x18E3, 0x18C3, 0x18C3, 0x18C3,
  0x18C3, 0x18A2, 0x18A2, 0x20C3, 0x20C3, 0x28E3, 0x2903, 0x2904, 0x28E3, 0x2903, 0x3103, 0x3124,
  0x3944, 0x3964, 0x3964, 0x4164, 0x3944, 0x3924, 0x4164, 0x4165, 0x3943, 0x4164, 0x49A5, 0x49A5,
  0x4185, 0x3944, 0x3123, 0x28E2, 0x28C2, 0x28C2, 0x28E2, 0x20C2, 0x20C2, 0x20A2, 0x20C2, 0x20C2,
  0x18C2, 0x18A2, 0x18A2, 0x18A2, 0x10A2, 0x10A2, 0x10A2, 0x10A3, 0x10A3, 0x1082, 0x1082, 0x1082,
  0x10A3, 0x10A3, 0x10A3, 0x10A2, 0x1082, 0x1082, 0x1082, 0x10A2, 0x18A3, 0x18A3, 0x18C3, 0x18E4,
  0x18C3, 0x10A3, 0x10A3, 0x18C3, 0x2104, 0x2105, 0x2125, 0x2104, 0x18E4, 0x20E4, 0x18E4, 0x18C3,
  0x10A3, 0x1083, 0x10A3, 0x10A3, 0x10A3, 0x1082, 0x10A3, 0x18E4, 0x18C3, 0x10A3, 0x1082, 0x1082,
  0x1083, 0x18A3, 0x18C3, 0x18C3, 0x18E4, 0x10A3, 0x18C3, 0x2104, 0x20E4, 0x18E4, 0x18E4, 0x18C4,
  0x18C3, 0x18E4, 0x20E4, 0x18E4, 0x2125, 0x2945, 0x2105, 0x18E4, 0x18E4, 0x18E4, 0x18A3, 0x1082,
  0x1062, 0x10A3, 0x18C3, 0x18E4, 0x2104, 0x10A3, 0x10A3, 0x2105, 0x2945, 0x2125, 0x2945, 0x3186,
  0x4249, 0x52CB, 0x52EC, 0x5B0C, 0x52EB, 0x52CA, 0x634C, 0x73ED, 0x846F, 0x8CCF, 0x8CEF, 0x8CCE,
  0x8CEE, 0x950F, 0x950F, 0x950F, 0x9530, 0xA570, 0xA570, 0xA590, 0xAD90, 0xAD91, 0x9CF0, 0x6B8C,
  0x4228, 0x4228, 0x4249, 0x52AA, 0x5AEB, 0x5B0B, 0x630B, 0x6B4C, 0x632C, 0x632C, 0x634C, 0x6B4C,
  0x6B8D, 0x73CE, 0x7BCE, 0x73AD, 0x73AD, 0x738D, 0x6B6C, 0x6B6C, 0x73AD, 0x738D, 0x6B4C, 0x6B4C,
  0x3A08, 0x3A09, 0x3A09, 0x3A09, 0x4229, 0x424A, 0x422A, 0x3A09, 0x3A09, 0x39E9, 0x39E8, 0x31C8,
  0x31A7, 0x31A7, 0x3187, 0x2966, 0x2125, 0x2125, 0x1904, 0x2125, 0x31A7, 0x39C7, 0x3186, 0x3186,
  0x2965, 0x31A6, 0x31A6, 0x2945, 0x2124, 0x20E3, 0x18C3, 0x18C3, 0x2104, 0x2104, 0x2124, 0x2945,
  0x2125, 0x2124, 0x2125, 0x2125, 0x2125, 0x18E4, 0x2104, 0x2104, 0x18A3, 0x20E4, 0x2945, 0x2104,
  0x2104, 0x2105, 0x2125, 0x2125, 0x18E4, 0x10A3, 0x1082, 0x10A2, 0x18C3, 0x18E3, 0x18E3, 0x2124,
  0x2945, 0x18E3, 0x1082, 0x18C3, 0x18E3, 0x18E3, 0x18E3, 0x18C3, 0x18C3, 0x18C2, 0x18A2, 0x18C2,
  0x20C3, 0x20E3, 0x20E3, 0x20E3, 0x28E3, 0x2904, 0x2904, 0x2904, 0x3103, 0x3124, 0x3124, 0x3944,
  0x3964, 0x3944, 0x3923, 0x3923, 0x3943, 0x4144, 0x4184, 0x4985, 0x4164, 0x4985, 0x49C5, 0x49A5,
  0x49A5, 0x4164, 0x3944, 0x3923, 0x30E2, 0x30E2, 0x3103, 0x28E2, 0x20C2, 0x20A2, 0x20C2, 0x20C2,
  0x20A2, 0x20A2, 0x18A2, 0x1882, 0x1082, 0x1082, 0x1082, 0x10A2, 0x10A2, 0x10A2, 0x10A2, 0x10A3,
  0x10A3, 0x10A3, 0x10A3, 0x10A2, 0x10A2, 0x10A2, 0x1082, 0x10A2, 0x10A3, 0x10A3, 0x18C4, 0x20E4,
  0x18E4, 0x18C3, 0x18C3, 0x18E4, 0x18C3, 0x18C3, 0x18E4, 0x18E4, 0x18C3, 0x18E4, 0x2104, 0x18C4,
  0x18E4, 0x10A3, 0x1062, 0x0862, 0x0862, 0x1082, 0x10A3, 0x10A3, 0x18C3, 0x18A3, 0x10A3, 0x10A3,
  0x10A3, 0x10A3, 0x18C3, 0x18C4, 0x18C4, 0x18E4, 0x18C3, 0x18C3, 0x20E4, 0x2104, 0x18C4, 0x18C3,
  0x18E4, 0x18C4, 0x18C3, 0x2104, 0x2125, 0x2125, 0x2105, 0x2945, 0x2925, 0x2104, 0x18E4, 0x18C3,
  0x10A3, 0x10A3, 0x18C3, 0x18C4, 0x18C3, 0x10A3, 0x18C3, 0x2104, 0x2125, 0x2945, 0x2925, 0x2104,
  0x31A7, 0x4A6A, 0x52EB, 0x5B0C, 0x52EB, 0x52EA, 0x6B8C, 0x7C0E, 0x848F, 0x8CAF, 0x8CCE, 0x8CCE,
  0x8CCE, 0x8CEE, 0x8CEE, 0x950F, 0x950F, 0xA570, 0xA570, 0xA590, 0xAD90, 0xAD71, 0x94D0, 0x634B,
  0x4228, 0x4228, 0x4A69, 0x52CA, 0x5B0B, 0x630B, 0x632C, 0x6B4C, 0x6B4C, 0x6B6D, 0x738D, 0x73AD,
  0x73AE, 0x7BEF, 0x842F, 0x840F, 0x73CE, 0x738D, 0x6B6C, 0x6B8D, 0x73AD, 0x73AD, 0x6B6D, 0x6B6C,
  0x3A09, 0x3A29, 0x3A09, 0x3A09, 0x3A09, 0x422A, 0x424A, 0x3A2A, 0x3A09, 0x39E9, 0x31C8, 0x31C8,
  0x31A7, 0x31A7, 0x3187, 0x2967, 0x2125, 0x2125, 0x2104, 0x2945, 0x31A7, 0x31A7, 0x2965, 0x3186,
  0x3186, 0x39C7, 0x2945, 0x2104, 0x2104, 0x18E3, 0x18A3, 0x2104, 0x2124, 0x2104, 0x2945, 0x2124,
  0x18E4, 0x2104, 0x2945, 0x18E4, 0x10A3, 0x20E4, 0x18C3, 0x18C3, 0x2125, 0x2945, 0x2105, 0x20E4,
  0x2125, 0x2925, 0x2125, 0x2104, 0x10A3, 0x1082, 0x1082, 0x10C3, 0x1904, 0x18E4, 0x2124, 0x2124,
  0x18C3, 0x10A2, 0x18C3, 0x18E3, 0x18E3, 0x18E3, 0x18C3, 0x18C3, 0x18C3, 0x18C3, 0x20E3, 0x20E3,
  0x20E3, 0x2904, 0x2924, 0x2903, 0x20E3, 0x28E3, 0x2903, 0x2904, 0x3144, 0x3944, 0x3964, 0x3944,
  0x3944, 0x3943, 0x3944, 0x4164, 0x4184, 0x51C5, 0x49A5, 0x4984, 0x49A5, 0x51C5, 0x49A5, 0x51C5,
  0x49A5, 0x4164, 0x4144, 0x3923, 0x3903, 0x3103, 0x3103, 0x3103, 0x3103, 0x28E2, 0x28C2, 0x28C2,
  0x20C2, 0x20A2, 0x20A2, 0x2082, 0x18A2, 0x18A2, 0x1882, 0x18A2, 0x18A2, 0x10A2, 0x18A3, 0x18C3,
  0x10A2, 0x10A3, 0x10A2, 0x10A2, 0x10A2, 0x10A2, 0x10A3, 0x18A3, 0x10A3, 0x10A3, 0x10A3, 0x18C3,
  0x18E4, 0x18E4, 0x18E4, 0x2104, 0x18E4, 0x10A3, 0x18C3, 0x18E4, 0x18E4, 0x18C3, 0x18C4, 0x18E4,
  0x18C4, 0x18C4, 0x18C3, 0x1082, 0x0862, 0x0862, 0x1062, 0x1082, 0x10A3, 0x10A3, 0x18C3, 0x18C3,
  0x18C3, 0x18C3, 0x18C3, 0x18C3, 0x18C3, 0x18C3, 0x18C3, 0x18C3, 0x18A3, 0x18E4, 0x2104, 0x18C3,
  0x18C3, 0x18C3, 0x18E4, 0x20E4, 0x18E4, 0x2125, 0x2966, 0x2946, 0x2966, 0x2925, 0x2105, 0x18E4,
  0x18C3, 0x18C3, 0x10A3, 0x1082, 0x1083, 0x2105, 0x2925, 0x2104, 0x2104, 0x2945, 0x2925, 0x2105,
  0x2145, 0x31A7, 0x4A8A, 0x5AEB, 0x52EB, 0x5B2B, 0x6BAC, 0x7C4E, 0x848E, 0x84AE, 0x8CAE, 0x8CAE,
  0x8CCE, 0x8CEE, 0x8CEE, 0x950F, 0x950F, 0x9D50, 0xA550, 0xA570, 0xA570, 0xA551, 0x8C8F, 0x632A,
  0x4248, 0x4228, 0x4A69, 0x52CA, 0x5B0B, 0x632B, 0x632C, 0x6B4C, 0x6B4C, 0x6B4C, 0x6B4C, 0x6B6C,
  0x6B6D, 0x7BEE, 0x8C50, 0x8C70, 0x7BCE, 0x738D, 0x6B6C, 0x738D, 0x738D, 0x6B6D, 0x6B4C, 0x6B4C,
  0x39E8, 0x3A09, 0x4229, 0x4229, 0x4229, 0x4229, 0x422A, 0x422A, 0x3A09, 0x39E9, 0x31C8, 0x31C8,
  0x31A7, 0x31A7, 0x3187, 0x3187, 0x2125, 0x2105, 0x2105, 0x2966, 0x3186, 0x2965, 0x2945, 0x31A6,
  0x31A6, 0x2965, 0x2104, 0x18E3, 0x2104, 0x20E4, 0x18E3, 0x2104, 0x2104, 0x2945, 0x2125, 0x2104,
  0x2104, 0x2104, 0x2104, 0x18E4, 0x18E4, 0x18E4, 0x18C3, 0x2104, 0x2966, 0x2925, 0x20E4, 0x2125,
  0x2925, 0x2125, 0x20E4, 0x18A3, 0x1083, 0x10A3, 0x18C3, 0x18E4, 0x2104, 0x2965, 0x2124, 0x18C3,
  0x20E4, 0x2104, 0x20E3, 0x2104, 0x18E3, 0x18E3, 0x18E3, 0x18E3, 0x20E3, 0x20E3, 0x20E3, 0x20E3,
  0x2903, 0x2924, 0x2903, 0x20E3, 0x20E2, 0x2903, 0x3124, 0x3144, 0x3944, 0x3964, 0x3964, 0x3944,
  0x3944, 0x4164, 0x49A5, 0x51C5, 0x51C5, 0x5A06, 0x51C5, 0x4984, 0x51C5, 0x51C5, 0x51A4, 0x51A5,
  0x51C5, 0x51A5, 0x4984, 0x4964, 0x4164, 0x4143, 0x3923, 0x3923, 0x3943, 0x3923, 0x3103, 0x30E2,
  0x28E2, 0x28E3, 0x28C2, 0x28C2, 0x20E3, 0x20C2, 0x18A2, 0x18A2, 0x1882, 0x1082, 0x1082, 0x10A3,
  0x10A3, 0x10A3, 0x10A3, 0x10A3, 0x10A3, 0x10A3, 0x10A3, 0x10A3, 0x10A3, 0x1083, 0x1082, 0x1083,
  0x10A3, 0x18C3, 0x18E4, 0x2104, 0x2125, 0x2104, 0x18E4, 0x20E4, 0x2104, 0x18E4, 0x18C3, 0x20E4,
  0x18C4, 0x18C3, 0x18C3, 0x20E4, 0x18E4, 0x1082, 0x0842, 0x0862, 0x1062, 0x1082, 0x18A3, 0x18C3,
  0x18C3, 0x18C3, 0x18C3, 0x18C3, 0x18C3, 0x10A3, 0x10A3, 0x18C3, 0x18C4, 0x18C3, 0x18E4, 0x2104,
  0x18C3, 0x10A3, 0x18C3, 0x18E4, 0x18E4, 0x2104, 0x2946, 0x2966, 0x2945, 0x2966, 0x2945, 0x18E4,
  0x10A3, 0x10A3, 0x18C3, 0x10A3, 0x18E4, 0x2104, 0x2104, 0x2104, 0x2104, 0x2104, 0x2104, 0x2945,
  0x2125, 0x2145, 0x3A08, 0x4AAA, 0x5B0B, 0x6B6C, 0x6BAD, 0x7C2E, 0x846E, 0x848E, 0x848D, 0x8CAE,
  0x8CCE, 0x8CEE, 0x8CEE, 0x950F, 0x9D0F, 0x9D2F, 0x9D2F, 0x9D2F, 0x9D2F, 0x9D10, 0x844E, 0x5AEA,
  0x4228, 0x4249, 0x4A89, 0x5AEB, 0x5B0B, 0x632B, 0x632B, 0x632C, 0x630B, 0x632B, 0x634C, 0x6B4C,
  0x6B6C, 0x738D, 0x73AD, 0x73AD, 0x738D, 0x6B6C, 0x6B6D, 0x6B6D, 0x6B6D, 0x6B6C, 0x6B4C, 0x632C,
  0x31C8, 0x3A09, 0x424A, 0x424A, 0x422A, 0x4229, 0x422A, 0x3A09, 0x3A09, 0x39E9, 0x39E8, 0x31C8,
  0x31A7, 0x31A7, 0x31A7, 0x3187, 0x2125, 0x2125, 0x2925, 0x2966, 0x2966, 0x2945, 0x2945, 0x31A6,
  0x31A6, 0x2104, 0x2104, 0x2124, 0x20E3, 0x20E3, 0x2104, 0x18E3, 0x2124, 0x2104, 0x2104, 0x2124,
  0x2104, 0x18E4, 0x18E4, 0x18E3, 0x18E4, 0x18A3, 0x2105, 0x2966, 0x2105, 0x2105, 0x2945, 0x2125,
  0x2125, 0x20E4, 0x10A3, 0x1082, 0x10A3, 0x18E4, 0x2125, 0x2125, 0x2945, 0x18E3, 0x2104, 0x2125,
  0x2104, 0x2104, 0x2104, 0x20E3, 0x2104, 0x2104, 0x2103, 0x20E3, 0x20E3, 0x20E3, 0x20E3, 0x20E3,
  0x2903, 0x28E3, 0x20E3, 0x20E3, 0x2903, 0x3124, 0x3144, 0x3144, 0x3944, 0x3924, 0x3924, 0x3944,
  0x4164, 0x49A5, 0x51C5, 0x51E5, 0x5A06, 0x59E6, 0x59E5, 0x59E5, 0x59E5, 0x5A05, 0x59E5, 0x59C4,
  0x6206, 0x6206, 0x59C5, 0x5184, 0x51A5, 0x5184, 0x4964, 0x4964, 0x4144, 0x4143, 0x3923, 0x3903,
  0x3903, 0x3903, 0x30E3, 0x30E2, 0x20E3, 0x20C2, 0x20A2, 0x20A2, 0x18A2, 0x1882, 0x1082, 0x1082,
  0x18C3, 0x18C3, 0x18C3, 0x18C3, 0x10A3, 0x10A3, 0x10A3, 0x10A3, 0x1083, 0x10A3, 0x1083, 0x1083,
  0x1082, 0x1083, 0x18A3, 0x18C3, 0x2104, 0x2125, 0x2104, 0x18E4, 0x2104, 0x2104, 0x18E4, 0x20E4,
  0x18E4, 0x18C3, 0x18A3, 0x18C4, 0x20E4, 0x18E4, 0x10A3, 0x1082, 0x1062, 0x1082, 0x1083, 0x10A3,
  0x10A3, 0x10A3, 0x18C3, 0x18C3, 0x18C3, 0x20E4, 0x18A3, 0x10A3, 0x18E4, 0x18C4, 0x10A3, 0x18E4,
  0x2125, 0x18E4, 0x1082, 0x10A3, 0x18C3, 0x18A3, 0x18E4, 0x2966, 0x2966, 0x2966, 0x2946, 0x2945,
  0x2125, 0x18C3, 0x18C3, 0x2104, 0x2925, 0x18C3, 0x18A3, 0x18E4, 0x20E4, 0x20E4, 0x2104, 0x2125,
  0x2125, 0x2145, 0x2965, 0x4248, 0x5B0B, 0x636C, 0x73ED, 0x7C0D, 0x7C4D, 0x846D, 0x848D, 0x84AD,
  0x8CCE, 0x8CCE, 0x8CEE, 0x950F, 0x9D2F, 0x9D2F, 0x9D0E, 0x94EE, 0x94EE, 0x94CF, 0x7BED, 0x52C9,
  0x4227, 0x4249, 0x52AA, 0x5B0B, 0x632B, 0x5B2B, 0x5B0B, 0x5B0B, 0x6B6D, 0x6B4C, 0x6B4C, 0x6B4C,
  0x6B4C, 0x6B4C, 0x6B6C, 0x6B4C, 0x6B4C, 0x738D, 0x738D, 0x6B6C, 0x6B6D, 0x738D, 0x6B6C, 0x630B,
  0x39E8, 0x4229, 0x424A, 0x424A, 0x422A, 0x4229, 0x4229, 0x3A09, 0x3A09, 0x39E8, 0x39E8, 0x31C8,
  0x31A7, 0x31A7, 0x31A7, 0x3186, 0x2945, 0x2925, 0x2945, 0x2946, 0x2945, 0x2965, 0x3186, 0x3186,
  0x2945, 0x18E3, 0x2104, 0x2945, 0x2104, 0x18E3, 0x2104, 0x18E4, 0x2125, 0x18E3, 0x2104, 0x2124,
  0x18C3, 0x18E4, 0x2104, 0x10A3, 0x10A3, 0x2104, 0x2945, 0x2125, 0x2105, 0x2125, 0x2104, 0x2104,
  0x18E4, 0x18A3, 0x1082, 0x10A3, 0x18E4, 0x2125, 0x2925, 0x2125, 0x18E4, 0x2104, 0x2104, 0x2104,
  0x2104, 0x2104, 0x20E3, 0x20E3, 0x20E3, 0x20E3, 0x20E3, 0x18C3, 0x20E3, 0x2103, 0x2924, 0x2903,
  0x20E2, 0x20C2, 0x20C2, 0x28E3, 0x3123, 0x3123, 0x3123, 0x3123, 0x3923, 0x3923, 0x4144, 0x4984,
  0x51A5, 0x51C5, 0x59E6, 0x5A06, 0x6226, 0x6205, 0x6205, 0x6226, 0x6226, 0x6A46, 0x7267, 0x6A67,
  0x6206, 0x6206, 0x59C5, 0x5184, 0x51A5, 0x59A5, 0x51A5, 0x51A4, 0x4984, 0x4964, 0x4143, 0x4123,
  0x4144, 0x4124, 0x3903, 0x3903, 0x28E3, 0x28C2, 0x28C2, 0x28C2, 0x20C2, 0x20A2, 0x18A2, 0x18A2,
  0x18C3, 0x18C3, 0x18C3, 0x18C3, 0x18A3, 0x18A3, 0x10A3, 0x10A3, 0x10A3, 0x10A3, 0x10A3, 0x10A3,
  0x10A3, 0x10A3, 0x1083, 0x10A3, 0x10A3, 0x18E4, 0x20E4, 0x18E4, 0x18E4, 0x2104, 0x2104, 0x2104,
  0x18C3, 0x2104, 0x2104, 0x18C3, 0x10A3, 0x18C3, 0x18E4, 0x18E4, 0x10A3, 0x10A3, 0x10A3, 0x10A3,
  0x10A3, 0x10A3, 0x18C3, 0x18C3, 0x20E4, 0x18E4, 0x2104, 0x18E4, 0x1082, 0x18C3, 0x18E4, 0x10A3,
  0x20E4, 0x2945, 0x2104, 0x1082, 0x1082, 0x10A3, 0x10A3, 0x18C4, 0x2945, 0x2945, 0x2945, 0x3186,
  0x31A7, 0x2125, 0x18C3, 0x20E4, 0x18E4, 0x18C3, 0x18A3, 0x18C3, 0x18E4, 0x2104, 0x2104, 0x2104,
  0x2145, 0x2145, 0x2124, 0x31A6, 0x52A9, 0x634C, 0x73ED, 0x740D, 0x7C4D, 0x846D, 0x848D, 0x8CAD,
  0x8CAD, 0x8CCE, 0x8CEE, 0x950F, 0x9D2F, 0x9D0F, 0x94EE, 0x94CD, 0x8CAE, 0x846D, 0x6B8B, 0x4A88,
  0x4228, 0x4269, 0x52CA, 0x5B0B, 0x5B2B, 0x5B0B, 0x5B0B, 0x5B0B, 0x632B, 0x632B, 0x6B4C, 0x738D,
  0x738D, 0x738D, 0x6B6D, 0x6B4C, 0x6B6C, 0x73AE, 0x73CE, 0x738D, 0x6B8D, 0x6B6D, 0x6B6C, 0x6B6D,
  0x39E9, 0x4229, 0x424A, 0x422A, 0x4229, 0x4229, 0x4229, 0x3A09, 0x39E9, 0x39E8, 0x39E8, 0x31C8,
  0x31A7, 0x31C8, 0x31A7, 0x2986, 0x2945, 0x2945, 0x2945, 0x2945, 0x2945, 0x3186, 0x31A6, 0x2965,
  0x2104, 0x2124, 0x2124, 0x2124, 0x2104, 0x2104, 0x2104, 0x2124, 0x18E4, 0x2104, 0x2104, 0x18E3,
  0x18C3, 0x2104, 0x18C4, 0x1082, 0x2104, 0x2125, 0x2945, 0x2125, 0x2104, 0x18E4, 0x18E4, 0x18E4,
  0x10A3, 0x1082, 0x10A3, 0x2104, 0x2946, 0x2945, 0x2105, 0x2104, 0x2104, 0x20E4, 0x2125, 0x2925,
  0x20E3, 0x2104, 0x2924, 0x20E4, 0x18C3, 0x20E3, 0x20E3, 0x20E3, 0x2104, 0x2924, 0x2903, 0x20E3,
  0x28E3, 0x28E3, 0x28E3, 0x3123, 0x3144, 0x3944, 0x3944, 0x3964, 0x4984, 0x49A5, 0x51C5, 0x51E6,
  0x59E5, 0x59E5, 0x59E5, 0x5A05, 0x6226, 0x6A46, 0x6A67, 0x7287, 0x7287, 0x7267, 0x7266, 0x7287,
  0x7267, 0x6A26, 0x6206, 0x59C5, 0x59C5, 0x6206, 0x6226, 0x59E5, 0x59C5, 0x51A5, 0x4964, 0x4964,
  0x4964, 0x4964, 0x4123, 0x4123, 0x3123, 0x3103, 0x28E2, 0x28C2, 0x28C2, 0x20C2, 0x20C2, 0x20C2,
  0x18A2, 0x18A2, 0x18C3, 0x18C3, 0x18C3, 0x18C3, 0x18C3, 0x18C3, 0x18C3, 0x18C3, 0x10C3, 0x10C3,
  0x18C3, 0x10C3, 0x10A3, 0x1082, 0x10A3, 0x10A3, 0x18E4, 0x2104, 0x18E4, 0x18E4, 0x2104, 0x2105,
  0x2104, 0x20E4, 0x18E4, 0x18E4, 0x18C4, 0x18C3, 0x18C3, 0x18C4, 0x18C3, 0x18A3, 0x18A3, 0x18A3,
  0x18C3, 0x18C3, 0x18C3, 0x18C3, 0x18C3, 0x18C3, 0x2104, 0x2104, 0x10A3, 0x1082, 0x18C3, 0x18E4,
  0x1082, 0x2104, 0x2945, 0x2125, 0x10A3, 0x1082, 0x1082, 0x1062, 0x18E4, 0x2966, 0x3166, 0x2945,
  0x3186, 0x2966, 0x18E4, 0x1083, 0x1082, 0x18E4, 0x18C3, 0x10A3, 0x18E4, 0x18C4, 0x18C3, 0x2125,
  0x2145, 0x2145, 0x2145, 0x2145, 0x4228, 0x632B, 0x6BAC, 0x740D, 0x7C4D, 0x848D, 0x8CAD, 0x848D,
  0x8CAD, 0x8CAD, 0x8CEE, 0x950F, 0x9D2F, 0x94EF, 0x94CE, 0x8C8D, 0x8C6D, 0x7C0C, 0x632A, 0x4248,
  0x4248, 0x4A69, 0x52CA, 0x530B, 0x5B0B, 0x5B0B, 0x5B0B, 0x632C, 0x6B4C, 0x6B4C, 0x6B6C, 0x73AD,
  0x73AD, 0x73AD, 0x738D, 0x6B6C, 0x6B6D, 0x738D, 0x73AD, 0x738D, 0x6B6D, 0x634C, 0x73AE, 0x9491,
  0x3A09, 0x4229, 0x4229, 0x424A, 0x424A, 0x422A, 0x424A, 0x3A09, 0x3A09, 0x39E8, 0x39E8, 0x31C8,
  0x31A7, 0x31C7, 0x31A7, 0x3186, 0x2966, 0x2945, 0x2945, 0x2945, 0x3186, 0x31A6, 0x2965, 0x2104,
  0x2104, 0x2124, 0x2124, 0x2104, 0x18E4, 0x18E4, 0x18E4, 0x2104, 0x18C4, 0x2125, 0x20E4, 0x18A3,
  0x18C3, 0x10A3, 0x10A3, 0x18C4, 0x2945, 0x2104, 0x2105, 0x2105, 0x18E4, 0x2104, 0x2105, 0x18C3,
  0x0862, 0x18A3, 0x2125, 0x2945, 0x2125, 0x2125, 0x2125, 0x2104, 0x2105, 0x2104, 0x2104, 0x2124,
  0x2104, 0x18C3, 0x18A2, 0x18A2, 0x2904, 0x2104, 0x2104, 0x2925, 0x2924, 0x20E3, 0x20C3, 0x20E3,
  0x3124, 0x3123, 0x3123, 0x3944, 0x3944, 0x3944, 0x3964, 0x41A5, 0x51E6, 0x51C5, 0x51C5, 0x59E5,
  0x59E6, 0x59E5, 0x6205, 0x6A46, 0x7AA8, 0x7287, 0x7AA7, 0x7AA8, 0x7287, 0x7287, 0x7AA7, 0x7AA7,
  0x7288, 0x6A26, 0x6A26, 0x6A46, 0x61E5, 0x6205, 0x6A46, 0x6A26, 0x6226, 0x59E5, 0x59C5, 0x6206,
  0x59C5, 0x5184, 0x51A5, 0x4964, 0x4144, 0x3923, 0x3103, 0x30E2, 0x30E2, 0x28C2, 0x20C2, 0x20C2,
  0x20C2, 0x20A2, 0x20A2, 0x18A2, 0x18C3, 0x18C3, 0x18A3, 0x18A3, 0x18C3, 0x18C3, 0x18C3, 0x18C3,
  0x10A3, 0x10A3, 0x18C3, 0x18E4, 0x1083, 0x1062, 0x1082, 0x18E4, 0x2104, 0x2104, 0x20E4, 0x2104,
  0x2125, 0x2125, 0x2104, 0x18E4, 0x2104, 0x18E4, 0x18C3, 0x18C3, 0x18C3, 0x18A3, 0x18A3, 0x18A3,
  0x10A3, 0x18C3, 0x18C3, 0x1082, 0x18C3, 0x18C3, 0x18C3, 0x2104, 0x2104, 0x10A3, 0x1082, 0x20E4,
  0x18C4, 0x1062, 0x20E4, 0x2946, 0x20E4, 0x1083, 0x1062, 0x1083, 0x10A3, 0x18E4, 0x2945, 0x2966,
  0x2946, 0x2966, 0x2125, 0x18C3, 0x1062, 0x1083, 0x18A3, 0x18A3, 0x10A3, 0x18C4, 0x20E4, 0x18E4,
  0x2125, 0x2145, 0x2945, 0x2124, 0x2965, 0x4A68, 0x636B, 0x7C0D, 0x844D, 0x846D, 0x848D, 0x846D,
  0x846C, 0x848D, 0x8CCE, 0x9D2F, 0x9D0F, 0x94EE, 0x8CAD, 0x8C8D, 0x846D, 0x73AB, 0x52C8, 0x4A48,
  0x4248, 0x4A89, 0x52CA, 0x52EA, 0x5B0B, 0x5B0B, 0x5B2B, 0x634C, 0x6B4C, 0x6B6C, 0x73AE, 0x7BCE,
  0x73AD, 0x73AE, 0x73CE, 0x73AD, 0x73AE, 0x6B6D, 0x632C, 0x634C, 0x73CE, 0x8C91, 0xB5B6, 0xD6BA,
  0x3A09, 0x422A, 0x424A, 0x4A6A, 0x4A6A, 0x424A, 0x422A, 0x3A09, 0x3A09, 0x39E9, 0x39E8, 0x39C8,
  0x31A7, 0x31A7, 0x31A7, 0x3187, 0x2945, 0x2925, 0x2945, 0x2966, 0x2966, 0x2965, 0x2124, 0x18E3,
  0x2104, 0x2104, 0x2104, 0x18E3, 0x18C3, 0x18E3, 0x18E4, 0x2104, 0x18E4, 0x18E4, 0x18C3, 0x18C3,
  0x10A3, 0x10A3, 0x18C3, 0x2104, 0x2125, 0x2125, 0x2105, 0x2104, 0x2125, 0x2125, 0x18E4, 0x10A3,
  0x18C3, 0x20E4, 0x2925, 0x2945, 0x2125, 0x2125, 0x2925, 0x2945, 0x2104, 0x20E4, 0x18E4, 0x20E4,
  0x20E3, 0x20E3, 0x2104, 0x2904, 0x20E4, 0x2904, 0x2925, 0x2904, 0x20C3, 0x20C3, 0x28E3, 0x3104,
  0x3124, 0x3944, 0x3944, 0x3944, 0x3944, 0x4164, 0x4985, 0x49A5, 0x51A4, 0x51C5, 0x59E5, 0x59E6,
  0x6205, 0x6206, 0x6A67, 0x7AC8, 0x7AC8, 0x7AC8, 0x7AA8, 0x7AA7, 0x7AA7, 0x7AA8, 0x7AA7, 0x7A87,
  0x7AA7, 0x6A46, 0x6A46, 0x7267, 0x7266, 0x6A26, 0x6A25, 0x6226, 0x6A46, 0x6A26, 0x6205, 0x6206,
  0x61E5, 0x61E6, 0x6206, 0x59A5, 0x4984, 0x4964, 0x4143, 0x4143, 0x3923, 0x3103, 0x30E2, 0x30E2,
  0x28C2, 0x20C2, 0x20A2, 0x18A2, 0x18A2, 0x18C3, 0x18C3, 0x20C3, 0x18C3, 0x18A3, 0x18A3, 0x18C3,
  0x18C4, 0x18C3, 0x18A3, 0x10A3, 0x18C4, 0x18A3, 0x1082, 0x1082, 0x18C3, 0x2104, 0x2104, 0x2104,
  0x2125, 0x2104, 0x2104, 0x2104, 0x18E4, 0x20E4, 0x20E4, 0x18C4, 0x18A3, 0x18C3, 0x18C4, 0x18C3,
  0x10A3, 0x18A3, 0x18E4, 0x18E4, 0x18C4, 0x18C4, 0x18C3, 0x18E4, 0x2105, 0x18E4, 0x10A3, 0x10A3,
  0x18E4, 0x18C3, 0x10A3, 0x2125, 0x2925, 0x18E4, 0x18C3, 0x1082, 0x1082, 0x18C3, 0x2104, 0x2925,
  0x2966, 0x2966, 0x2945, 0x2125, 0x18C4, 0x10A3, 0x10A3, 0x18A3, 0x1083, 0x10A3, 0x18E4, 0x18E4,
  0x2125, 0x2125, 0x2125, 0x2124, 0x2124, 0x31C5, 0x52A9, 0x6BAC, 0x844E, 0x7C4D, 0x846D, 0x8CAD,
  0x848D, 0x846C, 0x8CCE, 0x950F, 0x94EE, 0x94CE, 0x8C8D, 0x8C6D, 0x844D, 0x6B8B, 0x52A8, 0x4248,
  0x4269, 0x4A89, 0x4ACA, 0x52EA, 0x5B0A, 0x5B2B, 0x5B2B, 0x634C, 0x6B6C, 0x738D, 0x73AD, 0x73CE,
  0x7BCE, 0x73CE, 0x73AD, 0x6BAE, 0x6B6D, 0x634C, 0x6BAE, 0x8CB2, 0xB5D6, 0xCE99, 0xD6DB, 0xDF1C,
  0x4209, 0x424A, 0x424A, 0x4A6A, 0x4A6A, 0x424A, 0x4229, 0x3A09, 0x3A09, 0x3A08, 0x3A08, 0x39E8,
  0x31A7, 0x31A7, 0x31A7, 0x31A7, 0x2945, 0x2925, 0x2945, 0x3166, 0x2945, 0x2124, 0x2104, 0x20E4,
  0x2124, 0x2104, 0x18E3, 0x18C3, 0x18C3, 0x18E3, 0x2104, 0x2104, 0x2104, 0x18C3, 0x18C3, 0x10A3,
  0x1082, 0x10A3, 0x2104, 0x2125, 0x2104, 0x2105, 0x2105, 0x2125, 0x2945, 0x2104, 0x18C3, 0x18C3,
  0x2125, 0x2925, 0x2125, 0x2125, 0x2945, 0x2966, 0x2945, 0x2105, 0x20E4, 0x20E4, 0x20E4, 0x20E4,
  0x2104, 0x2904, 0x2924, 0x2924, 0x2104, 0x2904, 0x2904, 0x20E3, 0x20E3, 0x2904, 0x3124, 0x3124,
  0x3944, 0x3944, 0x4164, 0x4144, 0x4164, 0x4985, 0x51A5, 0x51C5, 0x59E5, 0x61E6, 0x6205, 0x6206,
  0x6A67, 0x7287, 0x7A88, 0x7AA8, 0x7AA8, 0x82C8, 0x7AA7, 0x7AA7, 0x82C8, 0x82C7, 0x7AA7, 0x7AA7,
  0x7AA7, 0x7287, 0x7267, 0x7AA7, 0x7AA8, 0x7267, 0x6A25, 0x6205, 0x6A46, 0x7267, 0x7267, 0x6A26,
  0x6A26, 0x6A47, 0x6A47, 0x6A26, 0x59E6, 0x59C5, 0x5184, 0x51A5, 0x4143, 0x4123, 0x30E2, 0x3103,
  0x3103, 0x30E3, 0x28C2, 0x20A2, 0x20A2, 0x20A2, 0x20C2, 0x20C3, 0x20E3, 0x18C3, 0x18A3, 0x18A3,
  0x18C3, 0x18C3, 0x18C3, 0x18C3, 0x18A3, 0x18C3, 0x18C4, 0x10A3, 0x1082, 0x1083, 0x18E4, 0x2125,
  0x2925, 0x2105, 0x2125, 0x2125, 0x2104, 0x2104, 0x2105, 0x2104, 0x18E4, 0x20E4, 0x20E4, 0x18C4,
  0x10A3, 0x10A3, 0x18C3, 0x18C4, 0x18E4, 0x20E4, 0x18C3, 0x18C3, 0x2104, 0x2125, 0x18E4, 0x10A3,
  0x1083, 0x2104, 0x18C3, 0x1082, 0x2125, 0x2945, 0x18C3, 0x10A3, 0x1082, 0x10A3, 0x18C3, 0x20E4,
  0x2945, 0x2966, 0x2966, 0x2945, 0x2125, 0x18C3, 0x10A3, 0x18C3, 0x10A3, 0x1083, 0x18C3, 0x18C3,
  0x2124, 0x2124, 0x2945, 0x2124, 0x18E3, 0x2123, 0x3A06, 0x634B, 0x844E, 0x7C2D, 0x7C2C, 0x848D,
  0x848D, 0x7C4C, 0x8CAD, 0x94EE, 0x94EE, 0x8CAD, 0x8C6C, 0x8C6D, 0x844D, 0x6B6A, 0x4A88, 0x4248,
  0x4A69, 0x4A89, 0x4AC9, 0x52EA, 0x530A, 0x5B2B, 0x634C, 0x636D, 0x6B8D, 0x73CE, 0x73AD, 0x6B8D,
  0x73CE, 0x73AD, 0x634C, 0x632C, 0x73EF, 0x9D14, 0xC659, 0xD6FB, 0xDF3C, 0xDF3C, 0xDF5D, 0xE75D,
  0x4229, 0x424A, 0x424A, 0x424A, 0x424A, 0x4229, 0x4229, 0x3A09, 0x3A09, 0x3A09, 0x3A08, 0x39E8,
  0x31A7, 0x31A7, 0x31A7, 0x3186, 0x2945, 0x2945, 0x2966, 0x2965, 0x2124, 0x2104, 0x2104, 0x2924,
  0x2124, 0x18E3, 0x18C3, 0x18C3, 0x18C3, 0x18E4, 0x2104, 0x18E4, 0x18C3, 0x18C3, 0x10A3, 0x1082,
  0x10A3, 0x20E4, 0x2125, 0x2104, 0x20E4, 0x18E4, 0x2125, 0x2966, 0x2105, 0x18C3, 0x18E4, 0x2104,
  0x2945, 0x2925, 0x2105, 0x2125, 0x3166, 0x2966, 0x2104, 0x18C4, 0x2104, 0x2125, 0x2925, 0x2924,
  0x2924, 0x2924, 0x2924, 0x2103, 0x2904, 0x20C3, 0x20C3, 0x28E3, 0x2924, 0x3124, 0x3124, 0x3944,
  0x4164, 0x3944, 0x4143, 0x4964, 0x4984, 0x4984, 0x51A5, 0x59C5, 0x61E5, 0x6A26, 0x7267, 0x7267,
  0x7AA7, 0x7AA8, 0x7AA8, 0x82C8, 0x82E8, 0x82E8, 0x82C7, 0x82C8, 0x82C8, 0x7266, 0x7246, 0x7AA7,
  0x7AA8, 0x7AC8, 0x7AA8, 0x7AA7, 0x7AC7, 0x7AA7, 0x7266, 0x6205, 0x6A25, 0x7267, 0x7287, 0x7267,
  0x7267, 0x7247, 0x7267, 0x7287, 0x6A26, 0x6206, 0x59C5, 0x59E5, 0x5184, 0x4963, 0x4122, 0x4123,
  0x3923, 0x3103, 0x30E3, 0x28C2, 0x20A2, 0x20A2, 0x20A2, 0x18A2, 0x20E3, 0x18C3, 0x18C3, 0x18C3,
  0x18C3, 0x18C3, 0x18C3, 0x18E4, 0x10A3, 0x18A3, 0x18C4, 0x18E4, 0x18A3, 0x1082, 0x10A3, 0x18E4,
  0x2104, 0x2925, 0x2945, 0x2945, 0x2966, 0x2945, 0x2104, 0x2104, 0x20E4, 0x18E4, 0x18E4, 0x18C4,
  0x18C3, 0x18C3, 0x18C3, 0x18C3, 0x18C4, 0x2104, 0x18E4, 0x18C3, 0x18E4, 0x2105, 0x2104, 0x2104,
  0x18C3, 0x1082, 0x20E4, 0x18C3, 0x1082, 0x2104, 0x2125, 0x18E4, 0x10A3, 0x10A3, 0x18C3, 0x18C3,
  0x2104, 0x2946, 0x2966, 0x2945, 0x2945, 0x20E4, 0x18C3, 0x18C3, 0x18C3, 0x10A3, 0x10A3, 0x18A3,
  0x18E4, 0x2104, 0x2965, 0x2945, 0x18E3, 0x18E3, 0x31A5, 0x52C9, 0x73CC, 0x846E, 0x7C2C, 0x846D,
  0x8CAD, 0x846C, 0x848C, 0x8CCD, 0x8CAD, 0x8C8D, 0x846C, 0x8C8D, 0x842D, 0x634A, 0x4A68, 0x4248,
  0x4A69, 0x4A89, 0x4AC9, 0x52EA, 0x5B0B, 0x5B2B, 0x634C, 0x634C, 0x738D, 0x73AD, 0x73CE, 0x7C0F,
  0x73CE, 0x632C, 0x6BAE, 0x94F3, 0xC679, 0xDF3C, 0xEF9E, 0xE77D, 0xE75D, 0xE79E, 0xE77D, 0xDF5D,
  0x4229, 0x424A, 0x424A, 0x424A, 0x4229, 0x4229, 0x424A, 0x4229, 0x4229, 0x3A09, 0x39E8, 0x39E8,
  0x31C7, 0x31A7, 0x31A7, 0x2986, 0x2925, 0x2945, 0x2966, 0x2925, 0x20E3, 0x2104, 0x2924, 0x2925,
  0x18E3, 0x18E3, 0x18C3, 0x18C3, 0x18E3, 0x18E4, 0x18E3, 0x18E3, 0x10A3, 0x18A3, 0x10A3, 0x1083,
  0x18E4, 0x2125, 0x2125, 0x2104, 0x18E4, 0x2104, 0x2945, 0x2945, 0x18E4, 0x18C3, 0x2104, 0x2945,
  0x2925, 0x2125, 0x2925, 0x2966, 0x2946, 0x18E4, 0x18A3, 0x2104, 0x2105, 0x2125, 0x2925, 0x2924,
  0x2924, 0x2924, 0x2924, 0x2924, 0x20E3, 0x20E3, 0x2903, 0x2904, 0x3103, 0x3103, 0x3924, 0x4164,
  0x3943, 0x4143, 0x4984, 0x51A4, 0x51A4, 0x51A4, 0x59C4, 0x59E5, 0x6A26, 0x7287, 0x7AA8, 0x7AA8,
  0x7AC8, 0x82C8, 0x82C8, 0x82C8, 0x82E8, 0x82E8, 0x82C8, 0x82C8, 0x82E8, 0x7A87, 0x7A67, 0x82C8,
  0x82E8, 0x82C8, 0x82C8, 0x82C8, 0x7AA7, 0x82C8, 0x7AA7, 0x7266, 0x6A25, 0x7246, 0x7287, 0x7AA8,
  0x7AA8, 0x7247, 0x7246, 0x7AA8, 0x6A46, 0x6A26, 0x6205, 0x6205, 0x59C4, 0x59A4, 0x4964, 0x4984,
  0x4143, 0x3923, 0x3923, 0x30E2, 0x28C2, 0x20C2, 0x20C2, 0x20A2, 0x18C2, 0x18A2, 0x20C3, 0x20E3,
  0x20E3, 0x20E3, 0x20E3, 0x20E3, 0x2104, 0x18A3, 0x1082, 0x18C3, 0x2104, 0x18E4, 0x18A3, 0x10A3,
  0x18C3, 0x2104, 0x2125, 0x2966, 0x31A7, 0x3186, 0x2125, 0x20E4, 0x2104, 0x18E4, 0x18E4, 0x18E4,
  0x2104, 0x18E4, 0x18C3, 0x10A3, 0x18A3, 0x18E4, 0x2104, 0x18E4, 0x18E4, 0x20E4, 0x2104, 0x2125,
  0x2104, 0x18C3, 0x18C3, 0x2105, 0x18C3, 0x1083, 0x2125, 0x2125, 0x18E4, 0x10A3, 0x1083, 0x10A3,
  0x18C3, 0x2104, 0x2966, 0x2966, 0x2945, 0x2945, 0x18E4, 0x18C3, 0x18C4, 0x18C3, 0x10A3, 0x10A3,
  0x10A2, 0x18E3, 0x2945, 0x2945, 0x2124, 0x18E3, 0x2144, 0x3A07, 0x634B, 0x844E, 0x844D, 0x846D,
  0x8CAE, 0x8CAD, 0x8CAD, 0x848C, 0x846C, 0x846C, 0x846C, 0x8C8D, 0x842C, 0x632A, 0x4247, 0x4227,
  0x4A69, 0x4A89, 0x52CA, 0x530A, 0x5B2B, 0x634C, 0x634C, 0x634D, 0x6B8D, 0x6B8D, 0x73CE, 0x7C0F,
  0x73EE, 0x7BEF, 0x9D34, 0xCE99, 0xD6DB, 0xCEBA, 0xC679, 0xBE38, 0xB618, 0xADF7, 0xB5F7, 0xB618,
  0x3A09, 0x424A, 0x424A, 0x424A, 0x424A, 0x424A, 0x424A, 0x424A, 0x4229, 0x3A09, 0x39E8, 0x39E8,
  0x31C7, 0x31A7, 0x3186, 0x2966, 0x2925, 0x2945, 0x2945, 0x2104, 0x18C3, 0x2104, 0x2124, 0x20E4,
  0x18C3, 0x18C3, 0x18C3, 0x18C3, 0x18E3, 0x18C3, 0x18C3, 0x18C3, 0x18C3, 0x18A3, 0x10A3, 0x18E4,
  0x2125, 0x2125, 0x18E4, 0x18E4, 0x18E4, 0x2945, 0x2925, 0x18E4, 0x18E4, 0x2104, 0x2104, 0x2925,
  0x2125, 0x2945, 0x2945, 0x2105, 0x18C4, 0x18A3, 0x18C4, 0x2105, 0x2105, 0x2904, 0x2924, 0x2904,
  0x2924, 0x2924, 0x2924, 0x2904, 0x20E3, 0x2923, 0x3124, 0x2903, 0x28E3, 0x3123, 0x3944, 0x4164,
  0x4143, 0x49A4, 0x59C5, 0x59C5, 0x51A4, 0x59E5, 0x6A26, 0x7247, 0x7AC8, 0x82C8, 0x82C8, 0x82C8,
  0x82E8, 0x8AE8, 0x82C8, 0x82C8, 0x82C8, 0x82E8, 0x82C8, 0x82E8, 0x8B09, 0x8B29, 0x8B09, 0x8B29,
  0x8B29, 0x82E8, 0x82E8, 0x82E8, 0x82C8, 0x82C8, 0x82E8, 0x82C8, 0x7A87, 0x7266, 0x7A87, 0x82A8,
  0x82C8, 0x7A87, 0x7246, 0x7A87, 0x7267, 0x7267, 0x7246, 0x6A06, 0x61E5, 0x61E5, 0x59A4, 0x51A4,
  0x51C5, 0x51A5, 0x4164, 0x3923, 0x28C2, 0x28C2, 0x28E2, 0x20C2, 0x20C3, 0x20C2, 0x18C2, 0x20C3,
  0x20E3, 0x20E3, 0x20E3, 0x20E4, 0x2104, 0x2104, 0x18C3, 0x18C3, 0x18C3, 0x18E4, 0x18E4, 0x18E4,
  0x18C3, 0x10A3, 0x18C4, 0x2125, 0x2945, 0x2966, 0x2946, 0x2105, 0x2104, 0x2104, 0x2104, 0x2104,
  0x2104, 0x18E4, 0x18C3, 0x18C3, 0x18A3, 0x18C3, 0x18E4, 0x2104, 0x2104, 0x18E4, 0x18E4, 0x2104,
  0x2104, 0x2945, 0x18C3, 0x1083, 0x2104, 0x18E4, 0x10A3, 0x2104, 0x2125, 0x10A3, 0x1082, 0x10A3,
  0x10A3, 0x18A3, 0x2125, 0x2966, 0x2946, 0x2966, 0x2125, 0x18C3, 0x18C3, 0x18C3, 0x10A3, 0x10A3,
  0x18C3, 0x10A2, 0x2104, 0x2966, 0x2966, 0x2104, 0x18E3, 0x2985, 0x5AEA, 0x7C0D, 0x846E, 0x846D,
  0x846D, 0x8CAD, 0x8CEE, 0x846C, 0x7C4B, 0x846C, 0x8C8D, 0x8C8D, 0x7C0C, 0x630A, 0x4247, 0x4228,
  0x4269, 0x4A89, 0x52EA, 0x5B2B, 0x634B, 0x634C, 0x6B6D, 0x6B6D, 0x6B6D, 0x73AD, 0x73CE, 0x73AE,
  0x73CE, 0x8C91, 0xA554, 0x9D54, 0x94F3, 0x8CB2, 0x7C51, 0x7C51, 0x8471, 0x7C71, 0x7C51, 0x7430,
  0x39E8, 0x4229, 0x424A, 0x4A6A, 0x4A6A, 0x424A, 0x424A, 0x422A, 0x4229, 0x3A29, 0x3A08, 0x39E8,
  0x39C7, 0x31A7, 0x3186, 0x2945, 0x2945, 0x2945, 0x2925, 0x18E3, 0x18C3, 0x2104, 0x2104, 0x18C3,
  0x18C3, 0x18C3, 0x18C3, 0x18C3, 0x18C3, 0x18C3, 0x18C3, 0x18E3, 0x18E4, 0x18C3, 0x18E4, 0x2125,
  0x2125, 0x20E4, 0x18C4, 0x18C3, 0x2104, 0x2945, 0x2125, 0x18E4, 0x2104, 0x2125, 0x2105, 0x2125,
  0x2925, 0x2925, 0x2104, 0x18C3, 0x10A3, 0x18E4, 0x2104, 0x20E4, 0x2104, 0x2104, 0x2924, 0x2925,
  0x2924, 0x2924, 0x2903, 0x20E3, 0x2903, 0x2923, 0x2923, 0x2903, 0x3123, 0x3964, 0x4184, 0x4164,
  0x51A4, 0x59E5, 0x59E5, 0x59E5, 0x61E5, 0x6A46, 0x7A87, 0x7AC8, 0x7AA7, 0x82E8, 0x8B09, 0x8AE8,
  0x8B08, 0x8B08, 0x8B09, 0x9329, 0x9329, 0x9329, 0x8B09, 0x8B09, 0x8B29, 0x934A, 0x934A, 0x932A,
  0x934A, 0x8B29, 0x8B08, 0x8B09, 0x8B09, 0x8AE8, 0x8AE8, 0x8AE8, 0x82E8, 0x82A8, 0x82C8, 0x82A8,
  0x82C8, 0x82C8, 0x7A87, 0x7A67, 0x7A87, 0x7A87, 0x7A87, 0x6A26, 0x7246, 0x6A06, 0x6205, 0x59A4,
  0x6227, 0x5A06, 0x51C5, 0x4164, 0x3103, 0x3103, 0x3103, 0x28E2, 0x2903, 0x20E3, 0x20C3, 0x20C2,
  0x20C2, 0x20C3, 0x20E3, 0x2904, 0x20E4, 0x2104, 0x2104, 0x18E3, 0x10A3, 0x10A3, 0x18E4, 0x2105,
  0x2104, 0x18C3, 0x10A3, 0x18C3, 0x18C3, 0x2105, 0x2945, 0x2945, 0x2104, 0x2104, 0x2104, 0x2104,
  0x2104, 0x18E4, 0x18E4, 0x2104, 0x18C4, 0x18C3, 0x18C3, 0x20E4, 0x2104, 0x18E4, 0x18E4, 0x20E4,
  0x2104, 0x2125, 0x2125, 0x10A3, 0x18C3, 0x2105, 0x18C3, 0x18C3, 0x2104, 0x20E4, 0x18C3, 0x10A3,
  0x10A3, 0x1083, 0x18C3, 0x2125, 0x2945, 0x2945, 0x2945, 0x2104, 0x18C3, 0x18C3, 0x18C3, 0x10A3,
  0x18C2, 0x10A2, 0x20E4, 0x2945, 0x3187, 0x2945, 0x18E3, 0x2124, 0x4247, 0x634B, 0x7C2D, 0x846D,
  0x846C, 0x8CAD, 0x8CCE, 0x846C, 0x7C2B, 0x846C, 0x8CAD, 0x8C8D, 0x7BEC, 0x5B09, 0x4247, 0x4248,
  0x4269, 0x4A89, 0x52EA, 0x5B2B, 0x634B, 0x634C, 0x6B6D, 0x6B6D, 0x636C, 0x6BAD, 0x73EE, 0x73EE,
  0x6BAE, 0x73EE, 0x7C30, 0x740F, 0x7C30, 0x7430, 0x73F0, 0x6BEF, 0x6BEF, 0x6BEF, 0x63CF, 0x63AE,
  0x39E8, 0x4229, 0x422A, 0x4A4A, 0x424A, 0x424A, 0x424A, 0x422A, 0x4229, 0x4229, 0x4229, 0x3A08,
  0x39C7, 0x31A7, 0x2986, 0x2945, 0x3166, 0x2945, 0x2104, 0x18C3, 0x18C3, 0x2104, 0x2104, 0x18C3,
  0x18C3, 0x18C3, 0x18C3, 0x18C3, 0x18C3, 0x10A3, 0x18C3, 0x2104, 0x18C3, 0x18A3, 0x2104, 0x2925,
  0x2104, 0x2104, 0x2104, 0x18C4, 0x2125, 0x2104, 0x2104, 0x2125, 0x2125, 0x2105, 0x2125, 0x2945,
  0x2945, 0x18E3, 0x18A3, 0x18C3, 0x18C3, 0x18C3, 0x18E4, 0x20E4, 0x20E4, 0x20E4, 0x2104, 0x2925,
  0x3144, 0x2924, 0x2904, 0x2904, 0x2923, 0x2903, 0x2923, 0x3144, 0x3964, 0x4185, 0x49A5, 0x49A5,
  0x51E5, 0x59C5, 0x59E5, 0x6A26, 0x7287, 0x7AA8, 0x82C8, 0x82C8, 0x82E8, 0x8B08, 0x8B09, 0x8B09,
  0x8B29, 0x8B29, 0x8B09, 0x9329, 0x9329, 0x9329, 0x9329, 0x9329, 0x8B29, 0x8B29, 0x934A, 0x936A,
  0x934A, 0x936A, 0x9329, 0x8B09, 0x9349, 0x9329, 0x8B08, 0x8AE8, 0x8AE8, 0x8AE8, 0x8AE8, 0x82A7,
  0x82A8, 0x8AE9, 0x82C8, 0x7A87, 0x7A87, 0x7A87, 0x82A8, 0x7246, 0x7AA8, 0x7267, 0x7267, 0x6206,
  0x6A46, 0x6226, 0x5A06, 0x49A5, 0x4164, 0x3944, 0x3964, 0x3123, 0x2903, 0x2903, 0x2903, 0x20E3,
  0x20C2, 0x18A2, 0x20E3, 0x2904, 0x2104, 0x20E3, 0x18C3, 0x20E4, 0x2104, 0x18C4, 0x18C3, 0x18C3,
  0x2125, 0x2104, 0x18C3, 0x1083, 0x18C3, 0x18E4, 0x2104, 0x2925, 0x2945, 0x2925, 0x20E4, 0x18E4,
  0x18E4, 0x18C3, 0x18C3, 0x18E4, 0x18E4, 0x18C3, 0x18C3, 0x18E4, 0x20E4, 0x20E4, 0x2104, 0x2105,
  0x20E4, 0x2125, 0x2125, 0x2125, 0x18E4, 0x18C3, 0x2104, 0x18E4, 0x10A3, 0x2925, 0x2104, 0x10A3,
  0x10A3, 0x18A3, 0x1083, 0x18C3, 0x2105, 0x2104, 0x2945, 0x2945, 0x18C4, 0x18C3, 0x18E4, 0x10A3,
  0x10A2, 0x10A2, 0x18C3, 0x2124, 0x3186, 0x2966, 0x1903, 0x18E3, 0x2984, 0x52C9, 0x73EC, 0x846E,
  0x8CAD, 0x8CAD, 0x848C, 0x846C, 0x7C2B, 0x848C, 0x8CAD, 0x846D, 0x73CB, 0x52C8, 0x4227, 0x4228,
  0x4269, 0x4A89, 0x52EA, 0x5B2B, 0x634B, 0x634C, 0x6B8D, 0x6B8E, 0x6BAD, 0x73AD, 0x73CE, 0x73AE,
  0x6B8D, 0x6BAE, 0x7C0F, 0x7C31, 0x7410, 0x73EF, 0x6BEF, 0x7430, 0x7C71, 0x7C51, 0x6C10, 0x6BEF,
  0x31A7, 0x4208, 0x4229, 0x4249, 0x426A, 0x424A, 0x424A, 0x424A, 0x4229, 0x4209, 0x4208, 0x39E8,
  0x39C7, 0x3186, 0x3165, 0x2945, 0x3165, 0x2924, 0x18A2, 0x18A2, 0x20E3, 0x2104, 0x18E3, 0x18E3,
  0x18C3, 0x18C3, 0x18C3, 0x18C3, 0x10A3, 0x10C3, 0x18E4, 0x18E4, 0x10A3, 0x2104, 0x18E4, 0x18C4,
  0x18C4, 0x18C3, 0x2104, 0x2125, 0x2104, 0x2125, 0x2125, 0x2105, 0x2105, 0x2125, 0x2125, 0x2105,
  0x18C4, 0x10A3, 0x10A3, 0x18C3, 0x18C3, 0x18C3, 0x20C3, 0x20E3, 0x18A2, 0x2903, 0x3144, 0x2924,
  0x2903, 0x2904, 0x2904, 0x2903, 0x30E2, 0x3923, 0x4164, 0x4984, 0x49A5, 0x51A5, 0x51A5, 0x59E5,
  0x6205, 0x6A05, 0x7246, 0x7AA7, 0x82C8, 0x82E8, 0x82E8, 0x8B08, 0x8AE8, 0x8B09, 0x8B09, 0x9329,
  0x8B29, 0x8B29, 0x8B29, 0x8B29, 0x9349, 0x9349, 0x9349, 0x9349, 0x936A, 0x936A, 0x9B6A, 0x9B8A,
  0x936A, 0x9B8A, 0x936A, 0x9349, 0x9349, 0x9B6A, 0x9329, 0x8AE8, 0x8AE8, 0x8B08, 0x9329, 0x9329,
  0x8B08, 0x82E8, 0x82E8, 0x8B29, 0x7AA7, 0x82A7, 0x7AA7, 0x7246, 0x7A87, 0x82C8, 0x7A87, 0x7246,
  0x6A26, 0x6A46, 0x59C5, 0x6206, 0x4963, 0x5184, 0x4964, 0x4123, 0x3902, 0x3902, 0x3902, 0x30E3,
  0x30E3, 0x28E3, 0x20C3, 0x20C3, 0x2904, 0x2104, 0x2104, 0x20E4, 0x20E3, 0x20E4, 0x20E4, 0x20E3,
  0x18C4, 0x18E4, 0x18E4, 0x18C4, 0x18C3, 0x18C3, 0x18C3, 0x18C3, 0x2125, 0x2945, 0x2145, 0x2105,
  0x18E4, 0x18E4, 0x10C3, 0x10A3, 0x18C3, 0x18C4, 0x18C4, 0x18C3, 0x18E4, 0x2104, 0x2104, 0x18E4,
  0x2105, 0x2104, 0x2125, 0x2945, 0x2125, 0x18E4, 0x18E4, 0x2125, 0x18E4, 0x18C3, 0x2125, 0x2104,
  0x1082, 0x1082, 0x10A3, 0x18C3, 0x18E4, 0x2945, 0x2125, 0x2125, 0x2945, 0x18C3, 0x18C3, 0x18E3,
  0x18A3, 0x1082, 0x18C3, 0x20E4, 0x3186, 0x39C7, 0x2104, 0x1903, 0x2123, 0x39E6, 0x6B8C, 0x844E,
  0x8CAE, 0x848D, 0x848C, 0x7C4B, 0x848C, 0x8CAD, 0x848D, 0x7C4D, 0x73CB, 0x52C9, 0x4227, 0x3A27,
  0x4248, 0x4A89, 0x52EB, 0x5B2C, 0x5B4C, 0x636C, 0x638D, 0x6BAD, 0x63AE, 0x6BAE, 0x63AE, 0x63AE,
  0x6BEF, 0x7451, 0x7451, 0x6BF0, 0x63CF, 0x63EF, 0x6C11, 0x7451, 0x7451, 0x7451, 0x7C72, 0x7C92,
  0x31A7, 0x39E8, 0x4249, 0x4A6A, 0x4A6A, 0x4A8A, 0x4A8B, 0x4A8B, 0x424A, 0x4229, 0x39E8, 0x39C7,
  0x31A6, 0x2965, 0x2945, 0x3186, 0x3165, 0x2904, 0x18C3, 0x18C3, 0x20E3, 0x20E3, 0x18E3, 0x18C3,
  0x18E3, 0x18C3, 0x18C3, 0x18C3, 0x10A3, 0x10C3, 0x18C3, 0x10C3, 0x18C3, 0x18E4, 0x2104, 0x18E4,
  0x18C3, 0x2104, 0x2105, 0x2104, 0x2104, 0x2104, 0x2104, 0x2104, 0x2104, 0x2105, 0x2104, 0x18C4,
  0x10A3, 0x1083, 0x10A3, 0x18C3, 0x20C3, 0x18C3, 0x18A2, 0x18A2, 0x20C3, 0x2903, 0x2904, 0x28E3,
  0x28E3, 0x2903, 0x2924, 0x2903, 0x3924, 0x4164, 0x4985, 0x49A5, 0x51C5, 0x59E5, 0x59E5, 0x6206,
  0x7266, 0x7267, 0x7AA7, 0x8AE8, 0x8B29, 0x8B29, 0x8B29, 0x8B29, 0x8B09, 0x9329, 0x9329, 0x9329,
  0x9329, 0x9349, 0x9349, 0x9349, 0x9349, 0x9349, 0x936A, 0x936A, 0x936A, 0x9B8A, 0x9B8A, 0x9B8A,
  0x9B8A, 0x9B8A, 0x9B6A, 0x9B6A, 0x9B6A, 0x9B6A, 0x9B6A, 0x9B4A, 0x8B08, 0x9309, 0x9329, 0x9329,
  0x8B29, 0x8B08, 0x8AE8, 0x8AE8, 0x8B08, 0x8B08, 0x7A86, 0x7266, 0x7A87, 0x7A87, 0x7AA8, 0x7A87,
  0x7246, 0x82C9, 0x6A26, 0x59C5, 0x51A4, 0x59C5, 0x4943, 0x4102, 0x4984, 0x4984, 0x4964, 0x3923,
  0x3103, 0x28E3, 0x20C3, 0x20C3, 0x18C3, 0x20E3, 0x2104, 0x2104, 0x20E3, 0x20E3, 0x2104, 0x2924,
  0x2104, 0x18C4, 0x18C3, 0x2104, 0x18E4, 0x1083, 0x10A3, 0x2104, 0x10A3, 0x2104, 0x2145, 0x2125,
  0x2125, 0x2125, 0x2104, 0x18C4, 0x18C3, 0x18C3, 0x18C3, 0x18C3, 0x18C4, 0x18E4, 0x20E4, 0x2104,
  0x2104, 0x2125, 0x2125, 0x2125, 0x2125, 0x2104, 0x18C4, 0x18E4, 0x2945, 0x2104, 0x10A3, 0x2105,
  0x2945, 0x10A3, 0x10A3, 0x18C4, 0x18A3, 0x18C3, 0x2125, 0x2925, 0x2965, 0x2945, 0x18C3, 0x18C3,
  0x18A3, 0x1882, 0x18C3, 0x18C3, 0x2945, 0x31A6, 0x2945, 0x1903, 0x1903, 0x2944, 0x52E9, 0x7C0D,
  0x848E, 0x8CAD, 0x742B, 0x7C4B, 0x84AC, 0x8CAD, 0x7C4C, 0x740C, 0x636B, 0x4A88, 0x4227, 0x3A27,
  0x4269, 0x4A89, 0x52EB, 0x634C, 0x636C, 0x638D, 0x638D, 0x638D, 0x6BCE, 0x6BEF, 0x7410, 0x7450,
  0x7430, 0x63CF, 0x5BAE, 0x5B8E, 0x63CF, 0x6C10, 0x6C10, 0x6BF0, 0x7431, 0x7C92, 0x7431, 0x5B6E,
  0x31A6, 0x39C7, 0x4229, 0x4A4A, 0x4249, 0x4A4A, 0x4A6A, 0x4A6A, 0x4249, 0x4229, 0x39E8, 0x31A7,
  0x3186, 0x2965, 0x3165, 0x39A6, 0x2924, 0x20E3, 0x20C3, 0x20E3, 0x20E3, 0x20E3, 0x18E3, 0x18C3,
  0x18E3, 0x18C3, 0x10A3, 0x10A3, 0x18C3, 0x18C3, 0x10A3, 0x18A3, 0x2104, 0x18E4, 0x2105, 0x18E4,
  0x18C4, 0x2125, 0x2105, 0x18E4, 0x2104, 0x2104, 0x2104, 0x2104, 0x2104, 0x18E4, 0x18C3, 0x1083,
  0x10A3, 0x1083, 0x10A3, 0x18A3, 0x18A3, 0x18A3, 0x18A2, 0x20C3, 0x2904, 0x2904, 0x2903, 0x28E3,
  0x2903, 0x3124, 0x3144, 0x3144, 0x4164, 0x4985, 0x51A5, 0x51A5, 0x59E5, 0x6206, 0x6A46, 0x7267,
  0x7AA7, 0x82C8, 0x8B08, 0x9329, 0x9349, 0x9329, 0x9329, 0x9329, 0x9349, 0x934A, 0x9349, 0x9349,
  0x9349, 0x9349, 0x934A, 0x934A, 0x9B6A, 0x9B6A, 0x9B6A, 0x9B6A, 0x9B8A, 0x9B8A, 0x9B8A, 0x9BAB,
  0x9BAA, 0x9B8A, 0x9B8A, 0x9B8B, 0x9B8A, 0x9B4A, 0x9B6A, 0xA38B, 0x9B6A, 0x9B6A, 0x9B4A, 0x9B4A,
  0x9B6A, 0x9B6A, 0x9329, 0x8B08, 0x9349, 0x8B09, 0x7A87, 0x7A87, 0x7AA7, 0x7A87, 0x82A8, 0x7AA7,
  0x7246, 0x82C9, 0x7AA8, 0x6A06, 0x61E5, 0x59A4, 0x4963, 0x59A5, 0x6226, 0x6226, 0x59E6, 0x4985,
  0x3923, 0x28E3, 0x28C3, 0x20C3, 0x20E3, 0x20E3, 0x20E3, 0x20E3, 0x20E3, 0x20E3, 0x20E4, 0x20E3,
  0x2925, 0x2104, 0x18E4, 0x20E4, 0x20E4, 0x18E4, 0x18A3, 0x10A3, 0x20E4, 0x18C3, 0x18C3, 0x2104,
  0x2925, 0x2125, 0x2104, 0x2104, 0x20E4, 0x18C4, 0x18C3, 0x18C4, 0x18C4, 0x18C3, 0x18E4, 0x2104,
  0x18E4, 0x2105, 0x2125, 0x2125, 0x2925, 0x2125, 0x18E4, 0x18A3, 0x18A3, 0x2925, 0x2125, 0x18C4,
  0x2104, 0x2105, 0x18A3, 0x10A3, 0x18C4, 0x1083, 0x2104, 0x2925, 0x2124, 0x2945, 0x2104, 0x18C3,
  0x18A3, 0x10A2, 0x10A3, 0x18A3, 0x2104, 0x3186, 0x3186, 0x1903, 0x1903, 0x18E2, 0x3A06, 0x73CC,
  0x846E, 0x8C8E, 0x740B, 0x7C4B, 0x8CAD, 0x8CAD, 0x7C4C, 0x6BCB, 0x5B2A, 0x4268, 0x3A27, 0x3A27,
  0x4A69, 0x52AA, 0x5B0B, 0x634D, 0x638D, 0x6BAD, 0x6BCE, 0x6BCE, 0x7410, 0x7C71, 0x8491, 0x6C10,
  0x5B8E, 0x5B6D, 0x5B6E, 0x5B8E, 0x5BAE, 0x5BAF, 0x63F0, 0x6C31, 0x6C10, 0x63AF, 0x5B6E, 0x534D,
  0x4228, 0x39E8, 0x4249, 0x4A6A, 0x4249, 0x4249, 0x424A, 0x4249, 0x3A09, 0x4209, 0x39E8, 0x39A7,
  0x3186, 0x3186, 0x3186, 0x3186, 0x20E3, 0x20C3, 0x20C3, 0x20E3, 0x20E3, 0x18C3, 0x18E3, 0x18E3,
  0x18E3, 0x18C3, 0x10A3, 0x10A3, 0x18C3, 0x18C3, 0x18A3, 0x18E4, 0x2104, 0x18C4, 0x18E4, 0x18E4,
  0x20E4, 0x2105, 0x2104, 0x18E4, 0x18E4, 0x2104, 0x2104, 0x20E4, 0x18C4, 0x18A3, 0x10A3, 0x1082,
  0x10A3, 0x10A3, 0x18A3, 0x18A3, 0x1882, 0x18A2, 0x20E3, 0x2924, 0x28E3, 0x28E3, 0x28E3, 0x28E3,
  0x3103, 0x3123, 0x3944, 0x3944, 0x4984, 0x51C5, 0x59E5, 0x59E5, 0x6206, 0x6A67, 0x7AA7, 0x7AC8,
  0x82C8, 0x8B08, 0x9329, 0x9329, 0x9349, 0x9329, 0x9329, 0x9329, 0x934A, 0x9B6A, 0x9B6A, 0x9B6A,
  0x9B6A, 0x9B6A, 0x9B6A, 0x9B6A, 0x9B6A, 0x9B6A, 0x9B6A, 0x9B6A, 0x9B8A, 0x9B8A, 0x9B8A, 0x9B8A,
  0xA3AA, 0x9B8A, 0xA3AB, 0xA3AB, 0xA38B, 0x9B6A, 0x9B8A, 0xA3AB, 0xA3AB, 0xA3AB, 0xA38B, 0x9B8A,
  0xA3AB, 0xA3AB, 0x9B8A, 0x9B6A, 0x936A, 0x8B08, 0x82E8, 0x82C8, 0x82E8, 0x8AE8, 0x82C8, 0x82E8,
  0x7246, 0x7267, 0x7AC8, 0x6A26, 0x61E5, 0x59A4, 0x61E5, 0x7268, 0x72A8, 0x7288, 0x6247, 0x59E6,
  0x4144, 0x3903, 0x3103, 0x30E3, 0x28E3, 0x20C3, 0x20E3, 0x20E3, 0x20E3, 0x20E3, 0x2104, 0x2104,
  0x20E4, 0x2104, 0x2104, 0x18C3, 0x18E4, 0x2105, 0x20E4, 0x10A3, 0x1082, 0x18C3, 0x18C4, 0x18C3,
  0x18C3, 0x20E4, 0x2125, 0x2125, 0x2125, 0x20E4, 0x18E4, 0x18E4, 0x18E4, 0x18C4, 0x18C4, 0x18E4,
  0x18C3, 0x2104, 0x2104, 0x2104, 0x2925, 0x2945, 0x2125, 0x18E4, 0x10A3, 0x18C3, 0x2125, 0x18E4,
  0x18E4, 0x2945, 0x18E4, 0x1083, 0x18C3, 0x18C3, 0x18C3, 0x2104, 0x2104, 0x2104, 0x2945, 0x2124,
  0x18C3, 0x18A3, 0x10A2, 0x18A3, 0x18C3, 0x2945, 0x31A6, 0x2104, 0x18E3, 0x1903, 0x2143, 0x5B09,
  0x7C4D, 0x844D, 0x7C2C, 0x7C4C, 0x8CAD, 0x8CAE, 0x7C4D, 0x6BAB, 0x52E9, 0x4267, 0x3A07, 0x3A07,
  0x4A69, 0x52CB, 0x5B2C, 0x636D, 0x6BAE, 0x6BCE, 0x73EF, 0x7C30, 0x7C71, 0x7430, 0x6BEF, 0x6BCF,
  0x63AE, 0x5BAE, 0x5BAF, 0x63CF, 0x6C31, 0x7472, 0x7451, 0x63CF, 0x536E, 0x5B8E, 0x5B8E, 0x532D,
  0x5B0B, 0x4228, 0x4228, 0x4A6A, 0x4A4A, 0x4A4A, 0x4249, 0x4229, 0x3A08, 0x39E8, 0x3A08, 0x39C7,
  0x3186, 0x31A6, 0x39A6, 0x2924, 0x18C3, 0x18A2, 0x20E3, 0x2104, 0x20E3, 0x18C3, 0x18C3, 0x18C3,
  0x18E3, 0x18E3, 0x10A3, 0x10A2, 0x18A3, 0x10A3, 0x18C3, 0x2104, 0x18E4, 0x18E4, 0x18A3, 0x18E4,
  0x2104, 0x18C4, 0x18C4, 0x18E4, 0x18E4, 0x18E4, 0x18E4, 0x18E4, 0x18A3, 0x10A3, 0x1083, 0x10A3,
  0x1082, 0x10A2, 0x18A3, 0x18C3, 0x18C3, 0x18C3, 0x20E3, 0x2904, 0x20E3, 0x28E3, 0x28E3, 0x3103,
  0x3103, 0x3923, 0x4164, 0x4985, 0x59E5, 0x6206, 0x6226, 0x6A46, 0x7267, 0x7A87, 0x82C7, 0x82E8,
  0x8B08, 0x9328, 0x9329, 0x9329, 0x9328, 0x9329, 0x9349, 0x9B49, 0x9B4A, 0x9B6A, 0x9B6A, 0x9B8A,
  0x9B8A, 0x9B8A, 0x9B6A, 0x9B6A, 0x9B6A, 0x9B6A, 0x9B6A, 0x9B6A, 0x9B8A, 0x9B8A, 0x9B8A, 0x9B8A,
  0x9B8A, 0x9B8A, 0xA3AB, 0xA3AB, 0xA3CB, 0xA3CB, 0xABCB, 0xABCC, 0xA3AB, 0xA3AB, 0xA3AB, 0xA3AB,
  0xA3AB, 0xA3AB, 0xA3AB, 0xA38B, 0x9B8A, 0x9349, 0x8B29, 0x8AE8, 0x8B08, 0x8B29, 0x8AE8, 0x8AE9,
  0x7AA7, 0x7246, 0x7A67, 0x59C4, 0x61E5, 0x6206, 0x7287, 0x7288, 0x7AE9, 0x7AC8, 0x7288, 0x6227,
  0x51A5, 0x4144, 0x3923, 0x3903, 0x3103, 0x28E3, 0x28C3, 0x20E3, 0x20E3, 0x20E3, 0x20E4, 0x2104,
  0x18E4, 0x20E4, 0x20E4, 0x18C3, 0x18A3, 0x10A3, 0x18C3, 0x2104, 0x18A3, 0x1082, 0x10A3, 0x20E4,
  0x18E4, 0x18A3, 0x18C3, 0x2104, 0x2104, 0x2105, 0x2104, 0x20E4, 0x18E4, 0x18E4, 0x18E4, 0x18C3,
  0x18C3, 0x18E4, 0x18E4, 0x2104, 0x2125, 0x2925, 0x2925, 0x2945, 0x20E4, 0x18C3, 0x18C3, 0x2125,
  0x2104, 0x18E4, 0x2125, 0x2104, 0x1082, 0x2104, 0x10A3, 0x18C3, 0x2945, 0x2124, 0x2124, 0x2965,
  0x2124, 0x18E3, 0x10A2, 0x18C3, 0x10A2, 0x2104, 0x31A6, 0x2945, 0x18E3, 0x1903, 0x1902, 0x3A06,
  0x73AB, 0x7C0C, 0x844D, 0x844D, 0x848D, 0x848D, 0x7C4D, 0x638A, 0x52C9, 0x4247, 0x3A07, 0x3A28,
  0x4AAA, 0x5B0C, 0x636D, 0x638E, 0x6BCE, 0x6BEF, 0x6BEF, 0x740F, 0x63AE, 0x63CF, 0x6BEF, 0x6C0F,
  0x6BEF, 0x6BEF, 0x6C31, 0x7C92, 0x7451, 0x63F0, 0x5B8E, 0x536E, 0x4B2D, 0x42EC, 0x42CC, 0x42CC,
  0x738E, 0x4A69, 0x4228, 0x4249, 0x4A6A, 0x4A6A, 0x4249, 0x4229, 0x4209, 0x39E8, 0x39E8, 0x31A6,
  0x3165, 0x3186, 0x3185, 0x20E3, 0x18A2, 0x20C3, 0x20E3, 0x2104, 0x20E3, 0x18C2, 0x18C2, 0x18C3,
  0x18E3, 0x18E3, 0x18C3, 0x10A3, 0x10A3, 0x10A3, 0x18C3, 0x2104, 0x18C3, 0x18E4, 0x10A3, 0x18E4,
  0x2104, 0x10A3, 0x18C3, 0x18E4, 0x18E4, 0x18C4, 0x18C3, 0x18A3, 0x18A3, 0x10A3, 0x10A3, 0x1083,
  0x10A2, 0x1082, 0x10A2, 0x18C3, 0x20E3, 0x20E4, 0x20E3, 0x20E3, 0x2903, 0x2903, 0x3123, 0x3923,
  0x3943, 0x4964, 0x51C5, 0x5A06, 0x6205, 0x6A46, 0x7247, 0x7287, 0x7AA7, 0x82C8, 0x82E8, 0x8B08,
  0x9308, 0x9329, 0x9329, 0x9328, 0x9328, 0x9329, 0x9B49, 0x9B49, 0x9B4A, 0x9B6A, 0x9B8A, 0xA38B,
  0xA38B, 0x9B8A, 0x9B8A, 0x9B8A, 0x9B8A, 0x9B8A, 0x9B8A, 0x9B8A, 0x9B8A, 0x9B8A, 0x9B8A, 0x9B8A,
  0x9B8A, 0xA38A, 0xA3AB, 0xA3AB, 0xA3AB, 0xABCB, 0xABCC, 0xA3AB, 0xA3AB, 0xA3AB, 0xABCB, 0xABCB,
  0xA3CB, 0xA3CB, 0xA3AB, 0xA3AB, 0x9BAB, 0x9B8A, 0x8B29, 0x8B08, 0x82E8, 0x82E8, 0x8B09, 0x82E8,
  0x7AA7, 0x7246, 0x6A25, 0x61E5, 0x7A87, 0x7267, 0x7A88, 0x7A88, 0x8309, 0x8309, 0x7AC9, 0x6A67,
  0x6206, 0x5184, 0x4144, 0x4144, 0x4164, 0x3103, 0x28E2, 0x28E3, 0x20E3, 0x20E3, 0x20E4, 0x20E4,
  0x20E4, 0x18E4, 0x18E4, 0x18E3, 0x10A3, 0x1062, 0x1082, 0x18C3, 0x18E4, 0x18C3, 0x18A3, 0x18A3,
  0x18C3, 0x20E4, 0x18C3, 0x1082, 0x18C3, 0x2104, 0x2125, 0x2104, 0x18E4, 0x18E4, 0x18E4, 0x18E4,
  0x18E4, 0x18E4, 0x18E4, 0x18E4, 0x2104, 0x2105, 0x2125, 0x2946, 0x2104, 0x18E4, 0x18E4, 0x2104,
  0x2104, 0x18E4, 0x20E4, 0x2125, 0x18E4, 0x18C3, 0x18C3, 0x18C3, 0x2104, 0x2945, 0x2124, 0x2124,
  0x2945, 0x2104, 0x18C3, 0x10A2, 0x10A2, 0x18E3, 0x2965, 0x2965, 0x2103, 0x18E3, 0x2123, 0x2143,
  0x52C8, 0x73CC, 0x844D, 0x8C8E, 0x846D, 0x846D, 0x7C0C, 0x636A, 0x4AA8, 0x4248, 0x4248, 0x4289,
  0x530B, 0x636D, 0x6BAE, 0x6BCF, 0x73EF, 0x6BEF, 0x63AE, 0x63AE, 0x638E, 0x63AE, 0x6BEF, 0x6C10,
  0x7451, 0x7C92, 0x7472, 0x6C10, 0x5B8E, 0x536E, 0x534D, 0x4B2D, 0x42EC, 0x3AAB, 0x3A8B, 0x3AAB,
  0x6B4D, 0x4A69, 0x4A49, 0x4A69, 0x4A6A, 0x4A8A, 0x4249, 0x4249, 0x4229, 0x39E8, 0x31A6, 0x2966,
  0x3166, 0x3185, 0x2924, 0x18C2, 0x18C3, 0x20E3, 0x2104, 0x20E3, 0x18E3, 0x18C2, 0x18C3, 0x18C3,
  0x18E3, 0x18C3, 0x18C3, 0x18C3, 0x10A3, 0x18C3, 0x18E3, 0x18E3, 0x18C3, 0x18C3, 0x18C3, 0x18C3,
  0x18C3, 0x10A3, 0x18A3, 0x18C4, 0x18C3, 0x10A3, 0x10A3, 0x10A3, 0x10A3, 0x1082, 0x1082, 0x1082,
  0x18A2, 0x1882, 0x18A2, 0x18A2, 0x20C3, 0x20E3, 0x2903, 0x2903, 0x2903, 0x3123, 0x3944, 0x4144,
  0x4964, 0x51A5, 0x59E5, 0x6226, 0x6A26, 0x7246, 0x7267, 0x7AA7, 0x82C8, 0x8AE8, 0x8AE8, 0x9308,
  0x9329, 0x9329, 0x9329, 0x9329, 0x9329, 0x9B49, 0x9B69, 0x9B69, 0x9B6A, 0x9B6A, 0xA38A, 0xA38A,
  0xA38A, 0xA38A, 0xA38A, 0xA38A, 0xA38A, 0xA38A, 0xA38A, 0xA38A, 0xA3AA, 0xA3AA, 0xA3AB, 0xA3AB,
  0xA3AB, 0xA3AB, 0xA3AB, 0xA3AB, 0xA3AB, 0xABCB, 0xA3CB, 0xA3AB, 0xA3AB, 0xABCB, 0xABCC, 0xABEC,
  0xABCC, 0xA3CB, 0xA3AB, 0xA3CB, 0xA3AB, 0x9BAB, 0x9349, 0x8B29, 0x8B08, 0x8AE8, 0x8B29, 0x82C8,
  0x7AA7, 0x7226, 0x6A05, 0x7246, 0x8B29, 0x7A87, 0x7AA8, 0x82C9, 0x8309, 0x8B2A, 0x8309, 0x7AC8,
  0x7267, 0x61E5, 0x5184, 0x51A5, 0x4964, 0x4143, 0x3923, 0x3103, 0x28C3, 0x20C3, 0x28E3, 0x2904,
  0x18C3, 0x18C3, 0x18C3, 0x18C3, 0x18C3, 0x18C3, 0x18A3, 0x10A3, 0x18C3, 0x10A3, 0x10A3, 0x18C3,
  0x18C3, 0x18A3, 0x18C3, 0x20E4, 0x18C3, 0x18E4, 0x20E4, 0x2104, 0x20E4, 0x20E4, 0x20E4, 0x20E4,
  0x18E4, 0x18E4, 0x18C4, 0x18C3, 0x18E4, 0x2104, 0x2104, 0x2125, 0x2945, 0x18C4, 0x18C4, 0x18E4,
  0x2105, 0x2105, 0x10A3, 0x18E4, 0x2125, 0x10A3, 0x18E4, 0x18E4, 0x10A2, 0x2104, 0x2124, 0x18E3,
  0x2124, 0x2124, 0x18E3, 0x18C3, 0x10A2, 0x18C3, 0x2124, 0x2965, 0x2124, 0x18E3, 0x2124, 0x2102,
  0x39C5, 0x634A, 0x7C0D, 0x8C8F, 0x846D, 0x7C2D, 0x740C, 0x636B, 0x52E9, 0x4ACA, 0x4ACA, 0x530C,
  0x638D, 0x6BCF, 0x6BEF, 0x6BEF, 0x6BEF, 0x6BEF, 0x63AE, 0x63AE, 0x63CF, 0x6BF0, 0x7431, 0x7C92,
  0x7C92, 0x6C30, 0x5BCF, 0x538E, 0x5B8E, 0x536D, 0x4B2C, 0x42EB, 0x3AAB, 0x3AAB, 0x3AAB, 0x3AAB,
  0x4A69, 0x4228, 0x4A69, 0x4A69, 0x4249, 0x4249, 0x4229, 0x4A6A, 0x4229, 0x39E8, 0x2965, 0x2945,
  0x3186, 0x3165, 0x20E3, 0x18A2, 0x20C3, 0x2904, 0x2104, 0x18C3, 0x18C3, 0x18C3, 0x18C3, 0x2104,
  0x18C3, 0x10A2, 0x18C3, 0x18C3, 0x18C3, 0x18E4, 0x18E4, 0x18C3, 0x18C4, 0x10A3, 0x18E4, 0x18C3,
  0x1083, 0x18C3, 0x18A3, 0x18C3, 0x10A3, 0x10A3, 0x10A3, 0x10A3, 0x1082, 0x1062, 0x1082, 0x18A3,
  0x1081, 0x1882, 0x18C2, 0x20C3, 0x20E3, 0x20E3, 0x2904, 0x3124, 0x3103, 0x3944, 0x4164, 0x49A4,
  0x51C5, 0x61E5, 0x6A26, 0x6A46, 0x7A86, 0x7A87, 0x7AA7, 0x82C8, 0x8B08, 0x8AE8, 0x8AE8, 0x9329,
  0x9329, 0x9B49, 0x9B49, 0x9B49, 0x9B69, 0x9B6A, 0x9B8A, 0x9B6A, 0xA38A, 0xA38A, 0xA38A, 0xA38A,
  0x9B8A, 0x9B8A, 0xA38A, 0xA38A, 0xA38A, 0xA3AB, 0xA3AB, 0xA3AB, 0xA3AB, 0xA3CB, 0xA3CB, 0xA3CB,
  0xABCB, 0xABCB, 0xABCB, 0xABCB, 0xABEC, 0xABEC, 0xABEC, 0xABEC, 0xABCB, 0xABCB, 0xABCC, 0xABEC,
  0xABCC, 0xA3AB, 0xA3AB, 0xABCB, 0xA3EC, 0x9B8B, 0x9BAB, 0x9B8A, 0x934A, 0x934A, 0x8B09, 0x8B08,
  0x82E8, 0x7A66, 0x6A05, 0x7226, 0x8B09, 0x82C8, 0x8B09, 0x8B09, 0x8309, 0x936A, 0x8B4A, 0x8309,
  0x7AA8, 0x6A06, 0x59A4, 0x61E5, 0x59C5, 0x4964, 0x3923, 0x3103, 0x3103, 0x28E3, 0x20C3, 0x20A3,
  0x2104, 0x18E4, 0x18E3, 0x20E4, 0x18E4, 0x18C3, 0x18A3, 0x18C3, 0x18A3, 0x18C3, 0x10A3, 0x10A3,
  0x10A3, 0x18C3, 0x18C3, 0x18A3, 0x18E4, 0x18A3, 0x10A3, 0x18E4, 0x2104, 0x2104, 0x18E4, 0x18E4,
  0x18C4, 0x18E4, 0x18C4, 0x18C3, 0x18E4, 0x20E4, 0x20E4, 0x20E4, 0x2125, 0x2945, 0x2104, 0x18C4,
  0x18C3, 0x18C4, 0x2104, 0x18E4, 0x18C3, 0x2104, 0x18C4, 0x18C3, 0x18C3, 0x18C3, 0x2104, 0x20E3,
  0x18E3, 0x2125, 0x2124, 0x18E3, 0x18C3, 0x18C3, 0x18E3, 0x2124, 0x2945, 0x2104, 0x1903, 0x2103,
  0x2123, 0x52A8, 0x7BED, 0x8C6F, 0x846E, 0x7C2D, 0x740D, 0x6B8C, 0x5B4B, 0x5B2C, 0x5B2C, 0x638E,
  0x6BCF, 0x7430, 0x7410, 0x6BCF, 0x63CF, 0x63CF, 0x6BEF, 0x6C10, 0x7451, 0x7C92, 0x7C92, 0x7430,
  0x63CF, 0x5B8E, 0x536D, 0x4B4D, 0x4B2C, 0x4B2C, 0x4B4D, 0x4B2C, 0x42EC, 0x42CB, 0x42CB, 0x42CB,
  0x4207, 0x4208, 0x4228, 0x4A49, 0x4A49, 0x4A49, 0x4249, 0x4A6A, 0x4208, 0x39E8, 0x2945, 0x3186,
  0x39A6, 0x2924, 0x20E3, 0x18A2, 0x20E3, 0x20E3, 0x20E3, 0x18C3, 0x18C3, 0x18C3, 0x18E3, 0x18C3,
  0x10A2, 0x18C3, 0x1082, 0x18E3, 0x2124, 0x18E3, 0x18C3, 0x18C3, 0x1082, 0x18C4, 0x18C4, 0x10A3,
  0x18C3, 0x18E4, 0x18C3, 0x1083, 0x10A2, 0x1082, 0x1062, 0x1082, 0x1082, 0x1082, 0x1082, 0x1082,
  0x1881, 0x18A2, 0x20E3, 0x20E3, 0x20C3, 0x28E3, 0x3103, 0x3103, 0x3123, 0x4985, 0x51C5, 0x51C5,
  0x59E5, 0x6A26, 0x7266, 0x7267, 0x7A86, 0x7AA7, 0x82C8, 0x8B08, 0x9329, 0x8B09, 0x9328, 0x9349,
  0x9B6A, 0x9B6A, 0x9B69, 0x9B69, 0x9B69, 0x9B69, 0x9B8A, 0x9B8A, 0xA38A, 0xA38B, 0xA3AB, 0xA3AB,
  0xA3AB, 0xA38A, 0xA38A, 0xA3AB, 0xA3AB, 0xA3AB, 0xA3AB, 0xA3AB, 0xA3AB, 0xA3CB, 0xABCB, 0xABEB,
  0xABEC, 0xABEC, 0xABCB, 0xABEC, 0xABEC, 0xABEC, 0xAC0C, 0xAC0C, 0xABEC, 0xABEC, 0xABEC, 0xABEC,
  0xABEC, 0xABEC, 0xABEC, 0xABEC, 0xAC0C, 0xABEC, 0xA3AB, 0xA3CB, 0xA3AB, 0x936A, 0x9329, 0x8B08,
  0x82E8, 0x82E8, 0x7A87, 0x7225, 0x8B09, 0x8AE8, 0x9329, 0x934A, 0x8B29, 0x934A, 0x936B, 0x8B2A,
  0x8AE9, 0x7A88, 0x61E5, 0x6205, 0x61E5, 0x59E5, 0x51A5, 0x4164, 0x3923, 0x3103, 0x3104, 0x28E3,
  0x20E3, 0x20E4, 0x2104, 0x2104, 0x2104, 0x2104, 0x18E4, 0x18C3, 0x18C3, 0x18C3, 0x10A3, 0x1083,
  0x1083, 0x10A3, 0x10A3, 0x1083, 0x10A3, 0x18C3, 0x18C3, 0x18C3, 0x18C3, 0x18E4, 0x18E4, 0x18C4,
  0x18C3, 0x18C4, 0x18E4, 0x18E4, 0x18C4, 0x18C3, 0x18C4, 0x2104, 0x18E4, 0x20E4, 0x2105, 0x2104,
  0x18C3, 0x18C3, 0x18E4, 0x18E4, 0x18C3, 0x18E4, 0x18C3, 0x18A3, 0x18A3, 0x18E3, 0x20E4, 0x20E3,
  0x18C3, 0x18E3, 0x2104, 0x2104, 0x18E3, 0x18C3, 0x18E3, 0x2104, 0x2125, 0x2124, 0x18E3, 0x2103,
  0x2103, 0x39C6, 0x73AC, 0x8C6F, 0x846F, 0x740D, 0x740E, 0x6BCD, 0x636C, 0x636D, 0x6BAE, 0x6BCF,
  0x7410, 0x6BEF, 0x6BEF, 0x6BF0, 0x6BEF, 0x6BEF, 0x6C30, 0x7C72, 0x7C92, 0x7C72, 0x6C10, 0x5BAE,
  0x536E, 0x536D, 0x4B4D, 0x4B0C, 0x430C, 0x42EB, 0x4B4D, 0x534D, 0x4B2C, 0x42CB, 0x42EC, 0x42EB,
  0x4228, 0x4208, 0x4228, 0x4A49, 0x4A6A, 0x4A8A, 0x4A49, 0x4249, 0x39E8, 0x3186, 0x2945, 0x39A7,
  0x2945, 0x2924, 0x18A2, 0x20E3, 0x2104, 0x20E3, 0x20E3, 0x20E3, 0x18C3, 0x18E3, 0x18E3, 0x18C3,
  0x18C3, 0x18C3, 0x18C3, 0x18C3, 0x18E4, 0x18C3, 0x18C3, 0x10A3, 0x10A3, 0x18C3, 0x18C3, 0x10A3,
  0x18C3, 0x18C3, 0x10A3, 0x1082, 0x1082, 0x1082, 0x1082, 0x10A2, 0x1082, 0x1062, 0x1062, 0x1882,
  0x18A1, 0x20C2, 0x20C2, 0x20A2, 0x2903, 0x3103, 0x3103, 0x3944, 0x4184, 0x51A5, 0x51C5, 0x59E5,
  0x6A26, 0x7287, 0x7A87, 0x7AA7, 0x7AA7, 0x82C8, 0x8AE8, 0x8B09, 0x9329, 0x9329, 0x9329, 0x9B49,
  0x9B6A, 0x9B6A, 0x9B69, 0x9B6A, 0x9B6A, 0x9B6A, 0x9B8A, 0x9B8A, 0xA38A, 0xA38B, 0xA3AB, 0xA3AB,
  0xA3AB, 0xA3AB, 0xA3AB, 0xA3AB, 0xA3AB, 0xA3AB, 0xA3AB, 0xA3AB, 0xA3CB, 0xABCB, 0xABCB, 0xABEB,
  0xABEC, 0xABEC, 0xABEC, 0xABEC, 0xABEC, 0xAC0C, 0xABEC, 0xABEC, 0xABEC, 0xAC0C, 0xAC0C, 0xAC0C,
  0xABEC, 0xABEC, 0xABEC, 0xABEC, 0xAC0C, 0xABEC, 0xA3CB, 0xABEC, 0xA3EC, 0x9B8B, 0x936A, 0x9349,
  0x8B09, 0x8B09, 0x82C8, 0x7246, 0x7AA7, 0x82C8, 0x934A, 0x934A, 0x8B29, 0x934A, 0x9B8B, 0x934A,
  0x932A, 0x82C8, 0x7226, 0x7A88, 0x7267, 0x6A26, 0x59C5, 0x51A5, 0x4164, 0x3923, 0x30E3, 0x30E3,
  0x20E3, 0x20E3, 0x20C3, 0x20E3, 0x2104, 0x2104, 0x20E4, 0x18C4, 0x18C3, 0x18C3, 0x10A3, 0x10A3,
  0x1083, 0x10A3, 0x10A3, 0x10A3, 0x1082, 0x10A3, 0x18A3, 0x18C3, 0x18C3, 0x18A3, 0x18C3, 0x18E4,
  0x18C3, 0x18C3, 0x18C3, 0x18C3, 0x18C3, 0x18C3, 0x18E4, 0x2104, 0x20E4, 0x18C4, 0x18E4, 0x18E4,
  0x18C3, 0x18A3, 0x18C4, 0x18E4, 0x18E4, 0x18E4, 0x18C3, 0x18A3, 0x18C3, 0x18E3, 0x20E3, 0x18E3,
  0x18C3, 0x18C3, 0x18E3, 0x2104, 0x18E3, 0x18C3, 0x18C3, 0x18E3, 0x2104, 0x2124, 0x2104, 0x2104,
  0x2103, 0x3185, 0x630A, 0x7BEE, 0x7C4E, 0x6BAC, 0x638C, 0x636C, 0x6BAD, 0x73EF, 0x6BCF, 0x73EF,
  0x6BEF, 0x6BEF, 0x63AF, 0x63AE, 0x6BEF, 0x7C71, 0x7C92, 0x7C72, 0x6C10, 0x63CF, 0x5B8E, 0x5B8E,
  0x536E, 0x534D, 0x430C, 0x42EB, 0x42EB, 0x42EB, 0x4B4D, 0x536D, 0x536D, 0x4B0C, 0x4B2C, 0x430C,
  0x5ACA, 0x4A48, 0x4A49, 0x4A49, 0x4A69, 0x4A6A, 0x4A6A, 0x4A49, 0x39E8, 0x2945, 0x31A6, 0x39C7,
  0x2944, 0x2924, 0x18A2, 0x20E3, 0x2104, 0x20E3, 0x18C3, 0x20E3, 0x20E4, 0x20E4, 0x18C3, 0x10A2,
  0x18C3, 0x18C3, 0x18E3, 0x18C3, 0x18C3, 0x18C3, 0x10A2, 0x1082, 0x18C3, 0x18A3, 0x10A3, 0x10A3,
  0x18C3, 0x10A3, 0x1082, 0x0882, 0x0861, 0x1082, 0x1082, 0x10A2, 0x1082, 0x1061, 0x1061, 0x18A2,
  0x20A2, 0x28E2, 0x20C2, 0x20A2, 0x3103, 0x3924, 0x3943, 0x4984, 0x49A4, 0x51C5, 0x59E5, 0x6A26,
  0x7287, 0x7AA7, 0x82A7, 0x82C8, 0x82C8, 0x8B09, 0x9329, 0x9329, 0x9349, 0x9349, 0x9349, 0x9B6A,
  0x9B6A, 0x9B6A, 0x9B6A, 0x9B8A, 0x9B8A, 0x9B8A, 0x9B8A, 0xA38A, 0xA38A, 0xA38B, 0xA3AB, 0xA3AB,
  0xA3AB, 0xA3AB, 0xA3AB, 0xA3AB, 0xA3CB, 0xABCB, 0xABCB, 0xABCB, 0xABCB, 0xABCB, 0xABEB, 0xABEC,
  0xABEB, 0xABEB, 0xABEC, 0xAC0C, 0xAC0C, 0xAC0C, 0xAC0C, 0xAC0C, 0xB40C, 0xB42C, 0xB42D, 0xB42C,
  0xB40C, 0xAC0C, 0xABEC, 0xABEC, 0xAC0C, 0xABEC, 0xA3CB, 0xABEC, 0xA3EC, 0x9BAB, 0x9B8B, 0x9B6A,
  0x934A, 0x934A, 0x8B29, 0x7A87, 0x7246, 0x7A87, 0x934A, 0x9329, 0x8B29, 0x934A, 0x9B8B, 0x9B8B,
  0x9B6B, 0x8B09, 0x7A87, 0x82C9, 0x82E9, 0x7AA8, 0x6A46, 0x59E5, 0x51C5, 0x4984, 0x3923, 0x30E3,
  0x2904, 0x28E3, 0x20C3, 0x20C3, 0x20E3, 0x20E4, 0x20E4, 0x18E4, 0x18C3, 0x18A3, 0x10A3, 0x1083,
  0x10A3, 0x10A3, 0x10A3, 0x10A3, 0x1062, 0x1082, 0x10A3, 0x18A3, 0x10A3, 0x10A3, 0x10A3, 0x18E4,
  0x18C4, 0x18C3, 0x18A3, 0x10A3, 0x18C3, 0x18C4, 0x18C4, 0x18C3, 0x18E4, 0x18C4, 0x18C4, 0x18C3,
  0x18C3, 0x18C3, 0x18C3, 0x18C3, 0x18E4, 0x18E4, 0x18E4, 0x18C3, 0x18C3, 0x18C3, 0x18C3, 0x18E3,
  0x18E4, 0x18C3, 0x18C3, 0x18E3, 0x18E3, 0x18C2, 0x18C3, 0x18E3, 0x18E4, 0x2124, 0x2104, 0x2103,
  0x2103, 0x2124, 0x4A48, 0x6B6C, 0x6BAC, 0x6B8D, 0x6BAD, 0x6BAE, 0x73EF, 0x73EF, 0x6BCF, 0x7410,
  0x63AF, 0x63AE, 0x63AE, 0x6BF0, 0x7C72, 0x7C92, 0x7451, 0x63CF, 0x63AF, 0x5BAF, 0x5B8E, 0x536D,
  0x4B0C, 0x3AAB, 0x3AAA, 0x3ACB, 0x3A8A, 0x3ACA, 0x4B2C, 0x4B2C, 0x4B2C, 0x4B2C, 0x4B2C, 0x42EB,
  0x632C, 0x4A69, 0x4A49, 0x4A49, 0x4A49, 0x4A49, 0x4229, 0x4208, 0x39A7, 0x2125, 0x39C7, 0x3186,
  0x3165, 0x20E3, 0x20E3, 0x20E3, 0x2104, 0x18C3, 0x18C3, 0x20E3, 0x20E4, 0x20E3, 0x18C3, 0x10A2,
  0x10A2, 0x10A2, 0x18E3, 0x18C3, 0x10A2, 0x18C3, 0x10A2, 0x10A2, 0x18C3, 0x10A3, 0x1083, 0x10A3,
  0x10A3, 0x1082, 0x0861, 0x0862, 0x1082, 0x1082, 0x1082, 0x1082, 0x1061, 0x1061, 0x1882, 0x20C3,
  0x20C2, 0x20C2, 0x28C2, 0x3103, 0x3123, 0x4164, 0x49A4, 0x51A5, 0x51A4, 0x59E5, 0x6A26, 0x7267,
  0x7AA7, 0x82A7, 0x82C8, 0x8AE8, 0x8B08, 0x9349, 0x9B6A, 0x9349, 0x9349, 0x934A, 0x9B6A, 0x9B6A,
  0x9B6A, 0x9B6A, 0x9B8A, 0x9B8A, 0x9B8A, 0xA38A, 0xA3AA, 0xA3AA, 0xA38B, 0xA3AB, 0xA3AB, 0xABAB,
  0xA3AB, 0xA3CB, 0xABCB, 0xABCB, 0xABCB, 0xABCB, 0xABEB, 0xABEB, 0xABEB, 0xABEC, 0xABEC, 0xABEC,
  0xABEC, 0xABEC, 0xABEC, 0xAC0C, 0xAC0C, 0xB40C, 0xB42C, 0xB42C, 0xB42D, 0xB42D, 0xB42D, 0xB44D,
  0xB42D, 0xB40C, 0xAC0C, 0xABEC, 0xAC0C, 0xAC0C, 0xA3CB, 0xABEC, 0xA3EC, 0xA3CB, 0xA3CB, 0xA3AB,
  0x9B8B, 0x9B8B, 0x9B8B, 0x82E8, 0x7246, 0x7246, 0x9329, 0x934A, 0x9329, 0x9329, 0x9B8B, 0xA3AB,
  0xA38B, 0x932A, 0x82A8, 0x82C8, 0x8B2A, 0x8309, 0x7AA8, 0x6A46, 0x6206, 0x59E6, 0x51A5, 0x4143,
  0x3123, 0x3103, 0x28E3, 0x28C3, 0x20C3, 0x20C3, 0x20E3, 0x20E4, 0x18C3, 0x18C3, 0x10A3, 0x1083,
  0x1083, 0x1083, 0x10A3, 0x1083, 0x1083, 0x1082, 0x1082, 0x1082, 0x10A3, 0x1083, 0x10A3, 0x10A3,
  0x18C3, 0x18C3, 0x18C3, 0x18C3, 0x18C3, 0x18E4, 0x18C3, 0x1083, 0x10A3, 0x18C3, 0x18E4, 0x18C3,
  0x18C3, 0x18E4, 0x18E4, 0x18A3, 0x18A3, 0x18C4, 0x18E4, 0x18E4, 0x18C3, 0x10A3, 0x18C3, 0x18E3,
  0x2104, 0x18E3, 0x18E3, 0x18E3, 0x18E3, 0x18E3, 0x18E3, 0x18E3, 0x18C3, 0x2104, 0x18E3, 0x18E3,
  0x2103, 0x2103, 0x39C6, 0x632B, 0x636C, 0x6BAD, 0x73EE, 0x73EF, 0x73EF, 0x6BCF, 0x638E, 0x5B8E,
  0x638E, 0x6C10, 0x7C71, 0x7C92, 0x7430, 0x63CF, 0x5B6E, 0x536D, 0x5BAF, 0x5B8E, 0x536D, 0x4B0C,
  0x42EB, 0x42CB, 0x3AAA, 0x3A8A, 0x3AAA, 0x3ACB, 0x4B2C, 0x536D, 0x5BAE, 0x536D, 0x534D, 0x4B4D,
  0x6B6D, 0x4A69, 0x4228, 0x4A49, 0x4A49, 0x4A49, 0x4A6A, 0x4229, 0x3186, 0x31A7, 0x4208, 0x3186,
  0x3165, 0x18C2, 0x2903, 0x2903, 0x20E3, 0x18A2, 0x18E3, 0x2103, 0x18E3, 0x18C3, 0x10A2, 0x10A2,
  0x18C3, 0x18C3, 0x18E3, 0x18C3, 0x10A2, 0x10A2, 0x1081, 0x18C2, 0x1082, 0x1082, 0x10A2, 0x10A3,
  0x10A2, 0x0861, 0x0861, 0x0861, 0x1081, 0x1081, 0x1061, 0x1061, 0x1061, 0x18A2, 0x18A2, 0x18A2,
  0x20A2, 0x28C2, 0x3103, 0x3923, 0x3923, 0x4163, 0x51A4, 0x59C4, 0x61E5, 0x6A46, 0x7AA7, 0x82A7,
  0x82E8, 0x8AE8, 0x8B08, 0x8B09, 0x9329, 0x9B6A, 0x9B6A, 0x9349, 0x9349, 0x9B6A, 0x9B6A, 0x9B8A,
  0x9B8A, 0x9B8A, 0x9B8A, 0xA38A, 0xA3AA, 0xA3AA, 0xA3AA, 0xA3AA, 0xA3AA, 0xA3AB, 0xA3CB, 0xA3CB,
  0xABCB, 0xABCB, 0xABCB, 0xABCB, 0xABCB, 0xABEB, 0xABEC, 0xABEC, 0xABEC, 0xABEC, 0xAC0B, 0xAC0C,
  0xAC0C, 0xAC0C, 0xAC0C, 0xAC0C, 0xAC2C, 0xB42C, 0xB44D, 0xB44D, 0xB44D, 0xB44D, 0xB44D, 0xB44D,
  0xB44D, 0xB42D, 0xB42C, 0xB40C, 0xAC0C, 0xAC0C, 0xABEC, 0xAC0C, 0xAC2D, 0xABEC, 0xA3EC, 0xA3EC,
  0xA3EC, 0xA3CC, 0xA3CB, 0x936A, 0x82C8, 0x7266, 0x8AE8, 0x9B6A, 0x9369, 0x8B09, 0x934A, 0x9BAB,
  0x9BAB, 0x9B6B, 0x8B09, 0x82C8, 0x936A, 0x8B2A, 0x8309, 0x7AC8, 0x7287, 0x6226, 0x59C5, 0x51A4,
  0x3944, 0x3923, 0x3123, 0x30E3, 0x28C2, 0x20A2, 0x20C3, 0x20E4, 0x20E4, 0x18C4, 0x18C3, 0x10A3,
  0x1083, 0x1082, 0x1082, 0x1082, 0x1083, 0x1082, 0x1082, 0x0862, 0x1062, 0x1082, 0x1083, 0x1082,
  0x1083, 0x10A3, 0x18C3, 0x18C3, 0x18E4, 0x18E4, 0x18C3, 0x10A3, 0x1082, 0x10A3, 0x18C3, 0x18C3,
  0x18E4, 0x18E4, 0x18E4, 0x20E4, 0x18A3, 0x18C3, 0x18E4, 0x18E4, 0x18C3, 0x18C3, 0x18C3, 0x18E3,
  0x20E4, 0x18E4, 0x18E3, 0x18E3, 0x18E3, 0x2103, 0x2104, 0x18E3, 0x18C3, 0x18E4, 0x18E4, 0x18E3,
  0x2103, 0x18E3, 0x2965, 0x52A9, 0x636C, 0x73CE, 0x740F, 0x6BCF, 0x638E, 0x638E, 0x63AF, 0x5B8E,
  0x6BF0, 0x7C71, 0x7C92, 0x6C10, 0x5B6D, 0x534D, 0x532D, 0x532D, 0x4B0C, 0x4B2D, 0x4B2C, 0x4B2C,
  0x4B0C, 0x42CB, 0x3A8A, 0x3269, 0x42CB, 0x4B4C, 0x536D, 0x536D, 0x5B8E, 0x63EF, 0x63CF, 0x5BAE,
  0x5ACB, 0x4A49, 0x528A, 0x5AEB, 0x630C, 0x632C, 0x73CF, 0x6B4D, 0x41E8, 0x5AAB, 0x528A, 0x4208,
  0x2945, 0x20E3, 0x20E3, 0x2903, 0x18C3, 0x18A2, 0x20E3, 0x20E3, 0x18C3, 0x18A3, 0x1082, 0x18C3,
  0x18E4, 0x18E3, 0x18C3, 0x10A2, 0x10A2, 0x1082, 0x1081, 0x18C3, 0x1082, 0x1082, 0x1082, 0x10A2,
  0x1082, 0x0841, 0x0861, 0x0861, 0x0861, 0x1061, 0x1061, 0x1061, 0x1081, 0x18C2, 0x18A2, 0x18A2,
  0x28C2, 0x3103, 0x3923, 0x3943, 0x4964, 0x4984, 0x51A4, 0x61E5, 0x7266, 0x7AA7, 0x82C8, 0x82E8,
  0x8AE8, 0x9329, 0x9329, 0x9349, 0x9349, 0x9B6A, 0x9B6A, 0x9349, 0x9B49, 0x9B6A, 0x9B8A, 0x9B8A,
  0xA3AA, 0xA3AA, 0xA3AA, 0xA38A, 0xA3AA, 0xA3AA, 0xA3AA, 0xA3AA, 0xABAB, 0xABCB, 0xABCB, 0xABCB,
  0xABCB, 0xABCB, 0xABEB, 0xABEB, 0xABEB, 0xABEC, 0xB40C, 0xB40C, 0xB40C, 0xABEC, 0xABEB, 0xABEB,
  0xAC0C, 0xAC0C, 0xB40C, 0xB42C, 0xB42C, 0xB44D, 0xB44D, 0xB46D, 0xB44D, 0xB44D, 0xB44D, 0xB46D,
  0xB46D, 0xB44D, 0xB44D, 0xB42D, 0xB40C, 0xB42D, 0xAC0C, 0xB42C, 0xB42D, 0xAC0C, 0xA3CC, 0xA3AB,
  0xA3EC, 0xA3EC, 0xA3CC, 0x9BAB, 0x934A, 0x7A87, 0x7AA7, 0x934A, 0x9B8A, 0x934A, 0x936A, 0x9B8B,
  0x9B8B, 0x9B8B, 0x934A, 0x82C8, 0x934A, 0x9B8B, 0x936A, 0x8B09, 0x7AA8, 0x7287, 0x6206, 0x59A4,
  0x4985, 0x4964, 0x4164, 0x3944, 0x3103, 0x20A2, 0x18A2, 0x20A2, 0x20E3, 0x20C3, 0x18C3, 0x18C3,
  0x18C3, 0x10A3, 0x1082, 0x1082, 0x1062, 0x1082, 0x1082, 0x0862, 0x0842, 0x1062, 0x1082, 0x1083,
  0x0862, 0x1082, 0x10A3, 0x18A3, 0x18C3, 0x18C4, 0x18E4, 0x18E4, 0x18A3, 0x10A3, 0x10A3, 0x18C3,
  0x18C3, 0x10A3, 0x18A3, 0x20E4, 0x18C4, 0x18C3, 0x18C3, 0x18E4, 0x20E4, 0x2104, 0x18E3, 0x18C3,
  0x18C3, 0x18E3, 0x18E3, 0x18C3, 0x18C2, 0x18E3, 0x2104, 0x18E3, 0x10A3, 0x18C3, 0x18E4, 0x18E4,
  0x2104, 0x18E3, 0x2103, 0x39E7, 0x5B2C, 0x6BAE, 0x73EF, 0x638E, 0x5B4D, 0x63AF, 0x7431, 0x7431,
  0x6C10, 0x6BEF, 0x5BAE, 0x534D, 0x532C, 0x532C, 0x4B0C, 0x42CB, 0x42EC, 0x42CB, 0x3AAA, 0x3AAA,
  0x3A8A, 0x3269, 0x3AAA, 0x4B0B, 0x4B0B, 0x4B4C, 0x4B0B, 0x4B2C, 0x63CF, 0x7491, 0x63CF, 0x42EB,
  0x8430, 0x8C50, 0x94B2, 0x9CF3, 0x9CF3, 0x9492, 0x9CF4, 0x73AF, 0x4229, 0x5AEC, 0x528A, 0x4208,
  0x2924, 0x20E3, 0x20E3, 0x2903, 0x18C2, 0x18A2, 0x2103, 0x18E3, 0x10A2, 0x10A2, 0x1082, 0x18C3,
  0x18C3, 0x18E3, 0x18C3, 0x10A2, 0x1082, 0x1082, 0x18A2, 0x10A2, 0x1082, 0x1082, 0x1082, 0x1082,
  0x0861, 0x0861, 0x0861, 0x0861, 0x0861, 0x0861, 0x1061, 0x1081, 0x1882, 0x18A2, 0x18A2, 0x20C2,
  0x3103, 0x3924, 0x3944, 0x4164, 0x51A5, 0x59C5, 0x6205, 0x7266, 0x82C7, 0x82E8, 0x8AE8, 0x8AE8,
  0x8B09, 0x9329, 0x9349, 0x936A, 0x9B69, 0x9B6A, 0x9B69, 0x9B49, 0x9B69, 0xA38A, 0xA38A, 0xA38A,
  0xA3AA, 0xA3AA, 0xA3AA, 0xA3AA, 0xA3AA, 0xABAA, 0xABCA, 0xABCB, 0xABCB, 0xABCB, 0xABEB, 0xABEB,
  0xABEB, 0xABEB, 0xABEB, 0xABEC, 0xAC0C, 0xB40C, 0xB42C, 0xB42C, 0xB40C, 0xABEB, 0xABEB, 0xABEB,
  0xAC0C, 0xB40C, 0xB42C, 0xB44D, 0xB44D, 0xB46D, 0xB46D, 0xB46D, 0xB46D, 0xB46D, 0xB46D, 0xBC6D,
  0xBC6E, 0xBC6D, 0xBC4D, 0xB44D, 0xB44D, 0xBC4D, 0xB42C, 0xAC2C, 0xB44D, 0xAC0C, 0xA3CC, 0xA3CB,
  0xAC0D, 0xAC2D, 0xA3EC, 0xA3EC, 0x9BAB, 0x82E8, 0x7AA7, 0x8B09, 0x9BAA, 0x9BAB, 0x9B8B, 0x936A,
  0x9B8B, 0xA3AC, 0x9B6B, 0x8B09, 0x8B09, 0x9BAB, 0xA3CC, 0x936A, 0x8B09, 0x8309, 0x7287, 0x61E5,
  0x51C5, 0x51A5, 0x51A5, 0x49A5, 0x4185, 0x3124, 0x20C2, 0x18A2, 0x20C2, 0x18A2, 0x18C3, 0x18C3,
  0x18C3, 0x18A3, 0x10A2, 0x10A2, 0x1082, 0x1082, 0x1082, 0x0862, 0x0862, 0x0862, 0x0862, 0x1082,
  0x0862, 0x0862, 0x1082, 0x1083, 0x10A3, 0x18A3, 0x18C3, 0x18C4, 0x18E4, 0x18C3, 0x10A3, 0x10A3,
  0x18A3, 0x10A3, 0x1083, 0x18A3, 0x18C4, 0x18C4, 0x18C3, 0x18C3, 0x18E4, 0x2104, 0x20E4, 0x18C3,
  0x18C3, 0x18C3, 0x18E3, 0x18C3, 0x18C2, 0x18C3, 0x20E3, 0x20E3, 0x18E3, 0x18C3, 0x2104, 0x18E4,
  0x18E3, 0x2103, 0x18E3, 0x2964, 0x52EB, 0x636D, 0x638E, 0x63AE, 0x6BCF, 0x7410, 0x7431, 0x6BF0,
  0x5B6D, 0x532D, 0x4B2C, 0x4B2C, 0x4B0C, 0x42CB, 0x42AB, 0x3AAA, 0x3A8A, 0x3249, 0x3269, 0x3AAB,
  0x42CB, 0x42CB, 0x3ACA, 0x42CB, 0x430B, 0x536D, 0x5B8D, 0x63EF, 0x63EF, 0x63CE, 0x536D, 0x534C,
  0x9CF3, 0x9CD2, 0x9492, 0x9492, 0x8C71, 0x8410, 0x8410, 0x39E8, 0x3187, 0x4209, 0x39E7, 0x3165,
  0x2103, 0x20C3, 0x2903, 0x2903, 0x18A2, 0x18A2, 0x2103, 0x18E3, 0x10A2, 0x10A2, 0x10A2, 0x18C3,
  0x10A2, 0x18C3, 0x18C3, 0x18C3, 0x1081, 0x10A2, 0x18E3, 0x1081, 0x10A2, 0x1082, 0x1082, 0x0861,
  0x0041, 0x0861, 0x0881, 0x0861, 0x0861, 0x0861, 0x1081, 0x18A2, 0x1081, 0x1061, 0x18A2, 0x28E3,
  0x3944, 0x3924, 0x4144, 0x4984, 0x51C5, 0x6226, 0x7287, 0x82C8, 0x82E8, 0x8AE8, 0x8B08, 0x9329,
  0x9349, 0x9329, 0x9349, 0x9B8A, 0x9B6A, 0x9B6A, 0x9B69, 0x9B49, 0x9B6A, 0xA38A, 0xA3AA, 0xA3AA,
  0xA3AA, 0xA3AA, 0xA38A, 0xA3AA, 0xA3AA, 0xABCA, 0xABCB, 0xABCB, 0xABEB, 0xABEB, 0xABEC, 0xABEC,
  0xABEC, 0xABEC, 0xABEC, 0xABEC, 0xB40C, 0xB40C, 0xB42C, 0xB42C, 0xB40C, 0xABEB, 0xABCB, 0xA3CB,
  0xAC0C, 0xB42C, 0xB44D, 0xB44D, 0xB46D, 0xB46D, 0xB46D, 0xB46D, 0xB46E, 0xB46E, 0xB46D, 0xB46E,
  0xBC6E, 0xBC6E, 0xBC6E, 0xBC6E, 0xBC4D, 0xBC6D, 0xAC2C, 0xAC0C, 0xB44D, 0xB44D, 0xAC2D, 0xAC0D,
  0xB44E, 0xBC8F, 0xB44E, 0xAC2D, 0xA3ED, 0x934A, 0x82E8, 0x82E9, 0x9369, 0xA3CC, 0x9BAB, 0x936A,
  0x9BAB, 0xA3CC, 0x9B8B, 0x934A, 0x8B08, 0x9B8B, 0xA3EC, 0xA3CC, 0x938B, 0x934A, 0x82E9, 0x7246,
  0x59C5, 0x51A5, 0x51A5, 0x5A06, 0x5A07, 0x49C6, 0x3124, 0x20E3, 0x1881, 0x1882, 0x18A2, 0x18C3,
  0x18C3, 0x18A3, 0x10A2, 0x10A2, 0x10A3, 0x1082, 0x0862, 0x1062, 0x1062, 0x0862, 0x0841, 0x0841,
  0x1082, 0x1082, 0x1062, 0x1082, 0x1083, 0x1082, 0x1082, 0x1083, 0x18C3, 0x18E4, 0x18A3, 0x1082,
  0x10A3, 0x18C4, 0x18A3, 0x1083, 0x18C3, 0x18E4, 0x18E4, 0x18C3, 0x18A3, 0x18C3, 0x20E3, 0x18E3,
  0x18C3, 0x18C4, 0x18E3, 0x18E3, 0x18C2, 0x18C2, 0x18E3, 0x2104, 0x2104, 0x18C3, 0x2104, 0x18E3,
  0x18E3, 0x2104, 0x1903, 0x2124, 0x3A49, 0x5B2C, 0x6BAE, 0x7410, 0x7C51, 0x6BF0, 0x5B8E, 0x534D,
  0x532C, 0x532C, 0x4B0C, 0x42EB, 0x42EB, 0x42CB, 0x3AAA, 0x3A6A, 0x3A8A, 0x3AAB, 0x42CB, 0x42EB,
  0x42CB, 0x3AAA, 0x3AAA, 0x3AAA, 0x5BAE, 0x7450, 0x640F, 0x534C, 0x4B0B, 0x5BAE, 0x5BAE, 0x5BAE,
  0x6B6E, 0x5B0C, 0x4A6A, 0x52CB, 0x4A49, 0x4A69, 0x4208, 0x2945, 0x3165, 0x3986, 0x39C6, 0x2103,
  0x2103, 0x2924, 0x2103, 0x18E2, 0x1082, 0x18C3, 0x18C3, 0x18A3, 0x18C3, 0x18A3, 0x10A2, 0x18C3,
  0x10A2, 0x10A2, 0x1082, 0x1082, 0x1082, 0x10C3, 0x18C3, 0x10A2, 0x1061, 0x1081, 0x0861, 0x0840,
  0x0841, 0x0861, 0x0861, 0x0861, 0x0861, 0x1061, 0x1081, 0x1881, 0x1040, 0x2081, 0x28E2, 0x3103,
  0x38E1, 0x4142, 0x51A4, 0x6205, 0x6A46, 0x7AA7, 0x82E8, 0x8B08, 0x8B08, 0x8B28, 0x9328, 0x9349,
  0x9349, 0x9349, 0x9B69, 0x9B8A, 0xA36A, 0xA38A, 0xA38A, 0xA38A, 0xA38A, 0xA38A, 0xA3AB, 0xA3AB,
  0xA3AA, 0xA3AA, 0xA3AA, 0xA3AB, 0xABCB, 0xABCB, 0xABEB, 0xABEB, 0xAC0C, 0xB40C, 0xB42C, 0xB42D,
  0xB42C, 0xB42C, 0xB40C, 0xB40C, 0xB42D, 0xB42C, 0xB42D, 0xB42D, 0xB42D, 0xB40D, 0xB40D, 0xB42D,
  0xB44D, 0xB44D, 0xB44D, 0xB44D, 0xB46D, 0xB46D, 0xB46D, 0xB46D, 0xB46D, 0xB46D, 0xB46E, 0xBC6E,
  0xBC6E, 0xBC6E, 0xB46E, 0xB46D, 0xB46D, 0xB46D, 0xB44D, 0xB42D, 0xB42D, 0xB44D, 0xAC2D, 0xAC0D,
  0xB46E, 0xB44D, 0xB44E, 0xB44E, 0xB44D, 0x9BAB, 0x82E8, 0x8B08, 0x934A, 0x9B6A, 0xA3EC, 0xA3CC,
  0x9B8B, 0x9B8B, 0x9B8B, 0x9B6A, 0x8B29, 0x9329, 0xA3CC, 0xABEC, 0xA3CC, 0xA3CC, 0x934A, 0x82C8,
  0x6206, 0x59A4, 0x5184, 0x59E6, 0x6247, 0x5A06, 0x4984, 0x4144, 0x30E3, 0x28C3, 0x1882, 0x1861,
  0x18A2, 0x18C3, 0x10A3, 0x10A3, 0x1082, 0x1082, 0x10A2, 0x1082, 0x0882, 0x0862, 0x0862, 0x0862,
  0x0862, 0x1062, 0x1082, 0x1082, 0x1062, 0x0862, 0x1082, 0x10A2, 0x10A3, 0x10A3, 0x10A3, 0x10A3,
  0x10A3, 0x10A3, 0x18C3, 0x18C3, 0x1082, 0x10A3, 0x18C3, 0x10A3, 0x10A3, 0x18C3, 0x18E4, 0x18E4,
  0x18C3, 0x18E4, 0x20E3, 0x18E3, 0x18C3, 0x18C3, 0x18E3, 0x18E3, 0x2124, 0x2124, 0x2124, 0x2104,
  0x2945, 0x2104, 0x18E3, 0x2124, 0x39E8, 0x6B6E, 0x73F0, 0x73EF, 0x6BCF, 0x5B6D, 0x532D, 0x532C,
  0x530C, 0x4ACB, 0x42AA, 0x42AA, 0x42AA, 0x42AA, 0x42AA, 0x3A89, 0x3AAA, 0x3A8A, 0x42EB, 0x3AAA,
  0x3A89, 0x42EB, 0x5BAE, 0x63EF, 0x6C0F, 0x5BAE, 0x4B2C, 0x4B2C, 0x536D, 0x538D, 0x5BAD, 0x5BAD,
  0x4229, 0x4249, 0x4229, 0x4A6A, 0x39E8, 0x4208, 0x31A6, 0x2924, 0x3165, 0x3986, 0x3986, 0x20E3,
  0x2103, 0x2104, 0x2103, 0x18C2, 0x18A2, 0x18C3, 0x18C3, 0x18A2, 0x18A3, 0x18A3, 0x10A2, 0x10A2,
  0x10A2, 0x10A2, 0x10A2, 0x1082, 0x10A2, 0x10C2, 0x10A2, 0x1082, 0x1061, 0x1061, 0x0841, 0x0840,
  0x0861, 0x0861, 0x0841, 0x0841, 0x0861, 0x0841, 0x18A2, 0x1861, 0x18A2, 0x1881, 0x28E2, 0x3103,
  0x4942, 0x51A4, 0x6225, 0x6A66, 0x72A7, 0x82E8, 0x8308, 0x8B28, 0x9329, 0x9349, 0x9349, 0x9349,
  0x9369, 0x9B69, 0x9B8A, 0x9B8A, 0xA36A, 0xA38A, 0xA38A, 0xA38A, 0xA38A, 0xA38B, 0xA3AB, 0xA3AB,
  0xA3AB, 0xA3AA, 0xA3AB, 0xA3AB, 0xABCB, 0xABEB, 0xABEB, 0xABEB, 0xAC0C, 0xAC0C, 0xB40C, 0xB42D,
  0xB42D, 0xB42D, 0xB42D, 0xB42D, 0xB42D, 0xB42D, 0xB42D, 0xB44D, 0xB42D, 0xB42D, 0xB42D, 0xB42D,
  0xB44D, 0xB44D, 0xBC4D, 0xBC4D, 0xBC6D, 0xBC6D, 0xBC6D, 0xBC6E, 0xB46D, 0xB46E, 0xBC6E, 0xBC6E,
  0xBC8E, 0xBC8E, 0xBC8E, 0xB48E, 0xBC8E, 0xBC8E, 0xB46E, 0xB44D, 0xB44D, 0xB44D, 0xB44E, 0xB44D,
  0xB46E, 0xB44E, 0xB44E, 0xB44E, 0xB46E, 0xAC0C, 0x936A, 0x8B29, 0x934A, 0x936A, 0x9B8B, 0xA3CC,
  0xA3AB, 0x936A, 0x9B8B, 0x9BAB, 0x9B8B, 0x8B29, 0x934A, 0xA3EC, 0xABEC, 0xA3EC, 0xA3CC, 0x934A,
  0x7AC9, 0x6A47, 0x51A4, 0x51A5, 0x6A68, 0x72A9, 0x5A27, 0x49A5, 0x3924, 0x3103, 0x28C3, 0x1882,
  0x1882, 0x1082, 0x10A2, 0x10A3, 0x1082, 0x1082, 0x1082, 0x1082, 0x1082, 0x0862, 0x0862, 0x0862,
  0x0862, 0x0862, 0x1062, 0x1082, 0x1082, 0x1082, 0x0882, 0x0862, 0x1082, 0x1083, 0x10A3, 0x10A3,
  0x1083, 0x1083, 0x10A3, 0x18C3, 0x10A3, 0x1083, 0x10A3, 0x18C3, 0x18C3, 0x18C3, 0x18C3, 0x18E4,
  0x18C3, 0x18C3, 0x18C3, 0x18E3, 0x18E3, 0x18E3, 0x18C3, 0x18C3, 0x18E3, 0x2104, 0x2945, 0x2124,
  0x2965, 0x2945, 0x2124, 0x2104, 0x2965, 0x52CB, 0x6B8E, 0x634D, 0x5B4D, 0x5B2D, 0x52EC, 0x532D,
  0x4ACB, 0x3A8A, 0x3A69, 0x42AA, 0x42CB, 0x42AA, 0x42AA, 0x42AA, 0x3AAA, 0x3269, 0x3A8A, 0x3269,
  0x42EB, 0x6C0F, 0x84F3, 0x6C30, 0x536D, 0x536D, 0x4B2C, 0x4B2C, 0x4B4C, 0x5B8D, 0x63CE, 0x538D,
  0x4229, 0x4229, 0x4208, 0x4229, 0x4208, 0x4208, 0x3165, 0x2924, 0x3165, 0x39A6, 0x2944, 0x20E3,
  0x2924, 0x2103, 0x18C2, 0x18A2, 0x18C3, 0x18C3, 0x18A3, 0x18A2, 0x18A3, 0x18A3, 0x10A2, 0x10A2,
  0x10A2, 0x10A2, 0x1082, 0x1082, 0x10A2, 0x10A2, 0x0882, 0x0881, 0x1061, 0x0861, 0x0841, 0x0841,
  0x0861, 0x0861, 0x0841, 0x0841, 0x1061, 0x1081, 0x1061, 0x20A2, 0x1881, 0x28C2, 0x30E3, 0x4164,
  0x59C4, 0x6A26, 0x7287, 0x7AC8, 0x82E8, 0x8308, 0x8B29, 0x9349, 0x9369, 0x9B69, 0x9B69, 0x9B69,
  0x9B69, 0x9B69, 0x9B8A, 0xA38A, 0xA38A, 0xA38A, 0xA38A, 0xA3AA, 0xA3AA, 0xA3AB, 0xA3AB, 0xA3CB,
  0xA3CB, 0xA3CB, 0xA3CB, 0xABCB, 0xABEB, 0xABEC, 0xAC0C, 0xAC0C, 0xAC2C, 0xB42C, 0xB42D, 0xB42D,
  0xB42D, 0xB42D, 0xB42D, 0xB42D, 0xB44D, 0xB44D, 0xB44D, 0xB44D, 0xB44D, 0xB44D, 0xB44D, 0xBC6E,
  0xBC4D, 0xBC4D, 0xBC6D, 0xBC6D, 0xBC6E, 0xBC6E, 0xBC6E, 0xBC6E, 0xBC6E, 0xBC6E, 0xBC8E, 0xBC8E,
  0xBC8E, 0xBC8E, 0xBC8E, 0xBC8E, 0xBC8E, 0xBC6E, 0xB46E, 0xB46E, 0xB44D, 0xB44D, 0xB44D, 0xB44D,
  0xB46E, 0xB46E, 0xB44D, 0xB44E, 0xBC6E, 0xB46E, 0xA3EC, 0x8B29, 0x9B8A, 0x934A, 0x934A, 0x9BAB,
  0xA3EC, 0xA3CC, 0x9B8B, 0x9B8B, 0x9BAB, 0xA3CC, 0x934A, 0x9B6A, 0xA3EC, 0xABED, 0xABED, 0xA3CC,
  0x934B, 0x830A, 0x6A47, 0x59C5, 0x6226, 0x72C9, 0x6A88, 0x5A06, 0x4164, 0x3924, 0x3103, 0x28E3,
  0x20A2, 0x1882, 0x1082, 0x1082, 0x1082, 0x1082, 0x1082, 0x1082, 0x1082, 0x1082, 0x0882, 0x0882,
  0x0862, 0x0862, 0x0862, 0x1062, 0x1082, 0x1082, 0x0882, 0x0862, 0x0862, 0x1082, 0x1083, 0x10A3,
  0x1083, 0x1083, 0x1083, 0x10A3, 0x10A3, 0x1083, 0x1082, 0x10A3, 0x18C3, 0x18C3, 0x18C3, 0x18C4,
  0x18C3, 0x18C3, 0x18A3, 0x18C3, 0x18C3, 0x18E3, 0x18C3, 0x18C3, 0x18E3, 0x2104, 0x2124, 0x18E3,
  0x2124, 0x2965, 0x2965, 0x2965, 0x2965, 0x39E8, 0x5B0C, 0x5B2C, 0x4ACB, 0x530C, 0x530C, 0x4ACB,
  0x42CB, 0x42AA, 0x428A, 0x428A, 0x42AA, 0x42AA, 0x42CA, 0x42EB, 0x3AAA, 0x42EB, 0x430B, 0x536D,
  0x7450, 0x7CB2, 0x7CD2, 0x6C30, 0x430B, 0x4B2C, 0x4B4C, 0x536D, 0x536C, 0x536C, 0x5BAD, 0x5BAD,
  0x4A6A, 0x4249, 0x39E8, 0x39E8, 0x4208, 0x41E8, 0x2124, 0x2925, 0x3165, 0x39A6, 0x2904, 0x20C3,
  0x2104, 0x18C3, 0x18A2, 0x1082, 0x18C3, 0x18A3, 0x10A2, 0x10A2, 0x18A3, 0x18C3, 0x18C3, 0x10A2,
  0x1082, 0x10A2, 0x1082, 0x1082, 0x10A2, 0x1082, 0x0861, 0x0861, 0x0861, 0x0841, 0x0020, 0x0841,
  0x0841, 0x0841, 0x0841, 0x0841, 0x1082, 0x1081, 0x1861, 0x1881, 0x28C2, 0x30E2, 0x4164, 0x51E6,
  0x6A46, 0x7287, 0x7AC8, 0x82E8, 0x8308, 0x8B29, 0x9349, 0x934A, 0x9B6A, 0x9B6A, 0x9B69, 0x9B69,
  0x9B69, 0x9B6A, 0x9B8A, 0xA38A, 0xA38A, 0xA38A, 0xA3AA, 0xA3AB, 0xA3AB, 0xA3CB, 0xABCB, 0xABCB,
  0xABCB, 0xABCB, 0xABEB, 0xABEC, 0xAC0C, 0xAC0C, 0xB40C, 0xB40C, 0xB42D, 0xB42D, 0xB44D, 0xB44D,
  0xB42D, 0xB42D, 0xB42D, 0xB42D, 0xB44D, 0xB44D, 0xB44D, 0xB44D, 0xB44D, 0xB44E, 0xBC6E, 0xBC6E,
  0xBC6D, 0xBC6E, 0xBC6E, 0xBC6E, 0xBC6E, 0xBC8E, 0xBC8E, 0xBC8E, 0xBC8E, 0xBC8E, 0xBC8E, 0xBC8E,
  0xBC8E, 0xBC8E, 0xBC8E, 0xBC8E, 0xB46D, 0xB46E, 0xB46E, 0xB46E, 0xB44D, 0xAC2D, 0xAC2D, 0xAC2D,
  0xB46E, 0xBC6E, 0xB44E, 0xB46E, 0xB46E, 0xBC6E, 0xAC2D, 0x936A, 0x9B8A, 0xA3AB, 0x9B8A, 0x934A,
  0x9BAB, 0xABEC, 0xA3EC, 0x9B8B, 0x9B8B, 0xAC0D, 0xA3AB, 0x934A, 0x9B8B, 0xA3AC, 0xA3CC, 0xA3EC,
  0xA3CC, 0x9B8B, 0x82E9, 0x6226, 0x51A4, 0x6226, 0x72A8, 0x72A9, 0x59E6, 0x4985, 0x3944, 0x3104,
  0x28E3, 0x20C2, 0x18A2, 0x18A2, 0x1082, 0x1082, 0x1082, 0x1082, 0x10A2, 0x1082, 0x1082, 0x0862,
  0x1082, 0x1082, 0x1062, 0x0862, 0x0862, 0x0862, 0x0882, 0x1082, 0x1062, 0x0862, 0x1062, 0x1082,
  0x10A3, 0x10A3, 0x1083, 0x1082, 0x10A3, 0x10A3, 0x10A3, 0x10A3, 0x10A3, 0x18C3, 0x18C3, 0x18C3,
  0x18E3, 0x18C3, 0x18A3, 0x18A3, 0x18C3, 0x18E3, 0x18E3, 0x18E3, 0x18E3, 0x2104, 0x2104, 0x18E3,
  0x2104, 0x2124, 0x2124, 0x2124, 0x2966, 0x31A7, 0x4A6A, 0x52CB, 0x52CB, 0x4ACB, 0x42AA, 0x428A,
  0x428A, 0x3A8A, 0x3A69, 0x3A8A, 0x42CB, 0x42CA, 0x3AAA, 0x3ACA, 0x4B0B, 0x5B8D, 0x6C30, 0x7CB2,
  0x7CB2, 0x63EF, 0x63EF, 0x536D, 0x3ACA, 0x4B2C, 0x536D, 0x538D, 0x534C, 0x4B0B, 0x534C, 0x5BAE,
  0x4229, 0x4229, 0x39E8, 0x39E8, 0x39E8, 0x3186, 0x18E3, 0x2945, 0x3145, 0x39A6, 0x20E3, 0x20E3,
  0x2103, 0x18A2, 0x1082, 0x18A2, 0x18C3, 0x18A2, 0x10A2, 0x10A2, 0x10A2, 0x18A2, 0x10A2, 0x10A2,
  0x1082, 0x1082, 0x1082, 0x1082, 0x10A2, 0x1082, 0x0841, 0x0861, 0x0841, 0x0840, 0x0020, 0x0020,
  0x0841, 0x0041, 0x0841, 0x1062, 0x1061, 0x1061, 0x1881, 0x20A1, 0x3923, 0x4143, 0x51A5, 0x6227,
  0x7A87, 0x7AA8, 0x82E8, 0x8AE8, 0x8B09, 0x9349, 0x934A, 0x9B69, 0x9B6A, 0x9B6A, 0x9B6A, 0x9B6A,
  0x9B6A, 0xA38A, 0xA38A, 0xA38A, 0xA3AA, 0xA3AA, 0xA3AA, 0xA3CB, 0xA3CB, 0xABCB, 0xABCB, 0xABEB,
  0xABEB, 0xABEB, 0xAC0C, 0xAC0C, 0xAC0C, 0xAC2C, 0xB42C, 0xB42C, 0xB42C, 0xB42D, 0xB42D, 0xB44D,
  0xB44D, 0xB44D, 0xB44D, 0xB44D, 0xB44D, 0xB44D, 0xB44D, 0xB44D, 0xB44D, 0xBC6E, 0xBC6E, 0xBC6E,
  0xBC6D, 0xBC6D, 0xBC6E, 0xBC6E, 0xBC8E, 0xBC8E, 0xBC8E, 0xBC8E, 0xBC8E, 0xBC8E, 0xBC8E, 0xBC8E,
  0xBC8E, 0xBC8E, 0xBC8E, 0xBC8F, 0xBC8E, 0xBC6E, 0xBC6E, 0xBC6E, 0xB46E, 0xB44D, 0xB42D, 0xB44E,
  0xB46E, 0xBC6E, 0xB44E, 0xBC6E, 0xB46E, 0xB46E, 0xB46E, 0xA3EC, 0x936A, 0xAC2D, 0xA3EC, 0x9B8B,
  0x934A, 0x936A, 0xA3EC, 0xA3CB, 0xA3CC, 0x9B8B, 0xA3CC, 0xA3CC, 0x9B6B, 0x9B8B, 0xA3CC, 0xA3EC,
  0xA3CC, 0x9B8B, 0x932A, 0x82E9, 0x7267, 0x6205, 0x6206, 0x6A68, 0x6A68, 0x5A07, 0x49A5, 0x4144,
  0x3103, 0x28E3, 0x28E3, 0x20C3, 0x18A2, 0x1882, 0x1082, 0x1082, 0x1082, 0x1082, 0x1082, 0x0882,
  0x1082, 0x1062, 0x1062, 0x0862, 0x0842, 0x0862, 0x0862, 0x0882, 0x1082, 0x1062, 0x1062, 0x1082,
  0x10A3, 0x10A3, 0x10A3, 0x1083, 0x1083, 0x10A3, 0x18A3, 0x10A3, 0x10A3, 0x18A3, 0x18C3, 0x18C3,
  0x18A3, 0x18C3, 0x18C3, 0x18C4, 0x18E4, 0x18E4, 0x18E3, 0x18E3, 0x18C3, 0x18E3, 0x18E4, 0x18E4,
  0x2104, 0x2124, 0x2104, 0x2104, 0x18E4, 0x31C7, 0x4A8A, 0x530C, 0x4ACB, 0x3A69, 0x3A69, 0x428A,
  0x428A, 0x3A69, 0x3A69, 0x428A, 0x42CA, 0x3AAA, 0x42EB, 0x5B8D, 0x7450, 0x7471, 0x7470, 0x7470,
  0x7471, 0x6C2F, 0x6C50, 0x5BAD, 0x430B, 0x5BAD, 0x5B8D, 0x4B4C, 0x4B0B, 0x42CA, 0x42EA, 0x4B2B,
  0x3A08, 0x3A08, 0x3A08, 0x3A08, 0x39C7, 0x2945, 0x20E3, 0x3185, 0x3165, 0x3165, 0x20E3, 0x20E3,
  0x20E3, 0x1081, 0x1082, 0x18C2, 0x18C3, 0x10A2, 0x10A2, 0x10A2, 0x10A2, 0x1082, 0x10A2, 0x1082,
  0x1082, 0x1082, 0x1082, 0x1082, 0x1082, 0x0861, 0x0861, 0x0841, 0x0840, 0x0840, 0x0841, 0x0020,
  0x0041, 0x0841, 0x0861, 0x1082, 0x1081, 0x1881, 0x1860, 0x30E2, 0x3922, 0x51A4, 0x5A05, 0x7288,
  0x82C8, 0x82C8, 0x8AE8, 0x8B29, 0x934A, 0x9B6A, 0x9B6A, 0x9B6A, 0x9B8A, 0x9B6A, 0x9B6A, 0x9B8A,
  0xA38A, 0xA3AB, 0xA3AB, 0xA3AB, 0xA3AA, 0xA3AA, 0xA3CB, 0xABCB, 0xABEB, 0xABEB, 0xABEB, 0xABEB,
  0xABEB, 0xABEB, 0xAC0C, 0xAC0C, 0xAC0C, 0xAC0C, 0xAC2C, 0xAC2C, 0xB42D, 0xB42D, 0xB44D, 0xB44D,
  0xB44D, 0xB44D, 0xB44D, 0xB44D, 0xB44D, 0xB46D, 0xBC6D, 0xB46D, 0xB44E, 0xBC6E, 0xBC6E, 0xBC6E,
  0xBC6D, 0xBC6D, 0xBC6E, 0xBC8E, 0xBC8E, 0xBC8E, 0xBC8E, 0xBC8E, 0xBC8E, 0xBC8E, 0xBC8E, 0xBC8E,
  0xBC8E, 0xBC8E, 0xBC8E, 0xBC8F, 0xBCAF, 0xBC8F, 0xBC8E, 0xB46E, 0xB46E, 0xB44E, 0xB44E, 0xB44E,
  0xB46E, 0xB46E, 0xBC6E, 0xBC6E, 0xB46E, 0xB46E, 0xBC8E, 0xB46E, 0xA3AB, 0xA3CB, 0xB44E, 0xAC0D,
  0x9B8B, 0x936A, 0x934A, 0xA3CC, 0xA3EC, 0x9B6A, 0xA3CC, 0xA3EC, 0xA3CC, 0xA3CC, 0x9BAB, 0xA3CC,
  0xABEC, 0xABED, 0x9B8B, 0x82E9, 0x7AA8, 0x6A26, 0x59C5, 0x6226, 0x6A47, 0x6206, 0x51C6, 0x4985,
  0x3944, 0x3124, 0x3103, 0x28E3, 0x20E3, 0x18C3, 0x1882, 0x1062, 0x1061, 0x1082, 0x1082, 0x1082,
  0x1082, 0x0862, 0x0842, 0x0842, 0x0862, 0x0862, 0x0862, 0x0841, 0x1062, 0x1082, 0x1082, 0x1082,
  0x1082, 0x1082, 0x1083, 0x10A3, 0x10A3, 0x1083, 0x10A3, 0x10A3, 0x10A3, 0x1083, 0x10A3, 0x18C3,
  0x18A3, 0x18C3, 0x18C4, 0x18C3, 0x18C3, 0x18C3, 0x18E3, 0x18E4, 0x18E3, 0x18C3, 0x18C3, 0x18C3,
  0x18E3, 0x2125, 0x2125, 0x2965, 0x2966, 0x2145, 0x3A08, 0x73CF, 0x7410, 0x52EB, 0x428A, 0x3A69,
  0x3A69, 0x428A, 0x3A8A, 0x3A89, 0x42CA, 0x536D, 0x6C2F, 0x7CB2, 0x7CB1, 0x7470, 0x5BAD, 0x4B4C,
  0x5BCE, 0x63EE, 0x63EE, 0x538D, 0x536C, 0x5BAD, 0x534C, 0x4B2B, 0x4B2C, 0x42EA, 0x3ACA, 0x430B,
  0x3A08, 0x3A08, 0x39E8, 0x39E8, 0x31A6, 0x2104, 0x2124, 0x3165, 0x3165, 0x2924, 0x18C2, 0x20E3,
  0x18A2, 0x1082, 0x18A2, 0x18C3, 0x18C3, 0x10A2, 0x10A2, 0x10A2, 0x1082, 0x1082, 0x1082, 0x1082,
  0x1082, 0x0861, 0x1082, 0x10A2, 0x0861, 0x0861, 0x0861, 0x0020, 0x0820, 0x0841, 0x0841, 0x0841,
  0x0841, 0x0861, 0x1062, 0x1882, 0x18A2, 0x1861, 0x28C2, 0x3902, 0x51A4, 0x61E5, 0x7A88, 0x82E8,
  0x8B08, 0x8B09, 0x9329, 0x9349, 0x9B6A, 0x9B8A, 0x9B8A, 0x9B8A, 0xA38A, 0x9B8A, 0x9B8A, 0x9B8A,
  0xA3AA, 0xA3AB, 0xA3AB, 0xA3AB, 0xA3CA, 0xA3CA, 0xABCB, 0xABEB, 0xABEB, 0xABEB, 0xABEB, 0xABEB,
  0xABEB, 0xAC0C, 0xAC0C, 0xAC0C, 0xAC0C, 0xAC0C, 0xAC2C, 0xAC2C, 0xB44D, 0xB44D, 0xB44D, 0xB44D,
  0xB44D, 0xB44D, 0xB44D, 0xB44D, 0xB44D, 0xB46E, 0xBC6E, 0xB46E, 0xB46E, 0xBC6E, 0xBC6E, 0xB46E,
  0xBC6D, 0xBC6D, 0xBC6E, 0xBC8E, 0xBC8E, 0xBC8E, 0xBC8E, 0xBC8E, 0xBC8E, 0xBC8E, 0xBCAF, 0xBC8F,
  0xBC8E, 0xBC8E, 0xBC8F, 0xBCAF, 0xBCAF, 0xBCAF, 0xBC8F, 0xBC6E, 0xB46E, 0xB46E, 0xB44E, 0xB44E,
  0xB46E, 0xB46E, 0xBC6E, 0xBC6E, 0xB46E, 0xBC6E, 0xBC6E, 0xBC6E, 0xB42D, 0x9B8A, 0xAC2D, 0xB46E,
  0xAC2D, 0xABEC, 0x936A, 0x9BAB, 0xA3CB, 0xA3CC, 0xA3CC, 0xA3CC, 0xABEC, 0xABEC, 0xA3CC, 0xA3CC,
  0xA38B, 0xAC0D, 0xABED, 0x936B, 0x8B09, 0x7AA8, 0x6A06, 0x61E5, 0x61E6, 0x59E6, 0x51C5, 0x4985,
  0x4985, 0x4165, 0x3944, 0x3104, 0x2903, 0x20E3, 0x18C3, 0x18A2, 0x1082, 0x1082, 0x1082, 0x1082,
  0x1082, 0x1062, 0x0862, 0x0862, 0x0862, 0x0862, 0x0862, 0x0041, 0x0862, 0x0862, 0x1082, 0x1082,
  0x0862, 0x0862, 0x1082, 0x10A3, 0x10A3, 0x1082, 0x1082, 0x1083, 0x10A3, 0x1082, 0x1082, 0x10A3,
  0x18C3, 0x18C3, 0x18C3, 0x10A3, 0x1083, 0x10A3, 0x18C3, 0x18C4, 0x18C4, 0x18E4, 0x18C3, 0x18C3,
  0x18C3, 0x2125, 0x2125, 0x2125, 0x2966, 0x2986, 0x31C7, 0x52CB, 0x7C51, 0x8CB2, 0x6BAF, 0x428A,
  0x3A49, 0x3A69, 0x3A8A, 0x4B0B, 0x63CE, 0x7491, 0x7CB2, 0x6C70, 0x5BCD, 0x534C, 0x538C, 0x536C,
  0x4B4B, 0x4B2B, 0x5BAD, 0x5B8D, 0x4B4C, 0x4B2B, 0x42EA, 0x4B4B, 0x536C, 0x430B, 0x432B, 0x536C,
  0x39E8, 0x3A08, 0x4208, 0x39E8, 0x3186, 0x2104, 0x2944, 0x3165, 0x3185, 0x2103, 0x18A2, 0x20E3,
  0x1082, 0x1082, 0x18A2, 0x18C3, 0x10A2, 0x1082, 0x1082, 0x10A2, 0x1082, 0x1082, 0x10A2, 0x1082,
  0x1082, 0x0861, 0x1082, 0x10A2, 0x0861, 0x0861, 0x0861, 0x0020, 0x0820, 0x0841, 0x0841, 0x0841,
  0x0861, 0x1082, 0x1082, 0x1882, 0x1881, 0x2081, 0x30E2, 0x4984, 0x59E5, 0x7267, 0x82C8, 0x8B09,
  0x8B09, 0x9329, 0x9349, 0x9349, 0x9B69, 0x9B6A, 0x9B8A, 0xA3AA, 0x9B8A, 0x9B8A, 0x9B8A, 0x9B8A,
  0xA3AA, 0xA3AB, 0xA3AB, 0xA3AB, 0xA3CA, 0xA3CB, 0xABEB, 0xABEB, 0xABEB, 0xABEB, 0xABEB, 0xABEB,
  0xAC0C, 0xAC0C, 0xAC2C, 0xB42C, 0xAC2C, 0xAC2C, 0xAC2C, 0xAC2D, 0xAC2D, 0xB44D, 0xB44D, 0xB44D,
  0xB44D, 0xB44D, 0xB46D, 0xB46D, 0xB46D, 0xBC6E, 0xBC8E, 0xBC8E, 0xBC6E, 0xBC8E, 0xBC8E, 0xB46E,
  0xBC6D, 0xBC6D, 0xBC6E, 0xBC8E, 0xBC8E, 0xBC8E, 0xBC8E, 0xBC8E, 0xBC8E, 0xBC8E, 0xBCAF, 0xBC8F,
  0xBC8F, 0xBC8F, 0xBC8F, 0xBCAF, 0xBCAF, 0xBCAF, 0xBCAF, 0xBC8F, 0xBC8F, 0xBC8F, 0xB46E, 0xB44E,
  0xBC6F, 0xB44E, 0xBC6E, 0xB44E, 0xB46E, 0xBC8F, 0xB44E, 0xB44E, 0xBC8E, 0xAC0C, 0x9B8A, 0xB44D,
  0xBC8E, 0xAC2D, 0xB44E, 0x9BAB, 0x9BAB, 0xA3CB, 0xA3EC, 0xAC0D, 0xA3CC, 0xA3CC, 0xAC2D, 0xA3EC,
  0xA3AB, 0xA3AB, 0xAC0D, 0xAC0D, 0x9B8B, 0x8B09, 0x7AA8, 0x6A26, 0x6A26, 0x6206, 0x51A5, 0x4964,
  0x49A5, 0x49C6, 0x4185, 0x3944, 0x2904, 0x2903, 0x20E3, 0x18C3, 0x18A2, 0x1082, 0x1082, 0x1082,
  0x1082, 0x1082, 0x1082, 0x1062, 0x0842, 0x0841, 0x0862, 0x0882, 0x0842, 0x0862, 0x0862, 0x0862,
  0x0862, 0x0862, 0x0862, 0x1062, 0x1083, 0x1083, 0x1082, 0x1062, 0x1082, 0x10A3, 0x10A3, 0x1082,
  0x18A3, 0x18A3, 0x18A3, 0x10A3, 0x1083, 0x1082, 0x1083, 0x10A3, 0x18A3, 0x18C4, 0x18C3, 0x10A3,
  0x10A3, 0x2125, 0x2105, 0x2104, 0x2945, 0x2125, 0x31C7, 0x3A08, 0x52EC, 0x8451, 0x8CD3, 0x7C51,
  0x530C, 0x4ACB, 0x534D, 0x7430, 0x7C91, 0x7471, 0x6C0F, 0x63EF, 0x63EE, 0x5BAD, 0x5BCD, 0x5BAD,
  0x538C, 0x536C, 0x4B2B, 0x430B, 0x4B2B, 0x430B, 0x430B, 0x4B4B, 0x4B2B, 0x430A, 0x4B2B, 0x4B2B,
  0x39E8, 0x39E8, 0x39C7, 0x39C7, 0x3186, 0x20E4, 0x2124, 0x2945, 0x2944, 0x20C3, 0x20C3, 0x20E3,
  0x1082, 0x1082, 0x18C3, 0x18A3, 0x0861, 0x1082, 0x10A2, 0x10A2, 0x1082, 0x1082, 0x10A2, 0x1082,
  0x0861, 0x1082, 0x1082, 0x1082, 0x0861, 0x0841, 0x0020, 0x0020, 0x0820, 0x0840, 0x0841, 0x1082,
  0x1061, 0x1061, 0x18A2, 0x1041, 0x1881, 0x3102, 0x4143, 0x51A4, 0x7267, 0x82E8, 0x8B08, 0x9329,
  0x8B08, 0x9349, 0x9B69, 0x9B6A, 0x9B8A, 0x9B8A, 0x9BAA, 0xA3AA, 0x9B8A, 0x9B8A, 0x9BAA, 0xA3AA,
  0xA3CB, 0xA3CB, 0xA3CB, 0xA3CB, 0xABEB, 0xABEB, 0xABEB, 0xABEB, 0xABEB, 0xAC0B, 0xAC0C, 0xAC0C,
  0xAC0C, 0xAC2C, 0xAC2C, 0xAC2C, 0xAC2C, 0xAC2C, 0xAC2C, 0xAC2C, 0xAC2D, 0xB44D, 0xB44D, 0xB44D,
  0xB44D, 0xB44D, 0xB44D, 0xB46D, 0xB46D, 0xB46E, 0xBC6E, 0xBC8E, 0xBC8E, 0xBC8E, 0xBC8E, 0xBC8E,
  0xBC6E, 0xBC8E, 0xBC8E, 0xBC8E, 0xBC8E, 0xBC8E, 0xBC8E, 0xBC8E, 0xBCAF, 0xBCAF, 0xBCAF, 0xBCAF,
  0xBCAF, 0xBCAF, 0xBCAF, 0xBCAF, 0xC4AF, 0xC4AF, 0xC4AF, 0xBCAF, 0xBCAF, 0xBC8F, 0xBC8F, 0xBC8F,
  0xB44E, 0xB46E, 0xB46E, 0xBC6E, 0xBC6E, 0xBC6E, 0xBC8E, 0xBC8E, 0xB44D, 0xB46E, 0xA3EC, 0xA3CB,
  0xB46E, 0xBC8E, 0xB42D, 0xAC2D, 0xA3EC, 0x9B8B, 0x9B8B, 0xA3EC, 0xAC0D, 0xA3CC, 0xA3AB, 0xABEC,
  0xAC0D, 0xA3AC, 0xA3CC, 0xABED, 0xA3CC, 0x934A, 0x8B09, 0x82C8, 0x6A06, 0x6A27, 0x6206, 0x5185,
  0x4964, 0x49A5, 0x41A5, 0x4165, 0x3124, 0x2924, 0x2904, 0x2103, 0x18C3, 0x18A2, 0x1082, 0x0862,
  0x0841, 0x1062, 0x1062, 0x0862, 0x0862, 0x1082, 0x0862, 0x0041, 0x0862, 0x0862, 0x0862, 0x0862,
  0x1062, 0x1082, 0x1082, 0x1062, 0x0862, 0x1062, 0x1082, 0x1083, 0x10A3, 0x10A3, 0x1082, 0x1082,
  0x1082, 0x1083, 0x1083, 0x10A3, 0x10A3, 0x10A3, 0x10A3, 0x10A3, 0x10A3, 0x18C3, 0x18C4, 0x18A3,
  0x18C3, 0x20E4, 0x2104, 0x2104, 0x2124, 0x2945, 0x2986, 0x39E8, 0x52CB, 0x636D, 0x6BCF, 0x8CD3,
  0x9514, 0x7C30, 0x7430, 0x7C91, 0x6C30, 0x63CE, 0x6C30, 0x6C2F, 0x6C2E, 0x640E, 0x5BCD, 0x5BAC,
  0x536C, 0x4B4B, 0x4B2B, 0x4B2B, 0x4B4B, 0x538C, 0x4B6C, 0x4B2B, 0x432B, 0x430A, 0x432B, 0x4B2B,
  0x39E8, 0x39E8, 0x39C7, 0x39C7, 0x2965, 0x2104, 0x2944, 0x3165, 0x2924, 0x18C2, 0x18C2, 0x20C3,
  0x1082, 0x1082, 0x18C3, 0x18A2, 0x0861, 0x1082, 0x10A2, 0x1082, 0x1082, 0x1082, 0x1082, 0x1082,
  0x0861, 0x1082, 0x1082, 0x1082, 0x0861, 0x0841, 0x0020, 0x0020, 0x0840, 0x0820, 0x0841, 0x1041,
  0x1082, 0x1882, 0x1882, 0x1861, 0x28A1, 0x3923, 0x51C5, 0x6A46, 0x7AC8, 0x8B09, 0x8B08, 0x8B08,
  0x9329, 0x9349, 0x9B6A, 0x9B8A, 0x9B8A, 0x9BAA, 0x9BAA, 0x9BAA, 0x9B8A, 0x9BAA, 0x9BAA, 0xA3CB,
  0xA3CB, 0xA3CB, 0xA3CB, 0xABEB, 0xABEB, 0xABEB, 0xABEB, 0xABEB, 0xAC0B, 0xAC0C, 0xAC0C, 0xAC0C,
  0xAC2C, 0xAC2C, 0xAC2C, 0xAC2C, 0xAC2C, 0xAC2C, 0xAC2C, 0xAC2D, 0xB42D, 0xB44D, 0xB44D, 0xB44D,
  0xB44D, 0xB44D, 0xB46D, 0xB46D, 0xB46D, 0xB46E, 0xBC8E, 0xBC8E, 0xBC8E, 0xBC8E, 0xBC8E, 0xBC8E,
  0xBC8E, 0xBC8E, 0xBC8E, 0xBC8E, 0xBC8E, 0xBC8E, 0xBC8E, 0xBCAF, 0xBCAF, 0xBCAF, 0xBCAF, 0xBCAF,
  0xBCAF, 0xBCAF, 0xBCAF, 0xBCAF, 0xC4AF, 0xC4AF, 0xC4AF, 0xC4AF, 0xBCAF, 0xBC8F, 0xBC8F, 0xBC8F,
  0xBC6F, 0xBC6F, 0xBC6E, 0xBC6E, 0xBC6E, 0xBC6E, 0xBC8E, 0xBC8E, 0xBC6E, 0xBC8E, 0xB46E, 0xABEC,
  0xA3EC, 0xB44D, 0xBC8E, 0xB44D, 0xB44D, 0xAC0D, 0x9BAB, 0x9B8A, 0xA3CC, 0xAC0D, 0xABEC, 0x9B8B,
  0xA3CC, 0xB42E, 0xAC2D, 0xA3CC, 0xA3EC, 0xA3EC, 0x936A, 0x82E9, 0x7AA8, 0x6A26, 0x6A27, 0x6227,
  0x5185, 0x4164, 0x49A5, 0x4185, 0x3965, 0x3144, 0x2923, 0x2904, 0x2924, 0x2104, 0x18C2, 0x1082,
  0x0861, 0x0862, 0x1062, 0x1062, 0x0862, 0x0841, 0x0862, 0x0882, 0x1062, 0x0862, 0x0842, 0x0841,
  0x0842, 0x0862, 0x1062, 0x1082, 0x1082, 0x1082, 0x1082, 0x1082, 0x1082, 0x1082, 0x1083, 0x1083,
  0x1083, 0x1083, 0x1083, 0x10A3, 0x10A3, 0x10A3, 0x10A3, 0x10A3, 0x10A3, 0x18C3, 0x18C4, 0x18C3,
  0x18C3, 0x18C3, 0x20E4, 0x2105, 0x2104, 0x2945, 0x31A6, 0x3A28, 0x52EC, 0x634D, 0x5B2C, 0x638E,
  0x8451, 0x9514, 0x8CD3, 0x7410, 0x63AE, 0x63EF, 0x6C50, 0x6C2F, 0x6C2E, 0x5BAC, 0x4B4B, 0x536B,
  0x4B4B, 0x4B4B, 0x536C, 0x538C, 0x538C, 0x4B4B, 0x430A, 0x4B4B, 0x538C, 0x4B4B, 0x4B2B, 0x53AD,
  0x39E8, 0x39E8, 0x39C7, 0x39C7, 0x2124, 0x2104, 0x2944, 0x2945, 0x20E3, 0x18C2, 0x18C2, 0x18C2,
  0x1082, 0x18A2, 0x18C3, 0x1082, 0x0861, 0x10A2, 0x1082, 0x1082, 0x10A2, 0x1082, 0x0861, 0x0861,
  0x0861, 0x0861, 0x1062, 0x0861, 0x0841, 0x0820, 0x0020, 0x0820, 0x0841, 0x0841, 0x1041, 0x1041,
  0x1881, 0x1882, 0x1840, 0x20A1, 0x3923, 0x4964, 0x6226, 0x7AC8, 0x82E9, 0x8B09, 0x9329, 0x9329,
  0x9349, 0x9B69, 0x9B8A, 0x9B8A, 0x9B8A, 0x9BAA, 0x9BAA, 0x9BAA, 0x9B8A, 0x9BAA, 0xA3CB, 0xA3CB,
  0xA3CB, 0xA3CB, 0xA3EB, 0xAC0C, 0xAC0C, 0xAC0C, 0xAC0C, 0xAC0C, 0xAC0C, 0xAC0C, 0xAC2C, 0xAC0C,
  0xAC2C, 0xAC2C, 0xAC2C, 0xAC2C, 0xAC2C, 0xAC2D, 0xB42D, 0xB42D, 0xB44D, 0xB44D, 0xB44D, 0xB44D,
  0xB44D, 0xB46D, 0xB46D, 0xB46D, 0xB46E, 0xBC6E, 0xBC8E, 0xBC8E, 0xBC8E, 0xBC8E, 0xBC8E, 0xBC8E,
  0xBC8E, 0xBC8E, 0xBC8E, 0xBC8E, 0xBC8E, 0xBC8E, 0xBCAF, 0xBCAF, 0xC4AF, 0xC4AF, 0xC4AF, 0xC4AF,
  0xC4AF, 0xC4AF, 0xC4AF, 0xC4AF, 0xC4D0, 0xC4D0, 0xC4D0, 0xC4AF, 0xC4B0, 0xBCAF, 0xBC8F, 0xBC8F,
  0xBC8F, 0xBC8F, 0xBC6E, 0xBC6E, 0xBC6E, 0xBC6E, 0xBC6E, 0xBC6E, 0xBC8E, 0xB46E, 0xBC6E, 0xB46E,
  0xA3EC, 0xA3EC, 0xB46E, 0xBC8E, 0xB44D, 0xB44D, 0xAC0D, 0xA3CB, 0x9BAB, 0xA3CC, 0xAC0C, 0xAC0D,
  0xA3AB, 0x9B8B, 0xA3EC, 0xAC2D, 0xA3EC, 0xA3CC, 0x9BAB, 0x934A, 0x8B2A, 0x7A88, 0x6A26, 0x6206,
  0x59E6, 0x51A5, 0x4184, 0x4185, 0x3965, 0x3944, 0x3144, 0x3124, 0x2924, 0x2904, 0x20E3, 0x18C3,
  0x18A2, 0x1062, 0x0841, 0x1062, 0x1062, 0x0861, 0x0862, 0x0862, 0x0862, 0x0862, 0x0842, 0x0862,
  0x0862, 0x0862, 0x0862, 0x0862, 0x1082, 0x1082, 0x1082, 0x1082, 0x1082, 0x1082, 0x1083, 0x1083,
  0x1083, 0x1083, 0x10A3, 0x10A3, 0x10A3, 0x10A3, 0x10A3, 0x10A3, 0x18A3, 0x18A3, 0x18C3, 0x18E4,
  0x18C3, 0x10A3, 0x18E4, 0x2125, 0x2945, 0x2966, 0x31C7, 0x3A28, 0x4AAB, 0x5B0C, 0x5B0C, 0x5B4D,
  0x5B4D, 0x5B4D, 0x8471, 0x9D54, 0x7C71, 0x6BEF, 0x6C50, 0x63EF, 0x5BCD, 0x538C, 0x4B2B, 0x430A,
  0x4B4B, 0x5BAD, 0x5BAD, 0x538C, 0x4B2B, 0x4B2B, 0x42EA, 0x4B4B, 0x536C, 0x5BCD, 0x7490, 0x7470,
  0x39E8, 0x39E8, 0x39E8, 0x39C7, 0x2104, 0x2944, 0x3165, 0x3165, 0x20C3, 0x18C2, 0x18C2, 0x18A2,
  0x1082, 0x18A3, 0x18A3, 0x0841, 0x1082, 0x10A2, 0x10A2, 0x10A2, 0x10A2, 0x1082, 0x0861, 0x0861,
  0x0861, 0x0861, 0x1061, 0x0841, 0x0020, 0x0000, 0x0020, 0x0841, 0x0841, 0x1041, 0x1061, 0x1041,
  0x1861, 0x1861, 0x2081, 0x3102, 0x4984, 0x59E5, 0x7287, 0x82E8, 0x8B09, 0x8B08, 0x9329, 0x9329,
  0x9369, 0x9B6A, 0x9B8A, 0x9B8A, 0x9BAA, 0x9BAA, 0x9BAA, 0x9B8A, 0x9BAA, 0x9BCB, 0xA3CB, 0xA3EB,
  0xA3EB, 0xA3EB, 0xABEC, 0xAC0C, 0xAC0C, 0xAC0C, 0xAC0C, 0xAC0C, 0xAC0C, 0xAC0C, 0xAC0C, 0xAC2C,
  0xAC2D, 0xAC2D, 0xAC2D, 0xAC2D, 0xAC2D, 0xB42D, 0xB44D, 0xB44D, 0xB44D, 0xB44D, 0xB44D, 0xB44D,
  0xB44D, 0xB46D, 0xB46D, 0xB46D, 0xBC6E, 0xBC6E, 0xBC8E, 0xBC8E, 0xBC8E, 0xBC8E, 0xBC8E, 0xBC8E,
  0xBC8E, 0xBC8E, 0xBC8E, 0xBC8E, 0xBC8E, 0xBCAF, 0xBCAF, 0xBCAF, 0xC4CF, 0xC4CF, 0xC4AF, 0xC4AF,
  0xC4D0, 0xC4D0, 0xC4D0, 0xC4AF, 0xC4D0, 0xC4D0, 0xC4D0, 0xC4D0, 0xC4B0, 0xC4B0, 0xBCAF, 0xBCAF,
  0xBC8F, 0xBC8F, 0xBC8F, 0xBC6E, 0xBC8E, 0xBC8E, 0xBC8E, 0xBC8E, 0xBC8E, 0xB44D, 0xB44D, 0xBC8E,
  0xBC6E, 0xAC0C, 0xABEC, 0xB46E, 0xBC8E, 0xB46E, 0xB44E, 0xAC2D, 0xA3EC, 0x9B8B, 0x9BAB, 0xAC0C,
  0xAC0C, 0xA3CC, 0x9BAB, 0x9BAB, 0xA3EC, 0xAC0C, 0x9BAB, 0x936A, 0x8B2A, 0x8B0A, 0x7267, 0x61E6,
  0x6227, 0x5A07, 0x49A5, 0x4184, 0x3985, 0x3965, 0x3144, 0x3124, 0x3124, 0x2924, 0x2103, 0x20E3,
  0x20C3, 0x18A3, 0x1082, 0x1062, 0x1062, 0x1062, 0x0862, 0x0841, 0x0842, 0x0842, 0x0862, 0x0862,
  0x0862, 0x0862, 0x0842, 0x0841, 0x0862, 0x1062, 0x1082, 0x1082, 0x1083, 0x1083, 0x1083, 0x1083,
  0x1083, 0x1083, 0x10A3, 0x1083, 0x1083, 0x10A3, 0x10A3, 0x10A3, 0x18A3, 0x18A3, 0x18C3, 0x18C4,
  0x18A3, 0x10A3, 0x18C3, 0x2105, 0x2104, 0x2945, 0x31A7, 0x3A08, 0x4A6A, 0x52EB, 0x634D, 0x636E,
  0x52EB, 0x52EB, 0x5B2C, 0x7C51, 0x9534, 0x8CF3, 0x6C2F, 0x5BAD, 0x6C2F, 0x640E, 0x536C, 0x4B2B,
  0x5BAD, 0x63EE, 0x538C, 0x536C, 0x4B4B, 0x4B2B, 0x430A, 0x4B4B, 0x7470, 0x8D53, 0x84F2, 0x7CB1,
  0x4209, 0x4229, 0x3A08, 0x31A6, 0x2104, 0x2945, 0x2965, 0x2924, 0x18C2, 0x18C2, 0x18C2, 0x18A2,
  0x1082, 0x18A2, 0x1082, 0x0841, 0x1082, 0x1082, 0x10A2, 0x18C3, 0x1082, 0x0861, 0x0861, 0x0861,
  0x0861, 0x0861, 0x0841, 0x0841, 0x0000, 0x0000, 0x0820, 0x0841, 0x0841, 0x1061, 0x1041, 0x1881,
  0x2081, 0x2081, 0x3903, 0x4964, 0x51A5, 0x6A67, 0x7AC8, 0x82E9, 0x8B29, 0x8B09, 0x8B09, 0x9329,
  0x9B69, 0x9B6A, 0x9B8A, 0x9B8A, 0x9BAA, 0x9BAA, 0x9B8A, 0x9B8A, 0xA3CB, 0xA3CB, 0xA3CB, 0xA3EB,
  0xABEC, 0xAC0C, 0xAC0C, 0xAC0C, 0xAC0C, 0xAC0C, 0xAC0C, 0xAC0C, 0xAC0C, 0xAC0C, 0xAC2C, 0xAC2C,
  0xB42D, 0xB42D, 0xB42D, 0xB42D, 0xB42D, 0xB44D, 0xB44D, 0xB44D, 0xB44D, 0xB44D, 0xB44D, 0xB44D,
  0xB44D, 0xB46D, 0xB46D, 0xB46D, 0xBC6E, 0xBC8E, 0xBC8E, 0xBC8E, 0xBC8E, 0xBC8E, 0xBC8E, 0xBCAF,
  0xBCAF, 0xBCAF, 0xBC8F, 0xBCAF, 0xBCAF, 0xBCAF, 0xC4AF, 0xC4AF, 0xC4D0, 0xC4D0, 0xC4D0, 0xC4D0,
  0xC4D0, 0xC4D0, 0xC4D0, 0xC4D0, 0xC4D0, 0xC4D0, 0xC4D0, 0xC4AF, 0xC4B0, 0xC4B0, 0xC4B0, 0xC4B0,
  0xBCAF, 0xBC8F, 0xBC8F, 0xBC8F, 0xBC8E, 0xBC8F, 0xBC8E, 0xBC8E, 0xBC6E, 0xBC8F, 0xB46E, 0xBC6E,
  0xBC8F, 0xB44E, 0xABEC, 0xAC0C, 0xB44D, 0xB46E, 0xB46E, 0xB44D, 0xAC2D, 0xA3EC, 0xA3CB, 0x9BAB,
  0xAC0C, 0xAC0D, 0xA3CB, 0x9B8A, 0x9B8A, 0xA3CB, 0xA3CB, 0xA3AB, 0x9329, 0x8B09, 0x8309, 0x7AA8,
  0x6226, 0x6227, 0x5A06, 0x4984, 0x41A5, 0x3964, 0x3123, 0x3124, 0x3144, 0x3164, 0x3144, 0x2924,
  0x20E3, 0x20E4, 0x20E3, 0x18A3, 0x1062, 0x0841, 0x0861, 0x0861, 0x0862, 0x0862, 0x0841, 0x0841,
  0x0841, 0x0841, 0x0862, 0x0862, 0x0842, 0x0862, 0x0862, 0x1082, 0x1082, 0x1083, 0x10A3, 0x10A3,
  0x1082, 0x1082, 0x1082, 0x1082, 0x1082, 0x1083, 0x10A3, 0x10A3, 0x10A3, 0x18A3, 0x18A3, 0x18A3,
  0x10A3, 0x18A3, 0x18E3, 0x18E4, 0x2104, 0x2104, 0x2145, 0x31A7, 0x3A08, 0x4A6A, 0x52CB, 0x5B0C,
  0x5B2C, 0x52EC, 0x52CB, 0x530C, 0x6BEF, 0x8D13, 0x9534, 0x7430, 0x640E, 0x6C2F, 0x63CE, 0x538C,
  0x538C, 0x5B8D, 0x536C, 0x4B4B, 0x4B4B, 0x536C, 0x5BAC, 0x7CB1, 0x8D32, 0x7CB1, 0x7CD1, 0x7CB0,
  0x4229, 0x4229, 0x39E8, 0x2945, 0x18E3, 0x2944, 0x2944, 0x18C3, 0x18C2, 0x18C2, 0x18C2, 0x18A2,
  0x18A2, 0x1082, 0x1062, 0x0841, 0x1082, 0x1082, 0x18C3, 0x10A2, 0x0861, 0x0841, 0x0861, 0x0841,
  0x0841, 0x0861, 0x0841, 0x0820, 0x0000, 0x0020, 0x0841, 0x0841, 0x1062, 0x1061, 0x1041, 0x1881,
  0x2081, 0x28A1, 0x4143, 0x5184, 0x6206, 0x7AA8, 0x8309, 0x8B09, 0x8B29, 0x8B29, 0x8B29, 0x9349,
  0x9B69, 0x9B6A, 0x9B8A, 0x9B8A, 0x9B8A, 0x9B8A, 0x9B8A, 0x9BAA, 0xA3CB, 0xA3CB, 0xA3CB, 0xABEB,
  0xAC0C, 0xAC0C, 0xAC0C, 0xAC0C, 0xAC0C, 0xAC0C, 0xAC0C, 0xAC0C, 0xAC0C, 0xAC2C, 0xAC2C, 0xAC2C,
  0xB42D, 0xB44D, 0xB44D, 0xB44D, 0xB44D, 0xB44D, 0xB44D, 0xB44D, 0xB44D, 0xB44D, 0xB44D, 0xB44D,
  0xB44D, 0xB46D, 0xB46D, 0xB46D, 0xBC8E, 0xBC8E, 0xBC8E, 0xBC8E, 0xBC8E, 0xBC8E, 0xBC8E, 0xBCAF,
  0xBCAF, 0xBCAF, 0xBCAF, 0xBCAF, 0xBCAF, 0xC4AF, 0xC4CF, 0xC4CF, 0xC4D0, 0xC4D0, 0xC4D0, 0xC4D0,
  0xC4D0, 0xC4D0, 0xC4D0, 0xC4D0, 0xC4D0, 0xC4D0, 0xC4D0, 0xC4AF, 0xC4B0, 0xC4B0, 0xC4B0, 0xC4B0,
  0xBCAF, 0xBC8F, 0xBC8F, 0xBC8F, 0xBC8F, 0xBCAF, 0xBC8E, 0xBC8E, 0xBC8F, 0xBC8F, 0xBC8F, 0xBC6E,
  0xB46E, 0xBC8E, 0xB44D, 0xAC0C, 0xA3EC, 0xAC2D, 0xB46E, 0xBC6E, 0xB46D, 0xB44D, 0xAC2C, 0xAC0C,
  0xA3EB, 0x9B8A, 0xA3CB, 0xABEC, 0x9B8A, 0x9369, 0x9BAA, 0xA3AB, 0x9B8B, 0x8B09, 0x8B09, 0x82E9,
  0x6A47, 0x6226, 0x6226, 0x51C5, 0x49A5, 0x4165, 0x3944, 0x3123, 0x3144, 0x3144, 0x3144, 0x3144,
  0x2924, 0x2904, 0x20E3, 0x20E3, 0x18A2, 0x1062, 0x0861, 0x0862, 0x0862, 0x0862, 0x0862, 0x0842,
  0x0842, 0x0842, 0x0862, 0x0862, 0x0862, 0x0862, 0x0862, 0x0862, 0x0862, 0x1082, 0x1083, 0x10A3,
  0x1082, 0x1082, 0x1082, 0x1082, 0x1082, 0x1082, 0x10A3, 0x10A3, 0x10A3, 0x10A3, 0x10A3, 0x10A3,
  0x10A3, 0x18C3, 0x18C3, 0x18C3, 0x2104, 0x2104, 0x2124, 0x2966, 0x31A7, 0x39E8, 0x4A8A, 0x5AEC,
  0x52EC, 0x52EC, 0x52EB, 0x52EC, 0x532C, 0x63AE, 0x84B2, 0x9554, 0x7CB1, 0x6C0F, 0x5BAD, 0x536C,
  0x4B2B, 0x536C, 0x5BAD, 0x5BAD, 0x640E, 0x640E, 0x8D32, 0x9574, 0x7490, 0x6C4F, 0x7490, 0x7490,
  0x3A08, 0x39E8, 0x39E7, 0x1904, 0x2104, 0x2965, 0x3165, 0x18C3, 0x18C2, 0x18C2, 0x18A2, 0x18A2,
  0x18A2, 0x1062, 0x0841, 0x0841, 0x1082, 0x10A2, 0x10A2, 0x1082, 0x0861, 0x0841, 0x0861, 0x0841,
  0x0841, 0x0841, 0x0821, 0x0020, 0x0020, 0x0020, 0x0841, 0x0861, 0x1882, 0x1061, 0x1861, 0x2081,
  0x28A1, 0x30E2, 0x4964, 0x59C5, 0x7288, 0x82E9, 0x8B09, 0x8B09, 0x8B29, 0x8B29, 0x9349, 0x936A,
  0x9B49, 0x9B6A, 0x9B8A, 0x9B8A, 0x9B8A, 0x9B8A, 0x9BAA, 0xA3CB, 0xA3CB, 0xA3CB, 0xA3EB, 0xABEC,
  0xAC0C, 0xAC0C, 0xAC0C, 0xABEC, 0xAC0C, 0xAC0C, 0xAC0C, 0xAC0C, 0xAC0D, 0xAC0D, 0xB42D, 0xB42D,
  0xB42D, 0xB44D, 0xB44D, 0xB44D, 0xB44D, 0xB44D, 0xB44D, 0xB44D, 0xB44D, 0xB44D, 0xB44D, 0xB44D,
  0xB44D, 0xB46D, 0xB46D, 0xBC6E, 0xBC8E, 0xBC8E, 0xBC8E, 0xBC8E, 0xBC8E, 0xBC8E, 0xBCAF, 0xBCAF,
  0xBCAF, 0xBCAF, 0xBCAF, 0xBCAF, 0xC4AF, 0xC4D0, 0xC4D0, 0xC4AF, 0xC4D0, 0xC4D0, 0xC4D0, 0xC4D0,
  0xC4D0, 0xC4D0, 0xC4D0, 0xC4D0, 0xC4D0, 0xC4D0, 0xC4D0, 0xC4D0, 0xC4AF, 0xC4AF, 0xBCAF, 0xBCAF,
  0xBCAF, 0xBCAF, 0xBCAF, 0xBCAF, 0xBCAF, 0xBCAF, 0xBCAF, 0xBC8E, 0xBCAF, 0xB46E, 0xBC8E, 0xBC8F,
  0xB46E, 0xB46E, 0xBC8E, 0xB46E, 0xB44D, 0xAC2D, 0xB42D, 0xB44D, 0xBC8E, 0xBC6E, 0xB44D, 0xAC2C,
  0xAC0C, 0xAC0C, 0xA3CB, 0xA3CB, 0xAC0C, 0xABEB, 0x9B8A, 0x9B69, 0xA3AB, 0x934A, 0x8AE8, 0x82E8,
  0x7AA8, 0x6A67, 0x6226, 0x5A26, 0x49A5, 0x49A5, 0x4185, 0x3944, 0x3124, 0x2923, 0x2924, 0x3124,
  0x2924, 0x2904, 0x20C3, 0x20C3, 0x18C3, 0x18A3, 0x1082, 0x0861, 0x0842, 0x0862, 0x0862, 0x1062,
  0x0862, 0x0862, 0x0862, 0x0862, 0x0862, 0x0862, 0x0842, 0x0842, 0x0842, 0x0862, 0x1082, 0x1082,
  0x1083, 0x1083, 0x1083, 0x1082, 0x1082, 0x1082, 0x1083, 0x1083, 0x1083, 0x10A3, 0x10A2, 0x10A2,
  0x10A3, 0x18C3, 0x18C3, 0x18C3, 0x10A3, 0x18E4, 0x2125, 0x3186, 0x31C7, 0x3A08, 0x52CB, 0x632D,
  0x634D, 0x5B0C, 0x52CB, 0x530C, 0x530B, 0x4AEB, 0x5B6D, 0x7450, 0x9D95, 0x7CB1, 0x5BCD, 0x538C,
  0x5B8D, 0x5BAD, 0x640E, 0x7450, 0x746F, 0x7CB1, 0x744F, 0x6C4F, 0x7490, 0x7CB0, 0x746F, 0x5B8C,
  0x4A4A, 0x4249, 0x4228, 0x2104, 0x2945, 0x3186, 0x3185, 0x18C2, 0x18C2, 0x18A2, 0x18A2, 0x18A2,
  0x18A2, 0x1061, 0x0841, 0x1062, 0x0882, 0x10C2, 0x10A2, 0x0861, 0x0861, 0x0861, 0x0841, 0x0841,
  0x0841, 0x0841, 0x0820, 0x0020, 0x0020, 0x0821, 0x0841, 0x1061, 0x1062, 0x1061, 0x20A2, 0x20A2,
  0x28C2, 0x4144, 0x51A5, 0x6A47, 0x7AC8, 0x82E8, 0x8B09, 0x8B29, 0x8B29, 0x8B29, 0x8B4A, 0x936A,
  0x9B49, 0x9B69, 0x9B8A, 0x9B8A, 0x9B8A, 0x9B8A, 0xA3AA, 0xA3CB, 0xA3CB, 0xA3EB, 0xABEC, 0xABEC,
  0xABEC, 0xABEC, 0xABEC, 0xAC0C, 0xAC0C, 0xAC0C, 0xAC0C, 0xAC0D, 0xAC0D, 0xB42D, 0xB42D, 0xB42D,
  0xB42D, 0xB44D, 0xB44D, 0xB44D, 0xB44D, 0xB44D, 0xB44D, 0xB44D, 0xB44D, 0xB44D, 0xB46D, 0xB46D,
  0xB44D, 0xB46D, 0xB46E, 0xBC8E, 0xBC8E, 0xBC8E, 0xBC8E, 0xBC8E, 0xBC8E, 0xBC8E, 0xBCAF, 0xBCAF,
  0xBCAF, 0xBCAF, 0xBCAF, 0xBCAF, 0xC4D0, 0xC4D0, 0xC4D0, 0xC4AF, 0xC4D0, 0xC4D0, 0xC4D0, 0xC4D0,
  0xC4F0, 0xC4D0, 0xC4D0, 0xC4D0, 0xC4D0, 0xC4D0, 0xC4D0, 0xC4D0, 0xC4AF, 0xC4AF, 0xBCAF, 0xBCAF,
  0xC4AF, 0xBCAF, 0xBCAF, 0xBCAF, 0xBCAF, 0xBCAF, 0xBCAF, 0xBC8E, 0xBC8F, 0xBC8E, 0xBC8F, 0xBC8F,
  0xBC6E, 0xBC6E, 0xBC8E, 0xB46E, 0xB44D, 0xB44D, 0xAC2D, 0xAC0C, 0xAC2C, 0xB44D, 0xB46D, 0xAC2C,
  0xAC0C, 0xABEB, 0xABEB, 0xA3CB, 0xA3AA, 0xABEB, 0xABEC, 0xA3AB, 0x9B49, 0x9B6A, 0x936A, 0x8B09,
  0x82E8, 0x72A8, 0x6A66, 0x6226, 0x5207, 0x51E6, 0x41A5, 0x3985, 0x3964, 0x3144, 0x2924, 0x2903,
  0x2903, 0x2904, 0x20E3, 0x20C3, 0x18C3, 0x18C3, 0x18C3, 0x1082, 0x1082, 0x1062, 0x0862, 0x0862,
  0x0862, 0x0862, 0x0862, 0x1062, 0x0862, 0x0862, 0x0862, 0x0862, 0x0862, 0x0862, 0x0862, 0x0862,
  0x10A3, 0x10A3, 0x10A3, 0x1083, 0x1082, 0x1082, 0x1082, 0x1082, 0x1082, 0x1083, 0x10A2, 0x10A3,
  0x10A3, 0x10A3, 0x18C3, 0x18C3, 0x18E3, 0x2124, 0x2124, 0x2945, 0x31A7, 0x4229, 0x52CB, 0x5B0C,
  0x5AEC, 0x5B0C, 0x52EB, 0x52EB, 0x530C, 0x532C, 0x534C, 0x532C, 0x5BCE, 0x8D33, 0x8D33, 0x640E,
  0x5BCD, 0x6C2F, 0x7470, 0x7490, 0x6C4F, 0x6C4F, 0x6C0E, 0x7470, 0x8D32, 0x8D32, 0x7490, 0x63ED,
  0x4A8A, 0x4A6A, 0x39E7, 0x2104, 0x2944, 0x39A6, 0x2924, 0x18C2, 0x20C3, 0x1881, 0x18A2, 0x18A2,
  0x1082, 0x1061, 0x0841, 0x10A3, 0x0862, 0x10A3, 0x1082, 0x0861, 0x0841, 0x0841, 0x0841, 0x0841,
  0x0841, 0x0841, 0x0021, 0x0821, 0x0820, 0x1021, 0x1041, 0x1861, 0x1882, 0x2082, 0x2081, 0x2881,
  0x4143, 0x4943, 0x61C4, 0x7A87, 0x82E8, 0x8B08, 0x8B29, 0x8B09, 0x8B09, 0x8B29, 0x9349, 0x936A,
  0x9B69, 0x9B6A, 0x9BAA, 0x9BAA, 0x9B8A, 0x9BAA, 0xA3CB, 0xA3CB, 0xA3EB, 0xA3EB, 0xA3EB, 0xA3EC,
  0xAC0C, 0xAC0C, 0xAC0C, 0xAC0C, 0xAC0C, 0xAC0C, 0xAC2C, 0xAC2C, 0xAC2C, 0xAC2C, 0xAC2D, 0xAC2D,
  0xB44D, 0xB44D, 0xB44D, 0xB44D, 0xB44D, 0xB44D, 0xB46D, 0xB46D, 0xB46E, 0xB46E, 0xB46E, 0xB46E,
  0xB46E, 0xB46E, 0xBC6E, 0xBC8E, 0xBC8E, 0xBC8E, 0xBC8F, 0xBC8E, 0xBC8F, 0xBCAF, 0xBCAF, 0xBCAF,
  0xBCAF, 0xBCAF, 0xBCAF, 0xC4CF, 0xC4D0, 0xC4D0, 0xC4D0, 0xC4D0, 0xC4D0, 0xC4D0, 0xC4D0, 0xC4D0,
  0xC4F0, 0xC4F0, 0xC4F0, 0xC4F0, 0xC4F0, 0xC4D0, 0xC4D0, 0xC4D0, 0xC4D0, 0xC4D0, 0xC4D0, 0xC4AF,
  0xBC8F, 0xBC8F, 0xBC8F, 0xBC8F, 0xBC8F, 0xBC8F, 0xBC8F, 0xBC8F, 0xBC8F, 0xBC8F, 0xBC8F, 0xBC8E,
  0xBC8E, 0xBC8E, 0xBC8F, 0xBC6E, 0xB44E, 0xB46E, 0xB44E, 0xAC2D, 0xAC0C, 0xAC0C, 0xAC2D, 0xB44D,
  0xAC2D, 0xAC2C, 0xA3EC, 0xA3CB, 0xA3CB, 0xA3CB, 0xA3CB, 0xA3CB, 0x9BAB, 0x936A, 0x934A, 0x936A,
  0x8B29, 0x82E8, 0x7AA7, 0x7266, 0x5A06, 0x59E6, 0x51C5, 0x4164, 0x3943, 0x3944, 0x3944, 0x3104,
  0x2904, 0x28E3, 0x20E3, 0x20C3, 0x20E3, 0x20E3, 0x18C2, 0x18A2, 0x1083, 0x1082, 0x1082, 0x1062,
  0x0862, 0x0862, 0x1062, 0x1082, 0x0862, 0x0862, 0x0862, 0x0862, 0x0862, 0x0862, 0x0862, 0x0862,
  0x0862, 0x0882, 0x1082, 0x10A3, 0x10A3, 0x10A3, 0x10A3, 0x10A3, 0x10A3, 0x1083, 0x10A3, 0x10A3,
  0x10A3, 0x10A3, 0x18C3, 0x18C4, 0x18E4, 0x20E4, 0x20E4, 0x2105, 0x2966, 0x4208, 0x4A8A, 0x5ACC,
  0x5B0C, 0x5B0C, 0x5B2C, 0x52CB, 0x5B0C, 0x52EC, 0x530C, 0x52EC, 0x4B0C, 0x534C, 0x8492, 0x9D55,
  0x7C71, 0x7430, 0x8CD2, 0x8CD1, 0x8CF1, 0x9552, 0x9D92, 0xA5B3, 0x9D93, 0x9574, 0x7CB1, 0x7450,
  0x4A49, 0x4249, 0x31A6, 0x2104, 0x2945, 0x3186, 0x2103, 0x18C2, 0x20C2, 0x1881, 0x18A2, 0x18A2,
  0x1082, 0x1061, 0x0861, 0x10A2, 0x0862, 0x10A2, 0x1082, 0x0841, 0x0841, 0x0841, 0x0841, 0x0841,
  0x0841, 0x0021, 0x0020, 0x0820, 0x0841, 0x1041, 0x1861, 0x1882, 0x1881, 0x20A2, 0x2081, 0x3902,
  0x4963, 0x5184, 0x6A46, 0x7AA7, 0x82E8, 0x8B08, 0x8B09, 0x8B09, 0x8B29, 0x9349, 0x9349, 0x936A,
  0x9B6A, 0x9B8A, 0x9B8A, 0x9B8A, 0x9B8A, 0x9BAA, 0xA3CB, 0xA3CB, 0xA3EB, 0xA3EB, 0xA3EB, 0xABEC,
  0xAC0C, 0xAC0C, 0xAC0C, 0xAC0C, 0xAC0C, 0xAC0C, 0xAC2C, 0xAC2C, 0xAC2D, 0xAC2D, 0xB42D, 0xB42D,
  0xB44D, 0xB44D, 0xB44D, 0xB44D, 0xB44D, 0xB44D, 0xB46D, 0xB46D, 0xB46E, 0xB46E, 0xB46E, 0xB46E,
  0xB46E, 0xBC6E, 0xBC8E, 0xBC8E, 0xBC8E, 0xBC8F, 0xBC8F, 0xBC8F, 0xBC8F, 0xBCAF, 0xC4AF, 0xC4AF,
  0xBCAF, 0xBCAF, 0xC4CF, 0xC4CF, 0xC4D0, 0xC4D0, 0xC4D0, 0xC4D0, 0xC4D0, 0xC4D0, 0xC4D0, 0xC4F0,
  0xC4F0, 0xC4F0, 0xC4F0, 0xC4F0, 0xC4F0, 0xC4D0, 0xC4D0, 0xC4D0, 0xC4D0, 0xC4D0, 0xC4D0, 0xC4D0,
  0xBC8F, 0xBCAF, 0xC4AF, 0xBCAF, 0xBC8F, 0xBC8F, 0xBC8F, 0xBC8F, 0xBC8E, 0xBC8F, 0xBC8F, 0xBC8E,
  0xBC8E, 0xBC8F, 0xBC8F, 0xBC6E, 0xB46E, 0xBC6E, 0xB46E, 0xB44D, 0xAC2D, 0xAC0C, 0xAC0C, 0xAC0C,
  0xB44D, 0xAC2D, 0xAC0C, 0xA3EC, 0xA3EC, 0xA3CB, 0xA3CB, 0xA3AB, 0xA3CB, 0x9B8B, 0x9B8B, 0x9B8A,
  0x8B29, 0x8B08, 0x82E8, 0x7AA7, 0x6247, 0x5A06, 0x51C5, 0x4984, 0x4144, 0x3944, 0x3944, 0x3124,
  0x3104, 0x2904, 0x20E3, 0x20E3, 0x20E3, 0x20E3, 0x18C2, 0x18C2, 0x10A3, 0x1083, 0x1082, 0x1062,
  0x0862, 0x0862, 0x0862, 0x1062, 0x0862, 0x0862, 0x0862, 0x0862, 0x0862, 0x0862, 0x0862, 0x0862,
  0x0862, 0x0862, 0x1082, 0x1082, 0x10A3, 0x10A3, 0x10A3, 0x10A3, 0x10A3, 0x1083, 0x10A3, 0x10A3,
  0x10A3, 0x10A3, 0x18A3, 0x18C3, 0x18C4, 0x2104, 0x2104, 0x2104, 0x2945, 0x39C7, 0x4A6A, 0x52CB,
  0x632D, 0x632D, 0x5B2D, 0x52EC, 0x5B2C, 0x5B0C, 0x5B2D, 0x5B2D, 0x532C, 0x532C, 0x530C, 0x7430,
  0x9D55, 0x9D75, 0xA595, 0xADD5, 0xAE15, 0xB635, 0xB656, 0xAE15, 0xA5D4, 0x7C90, 0x63CE, 0x534C,
  0x4A49, 0x4208, 0x2945, 0x2104, 0x2965, 0x2944, 0x20E3, 0x18A2, 0x18A2, 0x1881, 0x1882, 0x18A2,
  0x1061, 0x0841, 0x1082, 0x1082, 0x1082, 0x1082, 0x1061, 0x0841, 0x0841, 0x0841, 0x0841, 0x0841,
  0x0841, 0x0021, 0x0020, 0x0841, 0x1061, 0x1862, 0x1882, 0x20A2, 0x2081, 0x2081, 0x28A1, 0x4144,
  0x4964, 0x6205, 0x7287, 0x82C8, 0x8B08, 0x8B08, 0x8B08, 0x8B09, 0x9329, 0x934A, 0x936A, 0x934A,
  0x9B6A, 0x9B8A, 0x9B8A, 0x9B8A, 0x9B8A, 0x9BAA, 0xA3AB, 0xA3CB, 0xA3EB, 0xA3EB, 0xA3EB, 0xABEC,
  0xAC0C, 0xAC0C, 0xAC0C, 0xAC0C, 0xAC0C, 0xAC0C, 0xAC2C, 0xAC2C, 0xB42D, 0xB44D, 0xB44D, 0xB44D,
  0xB44D, 0xB44D, 0xB44D, 0xB44D, 0xB44D, 0xB46D, 0xB46D, 0xB46D, 0xB46E, 0xB46E, 0xB46E, 0xBC6E,
  0xBC8E, 0xBC8E, 0xBC8E, 0xBC8E, 0xBC8E, 0xBC8F, 0xBCAF, 0xBC8F, 0xBCAF, 0xBCAF, 0xC4CF, 0xC4CF,
  0xC4AF, 0xC4AF, 0xC4AF, 0xC4D0, 0xC4D0, 0xC4D0, 0xC4D0, 0xC4D0, 0xC4D0, 0xC4D0, 0xC4F0, 0xC4F0,
  0xC4F0, 0xC4F0, 0xC4F0, 0xC4F0, 0xC4F0, 0xC4F0, 0xC4D0, 0xC4D0, 0xC4F0, 0xC4F0, 0xC4D0, 0xC4D0,
  0xBC8F, 0xBCAF, 0xC4AF, 0xC4AF, 0xBC8F, 0xBC6E, 0xBC6E, 0xBC8F, 0xBC8E, 0xBC8E, 0xBC8F, 0xBC8E,
  0xBC8F, 0xBC8F, 0xBC8F, 0xBC8F, 0xBC6E, 0xBC6E, 0xBC8E, 0xB46E, 0xB44D, 0xAC2D, 0xAC0C, 0xAC0C,
  0xA3EC, 0xAC0C, 0xB42D, 0xAC2C, 0xABEC, 0xA3CB, 0xA3CB, 0xA3CC, 0xA3CC, 0x9BAB, 0x9BAB, 0x9BAB,
  0x936A, 0x8B29, 0x8B08, 0x82C8, 0x6A88, 0x6246, 0x59E6, 0x51C5, 0x4985, 0x4164, 0x3944, 0x3924,
  0x3124, 0x3124, 0x2903, 0x20E3, 0x20C3, 0x20C3, 0x18C3, 0x18C3, 0x10A3, 0x10A3, 0x1082, 0x1082,
  0x0862, 0x0862, 0x0862, 0x0862, 0x0862, 0x0862, 0x0862, 0x1062, 0x0862, 0x0862, 0x0862, 0x0862,
  0x0862, 0x0882, 0x0882, 0x1082, 0x1082, 0x10A3, 0x10A3, 0x10A3, 0x10A3, 0x1083, 0x10A3, 0x10A3,
  0x10A3, 0x10A3, 0x10A3, 0x18A3, 0x18C4, 0x20E4, 0x2104, 0x2104, 0x2145, 0x3186, 0x4229, 0x52CB,
  0x632D, 0x632D, 0x5B2D, 0x52EC, 0x5B0C, 0x5B2C, 0x5B4D, 0x5B4D, 0x5B6D, 0x532C, 0x532C, 0x530C,
  0x63AE, 0x9D34, 0xB617, 0xB637, 0xB656, 0xBE76, 0xADF4, 0xA5D4, 0x7C8F, 0x5B6C, 0x4B0B, 0x4B0C,
  0x4A49, 0x4208, 0x2104, 0x20E4, 0x2945, 0x2104, 0x20C3, 0x18A2, 0x18A2, 0x18A2, 0x1882, 0x18A2,
  0x0841, 0x0841, 0x1082, 0x1062, 0x1082, 0x0862, 0x0861, 0x0841, 0x0841, 0x0841, 0x0841, 0x0020,
  0x0841, 0x0021, 0x0020, 0x0841, 0x1061, 0x1882, 0x18A2, 0x20A2, 0x20A2, 0x2061, 0x3903, 0x4964,
  0x59A5, 0x7267, 0x7A87, 0x8AE8, 0x8AE8, 0x8B08, 0x8B09, 0x8B29, 0x9349, 0x936A, 0x936A, 0x936A,
  0x9B6A, 0x9B8A, 0x9B6A, 0x9B6A, 0x9BAA, 0x9BAB, 0x9BAB, 0xA3CB, 0xA3EB, 0xA3EB, 0xA3EC, 0xAC0C,
  0xAC0C, 0xAC0C, 0xAC2C, 0xAC2C, 0xAC2C, 0xAC2C, 0xAC2C, 0xB42D, 0xB44D, 0xB44D, 0xB44D, 0xB44D,
  0xB44D, 0xB44D, 0xB44D, 0xB44D, 0xB46D, 0xB46D, 0xB46E, 0xB46E, 0xB46E, 0xB46E, 0xBC6E, 0xBC8E,
  0xBC8E, 0xBC8E, 0xBC8E, 0xBC8E, 0xBC8F, 0xBCAF, 0xBCAF, 0xBCAF, 0xBCAF, 0xBCAF, 0xC4CF, 0xC4CF,
  0xC4AF, 0xC4AF, 0xC4D0, 0xC4D0, 0xC4D0, 0xC4D0, 0xC4D0, 0xC4F0, 0xC4F0, 0xC4F0, 0xC4F0, 0xC4F0,
  0xC4F0, 0xC4F0, 0xC4F0, 0xCCF0, 0xCCF0, 0xC4F0, 0xC4F0, 0xC4F0, 0xC4F0, 0xC4F0, 0xC4D0, 0xC4D0,
  0xBCAF, 0xBCAF, 0xBCAF, 0xBCAF, 0xBC8F, 0xBC6E, 0xBC6E, 0xBC6E, 0xBC8E, 0xBC8E, 0xBC8E, 0xBC8E,
  0xBC8F, 0xBC8F, 0xBC8F, 0xBC8F, 0xBC6E, 0xBC6E, 0xBC8E, 0xBC8E, 0xBC6E, 0xB46E, 0xB44D, 0xB42D,
  0xAC0C, 0xAC0C, 0xA3EC, 0xABEC, 0xAC0C, 0xAC0C, 0xA3CC, 0xA3CB, 0xA3CB, 0x9BAB, 0x9BAB, 0x9BAB,
  0x936A, 0x9349, 0x8B29, 0x82E8, 0x72A8, 0x6A67, 0x6226, 0x5A06, 0x51C5, 0x4985, 0x4164, 0x3944,
  0x3144, 0x3124, 0x2904, 0x28E3, 0x20E3, 0x20C3, 0x18C3, 0x18C3, 0x18A3, 0x10A3, 0x10A3, 0x1082,
  0x1062, 0x0862, 0x0862, 0x0862, 0x0862, 0x0862, 0x1062, 0x1082, 0x0882, 0x0882, 0x0862, 0x0862,
  0x0862, 0x0882, 0x0882, 0x0882, 0x1082, 0x1082, 0x10A3, 0x10A3, 0x10A3, 0x10A3, 0x10A3, 0x10A3,
  0x10A3, 0x10A3, 0x10A3, 0x18A3, 0x18C4, 0x18E4, 0x18E4, 0x2105, 0x2945, 0x2966, 0x3A08, 0x52CB,
  0x5B0C, 0x5B2D, 0x5B2D, 0x5B0C, 0x5B0C, 0x5B2D, 0x5B4D, 0x5B2D, 0x534D, 0x5B6D, 0x532D, 0x530C,
  0x4ACB, 0x5B4D, 0x9513, 0xADD6, 0xAE16, 0xA5D4, 0x9572, 0x6C2E, 0x5B8C, 0x5B8C, 0x5B6D, 0x5B8D,
  0x4208, 0x39C7, 0x18E4, 0x20E4, 0x2924, 0x20E3, 0x20C3, 0x18A2, 0x18A2, 0x18A2, 0x1081, 0x1082,
  0x0841, 0x0841, 0x1082, 0x0861, 0x1082, 0x0861, 0x0841, 0x0841, 0x0841, 0x0840, 0x0840, 0x0020,
  0x0841, 0x0020, 0x0840, 0x1061, 0x1881, 0x1882, 0x2081, 0x2081, 0x2081, 0x2881, 0x4144, 0x4984,
  0x6206, 0x7A87, 0x7AA7, 0x8AE8, 0x82E8, 0x8B08, 0x8B29, 0x8B29, 0x934A, 0x934A, 0x936A, 0x9B6A,
  0x9B69, 0x9B8A, 0x9B69, 0x9B69, 0x9BAA, 0x9BAB, 0x9BAB, 0xA3CB, 0xA3CB, 0xA3EB, 0xA3EC, 0xAC0C,
  0xAC0C, 0xAC0C, 0xAC2D, 0xAC2D, 0xAC2C, 0xAC2C, 0xB44C, 0xB44D, 0xB44D, 0xB44D, 0xB44D, 0xB44D,
  0xB44D, 0xB44D, 0xB44D, 0xB46E, 0xB46E, 0xB46E, 0xB46E, 0xBC6E, 0xBC6E, 0xBC6E, 0xBC8E, 0xBC8E,
  0xBC8E, 0xBC8E, 0xBC8E, 0xBC8E, 0xBC8F, 0xBCAF, 0xBCAF, 0xBCAF, 0xBCAF, 0xC4AF, 0xC4AF, 0xC4AF,
  0xC4D0, 0xC4D0, 0xC4D0, 0xC4D0, 0xC4D0, 0xC4D0, 0xC4F0, 0xC4F0, 0xC4F0, 0xC4F0, 0xC4F0, 0xC4F0,
  0xC4F0, 0xCCF0, 0xCCF0, 0xCCF0, 0xCCF0, 0xCCF0, 0xC4F0, 0xC4F0, 0xC4F0, 0xC4D0, 0xC4D0, 0xC4AF,
  0xBCAF, 0xBC8F, 0xBC8F, 0xBC8F, 0xBC8F, 0xBC8F, 0xBC8E, 0xB46E, 0xBC8E, 0xBC8E, 0xBC6E, 0xBC8F,
  0xBC8F, 0xBC8F, 0xBC8F, 0xBC8F, 0xBC6E, 0xBC6E, 0xB46E, 0xBC6E, 0xBC6E, 0xBC6E, 0xB46E, 0xB46E,
  0xB46E, 0xB44D, 0xAC0C, 0xA3CB, 0xA3CB, 0xA3CC, 0xA3CB, 0xA3CB, 0xA3AB, 0x9B8B, 0x9BAB, 0x9BAB,
  0x9B8B, 0x936A, 0x8B29, 0x82E8, 0x7AC8, 0x7287, 0x6A46, 0x6206, 0x59C5, 0x51A5, 0x4985, 0x3944,
  0x3944, 0x3144, 0x3124, 0x2904, 0x20E3, 0x20E3, 0x18C3, 0x18A2, 0x18C3, 0x18A3, 0x10A2, 0x1082,
  0x1082, 0x1082, 0x1062, 0x1062, 0x0862, 0x0862, 0x0882, 0x1082, 0x1082, 0x1082, 0x0882, 0x0882,
  0x0882, 0x0882, 0x0882, 0x0882, 0x0882, 0x0882, 0x1082, 0x10A3, 0x10A3, 0x10A3, 0x10A3, 0x10A3,
  0x10A3, 0x10A3, 0x18A3, 0x18A3, 0x18C3, 0x18E4, 0x20E4, 0x2105, 0x2945, 0x3186, 0x3A08, 0x52AB,
  0x5B0C, 0x632D, 0x634D, 0x5B2D, 0x5B2C, 0x5B4D, 0x634D, 0x5B4D, 0x5B4D, 0x532C, 0x5B4D, 0x5B4D,
  0x532C, 0x52EB, 0x5B2C, 0x8490, 0xADD5, 0x9D53, 0x6BED, 0x4B0A, 0x5B6C, 0x5B6C, 0x63AE, 0x63AF,
  0x39A7, 0x2966, 0x18C3, 0x20E4, 0x2924, 0x18C3, 0x18C2, 0x18A2, 0x18A2, 0x1881, 0x1081, 0x1081,
  0x0841, 0x0841, 0x1082, 0x0861, 0x1082, 0x0841, 0x0841, 0x0841, 0x0840, 0x0840, 0x0840, 0x0020,
  0x0841, 0x0841, 0x0841, 0x1061, 0x1881, 0x1881, 0x1881, 0x1881, 0x2881, 0x38E2, 0x4943, 0x51A4,
  0x7287, 0x7287, 0x82C8, 0x82E8, 0x82C8, 0x8B09, 0x9329, 0x9349, 0x934A, 0x934A, 0x9B6A, 0x9B8A,
  0x9B69, 0x9B69, 0x9B69, 0x9B8A, 0x9BAA, 0xA3AB, 0xA3CB, 0xA3CB, 0xA3CB, 0xA3EB, 0xABEC, 0xAC0C,
  0xAC0C, 0xAC2D, 0xAC2D, 0xAC2D, 0xB44C, 0xB44C, 0xB44D, 0xB44D, 0xB44D, 0xB44D, 0xB44D, 0xB44D,
  0xB44D, 0xB44D, 0xB44D, 0xB46E, 0xB46E, 0xB46E, 0xBC6E, 0xBC6E, 0xBC8E, 0xBC8E, 0xBC8E, 0xBC8E,
  0xBC8E, 0xBC8E, 0xBC8F, 0xBC8F, 0xBC8F, 0xBCAF, 0xBCAF, 0xBCAF, 0xBCAF, 0xC4AF, 0xC4AF, 0xC4AF,
  0xC4D0, 0xC4D0, 0xC4D0, 0xC4D0, 0xC4D0, 0xC4F0, 0xC4F0, 0xC4F0, 0xC4F0, 0xC4F0, 0xC4F0, 0xC4F0,
  0xCCF0, 0xCCF0, 0xCCF0, 0xCCF0, 0xCCF0, 0xC4F0, 0xC4D0, 0xC4D0, 0xC4D0, 0xC4D0, 0xC4AF, 0xC4AF,
  0xBCAF, 0xBC8F, 0xB46E, 0xB46E, 0xBC6E, 0xBC6E, 0xB46E, 0xB46E, 0xB46E, 0xB46E, 0xB46E, 0xB46E,
  0xBC6E, 0xB46E, 0xB46E, 0xBC6E, 0xBC6E, 0xB46E, 0xB44E, 0xB44E, 0xB46E, 0xB46E, 0xB46E, 0xB46E,
  0xB44D, 0xB46D, 0xB46E, 0xAC2D, 0xABEC, 0xA3AB, 0xA3CB, 0xABEC, 0xA3AB, 0xA3AB, 0x9BAB, 0x9BAB,
  0x9BAB, 0x9BAB, 0x936A, 0x8B29, 0x82E9, 0x7AA8, 0x7267, 0x6206, 0x59C5, 0x59C5, 0x51A5, 0x4985,
  0x4164, 0x3944, 0x3144, 0x3124, 0x2903, 0x20E3, 0x18C3, 0x18A2, 0x18C3, 0x18A3, 0x10A3, 0x1082,
  0x1082, 0x1082, 0x1082, 0x1082, 0x0862, 0x0862, 0x0882, 0x1082, 0x1082, 0x1082, 0x1082, 0x1082,
  0x0882, 0x0882, 0x0882, 0x0882, 0x0882, 0x0882, 0x1082, 0x1082, 0x10A3, 0x10A3, 0x10A3, 0x10A3,
  0x18A3, 0x18C3, 0x18C3, 0x18A3, 0x10A3, 0x18E4, 0x2104, 0x20E4, 0x2105, 0x3186, 0x4208, 0x4249,
  0x5B0C, 0x634D, 0x636E, 0x634D, 0x5B0C, 0x5B4D, 0x634D, 0x5B4D, 0x5B4D, 0x5B6D, 0x5B2D, 0x5B4D,
  0x5B2D, 0x530C, 0x530C, 0x530B, 0x7C4F, 0x9512, 0x63CD, 0x5B6C, 0x5B6D, 0x5B8E, 0x6BEF, 0x7430,
  0x31A7, 0x2125, 0x18C3, 0x2104, 0x2924, 0x18C3, 0x18C2, 0x18C2, 0x18A2, 0x1081, 0x1081, 0x1061,
  0x0861, 0x1061, 0x0861, 0x0861, 0x1082, 0x0841, 0x0841, 0x0841, 0x0840, 0x0020, 0x0840, 0x0840,
  0x0840, 0x0840, 0x1061, 0x1081, 0x1881, 0x1881, 0x1881, 0x2081, 0x30A1, 0x4143, 0x5184, 0x6206,
  0x7287, 0x7A87, 0x82E8, 0x8AE8, 0x82C8, 0x8B09, 0x9329, 0x934A, 0x934A, 0x934A, 0x9B6A, 0x9B8A,
  0x9B69, 0x9369, 0x9B8A, 0x9BAA, 0xA3AA, 0xA3AB, 0xA3CB, 0xA3CB, 0xA3EC, 0xA3EC, 0xABEC, 0xAC0C,
  0xAC0C, 0xAC2D, 0xAC2D, 0xAC2D, 0xB44C, 0xB44D, 0xB44D, 0xB44D, 0xB44D, 0xB44D, 0xB44D, 0xB44D,
  0xB44D, 0xB44D, 0xB46E, 0xB46E, 0xB46E, 0xB46E, 0xBC6E, 0xBC6E, 0xBC8E, 0xBC8E, 0xBC8E, 0xBC8E,
  0xBC8F, 0xBC8F, 0xBCAF, 0xBCAF, 0xBCAF, 0xBCAF, 0xC4AF, 0xBCAF, 0xBCAF, 0xC4AF, 0xC4D0, 0xC4D0,
  0xC4D0, 0xC4D0, 0xC4D0, 0xC4D0, 0xC4D0, 0xC4F0, 0xC4F0, 0xC4F0, 0xCCF0, 0xCCF0, 0xCCF1, 0xC4F0,
  0xCCF1, 0xCCF1, 0xCCF1, 0xCCF1, 0xC4F0, 0xC4D0, 0xC4D0, 0xC4AF, 0xC4AF, 0xC4AF, 0xBCAF, 0xBCAF,
  0xBC8F, 0xB46F, 0xB46E, 0xB46E, 0xB46E, 0xB46E, 0xB46E, 0xB46E, 0xB44E, 0xB44E, 0xB44E, 0xB44E,
  0xB46E, 0xB44E, 0xB46E, 0xB46E, 0xB46E, 0xB46E, 0xB44E, 0xB44E, 0xB44E, 0xB44E, 0xB46E, 0xB46E,
  0xB44D, 0xB44D, 0xB44D, 0xB44D, 0xB42D, 0xAC0D, 0xABEC, 0xA3CC, 0xA3CB, 0xA3CB, 0xA3CB, 0xA3AB,
  0xA3AB, 0x9BAB, 0x9B8A, 0x936A, 0x8B29, 0x82E8, 0x7AA8, 0x7267, 0x6226, 0x59E5, 0x59C5, 0x51A5,
  0x4985, 0x4165, 0x3944, 0x3124, 0x2924, 0x2903, 0x20E3, 0x20C3, 0x18C2, 0x18A3, 0x18A2, 0x18A2,
  0x1082, 0x1082, 0x1082, 0x1082, 0x0882, 0x0882, 0x0882, 0x0882, 0x1082, 0x1082, 0x1082, 0x1082,
  0x0882, 0x0882, 0x0882, 0x0882, 0x0882, 0x0882, 0x0882, 0x0882, 0x1082, 0x10A3, 0x10A3, 0x10A3,
  0x18A3, 0x18C3, 0x18C3, 0x18A3, 0x10A3, 0x18C3, 0x2104, 0x18E4, 0x18E4, 0x2945, 0x39E8, 0x4208,
  0x5AEC, 0x634D, 0x636E, 0x636E, 0x5B0C, 0x634D, 0x5B4D, 0x5B4D, 0x5B4D, 0x5B2D, 0x5B4D, 0x530C,
  0x5B2D, 0x5B2D, 0x52EB, 0x5B4C, 0x530B, 0x740F, 0x8D13, 0x6BEE, 0x63AE, 0x6BEF, 0x7451, 0x7C72,
  0x39C7, 0x2104, 0x18C3, 0x2924, 0x2104, 0x18A2, 0x18C2, 0x20C3, 0x18A2, 0x1081, 0x1081, 0x0840,
  0x0861, 0x1082, 0x0861, 0x1062, 0x1082, 0x0841, 0x0841, 0x0841, 0x0840, 0x0020, 0x0840, 0x0840,
  0x0840, 0x0841, 0x1061, 0x1881, 0x1881, 0x2081, 0x2081, 0x2081, 0x38E2, 0x4964, 0x59C5, 0x7247,
  0x7287, 0x82C8, 0x82C8, 0x8AE8, 0x8AE8, 0x8B09, 0x9329, 0x934A, 0x934A, 0x936A, 0x9B6A, 0x9B6A,
  0x9B69, 0x9349, 0x9B8A, 0xA3AA, 0xA3AA, 0xA3AB, 0xA3CB, 0xA3CB, 0xA3EC, 0xA3EC, 0xABEC, 0xAC0C,
  0xAC2D, 0xAC2D, 0xAC2D, 0xAC2D, 0xB44C, 0xB44C, 0xB44D, 0xB44D, 0xB44D, 0xB44D, 0xB44D, 0xB44D,
  0xB44D, 0xB44D, 0xB46E, 0xB46E, 0xB46E, 0xBC6E, 0xBC6E, 0xBC6E, 0xBC8E, 0xBC8E, 0xBC8E, 0xBC8E,
  0xBC8F, 0xBCAF, 0xBCAF, 0xC4AF, 0xBCAF, 0xC4AF, 0xC4AF, 0xC4AF, 0xC4AF, 0xC4D0, 0xC4D0, 0xC4D0,
  0xC4D0, 0xC4D0, 0xC4D0, 0xC4D0, 0xC4D0, 0xC4F0, 0xC4F0, 0xCCF0, 0xCCF0, 0xCCF0, 0xCCF1, 0xC4F0,
  0xC4F0, 0xCCF1, 0xCCF1, 0xCCF1, 0xC4D0, 0xC4D0, 0xC4AF, 0xBCAF, 0xBCAF, 0xBCAF, 0xBCAF, 0xBCAF,
  0xB46E, 0xB46E, 0xB46E, 0xB46E, 0xB46E, 0xB46E, 0xB46E, 0xB46E, 0xAC2D, 0xAC2D, 0xAC2D, 0xB44E,
  0xB44E, 0xB44E, 0xB44E, 0xB46E, 0xB46E, 0xB46E, 0xB44E, 0xB44E, 0xB44E, 0xB44E, 0xB46E, 0xB46E,
  0xB46E, 0xB44D, 0xB44D, 0xB44D, 0xB42D, 0xB42D, 0xAC0C, 0xAC0C, 0xABEC, 0xABEC, 0xA3CB, 0xA3AB,
  0x9BAB, 0x9BAB, 0x9BAB, 0x9B8A, 0x934A, 0x8B09, 0x82E8, 0x7AC8, 0x7267, 0x6206, 0x59E5, 0x51C5,
  0x51A5, 0x4985, 0x3964, 0x3924, 0x3124, 0x2904, 0x28E3, 0x20C3, 0x18C3, 0x18C2, 0x18A2, 0x18A2,
  0x1082, 0x1082, 0x1082, 0x1082, 0x1082, 0x1082, 0x0882, 0x0882, 0x0882, 0x1082, 0x1082, 0x1082,
  0x0882, 0x0882, 0x0882, 0x0882, 0x0882, 0x0882, 0x0882, 0x0882, 0x1082, 0x10A3, 0x10A3, 0x10A3,
  0x18A3, 0x18C3, 0x18C3, 0x18A3, 0x18C3, 0x10A3, 0x18E4, 0x20E4, 0x18C3, 0x2104, 0x31A7, 0x4208,
  0x52AB, 0x632D, 0x6B8E, 0x6B8E, 0x5B4D, 0x636E, 0x636D, 0x5B4D, 0x634D, 0x5B2D, 0x634D, 0x5B4D,
  0x5B2D, 0x5B2D, 0x5B2C, 0x5B2C, 0x5B2C, 0x530B, 0x63AE, 0x9513, 0x8492, 0x7C92, 0xB639, 0xC6DB,
  0x39A6, 0x2104, 0x20E4, 0x2924, 0x20E3, 0x18A2, 0x18C2, 0x18A2, 0x1081, 0x1061, 0x0861, 0x1081,
  0x0861, 0x0861, 0x1081, 0x1082, 0x0862, 0x0841, 0x0841, 0x0841, 0x0840, 0x0020, 0x0840, 0x0840,
  0x0020, 0x1061, 0x18A2, 0x1882, 0x1881, 0x1861, 0x2080, 0x28A1, 0x4123, 0x51A4, 0x6A26, 0x7287,
  0x82C8, 0x82C8, 0x82C7, 0x82C8, 0x8AE8, 0x9329, 0x8B29, 0x9329, 0x936A, 0x936A, 0x936A, 0x936A,
  0x9B69, 0x9B69, 0x9B8A, 0x9B8A, 0xA3AB, 0xA3CB, 0xA3CB, 0xA3CB, 0xA3CB, 0xABEC, 0xAC0C, 0xAC0C,
  0xAC2D, 0xAC2D, 0xAC2D, 0xAC2D, 0xB42D, 0xB42D, 0xB42D, 0xB44D, 0xB44D, 0xB44D, 0xB44D, 0xB44D,
  0xB44D, 0xB44E, 0xB46E, 0xB46E, 0xBC6E, 0xBC6E, 0xBC6E, 0xBC6E, 0xBC8F, 0xBC8F, 0xBC8E, 0xBC8F,
  0xBCAF, 0xBCAF, 0xBCAF, 0xBCAF, 0xC4AF, 0xC4AF, 0xC4AF, 0xBCAF, 0xBCAF, 0xC4AF, 0xC4D0, 0xC4D0,
  0xC4D0, 0xC4D0, 0xC4D0, 0xC4F0, 0xC4F0, 0xCCF0, 0xCCF1, 0xCD11, 0xCD11, 0xCD11, 0xC4F0, 0xC4F0,
  0xC4F0, 0xCD11, 0xC4F0, 0xC4D0, 0xC4D0, 0xBCAF, 0xBCAF, 0xBCAF, 0xBCB0, 0xBCAF, 0xB48F, 0xB48F,
  0xB46F, 0xB46E, 0xB44E, 0xB44E, 0xB44E, 0xB46F, 0xB44E, 0xAC0D, 0xAC2D, 0xA40D, 0xA3EC, 0xA3ED,
  0xA3ED, 0xA40D, 0xAC2D, 0xAC2E, 0xAC2E, 0xAC2E, 0xAC2E, 0xAC2D, 0xB44E, 0xB46E, 0xB46E, 0xB44E,
  0xB46E, 0xB44E, 0xB44D, 0xB44E, 0xB44D, 0xAC2D, 0xAC0D, 0xAC0D, 0xAC0C, 0xABEC, 0xA3CB, 0xA3CB,
  0xA3CB, 0x9B8A, 0x9B8A, 0x9B8A, 0x9B6A, 0x9349, 0x8B09, 0x82E8, 0x7A87, 0x7267, 0x6A26, 0x59E6,
  0x51C5, 0x4985, 0x4185, 0x4165, 0x3944, 0x3124, 0x2904, 0x28E3, 0x20E3, 0x20C3, 0x18A2, 0x1882,
  0x18A2, 0x10A2, 0x10A2, 0x1082, 0x1082, 0x1082, 0x0882, 0x0862, 0x0862, 0x0862, 0x0862, 0x0862,
  0x0882, 0x0882, 0x0882, 0x0882, 0x0882, 0x0882, 0x1082, 0x0882, 0x1082, 0x1082, 0x1082, 0x1082,
  0x10A3, 0x10A3, 0x18A3, 0x18A3, 0x10A3, 0x10A3, 0x18C3, 0x2104, 0x2104, 0x18C3, 0x2945, 0x4A6A,
  0x52CB, 0x634D, 0x6BAE, 0x6BAE, 0x636D, 0x5B4D, 0x638E, 0x638E, 0x636D, 0x634D, 0x5B4D, 0x5B2D,
  0x5B2D, 0x5B2D, 0x5B2D, 0x5B2C, 0x530C, 0x5B4D, 0x530C, 0x636D, 0x8CD3, 0xBE79, 0xE77E, 0xE79F,
  0x3186, 0x20E4, 0x20E3, 0x2904, 0x20C3, 0x18A2, 0x18C2, 0x18A2, 0x1081, 0x0860, 0x0861, 0x1061,
  0x0861, 0x0861, 0x1081, 0x1082, 0x0861, 0x0041, 0x0841, 0x0841, 0x0020, 0x0820, 0x0840, 0x0840,
  0x0841, 0x1081, 0x1882, 0x1881, 0x1881, 0x2060, 0x28A1, 0x30E2, 0x4963, 0x61E5, 0x7246, 0x7A87,
  0x82C8, 0x82C8, 0x82C8, 0x82C8, 0x8B08, 0x9329, 0x9329, 0x9329, 0x936A, 0x936A, 0x936A, 0x936A,
  0x9B69, 0x9B69, 0x9B8A, 0x9BAA, 0xA3AB, 0xA3CB, 0xA3CB, 0xA3CB, 0xA3CB, 0xABEC, 0xAC0C, 0xAC0C,
  0xAC2D, 0xAC2D, 0xAC2D, 0xAC2D, 0xB44D, 0xB42D, 0xB44D, 0xB44D, 0xB44D, 0xB44D, 0xB44D, 0xB44D,
  0xB44E, 0xB44E, 0xB46E, 0xB46E, 0xBC6E, 0xBC6E, 0xBC6E, 0xBC6E, 0xBC8F, 0xBC8F, 0xBC8E, 0xBC8F,
  0xBCAF, 0xBCAF, 0xBCAF, 0xBCAF, 0xBCAF, 0xBCAF, 0xBCAF, 0xBCAF, 0xBCAF, 0xC4AF, 0xC4D0, 0xC4D0,
  0xC4D0, 0xCCD0, 0xC4F0, 0xC4F0, 0xC4F0, 0xC4F0, 0xC4F0, 0xCCF1, 0xC4F0, 0xC4F0, 0xC4F0, 0xC4D0,
  0xC4D0, 0xC4D0, 0xC4D0, 0xC4D0, 0xC4D0, 0xC4D0, 0xC4D0, 0xBCAF, 0xBC8F, 0xBC8F, 0xBC8F, 0xBC8F,
  0xB46F, 0xB46F, 0xB46F, 0xB46E, 0xAC2E, 0xAC2D, 0xA40D, 0xA3ED, 0xA3CC, 0x9BCC, 0x9BAC, 0x9BAC,
  0x9BAC, 0x9BCC, 0x9BCC, 0x9BCC, 0x9BAB, 0x9BAB, 0x9BAC, 0xA3CC, 0xAC0D, 0xB44E, 0xB46E, 0xB46E,
  0xB44E, 0xB44E, 0xB44E, 0xB44E, 0xB44E, 0xB44D, 0xB42D, 0xB42D, 0xAC0C, 0xAC0C, 0xA3CC, 0xABEC,
  0xA3CB, 0x9B8B, 0x9B8A, 0x9B8A, 0x934A, 0x9329, 0x8B29, 0x8B09, 0x82E8, 0x7A87, 0x7267, 0x6A26,
  0x59E6, 0x51C5, 0x49A5, 0x4185, 0x3964, 0x3964, 0x3124, 0x28E3, 0x20E3, 0x20E3, 0x20C2, 0x18A2,
  0x18A2, 0x18A2, 0x10A2, 0x10A2, 0x1082, 0x1082, 0x0882, 0x0882, 0x0862, 0x0862, 0x0862, 0x0862,
  0x0882, 0x0882, 0x0882, 0x0882, 0x0882, 0x0882, 0x1082, 0x0882, 0x1082, 0x1082, 0x1082, 0x1082,
  0x1083, 0x10A3, 0x18A3, 0x18A3, 0x10A3, 0x10A3, 0x18C3, 0x18E4, 0x20E4, 0x18E4, 0x2945, 0x39E8,
  0x6B8E, 0x6B8E, 0x6B8E, 0x636E, 0x636D, 0x636E, 0x6B8E, 0x6B8E, 0x638E, 0x636E, 0x634E, 0x634D,
  0x5B4D, 0x5B4D, 0x5B2D, 0x5B2D, 0x5B4D, 0x5B0C, 0x5B4D, 0x5B2D, 0x532D, 0x8492, 0xCEBB, 0xE79F,
  0x3145, 0x20E3, 0x20E3, 0x2904, 0x18C2, 0x18A2, 0x18C2, 0x1081, 0x1061, 0x0860, 0x0861, 0x0861,
  0x0861, 0x0881, 0x1081, 0x1081, 0x0841, 0x0021, 0x0020, 0x0841, 0x0820, 0x0820, 0x0841, 0x0841,
  0x1061, 0x18A2, 0x18A2, 0x1881, 0x1860, 0x2080, 0x30C1, 0x4123, 0x59C4, 0x6A26, 0x7287, 0x7AA8,
  0x82C8, 0x82C8, 0x82C8, 0x8AE8, 0x8B08, 0x8B29, 0x9329, 0x9329, 0x936A, 0x936A, 0x934A, 0x9B6A,
  0x9B69, 0x9B6A, 0x9B8A, 0xA3AA, 0xA3AB, 0xA3CB, 0xA3CB, 0xA3CB, 0xA3CC, 0xABEC, 0xAC0C, 0xAC0C,
  0xAC2D, 0xAC2D, 0xAC2D, 0xB42D, 0xB44D, 0xB44D, 0xB44D, 0xB44D, 0xB44D, 0xB44D, 0xB44D, 0xB44D,
  0xB44E, 0xB46E, 0xB46E, 0xB46E, 0xBC6E, 0xBC6E, 0xBC6E, 0xBC8F, 0xBC8F, 0xBC8F, 0xBC8F, 0xBC8F,
  0xBC8F, 0xBCAF, 0xBCAF, 0xBCAF, 0xBCAF, 0xBCAF, 0xBCAF, 0xBCAF, 0xBCAF, 0xC4B0, 0xC4D0, 0xC4D0,
  0xC4D0, 0xC4D0, 0xC4F0, 0xC4F0, 0xC4F0, 0xC4F0, 0xC4F0, 0xC4F1, 0xC4F0, 0xC4F0, 0xC4F0, 0xC4D0,
  0xC4D0, 0xC4D0, 0xC4D0, 0xBCD0, 0xBCD0, 0xBCB0, 0xBCAF, 0xBC8F, 0xBCAF, 0xBCAF, 0xB48F, 0xAC4E,
  0xB46F, 0xAC4E, 0xAC4E, 0xAC2E, 0xA3ED, 0xA3ED, 0xA3ED, 0xA3CD, 0x9BCC, 0x9BAC, 0x9BAC, 0x938B,
  0x938B, 0x938B, 0x938B, 0x938C, 0x936B, 0x936B, 0x934B, 0x936B, 0x938B, 0xA3CC, 0xAC0D, 0xAC2E,
  0xAC4E, 0xB44E, 0xB44E, 0xAC2D, 0xAC2D, 0xB42D, 0xAC2D, 0xAC0D, 0xAC0D, 0xAC0D, 0xABEC, 0xABEC,
  0xA3EC, 0xA3AB, 0x9BAB, 0x9B8A, 0x9B6A, 0x9349, 0x9349, 0x9329, 0x8AE8, 0x82C8, 0x7287, 0x6A46,
  0x6226, 0x5A06, 0x51C5, 0x4985, 0x4185, 0x4165, 0x3944, 0x3103, 0x2903, 0x20E3, 0x20C3, 0x18A2,
  0x18A2, 0x18A2, 0x10A2, 0x10A2, 0x1082, 0x1082, 0x1082, 0x0882, 0x0882, 0x0882, 0x0882, 0x1082,
  0x0882, 0x0882, 0x0882, 0x1082, 0x1082, 0x1082, 0x1082, 0x0882, 0x1082, 0x1082, 0x1082, 0x1082,
  0x1082, 0x10A3, 0x10A3, 0x10A3, 0x10A3, 0x18A3, 0x18C3, 0x18C3, 0x18E4, 0x18E4, 0x2125, 0x2966,
  0x632D, 0x8430, 0x6BAF, 0x6BAF, 0x6BAF, 0x636D, 0x73EF, 0x6BAE, 0x6B8E, 0x638E, 0x636E, 0x636D,
  0x636D, 0x634D, 0x5B4D, 0x5B4D, 0x5B2D, 0x5B2D, 0x5B2D, 0x5B2D, 0x5B4D, 0x5B4D, 0x7C72, 0xBE59,
  0x2945, 0x20E3, 0x20E3, 0x2104, 0x18A2, 0x18A2, 0x18C2, 0x1061, 0x0861, 0x0840, 0x0840, 0x0861,
  0x0861, 0x1081, 0x1081, 0x0861, 0x0841, 0x0021, 0x0020, 0x0020, 0x0820, 0x0820, 0x0841, 0x1041,
  0x1061, 0x18A2, 0x18A2, 0x1881, 0x2081, 0x28A1, 0x3902, 0x4964, 0x6205, 0x7267, 0x7AA8, 0x82A8,
  0x82C8, 0x82C8, 0x82C8, 0x8AE8, 0x8B08, 0x8B29, 0x9329, 0x934A, 0x936A, 0x936A, 0x934A, 0x934A,
  0x9B69, 0x9B6A, 0x9B8A, 0xA3AA, 0xA3AB, 0xA3CB, 0xA3CB, 0xA3CB, 0xABEC, 0xABEC, 0xAC0C, 0xAC0C,
  0xAC2D, 0xAC2D, 0xAC2D, 0xB44D, 0xB44D, 0xB44D, 0xB44D, 0xB44D, 0xB44D, 0xB44D, 0xB46E, 0xB46E,
  0xB46E, 0xB46E, 0xB46E, 0xBC6E, 0xBC6E, 0xBC6E, 0xBC8F, 0xBC8F, 0xBC8F, 0xBC8F, 0xBC8F, 0xBC8F,
  0xBC8F, 0xBCAF, 0xBCAF, 0xC4AF, 0xC4AF, 0xC4AF, 0xC4B0, 0xC4B0, 0xC4B0, 0xC4B0, 0xC4B0, 0xC4B0,
  0xC4D0, 0xC4D0, 0xC4D0, 0xC4F0, 0xC4F0, 0xCCF1, 0xCD11, 0xCD11, 0xC4F0, 0xC4F0, 0xC4F0, 0xC4F0,
  0xC4F0, 0xC4F1, 0xC4D0, 0xBCAF, 0xBCD0, 0xBCD0, 0xBCD0, 0xBCAF, 0xB48F, 0xB48F, 0xB46F, 0xB46F,
  0xAC2E, 0xA3ED, 0xA3ED, 0xA3ED, 0xA3ED, 0x9BCC, 0x9BAC, 0x938C, 0x9BAC, 0x9BAC, 0x938B, 0x936B,
  0x8B4A, 0x8B2A, 0x8B0A, 0x8309, 0x8B2A, 0x8B2A, 0x8B0A, 0x82E9, 0x82E9, 0x8B4A, 0x9BAC, 0xA3ED,
  0xAC2D, 0xB44E, 0xB44E, 0xAC2D, 0xAC2D, 0xB42D, 0xB42D, 0xAC0D, 0xAC0D, 0xAC0D, 0xABEC, 0xABEC,
  0xA3EC, 0xA3CB, 0xA3CB, 0xA3AB, 0x9B8A, 0x9B6A, 0x934A, 0x9329, 0x8B09, 0x82E8, 0x82C8, 0x7A87,
  0x6A46, 0x6206, 0x59E5, 0x51C5, 0x49A5, 0x4164, 0x3944, 0x3944, 0x2903, 0x2903, 0x20E3, 0x20C2,
  0x18A2, 0x18A2, 0x18A2, 0x10A3, 0x1083, 0x1082, 0x1082, 0x1082, 0x0882, 0x0882, 0x0882, 0x1082,
  0x1082, 0x0882, 0x0882, 0x1082, 0x1082, 0x1082, 0x1082, 0x1082, 0x1082, 0x1082, 0x1082, 0x1082,
  0x1082, 0x1082, 0x10A3, 0x10A3, 0x18A3, 0x18A3, 0x18C3, 0x18C3, 0x18C3, 0x18E4, 0x2104, 0x2105,
  0x4229, 0x8C72, 0x8451, 0x8451, 0x7C31, 0x6BAF, 0x7410, 0x6BCF, 0x6BCF, 0x6BAF, 0x6BAE, 0x638E,
  0x636E, 0x636D, 0x634D, 0x636E, 0x5B4D, 0x5B4D, 0x5B4D, 0x5B2D, 0x5B4D, 0x5B4D, 0x5B6E, 0x7410,
  0x2904, 0x20C3, 0x20E3, 0x2904, 0x18A2, 0x18A2, 0x18A2, 0x1061, 0x1061, 0x0840, 0x0860, 0x0861,
  0x0861, 0x1081, 0x1081, 0x0860, 0x0841, 0x0041, 0x0841, 0x0841, 0x0820, 0x0820, 0x0841, 0x1061,
  0x1081, 0x1882, 0x2081, 0x2061, 0x2081, 0x30C1, 0x4143, 0x51A5, 0x6A26, 0x7287, 0x7AA8, 0x82A8,
  0x82C8, 0x82C8, 0x82C8, 0x8AE8, 0x8B08, 0x9329, 0x9349, 0x9349, 0x9349, 0x936A, 0x9349, 0x9B49,
  0x936A, 0x9B6A, 0x9B8A, 0xA3AB, 0xA3AB, 0xA3CB, 0xA3CB, 0xA3CB, 0xABCC, 0xABEC, 0xAC0C, 0xAC0C,
  0xAC2D, 0xB42D, 0xB42D, 0xB44D, 0xB44D, 0xB44E, 0xB44E, 0xB44E, 0xB44E, 0xB46E, 0xB46E, 0xB46E,
  0xB46E, 0xB46E, 0xB46E, 0xBC6E, 0xBC8E, 0xBC8E, 0xBC8E, 0xBC8E, 0xBC8F, 0xBC8F, 0xBC8F, 0xBC8F,
  0xBC8F, 0xBCAF, 0xBCAF, 0xC4AF, 0xC4D0, 0xC4D0, 0xC4D0, 0xC4D0, 0xC4D0, 0xC4D0, 0xC4B0, 0xC4B0,
  0xC4D0, 0xC4D0, 0xC4F0, 0xC4F0, 0xC4F0, 0xC4F0, 0xC4F1, 0xC511, 0xC4F0, 0xC4F0, 0xC4F0, 0xC4F0,
  0xC4F0, 0xC4F0, 0xC4F0, 0xBCD0, 0xBCB0, 0xBCAF, 0xB4AF, 0xB4AF, 0xB48F, 0xB46F, 0xAC2E, 0xA3ED,
  0x9BCC, 0x9BCC, 0x9BCC, 0x9BAC, 0x938B, 0x936B, 0x938C, 0x9BAC, 0x936B, 0x936B, 0x8B4A, 0x830A,
  0x82E9, 0x82E9, 0x82E9, 0x82E9, 0x82E9, 0x830A, 0x8309, 0x82E9, 0x7AE9, 0x82E9, 0x8B2A, 0x936B,
  0xA3ED, 0xAC2E, 0xB44E, 0xB42E, 0xAC2D, 0xAC2E, 0xB42E, 0xB42E, 0xAC0D, 0xAC2D, 0xAC0C, 0xAC0C,
  0xA3EC, 0xA3CB, 0xA3CB, 0xA3CB, 0xA3AB, 0x9B8A, 0x9B6A, 0x9B6A, 0x934A, 0x8B29, 0x8B09, 0x82E8,
  0x7287, 0x6A26, 0x59E5, 0x59C5, 0x51A5, 0x4985, 0x4164, 0x3944, 0x3123, 0x2903, 0x2903, 0x20E3,
  0x20C2, 0x18A2, 0x18A2, 0x10A3, 0x10A3, 0x1083, 0x1082, 0x1082, 0x1062, 0x1062, 0x1062, 0x1062,
  0x1082, 0x1062, 0x1062, 0x1082, 0x1082, 0x1082, 0x1082, 0x1062, 0x1082, 0x1082, 0x1082, 0x1062,
  0x1082, 0x1082, 0x1083, 0x10A3, 0x18C3, 0x10C3, 0x18C3, 0x18C3, 0x18C3, 0x18C3, 0x18E4, 0x2104,
  0x31A7, 0x73AE, 0x94B3, 0x8C92, 0x8472, 0x8471, 0x7410, 0x73EF, 0x73EF, 0x6BEF, 0x6BCF, 0x6BCF,
  0x63AE, 0x636E, 0x5B6E, 0x636E, 0x636E, 0x5B2D, 0x634E, 0x5B2D, 0x5B2D, 0x636E, 0x5B4D, 0x5B2D,
  0x20E3, 0x20C3, 0x20E3, 0x20E3, 0x18A2, 0x18A2, 0x18A2, 0x1081, 0x1081, 0x0840, 0x0840, 0x0861,
  0x0861, 0x1081, 0x0881, 0x0840, 0x0041, 0x0841, 0x0841, 0x0821, 0x0820, 0x0820, 0x0841, 0x1061,
  0x1882, 0x1882, 0x1861, 0x1860, 0x28A1, 0x3902, 0x4984, 0x5A06, 0x6A46, 0x7287, 0x7AA7, 0x7AA7,
  0x82C7, 0x82C8, 0x82C8, 0x8AE8, 0x8B09, 0x9329, 0x9349, 0x9349, 0x9349, 0x9349, 0x9349, 0x9B69,
  0x936A, 0x9B8A, 0x9B8B, 0xA3AB, 0xA3AB, 0xA3CB, 0xA3CB, 0xA3CB, 0xABCC, 0xABEC, 0xAC0C, 0xAC0C,
  0xAC2D, 0xB42D, 0xB44D, 0xB44D, 0xB44E, 0xB46E, 0xB46E, 0xB46E, 0xB46E, 0xB46E, 0xB46E, 0xB46E,
  0xB46E, 0xB46E, 0xBC6E, 0xBC6E, 0xBC8E, 0xBC8E, 0xBC8E, 0xBC8F, 0xBC8F, 0xBC8F, 0xBC8F, 0xBC8F,
  0xBC8F, 0xBCAF, 0xBCAF, 0xC4AF, 0xC4B0, 0xC4B0, 0xC4B0, 0xC4D0, 0xC4D0, 0xC4D0, 0xC4D0, 0xC4D0,
  0xC4F0, 0xC4F0, 0xC4F0, 0xC4F0, 0xC4F0, 0xC4F0, 0xC4F0, 0xC4F0, 0xC4F0, 0xC511, 0xC511, 0xC4F0,
  0xBCD0, 0xBCD0, 0xBCD0, 0xBCD0, 0xBCD0, 0xBCB0, 0xB48F, 0xAC4E, 0xAC2E, 0xA40D, 0x9BCC, 0x938B,
  0x936B, 0x8B2A, 0x82E9, 0x830A, 0x8B4B, 0x8B4B, 0x830A, 0x82E9, 0x8B4B, 0x938B, 0x93AC, 0x938C,
  0x938C, 0x938C, 0x936B, 0x8B4B, 0x8B2A, 0x8B2A, 0x8B4A, 0x8B4A, 0x8B2A, 0x8309, 0x82E9, 0x7AC8,
  0x8B4A, 0x938B, 0x9BCC, 0xA3ED, 0xA3ED, 0xAC0D, 0xAC2D, 0xB42E, 0xAC0D, 0xAC2D, 0xAC0D, 0xAC0C,
  0xA3EC, 0xA3CB, 0xA3CB, 0xA3AB, 0xA3AB, 0x9B8A, 0x9B8B, 0x9B8B, 0x9B6A, 0x934A, 0x8B29, 0x8B08,
  0x7AC8, 0x7287, 0x6226, 0x59E5, 0x51C5, 0x51C5, 0x49A5, 0x4144, 0x3144, 0x3124, 0x2903, 0x28E3,
  0x20C3, 0x20C3, 0x18A3, 0x18A3, 0x10A3, 0x10A3, 0x10A3, 0x1082, 0x1082, 0x1082, 0x1062, 0x1062,
  0x1082, 0x1062, 0x1062, 0x1062, 0x1082, 0x1082, 0x1062, 0x1062, 0x1062, 0x1062, 0x1062, 0x1062,
  0x1062, 0x1082, 0x1082, 0x1083, 0x10A3, 0x10C3, 0x18A3, 0x18C3, 0x18A3, 0x18A3, 0x18C3, 0x2104,
  0x2945, 0x52AB, 0x8471, 0x9D14, 0x94F3, 0x8CD3, 0x8CB2, 0x8471, 0x7410, 0x73EF, 0x6BCF, 0x6BCF,
  0x6BCF, 0x638E, 0x636E, 0x636E, 0x5B4D, 0x5B4D, 0x5B2D, 0x5B4D, 0x638E, 0x5B4D, 0x530C, 0x5B4D,
  0x20C3, 0x20C3, 0x20E3, 0x20C3, 0x18C2, 0x18A2, 0x1081, 0x1081, 0x1081, 0x0840, 0x0840, 0x0861,
  0x1081, 0x1081, 0x0861, 0x0840, 0x0021, 0x0841, 0x0841, 0x0820, 0x0820, 0x0820, 0x0840, 0x1081,
  0x1881, 0x1881, 0x1861, 0x2060, 0x30C2, 0x4163, 0x59E5, 0x6A46, 0x7267, 0x7A87, 0x7AA7, 0x7AA7,
  0x82C7, 0x82E8, 0x82E8, 0x8B08, 0x8B09, 0x8B29, 0x8B29, 0x8B29, 0x9349, 0x9349, 0x9349, 0x9B69,
  0x9B6A, 0x9B8B, 0xA3AB, 0xA3AB, 0xA3CB, 0xA3CB, 0xA3CB, 0xA3CB, 0xABCC, 0xABEC, 0xAC0C, 0xAC0D,
  0xB42D, 0xB42D, 0xB42D, 0xB44D, 0xB44E, 0xB46E, 0xB46E, 0xB46E, 0xB46E, 0xB46E, 0xB46E, 0xBC6E,
  0xBC6E, 0xBC6E, 0xBC6E, 0xBC8E, 0xBC8E, 0xBC8E, 0xBC8F, 0xBC8F, 0xBC8F, 0xBC8F, 0xBC8F, 0xBC8F,
  0xBC8F, 0xBC8F, 0xBCAF, 0xC4AF, 0xBCAF, 0xC4B0, 0xC4B0, 0xC4D0, 0xC4D0, 0xC4F0, 0xC4D0, 0xC4D0,
  0xC4F1, 0xC4F1, 0xC4F1, 0xC4F0, 0xC4F0, 0xC4D0, 0xC4D0, 0xC4D0, 0xC4F0, 0xC4F0, 0xBCD0, 0xBCD0,
  0xBCB0, 0xBCAF, 0xB46F, 0xAC4E, 0xA40D, 0xAC2E, 0xA3ED, 0x8B6B, 0x8309, 0x832A, 0x8B4A, 0x8B4A,
  0x830A, 0x8B6B, 0x938C, 0x938C, 0x8B4B, 0x830A, 0x7AC9, 0x7AC9, 0x7AE9, 0x7AE9, 0x7AC9, 0x7AA8,
  0x7AC9, 0x830A, 0x8B4B, 0x8B4B, 0x938C, 0x8B6B, 0x8B6B, 0x936B, 0x936B, 0x8B2A, 0x8309, 0x7AE9,
  0x7AA8, 0x7AA8, 0x82E9, 0x8B2A, 0x934A, 0x936B, 0x9B8B, 0xA3EC, 0xA3EC, 0xAC0D, 0xAC0C, 0xAC0C,
  0xA3EC, 0xA3CB, 0xA3EB, 0xA3CB, 0xA3CB, 0x9BAB, 0x9BAB, 0x9BAB, 0x9B8A, 0x936A, 0x9349, 0x8B09,
  0x8309, 0x7AC8, 0x7287, 0x6226, 0x59E6, 0x59E6, 0x51C5, 0x4984, 0x3964, 0x3944, 0x3124, 0x2904,
  0x28E3, 0x20E3, 0x18C3, 0x18A3, 0x10A3, 0x10A3, 0x10A3, 0x10A3, 0x1083, 0x1082, 0x1082, 0x1082,
  0x1062, 0x1062, 0x1062, 0x1062, 0x1082, 0x1062, 0x1062, 0x1062, 0x0862, 0x0862, 0x1062, 0x1082,
  0x1062, 0x1082, 0x1082, 0x1082, 0x1082, 0x10C3, 0x18A3, 0x10A3, 0x18A3, 0x18A3, 0x18C3, 0x18E4,
  0x2104, 0x3A08, 0x6B8E, 0x94F4, 0x9D34, 0x94F3, 0x9D55, 0x9534, 0x8CD3, 0x7C71, 0x7410, 0x6BEF,
  0x6BCF, 0x6BAF, 0x638E, 0x638E, 0x5B6E, 0x5B4E, 0x5B4D, 0x5B2D, 0x5B2D, 0x5B4D, 0x634D, 0x5B2C,
  0x20A3, 0x20C3, 0x20C3, 0x20C3, 0x18C2, 0x1081, 0x1061, 0x1081, 0x1081, 0x0840, 0x0040, 0x0861,
  0x1081, 0x1081, 0x0861, 0x0840, 0x0021, 0x0841, 0x0020, 0x0020, 0x0820, 0x0820, 0x0840, 0x1882,
  0x1881, 0x1861, 0x1861, 0x2081, 0x3903, 0x49A4, 0x5A06, 0x6A67, 0x7287, 0x7A87, 0x7AA7, 0x7AA7,
  0x82C8, 0x82E8, 0x8AE8, 0x8B08, 0x8B09, 0x8B29, 0x8B29, 0x8B29, 0x9349, 0x9349, 0x9349, 0x9B69,
  0x9B8A, 0x9B8B, 0xA3AB, 0xA3CB, 0xA3CC, 0xA3CC, 0xA3CB, 0xABCC, 0xABEC, 0xABEC, 0xAC0C, 0xAC0D,
  0xB42D, 0xB42D, 0xAC2D, 0xB44D, 0xB44E, 0xB46E, 0xB46E, 0xB46E, 0xB46E, 0xB46E, 0xBC6E, 0xBC6E,
  0xBC6E, 0xBC6E, 0xBC8E, 0xBC8E, 0xBC8E, 0xBC8E, 0xBC8F, 0xBC8F, 0xBC8F, 0xBC8F, 0xBC8F, 0xBC8F,
  0xBC8F, 0xBC8F, 0xBCAF, 0xC4AF, 0xC4B0, 0xC4B0, 0xC4D0, 0xC4D0, 0xC4D0, 0xC4D0, 0xC4D0, 0xC4D0,
  0xC4F1, 0xC4F1, 0xC4F1, 0xC4F0, 0xC4F0, 0xC4D0, 0xC4D0, 0xC4D0, 0xBCD0, 0xBCAF, 0xB48F, 0xB48F,
  0xB48F, 0xB48F, 0xA40D, 0x93AB, 0x9BCC, 0x9BAC, 0x8B6B, 0x8309, 0x8B6A, 0x9BCC, 0x93AC, 0x830A,
  0x9BCC, 0x9BCC, 0x938C, 0x8B4A, 0x832A, 0x7AE9, 0x7288, 0x6A67, 0x7288, 0x7AC9, 0x830A, 0x8B2A,
  0x936C, 0x9BCD, 0x9BED, 0x9BED, 0x9BCD, 0x93AC, 0x936B, 0x8B6B, 0x8B4B, 0x830A, 0x8309, 0x8309,
  0x8309, 0x7AA8, 0x7287, 0x7AA8, 0x7AA7, 0x7A87, 0x7AA8, 0x8B09, 0x9BAB, 0xA3EC, 0xABEC, 0xAC0C,
  0xA3EC, 0xA3CC, 0xA3EC, 0xA3CB, 0xA3CC, 0xA3AB, 0x9BAB, 0x9BAB, 0x9BAB, 0x9B8A, 0x9B8A, 0x934A,
  0x8B29, 0x82E9, 0x7AC8, 0x7287, 0x6226, 0x59E5, 0x51E5, 0x59E6, 0x3965, 0x3964, 0x3144, 0x2924,
  0x2903, 0x20E3, 0x18C3, 0x18A3, 0x10A2, 0x10A3, 0x10A3, 0x10A3, 0x10A3, 0x10A3, 0x1083, 0x1082,
  0x1062, 0x1062, 0x1062, 0x1062, 0x1062, 0x1062, 0x1062, 0x0862, 0x0862, 0x0862, 0x1062, 0x1082,
  0x1082, 0x1082, 0x1082, 0x1082, 0x0862, 0x18C3, 0x10A3, 0x1082, 0x10A3, 0x18A3, 0x10A3, 0x18C3,
  0x18E4, 0x2966, 0x4A8A, 0x73F0, 0x8CB3, 0x94F3, 0x8CF3, 0x9D34, 0xADF7, 0x9534, 0x7C71, 0x7410,
  0x73EF, 0x6BCF, 0x6BAE, 0x638E, 0x636E, 0x5B4D, 0x5B2D, 0x634E, 0x5B4D, 0x5B2C, 0x634D, 0x5B2C,
  0x18A2, 0x20C2, 0x18C2, 0x20E3, 0x18C3, 0x1061, 0x1081, 0x10A2, 0x0861, 0x0840, 0x0840, 0x0861,
  0x1081, 0x0861, 0x0841, 0x0841, 0x0020, 0x0820, 0x0820, 0x0020, 0x0820, 0x1041, 0x1081, 0x1881,
  0x2081, 0x1860, 0x2080, 0x30E1, 0x4943, 0x59C5, 0x6A46, 0x7267, 0x7A87, 0x7AA7, 0x7AA7, 0x7AA7,
  0x82C8, 0x82E8, 0x82E8, 0x8AE8, 0x8B09, 0x9329, 0x9349, 0x9329, 0x9349, 0x934A, 0x936A, 0x936A,
  0x9B8B, 0x9BAB, 0x9BAB, 0x9BAB, 0xA3CB, 0xA3EC, 0xA3EC, 0xA3CC, 0xA3EC, 0xAC0C, 0xAC2D, 0xAC2D,
  0xAC2D, 0xAC2D, 0xB42D, 0xB44D, 0xB46E, 0xB46E, 0xBC6E, 0xBC8E, 0xBC8E, 0xBC8E, 0xBC6E, 0xBC6E,
  0xBC8E, 0xBC8E, 0xBC6E, 0xBC8F, 0xBC8F, 0xBC8F, 0xBC8F, 0xBC8F, 0xBC8F, 0xBC8F, 0xBC8F, 0xBC8F,
  0xBCAF, 0xBCAF, 0xBCB0, 0xC4D0, 0xBCB0, 0xC4D0, 0xC4D0, 0xC4D0, 0xC4F0, 0xC4F0, 0xC4D0, 0xC4F0,
  0xC4F0, 0xCCF0, 0xC4D0, 0xC4AF, 0xC4D0, 0xC4D0, 0xBCAF, 0xBCB0, 0xB48F, 0xBC8F, 0xB48F, 0xB48F,
  0xAC0E, 0xA3ED, 0x9BAC, 0x9BCC, 0x9BED, 0x938B, 0x93AC, 0x8B6B, 0x9BED, 0x93CC, 0x8B6C, 0xA42E,
  0xA40E, 0x938C, 0x8B4B, 0x7B0A, 0x7AE9, 0x7B0A, 0x7AC9, 0x7AE9, 0x832A, 0x7B0A, 0x832A, 0x8B8C,
  0xA40D, 0xA42E, 0x9BED, 0x93AC, 0x93AC, 0x9BED, 0xA40E, 0x9C0D, 0x93CC, 0x93AC, 0x8B8B, 0x8B6B,
  0x8B4A, 0x8B4A, 0x8B0A, 0x82C9, 0x7287, 0x7267, 0x7267, 0x7267, 0x7AA7, 0x8B2A, 0x9BCC, 0xA3EC,
  0xA3EC, 0xA3EC, 0xA3EC, 0xA3EC, 0xA3CC, 0xA3CC, 0xA3CB, 0xA3CB, 0xA3CB, 0xA3AB, 0x9BAB, 0x9B8A,
  0x9369, 0x8B29, 0x82E8, 0x7AA7, 0x7287, 0x6A26, 0x59C4, 0x6205, 0x51C5, 0x4164, 0x3923, 0x3944,
  0x3124, 0x28C3, 0x28E3, 0x20C3, 0x20C3, 0x18A3, 0x10A3, 0x1082, 0x1083, 0x1083, 0x10A2, 0x1082,
  0x10A3, 0x10A3, 0x1082, 0x1082, 0x1062, 0x1062, 0x1062, 0x1062, 0x1062, 0x1062, 0x1062, 0x1062,
  0x1062, 0x1062, 0x1082, 0x1082, 0x1082, 0x1083, 0x10A3, 0x18C3, 0x10C3, 0x10A3, 0x10C3, 0x18C4,
  0x18E4, 0x2125, 0x39E8, 0x632D, 0x6BCF, 0x8472, 0xA596, 0x9514, 0xA595, 0xB617, 0xA596, 0x7C51,
  0x6BF0, 0x73F0, 0x6BAF, 0x6B8F, 0x634E, 0x632D, 0x632D, 0x634D, 0x5B4D, 0x5B4E, 0x5B6E, 0x534D,
  0x18C2, 0x18C2, 0x20E3, 0x20E3, 0x18C2, 0x1082, 0x1082, 0x10A2, 0x0861, 0x0840, 0x0840, 0x0861,
  0x1081, 0x0861, 0x0841, 0x0841, 0x0020, 0x0820, 0x0820, 0x0820, 0x0820, 0x1061, 0x1881, 0x1881,
  0x1861, 0x1860, 0x28A1, 0x4122, 0x5184, 0x6205, 0x6A46, 0x7267, 0x7A87, 0x7AA7, 0x7AA7, 0x7AA7,
  0x82C8, 0x82E8, 0x82E8, 0x8AE8, 0x8B09, 0x8B29, 0x9349, 0x9329, 0x9349, 0x934A, 0x936A, 0x936A,
  0x9B8B, 0x9BAB, 0xA3AB, 0xA3AB, 0xA3CB, 0xA3EC, 0xA3EC, 0xA3CC, 0xA3EC, 0xAC0C, 0xAC2D, 0xAC2D,
  0xAC2D, 0xAC2D, 0xB42D, 0xB44D, 0xB46E, 0xB46E, 0xBC6E, 0xBC6E, 0xBC6E, 0xBC6E, 0xBC6E, 0xBC6E,
  0xBC8E, 0xBC8E, 0xBC6E, 0xBC8F, 0xBC8F, 0xBC8F, 0xBC8F, 0xBC8F, 0xBC8F, 0xBC8F, 0xBC8F, 0xBC8F,
  0xBCAF, 0xC4AF, 0xBCB0, 0xC4D0, 0xC4D0, 0xC4D0, 0xC4D0, 0xC4D0, 0xC4F0, 0xC4F0, 0xC4D0, 0xC4F0,
  0xC4D0, 0xC4F0, 0xC4D0, 0xBCAF, 0xBCAF, 0xBCAF, 0xBC8F, 0xBC8F, 0xB48F, 0xB46F, 0xAC4E, 0xAC4E,
  0xA3ED, 0x9BCC, 0x9BAC, 0xA3CD, 0x9BED, 0x938B, 0x93AC, 0x9BED, 0x9BCD, 0x938C, 0x9BCD, 0x9BCD,
  0x938C, 0x93AC, 0x8B6B, 0x834B, 0x8B4B, 0x832A, 0x832A, 0x8B6B, 0x8B8B, 0x93AC, 0x93CC, 0x93CC,
  0x93AC, 0x93AC, 0x9BED, 0xA42E, 0xA44E, 0xA42E, 0xA42E, 0xA42E, 0xA42E, 0xA42E, 0xA42D, 0x9C0D,
  0xA3ED, 0x9BED, 0x9BAC, 0x938B, 0x936B, 0x8B2A, 0x8B09, 0x82E9, 0x82E8, 0x8B29, 0x936A, 0x9B8B,
  0x9BAB, 0xA3CC, 0xA3EC, 0xA3CC, 0xA3CC, 0xA3CC, 0xA3CC, 0xA3CB, 0xA3CB, 0xA3CB, 0x9BAB, 0x9B8A,
  0x936A, 0x9349, 0x8B29, 0x82E8, 0x7AC8, 0x7287, 0x6205, 0x61E5, 0x5A06, 0x51C5, 0x4144, 0x3944,
  0x3944, 0x3103, 0x28E3, 0x28E3, 0x20E3, 0x18C3, 0x18A3, 0x10A3, 0x10A3, 0x10A3, 0x10A2, 0x1082,
  0x1082, 0x1082, 0x1082, 0x1082, 0x1082, 0x1082, 0x1082, 0x10A2, 0x1082, 0x1082, 0x1082, 0x1062,
  0x1062, 0x1062, 0x1062, 0x1082, 0x1062, 0x10A3, 0x10A3, 0x1082, 0x1082, 0x10A3, 0x18C3, 0x18A3,
  0x18C3, 0x2105, 0x2966, 0x4A8B, 0x5B2C, 0x73CF, 0xA596, 0xADD7, 0xADD6, 0xA575, 0xC679, 0xB618,
  0x8CB3, 0x7411, 0x73F0, 0x6BB0, 0x636E, 0x6B8E, 0x632D, 0x5B2C, 0x636E, 0x5B4D, 0x530D, 0x5B4E,
  0x18A2, 0x18C2, 0x20E3, 0x18C3, 0x18A2, 0x1082, 0x1081, 0x1081, 0x0860, 0x0840, 0x0840, 0x0861,
  0x0881, 0x0861, 0x0841, 0x0841, 0x0020, 0x0820, 0x0820, 0x0020, 0x0840, 0x1061, 0x1881, 0x1861,
  0x1860, 0x2080, 0x30E2, 0x4964, 0x59E5, 0x6A26, 0x7267, 0x7267, 0x7A87, 0x7AA7, 0x7AA7, 0x82C8,
  0x82C8, 0x82E8, 0x82E8, 0x8B09, 0x8B29, 0x8B29, 0x9349, 0x9349, 0x9349, 0x936A, 0x936A, 0x9B6A,
  0x9B8B, 0x9BAB, 0xA3CB, 0xA3CB, 0xA3CB, 0xA3CC, 0xA3CC, 0xA3CC, 0xA3EC, 0xAC0C, 0xAC0D, 0xAC2D,
  0xAC2D, 0xAC2D, 0xB44D, 0xB46E, 0xB46E, 0xB46E, 0xB46E, 0xBC6E, 0xBC6E, 0xBC6E, 0xBC6E, 0xBC6E,
  0xBC8F, 0xBC6E, 0xBC8F, 0xBC8F, 0xBC8F, 0xBC8F, 0xBC8F, 0xBC8F, 0xBC8F, 0xBC8F, 0xBC8F, 0xBC8F,
  0xBCAF, 0xBCAF, 0xC4B0, 0xC4B0, 0xC4D0, 0xC4D0, 0xC4D0, 0xC4D0, 0xC4F0, 0xC4F0, 0xC4F0, 0xC4F0,
  0xC4D0, 0xC4D0, 0xBCAF, 0xBC8F, 0xBC8F, 0xBC8F, 0xB46F, 0xB46E, 0xB46F, 0xAC4E, 0xA3ED, 0xA40D,
  0xA3CD, 0x9BCC, 0x9BCC, 0xA3ED, 0xAC4E, 0x93AC, 0x93AC, 0x9BCC, 0x938C, 0x938C, 0x9BEE, 0x938C,
  0x8B6C, 0x8B4B, 0x8B4B, 0x832A, 0x938B, 0x93CC, 0x8B6B, 0x93AC, 0x9BED, 0x93CC, 0x93AC, 0x9BCC,
  0xA42E, 0xAC6F, 0xAC6F, 0xAC4E, 0xA42E, 0xA42E, 0xA42E, 0xAC6F, 0xB4B0, 0xB4B0, 0xAC6F, 0xAC4E,
  0xAC0E, 0xA40D, 0xA3ED, 0xA3ED, 0xA3EC, 0x9BCC, 0x938B, 0x934A, 0x934A, 0x8B4A, 0x934A, 0x936B,
  0xA3CB, 0xA3EC, 0xA3EC, 0xA3CC, 0xA3CC, 0xA3CC, 0xA3CC, 0xA3CC, 0xA3CC, 0xA3CC, 0xA3CB, 0x9BAB,
  0x9B8A, 0x936A, 0x934A, 0x8B09, 0x8B09, 0x8309, 0x7287, 0x6A05, 0x5A06, 0x5A07, 0x49A5, 0x3944,
  0x3924, 0x3124, 0x3104, 0x20E3, 0x20E3, 0x18C3, 0x18A3, 0x18A3, 0x10A3, 0x10A3, 0x10A3, 0x10A2,
  0x1082, 0x1082, 0x1082, 0x1082, 0x1082, 0x1082, 0x1082, 0x1082, 0x1082, 0x1082, 0x1082, 0x1082,
  0x1082, 0x1082, 0x1082, 0x1082, 0x10A3, 0x1082, 0x1082, 0x10C3, 0x10C3, 0x1082, 0x1082, 0x18A3,
  0x1082, 0x18C3, 0x2925, 0x39E8, 0x5ACB, 0x630C, 0x73EF, 0xB5D6, 0xCEBA, 0xADB6, 0x9D55, 0xC6BA,
  0xBE7A, 0x8CF4, 0x7410, 0x6BF0, 0x638E, 0x634D, 0x634D, 0x634D, 0x5B4D, 0x634E, 0x5B4E, 0x5B2D,
  0x1081, 0x2924, 0x20E3, 0x1882, 0x1062, 0x1062, 0x1081, 0x0861, 0x0840, 0x0840, 0x0860, 0x0861,
  0x0881, 0x0861, 0x0840, 0x0841, 0x0020, 0x0841, 0x0820, 0x0000, 0x0840, 0x1081, 0x1881, 0x1881,
  0x1860, 0x28A1, 0x3923, 0x51A4, 0x6206, 0x6A46, 0x7267, 0x7287, 0x7A87, 0x7A87, 0x82A7, 0x82C8,
  0x82C8, 0x82C8, 0x8AE8, 0x8B09, 0x8B29, 0x8B29, 0x9349, 0x9349, 0x934A, 0x936A, 0x9B8A, 0x9B8A,
  0x9B8B, 0x9BAB, 0xA3CB, 0xA3CC, 0xA3CC, 0xA3CC, 0xA3CC, 0xA3CC, 0xABEC, 0xABEC, 0xAC0D, 0xAC2D,
  0xAC2D, 0xAC0D, 0xAC2D, 0xB46E, 0xBC6E, 0xBC6E, 0xBC6E, 0xBC6E, 0xBC6E, 0xBC8E, 0xBC8E, 0xBC8E,
  0xBC8F, 0xBC8F, 0xBC8F, 0xBC8F, 0xBC8F, 0xBC8F, 0xBC8F, 0xBC8F, 0xBC8F, 0xBC8F, 0xBC8F, 0xBC8F,
  0xBC8F, 0xBCAF, 0xC4B0, 0xC4B0, 0xC4D0, 0xC4D0, 0xC4D0, 0xC4D0, 0xC4D0, 0xC4D0, 0xC4F0, 0xC4F0,
  0xC4D0, 0xC4D0, 0xBCAF, 0xBC8F, 0xBC8F, 0xB46F, 0xB44E, 0xAC2E, 0xAC2E, 0xA40D, 0xA3CD, 0xA3ED,
  0xA40D, 0xA3ED, 0xA3CD, 0xA40D, 0x9BED, 0x93AC, 0x9BED, 0x93AC, 0x938C, 0x9BCD, 0x93AC, 0x938C,
  0x938C, 0x8B6C, 0x8B6B, 0x93AC, 0x93AC, 0x9BCD, 0xA42E, 0xA42E, 0xA44E, 0xAC4E, 0xAC6F, 0xB48F,
  0xB48F, 0xB46F, 0xAC6F, 0xAC6F, 0xB46F, 0xAC6F, 0xB46F, 0xB490, 0xB490, 0xB48F, 0xAC6F, 0xAC6F,
  0xB46F, 0xAC4E, 0xAC2E, 0xA40D, 0xA40D, 0xA40D, 0xA3CC, 0x9BAC, 0x936B, 0x934A, 0x934A, 0x9B8B,
  0xA3CC, 0xA3EC, 0xA3EC, 0xA3CC, 0xA3CC, 0xA3CC, 0xA3CC, 0xA3CC, 0xA3CC, 0xA3CC, 0xA3CB, 0x9BCB,
  0x9BAB, 0x9B8B, 0x9B8B, 0x934A, 0x934A, 0x934A, 0x82E9, 0x7246, 0x6226, 0x6227, 0x5A06, 0x4984,
  0x3103, 0x3924, 0x3144, 0x28E3, 0x20E3, 0x20C3, 0x18A2, 0x10A2, 0x10A3, 0x10A3, 0x10A2, 0x10A2,
  0x10A3, 0x1083, 0x1082, 0x1082, 0x1062, 0x0862, 0x1062, 0x1062, 0x1062, 0x1062, 0x1082, 0x1082,
  0x1082, 0x1082, 0x1083, 0x1083, 0x10A3, 0x10A3, 0x10A2, 0x10A2, 0x10A2, 0x18A2, 0x18A2, 0x1882,
  0x1861, 0x20A3, 0x20C3, 0x2904, 0x5A89, 0x6B2C, 0x62CA, 0x83EF, 0xBE18, 0xCE9A, 0xB5D7, 0x9D35,
  0xCEBB, 0xC6BB, 0x9D35, 0x73F0, 0x638E, 0x6B8E, 0x636D, 0x5B2D, 0x5B2D, 0x5B2D, 0x5B2E, 0x634E,
  0x3985, 0x62CB, 0x39A6, 0x20E3, 0x18A2, 0x1061, 0x1081, 0x0840, 0x0840, 0x0840, 0x0860, 0x0861,
  0x0861, 0x0860, 0x0840, 0x0840, 0x0021, 0x0841, 0x0821, 0x0020, 0x0841, 0x1881, 0x1881, 0x1861,
  0x2081, 0x30E2, 0x4163, 0x51C5, 0x6226, 0x7247, 0x7267, 0x7A87, 0x7A87, 0x7A87, 0x7AA7, 0x82C8,
  0x82C8, 0x82E8, 0x8B08, 0x8B29, 0x8B29, 0x8B29, 0x9329, 0x9349, 0x934A, 0x9B6A, 0x9B8A, 0x9B6A,
  0x9B8B, 0x9BAB, 0xA3CB, 0xA3CC, 0xA3CC, 0xA3CC, 0xA3CC, 0xA3CC, 0xABEC, 0xA3EC, 0xAC0C, 0xAC2D,
  0xAC2D, 0xAC0D, 0xAC2D, 0xB44E, 0xBC8E, 0xBC6E, 0xBC6E, 0xBC6E, 0xBC8E, 0xBC8E, 0xBC8F, 0xBC8F,
  0xBC8F, 0xBC8F, 0xBC8F, 0xBC8F, 0xBC8F, 0xBC8F, 0xBC8F, 0xBC8F, 0xBC8F, 0xBC8F, 0xBC8F, 0xBC8F,
  0xBC8F, 0xBCAF, 0xC4AF, 0xC4AF, 0xC4D0, 0xC4B0, 0xC4D0, 0xC4D0, 0xC4D0, 0xC4D0, 0xC4D0, 0xC4D0,
  0xC4D0, 0xBCAF, 0xBC8F, 0xB46F, 0xB46E, 0xB44E, 0xAC2E, 0xAC0D, 0xAC0D, 0xA3ED, 0x9BCC, 0xA3ED,
  0xAC2E, 0xA40D, 0xA3ED, 0xA40D, 0x938B, 0x9BAC, 0xA3ED, 0x9BAC, 0x93AC, 0x9BAC, 0x938C, 0x93AC,
  0x8B6B, 0x832A, 0x9BAC, 0x9BCC, 0x9BED, 0xAC4F, 0xAC4E, 0xB46F, 0xB48F, 0xB48F, 0xB48F, 0xB48F,
  0xB4B0, 0xB4B0, 0xB4B0, 0xB48F, 0xB48F, 0xB48F, 0xB48F, 0xB48F, 0xB48F, 0xB48F, 0xB48F, 0xB4B0,
  0xBCD0, 0xBCB0, 0xB48F, 0xAC4E, 0xAC4E, 0xAC2E, 0xA40D, 0xA3ED, 0x938B, 0x936A, 0x936A, 0x9B8B,
  0x9BAB, 0x9BAB, 0xA3CB, 0xA3CC, 0xA3CC, 0xA3CC, 0xA3EC, 0xA3CC, 0xA3CC, 0xA3CC, 0xA3CB, 0xA3CB,
  0xA3CC, 0xA3AB, 0x9B8B, 0x9B6A, 0x934A, 0x934A, 0x932A, 0x82C8, 0x6A47, 0x6247, 0x6247, 0x5A06,
  0x4164, 0x3924, 0x3944, 0x3124, 0x2904, 0x20E4, 0x18C3, 0x10A3, 0x10A2, 0x10A2, 0x1082, 0x1082,
  0x1082, 0x1082, 0x1082, 0x1082, 0x1082, 0x1082, 0x1082, 0x1082, 0x1082, 0x1082, 0x1082, 0x1082,
  0x1083, 0x1083, 0x10A3, 0x10A3, 0x0883, 0x08A3, 0x10A3, 0x10A2, 0x1081, 0x1061, 0x1861, 0x1861,
  0x28A2, 0x3924, 0x3944, 0x51E7, 0x6ACA, 0x7B4C, 0x7B4C, 0x6ACA, 0x840F, 0xCE59, 0xD6DA, 0xAD96,
  0x94F3, 0xC69A, 0xCEDB, 0xA596, 0x7410, 0x6BAE, 0x638E, 0x638E, 0x634E, 0x632D, 0x632E, 0x632E,
  0x39A6, 0x732C, 0x3985, 0x18A2, 0x1082, 0x0841, 0x1082, 0x0861, 0x0840, 0x0860, 0x0861, 0x0881,
  0x0861, 0x0841, 0x0840, 0x0841, 0x0021, 0x0841, 0x0841, 0x0841, 0x1061, 0x1881, 0x1860, 0x1860,
  0x28C2, 0x3923, 0x51A5, 0x6206, 0x6A46, 0x7267, 0x7267, 0x7A87, 0x7A87, 0x7A87, 0x82A7, 0x82C8,
  0x82C8, 0x82E8, 0x8B09, 0x8B29, 0x8B29, 0x8B29, 0x9329, 0x9349, 0x936A, 0x9B6A, 0x9B8A, 0x9B6A,
  0x9B8B, 0x9B8B, 0xA3AB, 0xA3CC, 0xA3CC, 0xA3CC, 0xA3CC, 0xA3EC, 0xABEC, 0xABEC, 0xAC0C, 0xAC2D,
  0xAC2D, 0xAC2D, 0xB42D, 0xB44E, 0xBC6E, 0xBC6E, 0xBC8E, 0xBC8E, 0xBC8E, 0xBC8E, 0xBC8F, 0xBC8F,
  0xBC6E, 0xBC6E, 0xBC8F, 0xBC8F, 0xBC8F, 0xBC8F, 0xBC8F, 0xBC8F, 0xBC8F, 0xBC8F, 0xBC8F, 0xBC8F,
  0xBC8F, 0xBCAF, 0xC4AF, 0xC4AF, 0xC4B0, 0xC4B0, 0xC4D0, 0xC4D0, 0xBCB0, 0xC4D0, 0xC4D0, 0xC4D0,
  0xBCAF, 0xBC8F, 0xBC8F, 0xB46E, 0xAC2E, 0xAC2D, 0xAC0D, 0xA3ED, 0xA40D, 0xA3ED, 0xA3ED, 0xA3ED,
  0xAC2E, 0xA3ED, 0xA3ED, 0xA3ED, 0x9BAC, 0x9BCD, 0x938C, 0x9BCC, 0x9BAC, 0x9BAC, 0xA3ED, 0x938C,
  0x938B, 0x9BCD, 0x9BED, 0xAC4E, 0xB4B0, 0xBCD0, 0xB4B0, 0xB48F, 0xB48F, 0xB4AF, 0xB4B0, 0xB48F,
  0xB48F, 0xB48F, 0xB48F, 0xBCB0, 0xBCF1, 0xBCD0, 0xBCD0, 0xBCD0, 0xBCD0, 0xBCB0, 0xB48F, 0xB48F,
  0xBCB0, 0xBC90, 0xB48F, 0xB46F, 0xB44E, 0xAC4E, 0xAC2E, 0xAC2D, 0xA3ED, 0xA3EC, 0xA3CC, 0x9BAC,
  0x9BAB, 0x9B8B, 0x9BAB, 0xA3CC, 0xA3EC, 0xA3EC, 0xA3EC, 0xA3CC, 0xA3CC, 0xA3EC, 0xA3EC, 0xA3CB,
  0xA3EC, 0xA3CC, 0x9BAB, 0x9B8B, 0x9B6B, 0x934A, 0x934A, 0x8B0A, 0x7287, 0x6A47, 0x6A47, 0x6247,
  0x51E6, 0x4144, 0x3123, 0x3985, 0x3145, 0x2924, 0x20E3, 0x18C3, 0x18A3, 0x10A3, 0x1082, 0x1082,
  0x1083, 0x1083, 0x1083, 0x1083, 0x1082, 0x1082, 0x1082, 0x1083, 0x1082, 0x1083, 0x1083, 0x10A3,
  0x10A3, 0x10A3, 0x1083, 0x1083, 0x10C3, 0x0882, 0x0862, 0x1081, 0x1061, 0x1860, 0x28E2, 0x4164,
  0x5A27, 0x72A9, 0x832B, 0x9BEE, 0x9C0F, 0x9BCE, 0x9C0E, 0x93CD, 0x7B8D, 0x9CB2, 0xCE58, 0xD6BA,
  0xAD95, 0x8CB2, 0xBE38, 0xD71C, 0xADB6, 0x7C51, 0x6BAE, 0x6BAE, 0x636E, 0x636E, 0x636F, 0x5B0D,
  0x41C6, 0x6B2B, 0x3144, 0x1881, 0x1081, 0x1061, 0x1061, 0x0841, 0x0840, 0x0861, 0x0881, 0x0881,
  0x0861, 0x0841, 0x0041, 0x0041, 0x0021, 0x0841, 0x0841, 0x0841, 0x1081, 0x1861, 0x1861, 0x2081,
  0x3102, 0x4984, 0x59E5, 0x6226, 0x7267, 0x7267, 0x7267, 0x7A87, 0x7A87, 0x7AA7, 0x82C7, 0x82C8,
  0x82E8, 0x8B08, 0x8B29, 0x8B09, 0x8B29, 0x8B29, 0x9329, 0x9349, 0x934A, 0x9B6A, 0x9B8A, 0x9B6A,
  0x9B8B, 0x9B8B, 0x9BAB, 0xA3CC, 0xA3CC, 0xA3CC, 0xA3CC, 0xA3EC, 0xABEC, 0xABEC, 0xAC0C, 0xAC0D,
  0xAC2D, 0xB44D, 0xB44D, 0xB44E, 0xB46E, 0xBC6E, 0xBC6E, 0xBC8E, 0xBC6E, 0xBC6E, 0xBC6E, 0xBC6E,
  0xBC6E, 0xBC6E, 0xBC6E, 0xBC6E, 0xBC6E, 0xBC8F, 0xBC8F, 0xBC8F, 0xBC8F, 0xBC8F, 0xBC8F, 0xBCAF,
  0xBCAF, 0xC4AF, 0xC4AF, 0xC4D0, 0xC4AF, 0xBCAF, 0xC4B0, 0xC4D0, 0xBCB0, 0xC4D0, 0xC4D0, 0xBCB0,
  0xBC8F, 0xBC8F, 0xB46F, 0xB44E, 0xAC0D, 0xAC0D, 0xAC0D, 0xA3ED, 0xA40D, 0xAC0D, 0xA40D, 0xA3ED,
  0xAC0E, 0xA3ED, 0xA3ED, 0xA3ED, 0xA3CD, 0xA3ED, 0x9BAC, 0xA40D, 0xA3ED, 0xA3CD, 0xA3CD, 0x936B,
  0x9BAC, 0xA40D, 0xB48F, 0xB48F, 0xB48F, 0xB48F, 0xB46E, 0xBCAF, 0xB48F, 0xB48F, 0xB48F, 0xB48F,
  0xB4AF, 0xBCAF, 0xBCB0, 0xBCAF, 0xBCAF, 0xB48F, 0xB48F, 0xB46E, 0xB46E, 0xB46F, 0xB48F, 0xB48F,
  0xB46F, 0xB46E, 0xB46E, 0xB46E, 0xB46E, 0xB46E, 0xB46E, 0xB44E, 0xB44E, 0xAC2E, 0xAC0D, 0xA3EC,
  0xA3CC, 0x9BAB, 0xA3CC, 0xA3EC, 0xAC0C, 0xAC0C, 0xABEC, 0xA3EC, 0xA3EC, 0xA3EC, 0xA3EC, 0xA3EC,
  0xABEC, 0xA3EC, 0xA3AB, 0xA3AB, 0x9B8B, 0x9B6A, 0x9B6A, 0x934A, 0x7AE9, 0x7287, 0x6A67, 0x6A67,
  0x6247, 0x51C5, 0x3964, 0x4165, 0x3145, 0x3124, 0x2904, 0x2104, 0x18E3, 0x18C3, 0x10A2, 0x1082,
  0x1083, 0x1083, 0x1083, 0x1083, 0x1083, 0x1083, 0x1082, 0x1082, 0x10A3, 0x10A3, 0x10A3, 0x10A3,
  0x10A3, 0x10A3, 0x10A2, 0x10A2, 0x10A3, 0x1082, 0x1061, 0x1861, 0x28E2, 0x49C5, 0x6A88, 0x830A,
  0x8B6B, 0x9BCD, 0xAC0E, 0xA3CD, 0xA40E, 0xAC4F, 0xA40E, 0xA40E, 0x9C2F, 0x940E, 0xB513, 0xDE99,
  0xDEBA, 0xAD75, 0x8CB2, 0xBE18, 0xCEFB, 0xB618, 0x8492, 0x6BAF, 0x6B8F, 0x636F, 0x634E, 0x634E,
  0x41C5, 0x62CA, 0x2923, 0x1881, 0x1881, 0x1061, 0x0840, 0x0020, 0x0840, 0x0861, 0x0881, 0x0881,
  0x0861, 0x0841, 0x0041, 0x0041, 0x0841, 0x0861, 0x0821, 0x0840, 0x1061, 0x1061, 0x1860, 0x28C2,
  0x3943, 0x51A5, 0x6206, 0x6A46, 0x7266, 0x7266, 0x7A66, 0x7AA7, 0x7AA7, 0x7AA7, 0x82C7, 0x82E8,
  0x82E8, 0x8B09, 0x8B29, 0x8B08, 0x8B29, 0x8B29, 0x9329, 0x9349, 0x934A, 0x9B6A, 0x9B8A, 0x9B6A,
  0x9B8B, 0x9B8B, 0x9B8B, 0xA3CC, 0xA3EC, 0xA3EC, 0xA3EC, 0xA3EC, 0xABEC, 0xABEC, 0xABEC, 0xAC0D,
  0xAC2D, 0xB44E, 0xB44E, 0xB44E, 0xB46E, 0xB46E, 0xBC6E, 0xBC8E, 0xBC6E, 0xBC6E, 0xBC6E, 0xBC6E,
  0xBC6E, 0xBC6E, 0xBC6E, 0xBC6E, 0xBC6E, 0xBC6E, 0xBC8F, 0xBC8F, 0xBCAF, 0xBCAF, 0xBCAF, 0xBCAF,
  0xC4AF, 0xC4AF, 0xC4D0, 0xC4D0, 0xC4AF, 0xBCAF, 0xC4D0, 0xC4D0, 0xBCB0, 0xC4D0, 0xC4D0, 0xBCAF,
  0xBCAF, 0xBC8F, 0xBC8F, 0xB44E, 0xAC0D, 0xA40D, 0xAC0D, 0xA3ED, 0xA40D, 0xAC2D, 0xAC2E, 0xA3ED,
  0xAC2E, 0xA3ED, 0xA3ED, 0xA40D, 0xA40D, 0xAC0E, 0xA40D, 0xA40D, 0x9BCC, 0x9BCC, 0x9BAC, 0xA3ED,
  0xA40D, 0xAC2E, 0xB48F, 0xB4AF, 0xAC6E, 0xB48F, 0xBCB0, 0xB4AF, 0xBCB0, 0xBCB0, 0xBCAF, 0xBCB0,
  0xBCD0, 0xBCD0, 0xBCD0, 0xBCB0, 0xB48F, 0xBCD0, 0xBCD0, 0xBCD0, 0xBCAF, 0xB48F, 0xB48F, 0xB46E,
  0xAC4E, 0xAC2E, 0xAC2E, 0xAC2E, 0xB44E, 0xB46E, 0xB44E, 0xB44E, 0xAC2D, 0xAC0D, 0xA3EC, 0xA3CC,
  0xA3CC, 0xA3EC, 0xA3EC, 0xA3EC, 0xAC0D, 0xAC0D, 0xAC0D, 0xA3EC, 0xA3EC, 0xA3EC, 0xA3EC, 0xA3EC,
  0xA3EC, 0xABEC, 0xA3AC, 0xA3AC, 0xA3AC, 0x9B6B, 0x9B6B, 0x934A, 0x8B4A, 0x72A7, 0x72A7, 0x7287,
  0x6247, 0x6247, 0x51E6, 0x3944, 0x3124, 0x3124, 0x2924, 0x2904, 0x2104, 0x18E3, 0x18A3, 0x1082,
  0x1082, 0x1082, 0x1082, 0x1082, 0x1082, 0x1082, 0x1082, 0x1082, 0x1082, 0x10A3, 0x10A3, 0x10A3,
  0x10A3, 0x10A3, 0x10A3, 0x18A3, 0x1082, 0x1061, 0x20A2, 0x4185, 0x6A88, 0x7B0A, 0x8B6B, 0x9B8C,
  0xA3ED, 0xAC0E, 0xB42E, 0xB44E, 0xB42E, 0xB42E, 0xB42E, 0xABED, 0xA40E, 0x9BED, 0x9C0E, 0xACF2,
  0xDE78, 0xDE99, 0xAD75, 0x8CB2, 0xBE39, 0xC69B, 0xB618, 0x84B3, 0x6BD0, 0x6B8F, 0x636F, 0x636F,
  0x6B0A, 0x736C, 0x2903, 0x1881, 0x18A1, 0x1061, 0x0861, 0x0020, 0x0841, 0x0861, 0x0881, 0x0882,
  0x0861, 0x0021, 0x0021, 0x0841, 0x0841, 0x0021, 0x0841, 0x1061, 0x1861, 0x1040, 0x1860, 0x3103,
  0x4984, 0x59E5, 0x6226, 0x6A46, 0x7267, 0x7A87, 0x7A87, 0x7A87, 0x7AA7, 0x82C8, 0x82E8, 0x82E8,
  0x82E8, 0x8B08, 0x8B09, 0x8B09, 0x8B29, 0x8B29, 0x934A, 0x934A, 0x936A, 0x9B6A, 0x9B6A, 0x936A,
  0x9B8B, 0x9B8B, 0x9BAB, 0xA3CB, 0xA3CC, 0xA3EC, 0xA3EC, 0xABEC, 0xA3EC, 0xABEC, 0xAC0D, 0xAC2D,
  0xAC2D, 0xB42D, 0xB44E, 0xB44E, 0xB46E, 0xB46E, 0xB46E, 0xBC6E, 0xBC6E, 0xBC6E, 0xBC6E, 0xBC6E,
  0xBC6E, 0xB46E, 0xB46E, 0xB46E, 0xBC6E, 0xBC8F, 0xBC8F, 0xBC8F, 0xBCAF, 0xBCAF, 0xBCAF, 0xBCAF,
  0xBCAF, 0xC4AF, 0xC4AF, 0xC4AF, 0xC4D0, 0xC4AF, 0xC4AF, 0xC4D0, 0xC4D0, 0xC4B0, 0xBCB0, 0xBCAF,
  0xBC8F, 0xB46E, 0xB46E, 0xB44E, 0xAC2D, 0xA3EC, 0xA3EC, 0xA40D, 0xA40D, 0xAC0D, 0xAC0D, 0xAC2D,
  0xAC0D, 0xA40D, 0xA3ED, 0xA3ED, 0xA40D, 0xABED, 0xA3ED, 0xA3EC, 0xA3CC, 0xA3EC, 0xA40D, 0xAC2D,
  0xAC2E, 0xB44E, 0xB46E, 0xB46E, 0xAC4E, 0xB46E, 0xB48F, 0xBCAF, 0xBCAF, 0xBCAF, 0xBCAF, 0xBC8F,
  0xBC8F, 0xBC8F, 0xBCAF, 0xBCAF, 0xBCAF, 0xBCB0, 0xBCD0, 0xBCD0, 0xBCAF, 0xBC8F, 0xB48F, 0xB48F,
  0xBC8F, 0xB46E, 0xB44E, 0xB44E, 0xB44E, 0xB44E, 0xB44E, 0xB44E, 0xB44D, 0xAC2D, 0xAC0D, 0xA3EC,
  0xA3EC, 0xA3EC, 0xA3EC, 0xAC0D, 0xAC0D, 0xAC0D, 0xAC0C, 0xA3EC, 0xABEC, 0xA3EC, 0xABEC, 0xABEC,
  0xAC0C, 0xAC0C, 0xABEC, 0xA3CC, 0xA3AB, 0xA3AB, 0xA38B, 0x9B8B, 0x8B49, 0x82E8, 0x7287, 0x7267,
  0x6246, 0x6227, 0x5A27, 0x4185, 0x3944, 0x3124, 0x2924, 0x2904, 0x2104, 0x2104, 0x20E3, 0x18C3,
  0x1082, 0x1082, 0x1062, 0x0862, 0x0862, 0x1082, 0x1083, 0x0882, 0x10A3, 0x1082, 0x10A2, 0x18C3,
  0x10A3, 0x10A2, 0x18A2, 0x18A2, 0x1861, 0x20A2, 0x49A6, 0x7AEA, 0x8B4B, 0x936B, 0xA3ED, 0xAC0D,
  0xB42D, 0xBC4E, 0xBC4E, 0xBC4E, 0xBC4E, 0xBC4E, 0xBC2D, 0xB40D, 0xAC2D, 0xAC2D, 0xA40D, 0x9BCD,
  0xB4F2, 0xE6B9, 0xDE9A, 0xAD55, 0x9CF4, 0xC65A, 0xC69B, 0xBE39, 0x8472, 0x6BD0, 0x6BAF, 0x6BAF,
  0x6B2A, 0x736B, 0x2902, 0x1080, 0x18A1, 0x1061, 0x0840, 0x0840, 0x0841, 0x0861, 0x0881, 0x0882,
  0x0861, 0x0021, 0x0021, 0x0821, 0x0841, 0x0020, 0x0841, 0x1061, 0x1061, 0x1840, 0x2081, 0x3923,
  0x49A4, 0x59E5, 0x6226, 0x6A46, 0x7267, 0x7A87, 0x7A87, 0x7AA7, 0x7AA7, 0x82C8, 0x82E8, 0x82E8,
  0x82E8, 0x8B08, 0x8B09, 0x8B09, 0x8B29, 0x9329, 0x934A, 0x934A, 0x936A, 0x936A, 0x9B6A, 0x9B6A,
  0x9BAB, 0x9BAB, 0x9BAB, 0xA3CC, 0xA3CC, 0xA3EC, 0xA3EC, 0xA3EC, 0xA3EC, 0xAC0D, 0xAC0D, 0xB42D,
  0xB42D, 0xB44E, 0xB44E, 0xB44E, 0xB46E, 0xB46E, 0xB46E, 0xB46E, 0xB46E, 0xB46E, 0xB46E, 0xBC6E,
  0xB46E, 0xB46E, 0xBC6E, 0xBC6E, 0xBC6E, 0xBC8F, 0xBC8F, 0xBC8F, 0xBCAF, 0xBCAF, 0xBCAF, 0xBCAF,
  0xBCAF, 0xC4AF, 0xC4AF, 0xC4AF, 0xC4AF, 0xC4AF, 0xC4AF, 0xC4AF, 0xC4D0, 0xC4B0, 0xC4D0, 0xBCB0,
  0xBC8F, 0xB46F, 0xB46E, 0xB44E, 0xB44E, 0xAC0D, 0xAC0D, 0xAC2E, 0xAC2E, 0xAC4E, 0xAC4E, 0xAC4E,
  0xAC4E, 0xAC2E, 0xAC2D, 0xAC0D, 0xAC0D, 0xAC0D, 0xABED, 0xA3ED, 0xA3ED, 0xA3ED, 0xAC0D, 0xAC2D,
  0xAC4E, 0xB44E, 0xB46E, 0xB46E, 0xB46E, 0xB46F, 0xB48F, 0xBC8F, 0xBC8F, 0xBC8F, 0xBC8F, 0xBC8F,
  0xBC8F, 0xBC8F, 0xBCAF, 0xBCAF, 0xBCAF, 0xBCAF, 0xBCD0, 0xBCD0, 0xBCAF, 0xBCAF, 0xBC8F, 0xBC8F,
  0xBC8F, 0xB46E, 0xB44E, 0xB44E, 0xB44E, 0xB44E, 0xB44E, 0xB44E, 0xAC2D, 0xB44D, 0xB44D, 0xAC2D,
  0xAC2D, 0xAC0D, 0xAC0D, 0xAC0D, 0xAC0D, 0xAC0D, 0xAC0D, 0xAC0D, 0xAC0D, 0xAC0D, 0xAC0D, 0xAC0D,
  0xAC0C, 0xAC0C, 0xABEC, 0xABCC, 0xA3AC, 0xA3AB, 0xA3AB, 0x9B8B, 0x936A, 0x8B29, 0x7AA7, 0x6A67,
  0x6246, 0x6226, 0x5A06, 0x51C6, 0x4164, 0x3944, 0x3144, 0x2924, 0x20E3, 0x20E3, 0x20E3, 0x18C3,
  0x18C3, 0x1883, 0x1082, 0x1082, 0x1082, 0x0862, 0x0882, 0x1083, 0x10A3, 0x10A3, 0x10A2, 0x10A2,
  0x10A3, 0x18A2, 0x18A2, 0x18A3, 0x28A2, 0x51C6, 0x7ACA, 0x8B6C, 0xA3CD, 0xAC0D, 0xBC4E, 0xBC6E,
  0xBC6E, 0xBC4E, 0xBC4E, 0xBC2D, 0xBC2D, 0xBC2D, 0xBC2D, 0xBC0D, 0xBC2D, 0xB42D, 0xB42D, 0xAC0D,
  0x9BCD, 0xACB1, 0xE679, 0xE6DB, 0xB576, 0x9D15, 0xC67B, 0xCEBB, 0xBE7A, 0x8472, 0x6BCF, 0x6BAF,
  0x7BAC, 0x736B, 0x2943, 0x1080, 0x18A1, 0x1081, 0x0840, 0x0840, 0x0861, 0x0861, 0x0861, 0x0862,
  0x0841, 0x0021, 0x0021, 0x0821, 0x0841, 0x0020, 0x1061, 0x1061, 0x1060, 0x2081, 0x30E2, 0x4164,
  0x51C5, 0x6206, 0x6A46, 0x7267, 0x7287, 0x7A87, 0x7A87, 0x7AA7, 0x7AA7, 0x82C8, 0x82E8, 0x82E8,
  0x82E8, 0x8B08, 0x8B09, 0x8B09, 0x8B29, 0x9349, 0x934A, 0x934A, 0x934A, 0x936A, 0x9B6B, 0x9B8B,
  0x9BAC, 0x9BAC, 0xA3CC, 0xA3EC, 0xA3EC, 0xA3ED, 0xABEC, 0xABEC, 0xA3EC, 0xABEC, 0xAC2D, 0xB42D,
  0xB44E, 0xB44E, 0xB44E, 0xB44E, 0xB46E, 0xB46E, 0xB46E, 0xB44E, 0xB44E, 0xB44E, 0xB46E, 0xB46E,
  0xB46E, 0xB46E, 0xBC6E, 0xBC6E, 0xBC6E, 0xBC8F, 0xBC8F, 0xBC8F, 0xBCAF, 0xBCAF, 0xBCAF, 0xC4AF,
  0xC4AF, 0xC4AF, 0xC4AF, 0xC4AF, 0xC4AF, 0xC4AF, 0xC4AF, 0xC4AF, 0xC4AF, 0xC4AF, 0xC4AF, 0xBCAF,
  0xBC8F, 0xB46F, 0xB46E, 0xB46E, 0xB46E, 0xB44E, 0xB44E, 0xB46E, 0xB46E, 0xB46E, 0xB46E, 0xB46E,
  0xB46E, 0xB44E, 0xB44E, 0xAC2E, 0xAC2D, 0xAC0D, 0xAC0D, 0xAC0D, 0xAC0D, 0xAC0D, 0xAC2D, 0xAC2D,
  0xB44E, 0xB46E, 0xB46E, 0xB46E, 0xB46F, 0xBC8F, 0xBC8F, 0xBC8F, 0xBC8F, 0xBC8F, 0xBC8F, 0xB48F,
  0xBC8F, 0xBC8F, 0xBCAF, 0xBCB0, 0xBCB0, 0xBCD0, 0xC4D0, 0xC4CF, 0xBCAF, 0xBCAF, 0xBCAF, 0xBCAF,
  0xBC8F, 0xBC8E, 0xB46E, 0xB44E, 0xB44E, 0xB44E, 0xB44E, 0xB44E, 0xAC2D, 0xB44E, 0xB46E, 0xB46E,
  0xB44E, 0xAC2D, 0xAC2D, 0xAC0D, 0xAC0D, 0xAC0D, 0xAC0D, 0xAC2D, 0xAC2D, 0xAC2D, 0xAC0D, 0xAC0D,
  0xAC0D, 0xAC0D, 0xAC0D, 0xABEC, 0xA3CC, 0xA3CC, 0xA3AB, 0x9B8B, 0x9BAB, 0x9B8B, 0x8309, 0x7266,
  0x6A46, 0x6226, 0x59E5, 0x5A06, 0x49A5, 0x4165, 0x3144, 0x3124, 0x2904, 0x2904, 0x20E4, 0x20C3,
  0x20E4, 0x18A3, 0x10A3, 0x10A3, 0x1082, 0x0862, 0x0882, 0x10A3, 0x10A3, 0x10A3, 0x10A3, 0x1082,
  0x18A2, 0x18A2, 0x18A2, 0x20E3, 0x51A5, 0x72A9, 0x936B, 0xA3CC, 0xB42E, 0xBC6F, 0xC48F, 0xBC6E,
  0xC46E, 0xBC4D, 0xB42D, 0xB40C, 0xBC0C, 0xBBEC, 0xBBCC, 0xBBCC, 0xB3CB, 0xBC0C, 0xBC0C, 0xB40D,
  0xABED, 0x9BAD, 0xAC91, 0xE69A, 0xDEBB, 0xAD56, 0x9CF4, 0xC67A, 0xCEDC, 0xC69A, 0x8CF3, 0x7410,
  0x83ED, 0x62E9, 0x2923, 0x1881, 0x1081, 0x1081, 0x0020, 0x0040, 0x0861, 0x0861, 0x0861, 0x0861,
  0x0841, 0x0821, 0x0821, 0x0821, 0x0821, 0x0820, 0x1061, 0x1061, 0x1840, 0x2081, 0x3923, 0x4984,
  0x59C5, 0x6206, 0x6A46, 0x7267, 0x7A87, 0x7AA7, 0x7AA7, 0x82A7, 0x82C8, 0x82E8, 0x82E8, 0x82E8,
  0x82E8, 0x8B08, 0x8B09, 0x8B09, 0x8B29, 0x8B29, 0x934A, 0x934A, 0x934A, 0x936A, 0x9B8B, 0x9B8B,
  0x9BAB, 0x9BAB, 0xA3CC, 0xA3EC, 0xAC0D, 0xAC0D, 0xABEC, 0xABEC, 0xA3EC, 0xABEC, 0xAC0D, 0xAC2D,
  0xB42D, 0xB42D, 0xB44E, 0xB44E, 0xB44E, 0xB44E, 0xB44E, 0xB44E, 0xB44E, 0xB44E, 0xB46E, 0xB46E,
  0xBC6E, 0xBC6E, 0xB46E, 0xB46E, 0xBC6E, 0xBC6E, 0xBC8F, 0xBC8F, 0xBC8F, 0xBC8F, 0xBCAF, 0xC4AF,
  0xC4AF, 0xC4AF, 0xC4AF, 0xBCAF, 0xC4AF, 0xC4AF, 0xC4AF, 0xC4AF, 0xC4AF, 0xC4AF, 0xBCAF, 0xBCAF,
  0xBC8F, 0xBC8F, 0xB46E, 0xB46E, 0xB46F, 0xB46E, 0xB46E, 0xB46F, 0xB46E, 0xB46E, 0xB46E, 0xB46E,
  0xB44E, 0xB44E, 0xB44E, 0xAC2E, 0xB42E, 0xAC2D, 0xAC0D, 0xAC0D, 0xAC0D, 0xAC2D, 0xAC2D, 0xAC2D,
  0xB44E, 0xB46E, 0xB46E, 0xB46E, 0xB46F, 0xBC8F, 0xBC8F, 0xBC8F, 0xBC8F, 0xBC8F, 0xBC8F, 0xBC8F,
  0xBC8F, 0xBCAF, 0xBCAF, 0xBCD0, 0xC4D0, 0xC4D0, 0xC4D0, 0xC4CF, 0xBCAF, 0xBCAF, 0xBC8F, 0xBC8F,
  0xBCAF, 0xBC8F, 0xBC8E, 0xB46E, 0xB46E, 0xB46E, 0xB46E, 0xB46E, 0xB44E, 0xB46E, 0xB46E, 0xB44E,
  0xB44D, 0xAC2D, 0xAC0D, 0xAC0D, 0xAC0D, 0xAC0D, 0xAC0D, 0xAC2D, 0xAC2D, 0xAC2D, 0xAC0D, 0xAC0D,
  0xAC0D, 0xAC0D, 0xAC0D, 0xAC0D, 0xABEC, 0xA3CC, 0xA3AB, 0xA38B, 0x9BAB, 0xA3CB, 0x936A, 0x7AA8,
  0x6A67, 0x6226, 0x51C5, 0x59E6, 0x51C6, 0x4185, 0x3944, 0x3124, 0x3124, 0x2904, 0x2904, 0x20C3,
  0x18C3, 0x20C3, 0x18C3, 0x10A3, 0x1082, 0x1082, 0x10A3, 0x10A2, 0x1082, 0x1082, 0x18A3, 0x18A2,
  0x18A2, 0x18A2, 0x18A2, 0x3145, 0x6A27, 0x8B2A, 0xA3CD, 0xB42E, 0xBC6F, 0xC46F, 0xC46F, 0xBC2D,
  0xABCC, 0xA38B, 0x9B6A, 0x9B4A, 0xA34A, 0xA34A, 0xAB4A, 0xB36B, 0xBBAB, 0xB3AB, 0xBBEC, 0xBBED,
  0xBC2D, 0xABCD, 0x9BCD, 0xACB2, 0xE6BA, 0xDEBA, 0x9CF4, 0x94F3, 0xC6BA, 0xCEDB, 0xBE79, 0x9D75,
  0x7B6C, 0x49E6, 0x20C1, 0x1881, 0x1081, 0x1061, 0x0020, 0x0020, 0x0861, 0x0861, 0x0861, 0x0861,
  0x0840, 0x0820, 0x0821, 0x0821, 0x0820, 0x0820, 0x1061, 0x1061, 0x1840, 0x28C1, 0x3943, 0x51A4,
  0x59E5, 0x6A26, 0x6A46, 0x7267, 0x7A87, 0x7AA7, 0x7AA8, 0x82C8, 0x82E8, 0x82E8, 0x82E8, 0x82E8,
  0x82E8, 0x8308, 0x8B09, 0x8B09, 0x8B29, 0x8B2A, 0x934A, 0x934A, 0x936A, 0x936B, 0x9B8B, 0x9B8B,
  0x9B8B, 0x9BAB, 0xA3CC, 0xA3EC, 0xA3ED, 0xA3ED, 0xA3EC, 0xA3CC, 0xA3CC, 0xA3EC, 0xABEC, 0xAC0D,
  0xAC0D, 0xAC2D, 0xB42D, 0xB44E, 0xB44E, 0xB44E, 0xB44E, 0xB44E, 0xB44E, 0xB44E, 0xB46E, 0xB46E,
  0xBC6E, 0xB46E, 0xB46E, 0xB44E, 0xB44E, 0xBC6E, 0xBC8F, 0xBC8F, 0xBC8F, 0xBC8F, 0xBCAF, 0xBCAF,
  0xC4AF, 0xC4AF, 0xC4AF, 0xC4AF, 0xC4AF, 0xC4AF, 0xC4AF, 0xC4AF, 0xC4AF, 0xBCAF, 0xBCAF, 0xBC8F,
  0xBC8F, 0xBC8F, 0xB46E, 0xBC6E, 0xBC6E, 0xB46E, 0xB46E, 0xB46E, 0xB44E, 0xB44E, 0xB44E, 0xB44E,
  0xB42D, 0xB42D, 0xAC2D, 0xAC2D, 0xB42D, 0xB40D, 0xAC0D, 0xAC0D, 0xAC0D, 0xB42D, 0xAC2D, 0xAC2D,
  0xB44D, 0xB46E, 0xBC6E, 0xBC6E, 0xBC6F, 0xBC6F, 0xBC8F, 0xBC8F, 0xBC8F, 0xBC8F, 0xBC8F, 0xBC8F,
  0xBC8F, 0xBCAF, 0xBCB0, 0xBCD0, 0xC4D0, 0xC4D0, 0xC4D0, 0xC4CF, 0xBCAF, 0xBCAF, 0xBC8F, 0xBC8F,
  0xBC8F, 0xBC8F, 0xBC6E, 0xB46E, 0xB46E, 0xB46E, 0xB44E, 0xB44E, 0xB46E, 0xB46E, 0xB46E, 0xB44E,
  0xAC2D, 0xAC0D, 0xAC0D, 0xAC0D, 0xAC0D, 0xAC0D, 0xAC0D, 0xAC2D, 0xAC2D, 0xAC2D, 0xAC0D, 0xAC0D,
  0xAC0D, 0xAC2D, 0xAC2D, 0xAC0D, 0xAC0C, 0xA3EC, 0xA3CC, 0x9BAB, 0xA3AB, 0xA3AB, 0x9BAB, 0x8B09,
  0x7287, 0x6A47, 0x59E5, 0x51C5, 0x51C6, 0x4185, 0x3965, 0x3945, 0x3124, 0x2924, 0x2904, 0x20E3,
  0x18A3, 0x18C3, 0x18C3, 0x18A3, 0x10A3, 0x10A3, 0x10A3, 0x10A3, 0x10A2, 0x1082, 0x18A2, 0x18A3,
  0x18A2, 0x1861, 0x28C3, 0x49E7, 0x7AC8, 0x9BAC, 0xB44E, 0xBC6F, 0xBC6F, 0xBC4E, 0xABAC, 0x8AE8,
  0x7225, 0x69E5, 0x69C4, 0x69A3, 0x6983, 0x71A4, 0x79C4, 0x8205, 0xA2E8, 0xAB4A, 0xB38B, 0xC3ED,
  0xBBED, 0xBC2D, 0xB44E, 0x938C, 0xB4F2, 0xE6BA, 0xCE79, 0xAD75, 0x9D34, 0xC69A, 0xCEFB, 0xBE9A,
  0x62C9, 0x3144, 0x1881, 0x18A1, 0x1081, 0x0841, 0x0020, 0x0020, 0x0861, 0x0861, 0x0861, 0x0860,
  0x0840, 0x0820, 0x0820, 0x0820, 0x0820, 0x0840, 0x1061, 0x1061, 0x1860, 0x30E2, 0x4143, 0x51A5,
  0x59E5, 0x6A26, 0x7266, 0x7267, 0x7AA7, 0x7AA8, 0x82C8, 0x82C8, 0x82E8, 0x82E8, 0x82E8, 0x82E8,
  0x8308, 0x8308, 0x8B09, 0x8B09, 0x8B29, 0x8B29, 0x934A, 0x934A, 0x936B, 0x936B, 0x9B8B, 0x9B8B,
  0x9BAC, 0xA3CC, 0xA3CC, 0xA3EC, 0xA3ED, 0xA3EC, 0xA3CC, 0xA3CC, 0xA3CC, 0xA3CC, 0xA3CC, 0xA3EC,
  0xAC0D, 0xAC0D, 0xAC2D, 0xB42D, 0xB42D, 0xB44E, 0xB44E, 0xB44E, 0xB44E, 0xB44E, 0xB46E, 0xB46E,
  0xBC6E, 0xB46E, 0xB44E, 0xB44E, 0xB44E, 0xB46E, 0xBC6E, 0xBC8F, 0xBC8F, 0xBC8F, 0xBC8F, 0xBCAF,
  0xC4AF, 0xC4AF, 0xC4AF, 0xC4AF, 0xC4AF, 0xC4AF, 0xC4AF, 0xC4AF, 0xBCAF, 0xBCAF, 0xBC8F, 0xBC8F,
  0xBC8F, 0xBC8F, 0xBC6E, 0xBC6E, 0xBC6E, 0xB46E, 0xB44E, 0xB44E, 0xB44E, 0xB44E, 0xB42D, 0xB42D,
  0xAC2D, 0xAC2D, 0xAC2D, 0xAC0D, 0xAC0D, 0xAC0D, 0xAC0D, 0xAC0D, 0xAC0D, 0xAC0D, 0xAC2D, 0xAC2D,
  0xB44D, 0xB46E, 0xBC8F, 0xBC8F, 0xBC6F, 0xBC6F, 0xBC8F, 0xBC8F, 0xBC8F, 0xBC8F, 0xBC8F, 0xBC8F,
  0xBCAF, 0xBCAF, 0xBCB0, 0xBCD0, 0xBCCF, 0xBCCF, 0xC4CF, 0xC4CF, 0xBCAF, 0xBCAF, 0xBCAF, 0xBCAF,
  0xBC8F, 0xBC8F, 0xBC8F, 0xBC6E, 0xBC6E, 0xB46E, 0xB46E, 0xB46E, 0xB46E, 0xB46E, 0xB46E, 0xB46E,
  0xB44D, 0xAC2D, 0xAC0D, 0xAC0C, 0xAC2D, 0xAC2D, 0xAC2D, 0xAC2D, 0xAC2D, 0xAC2D, 0xAC2D, 0xAC2D,
  0xAC2D, 0xAC2D, 0xAC2D, 0xAC0D, 0xAC0C, 0xAC0C, 0xA3EC, 0xA3CB, 0xA3CB, 0xA3AB, 0xA3CB, 0x936B,
  0x82C9, 0x7267, 0x6206, 0x59E6, 0x51C5, 0x4985, 0x4185, 0x4165, 0x3124, 0x2904, 0x2904, 0x2904,
  0x18C3, 0x18C3, 0x18A3, 0x18C3, 0x10C3, 0x10A3, 0x10A3, 0x10A3, 0x10A3, 0x1082, 0x1082, 0x18A2,
  0x1882, 0x1861, 0x3945, 0x628A, 0x936B, 0xAC2D, 0xB42E, 0xB44E, 0xBC6E, 0xABCC, 0x8AC8, 0x7226,
  0x7A66, 0x7A46, 0x7226, 0x7205, 0x71C5, 0x7184, 0x7163, 0x7163, 0x7984, 0x9227, 0xA2C9, 0xB36B,
  0xBBEC, 0xBC0D, 0xB40D, 0xA40D, 0x8B8C, 0xC5B4, 0xE6FA, 0xD699, 0xA575, 0x9D34, 0xC6BA, 0xCEDA,
  0x4A07, 0x2903, 0x1882, 0x1882, 0x1081, 0x0841, 0x0841, 0x0841, 0x0861, 0x0861, 0x0861, 0x0860,
  0x0840, 0x0840, 0x0840, 0x0820, 0x0840, 0x1041, 0x1061, 0x1060, 0x2081, 0x3102, 0x4163, 0x51C5,
  0x6206, 0x6A46, 0x7266, 0x7267, 0x7AA7, 0x82C8, 0x82C8, 0x82C8, 0x8308, 0x8308, 0x82E8, 0x82E9,
  0x8309, 0x8309, 0x8B09, 0x8B09, 0x8B29, 0x8B2A, 0x934A, 0x936B, 0x936B, 0x936B, 0x936B, 0x9B6B,
  0x9BAC, 0x9BAC, 0x9BAC, 0xA3CC, 0xA3CC, 0xA3CC, 0x9BAC, 0x9BAB, 0x9BAB, 0x9BAC, 0xA3CC, 0xA3EC,
  0xABEC, 0xAC0D, 0xAC0D, 0xAC2D, 0xAC2D, 0xB42D, 0xB44E, 0xB44E, 0xB44E, 0xB44E, 0xB44E, 0xB44E,
  0xB44E, 0xB44E, 0xB44E, 0xB44E, 0xB44E, 0xB46E, 0xBC6F, 0xBC6F, 0xBC6F, 0xBC8F, 0xBC8F, 0xBCAF,
  0xBCAF, 0xC4AF, 0xC4AF, 0xC4AF, 0xC4AF, 0xC4AF, 0xC4AF, 0xC4AF, 0xC4AF, 0xBCAF, 0xBC8F, 0xBC8F,
  0xBC8F, 0xBC8F, 0xBC8F, 0xBC6E, 0xBC6E, 0xB46E, 0xB44E, 0xB44E, 0xB44E, 0xB44E, 0xB42D, 0xB42D,
  0xB42D, 0xAC0D, 0xAC0D, 0xAC0D, 0xAC0D, 0xAC0D, 0xAC0C, 0xAC0C, 0xABEC, 0xAC0C, 0xAC0C, 0xAC0D,
  0xB44D, 0xBC6E, 0xBC6E, 0xBC6E, 0xBC6F, 0xBC6F, 0xBC6F, 0xB46E, 0xBC8F, 0xBC8F, 0xBC8F, 0xBC8F,
  0xBCAF, 0xBCAF, 0xBCAF, 0xBCAF, 0xBCAF, 0xBCAF, 0xBCAF, 0xBCAF, 0xC4AF, 0xC4AF, 0xBCAF, 0xBCAF,
  0xBC8F, 0xBC8F, 0xBC8F, 0xBC8F, 0xBC6E, 0xBC6E, 0xB46E, 0xB46E, 0xB44E, 0xB46E, 0xB46E, 0xB46E,
  0xB44D, 0xAC2D, 0xAC0D, 0xAC0D, 0xAC2D, 0xAC2D, 0xAC2D, 0xAC2D, 0xAC2D, 0xAC2D, 0xAC2D, 0xAC2D,
  0xAC2D, 0xAC2D, 0xAC2D, 0xAC0D, 0xAC0D, 0xAC0D, 0xAC0C, 0xA3EC, 0xA3CB, 0xA3AB, 0x9BAB, 0x9BAC,
  0x8B4A, 0x7AA8, 0x6A67, 0x5A06, 0x51C6, 0x4985, 0x4165, 0x3965, 0x3144, 0x3104, 0x2904, 0x28E4,
  0x20E4, 0x18C3, 0x18A3, 0x18C3, 0x10C3, 0x10A2, 0x10A2, 0x10A3, 0x10A3, 0x18A3, 0x1082, 0x18A2,
  0x1861, 0x1882, 0x49C7, 0x72EB, 0x9BAB, 0xAC2D, 0xB44E, 0xB44E, 0xABED, 0x934A, 0x8B09, 0x934A,
  0x9B6B, 0x9B8B, 0xA38C, 0x9B6B, 0x9B0A, 0x9288, 0x8206, 0x79A4, 0x7985, 0x7144, 0x8A06, 0x9A88,
  0xAB29, 0xB38A, 0xABAB, 0xB44D, 0x9BCC, 0x93ED, 0xD657, 0xD6B9, 0xCE79, 0xA575, 0x8CD3, 0xC6BA,
  0x3965, 0x20E3, 0x1882, 0x1061, 0x1061, 0x0841, 0x0020, 0x0861, 0x0861, 0x0861, 0x0860, 0x0840,
  0x0840, 0x0840, 0x0840, 0x0820, 0x0840, 0x1061, 0x1061, 0x1860, 0x20A1, 0x3102, 0x4163, 0x59C5,
  0x6206, 0x6A46, 0x7267, 0x7287, 0x7AA7, 0x82C8, 0x82C8, 0x82C8, 0x8308, 0x8308, 0x82E9, 0x82E9,
  0x8309, 0x8309, 0x8B09, 0x8B29, 0x8B29, 0x8B2A, 0x934A, 0x936B, 0x936B, 0x936B, 0x936B, 0x936B,
  0x9B8B, 0x936B, 0x936A, 0x936A, 0x936A, 0x936B, 0x9B8B, 0x9B8B, 0x9B8B, 0x9BAB, 0xA3CC, 0xA3EC,
  0xAC0D, 0xAC0D, 0xAC0D, 0xAC0D, 0xAC2D, 0xAC2D, 0xB42D, 0xB44E, 0xB44E, 0xB44E, 0xB44E, 0xB44E,
  0xB44E, 0xB44E, 0xB44E, 0xB44E, 0xB44E, 0xB46E, 0xB46E, 0xB46E, 0xBC6F, 0xBC8F, 0xBC8F, 0xBC8F,
  0xBCAF, 0xBCAF, 0xBCAF, 0xBCAF, 0xC4AF, 0xC4AF, 0xC4AF, 0xC4AF, 0xC4AF, 0xBCAF, 0xBCAF, 0xBC8F,
  0xBC6E, 0xBC6E, 0xBC8F, 0xBC8F, 0xBC6E, 0xB46E, 0xB44E, 0xB44E, 0xB44E, 0xB44E, 0xB42D, 0xB42D,
  0xAC0D, 0xAC0D, 0xAC0D, 0xAC0C, 0xAC0C, 0xAC0D, 0xAC0C, 0xAC0C, 0xABEC, 0xABEC, 0xAC0C, 0xAC0D,
  0xB44D, 0xB44D, 0xB44E, 0xB44E, 0xB46E, 0xB46E, 0xB46E, 0xB44E, 0xB46F, 0xBC8F, 0xBC8F, 0xBC8F,
  0xBCAF, 0xBCAF, 0xBCAF, 0xBCAF, 0xBCAF, 0xBCCF, 0xBCAF, 0xC4CF, 0xC4AF, 0xBCAF, 0xBCAF, 0xBC8F,
  0xBC8F, 0xBC8F, 0xBC6E, 0xBC6E, 0xB46E, 0xB44E, 0xB44E, 0xB44E, 0xB44E, 0xB44E, 0xB44E, 0xB44E,
  0xAC2D, 0xAC2D, 0xAC2D, 0xAC2D, 0xAC2D, 0xAC2D, 0xAC2D, 0xAC2D, 0xAC2D, 0xAC2D, 0xAC2D, 0xAC2D,
  0xB44D, 0xB44D, 0xAC2D, 0xAC0D, 0xAC0D, 0xAC0D, 0xAC0D, 0xAC0C, 0x9BAB, 0xA3CC, 0x9BAB, 0xA3CC,
  0x938B, 0x82E9, 0x7288, 0x6227, 0x59E6, 0x4985, 0x3944, 0x3945, 0x3944, 0x3124, 0x2904, 0x28E3,
  0x2104, 0x2104, 0x18C3, 0x10A2, 0x10A2, 0x10A3, 0x10A3, 0x1082, 0x1082, 0x18A3, 0x1082, 0x20C3,
  0x1882, 0x20A2, 0x5207, 0x730B, 0x9BEC, 0xAC4E, 0xB46E, 0xB42D, 0x9B8B, 0x934A, 0x9B8B, 0xA3AC,
  0xB42E, 0xB44F, 0xBC6F, 0xBC4F, 0xBC0E, 0xB38C, 0xA30A, 0x9A88, 0x81C7, 0x81C6, 0x7984, 0x81C5,
  0x9AA7, 0xAB49, 0xB3EB, 0xAC0C, 0xAC4D, 0x8BAB, 0xA4D1, 0xD698, 0xD6BA, 0xC679, 0x9514, 0x8CD3,
  0x2924, 0x18C2, 0x18C2, 0x10A2, 0x0840, 0x0861, 0x0840, 0x0840, 0x1081, 0x0861, 0x0860, 0x0860,
  0x0840, 0x0040, 0x0840, 0x0860, 0x0820, 0x1061, 0x1860, 0x1860, 0x30C2, 0x3903, 0x4943, 0x59C5,
  0x6206, 0x6A47, 0x7267, 0x7AA8, 0x7AC8, 0x82C8, 0x82C8, 0x82E8, 0x82E8, 0x8308, 0x8309, 0x82E8,
  0x8309, 0x8309, 0x8309, 0x8309, 0x8B2A, 0x8B4A, 0x8B4A, 0x8B4A, 0x8B4A, 0x8B2A, 0x8B2A, 0x8B2A,
  0x8309, 0x8309, 0x8B29, 0x8B4A, 0x8B4A, 0x8B4A, 0x936A, 0x936B, 0x9B8B, 0x9BAB, 0x9BAB, 0xA3CC,
  0xA3CC, 0xA3EC, 0xAC0D, 0xAC2D, 0xAC2D, 0xAC2D, 0xAC2D, 0xB44D, 0xB44E, 0xB44E, 0xB44E, 0xB44E,
  0xB44E, 0xB44E, 0xB44E, 0xB44E, 0xB44E, 0xB44E, 0xB46E, 0xB46E, 0xBC6E, 0xBC8F, 0xBC8F, 0xBC8F,
  0xBCAF, 0xBCAF, 0xBCAF, 0xBCAF, 0xC4AF, 0xC4AF, 0xC4AF, 0xBCAF, 0xBC8F, 0xBCAF, 0xBCAF, 0xBC8F,
  0xBC8F, 0xBC6F, 0xBC6E, 0xBC6E, 0xB46E, 0xB46E, 0xB46E, 0xB44D, 0xB44D, 0xB42D, 0xAC0D, 0xAC0C,
  0xAC0D, 0xAC0C, 0xABEC, 0xABEC, 0xABEB, 0xABEB, 0xABEC, 0xABEC, 0xABEC, 0xABEC, 0xAC0C, 0xAC0C,
  0xB42D, 0xB42D, 0xAC2D, 0xAC2D, 0xAC2D, 0xB44D, 0xB44E, 0xB46E, 0xB46E, 0xBC8E, 0xBC8F, 0xBC8F,
  0xBC8F, 0xBC8F, 0xBCAF, 0xC4B0, 0xC4B0, 0xC4D0, 0xC4D0, 0xC4D0, 0xC4D0, 0xBCB0, 0xBCAF, 0xBC8F,
  0xB46E, 0xB46E, 0xBC6E, 0xB46E, 0xB46E, 0xB46E, 0xB44E, 0xB44E, 0xB44E, 0xB44E, 0xB44E, 0xB44D,
  0xB42D, 0xAC2D, 0xAC2D, 0xAC2D, 0xAC2D, 0xAC2D, 0xAC2D, 0xAC2D, 0xAC2D, 0xAC2D, 0xB42D, 0xB44E,
  0xB44E, 0xB44E, 0xB44D, 0xAC2D, 0xAC0C, 0xAC0D, 0xAC0D, 0xAC0D, 0xA3EC, 0xA3CB, 0x9BAB, 0x9BAB,
  0xA3CB, 0x934A, 0x7AC8, 0x6A47, 0x6206, 0x51A5, 0x4144, 0x3944, 0x3124, 0x3104, 0x2923, 0x20C3,
  0x2104, 0x20E3, 0x20E3, 0x18C3, 0x18A2, 0x18A2, 0x18A2, 0x1082, 0x10A3, 0x1882, 0x18A2, 0x18A2,
  0x2081, 0x28A2, 0x5A48, 0x836C, 0xA3CC, 0xB42E, 0xB42E, 0xABAC, 0x9B4A, 0xA36A, 0xA3AC, 0xB40E,
  0xBC6F, 0xBCB0, 0xC4D0, 0xC4B0, 0xBC6F, 0xBC2E, 0xB3ED, 0xAB8B, 0xA2C9, 0x9247, 0x9226, 0x8A06,
  0x81E5, 0x9A68, 0xB34B, 0xBBAC, 0xBBEC, 0xB3ED, 0x9B8B, 0xCD53, 0xDE58, 0xD699, 0xBE59, 0x9534,
  0x2923, 0x18C2, 0x18A2, 0x1081, 0x0840, 0x0840, 0x0840, 0x0840, 0x1081, 0x0861, 0x0840, 0x0840,
  0x0840, 0x0040, 0x0040, 0x0840, 0x0840, 0x1061, 0x1860, 0x2060, 0x30C2, 0x3923, 0x4963, 0x59C5,
  0x6206, 0x6A47, 0x7267, 0x7288, 0x7AA8, 0x7AA8, 0x7AA8, 0x82C8, 0x82E8, 0x82E8, 0x82E8, 0x7AC8,
  0x7AE8, 0x82E9, 0x8309, 0x8309, 0x82E9, 0x7AE9, 0x7AE9, 0x7AE9, 0x7AC8, 0x7AC8, 0x7AA8, 0x7AA8,
  0x8309, 0x8309, 0x8B29, 0x8B4A, 0x8B4A, 0x936A, 0x936A, 0x938B, 0x936A, 0x9B8A, 0x9B8B, 0x9BAB,
  0x9BAB, 0xA3CC, 0xA3EC, 0xAC0D, 0xAC0D, 0xAC0D, 0xAC2D, 0xB44D, 0xB44E, 0xB44E, 0xB42D, 0xB44E,
  0xB44E, 0xB44E, 0xB44E, 0xB44E, 0xB44E, 0xB44E, 0xB44E, 0xB46E, 0xBC6E, 0xBC6E, 0xBC8F, 0xBC8F,
  0xBC8F, 0xBCAF, 0xBCAF, 0xBCAF, 0xBC8F, 0xBCAF, 0xBCAF, 0xBCAF, 0xBCAF, 0xC4AF, 0xBCAF, 0xBC8F,
  0xBC8F, 0xBC6F, 0xBC6E, 0xBC6E, 0xB46E, 0xB44E, 0xB44E, 0xB42D, 0xAC2D, 0xAC0D, 0xAC0C, 0xABEC,
  0xABEC, 0xABEC, 0xABEC, 0xABEC, 0xABEB, 0xABEC, 0xABEC, 0xABEC, 0xABEB, 0xABEC, 0xABEC, 0xABEC,
  0xAC0C, 0xB42D, 0xB44D, 0xB44D, 0xAC2D, 0xAC2D, 0xAC2D, 0xB44E, 0xBC8F, 0xBC8F, 0xBC8F, 0xBC8F,
  0xBC8F, 0xBC8F, 0xBC8F, 0xBC8F, 0xBCAF, 0xBCAF, 0xBC8F, 0xBC8F, 0xBC8F, 0xBC8F, 0xBC8F, 0xBC8F,
  0xBC8F, 0xB46E, 0xB44E, 0xB44E, 0xB44E, 0xB44E, 0xB42D, 0xB42D, 0xB44E, 0xB44E, 0xB44E, 0xB44D,
  0xB44E, 0xB42D, 0xB44D, 0xAC2D, 0xAC2D, 0xAC2D, 0xAC2D, 0xAC2D, 0xAC2D, 0xB44D, 0xB44E, 0xB44E,
  0xB44E, 0xB44E, 0xB44D, 0xAC2D, 0xAC0D, 0xAC0D, 0xAC0D, 0xAC0D, 0xA3EC, 0xA3EB, 0x9BCB, 0x9BCB,
  0x9BAB, 0x9B8B, 0x82E9, 0x7267, 0x6206, 0x51C5, 0x4164, 0x3944, 0x3144, 0x3124, 0x3124, 0x2903,
  0x20E3, 0x18C3, 0x18C3, 0x20E3, 0x18A2, 0x1082, 0x1082, 0x18A2, 0x10A3, 0x18A2, 0x18A2, 0x18A2,
  0x2081, 0x20A2, 0x5A27, 0x836C, 0xABED, 0xB42E, 0xABED, 0x9B4A, 0x9B4A, 0xA38B, 0xABCC, 0xB40D,
  0xB46F, 0xBC90, 0xC4D0, 0xC4B0, 0xC48F, 0xC44E, 0xBC2E, 0xBBED, 0xB34B, 0xAAE9, 0x9A88, 0x9247,
  0x8A06, 0x9227, 0xA2C9, 0xB34A, 0xBBCC, 0xBBED, 0xABED, 0x8B6B, 0xC5B5, 0xDEBA, 0xCE9A, 0xBE18,
  0x2103, 0x18C2, 0x18A2, 0x1081, 0x0840, 0x0840, 0x0860, 0x0860, 0x1081, 0x0861, 0x0840, 0x0840,
  0x0840, 0x0040, 0x0020, 0x0020, 0x1041, 0x1061, 0x1861, 0x2081, 0x30E2, 0x4123, 0x4964, 0x59C5,
  0x6206, 0x6A47, 0x7287, 0x7AA8, 0x7AA8, 0x7AA8, 0x7AA8, 0x82C8, 0x7AA8, 0x7AC8, 0x7AC8, 0x7AC8,
  0x7AC8, 0x7AC8, 0x7AC8, 0x72A8, 0x6A67, 0x7288, 0x72A8, 0x72A8, 0x72A8, 0x72A8, 0x7AA8, 0x7AC9,
  0x7AC8, 0x82E8, 0x8B29, 0x936A, 0x9B8B, 0x9B8B, 0x938B, 0x938B, 0x936A, 0x936A, 0x936A, 0x9B8A,
  0x9B8B, 0x9BAB, 0xA3CC, 0xA3EC, 0xABEC, 0xAC0C, 0xAC0D, 0xB42D, 0xB44E, 0xB42D, 0xB42D, 0xB42D,
  0xB44E, 0xB44E, 0xB44E, 0xB44E, 0xB44E, 0xB44E, 0xB44E, 0xB44E, 0xB46E, 0xBC6E, 0xBC6E, 0xBC8F,
  0xBC8F, 0xBCAF, 0xBCAF, 0xBCAF, 0xBC8F, 0xBCAF, 0xBCAF, 0xBCAF, 0xBCAF, 0xC4AF, 0xBCAF, 0xBC8F,
  0xBC8F, 0xBC6F, 0xBC6E, 0xBC6E, 0xB44E, 0xB44E, 0xB42D, 0xAC0D, 0xAC0C, 0xABEC, 0xABEC, 0xABEC,
  0xABEC, 0xABEC, 0xABEC, 0xABCC, 0xABEC, 0xABEC, 0xABEB, 0xABEB, 0xABCB, 0xABCB, 0xABCB, 0xABCB,
  0xABEC, 0xABCC, 0xA3CC, 0xABEC, 0xAC2D, 0xB44E, 0xB44E, 0xB46E, 0xB46E, 0xB46E, 0xB46E, 0xB46E,
  0xB46E, 0xB44E, 0xB44E, 0xB44E, 0xB44E, 0xB46E, 0xB46E, 0xBC8F, 0xBC8F, 0xBC6E, 0xB46E, 0xB44E,
  0xB44E, 0xB44E, 0xB42D, 0xB44E, 0xB44E, 0xB44E, 0xB42D, 0xB42D, 0xB42D, 0xB42D, 0xB44D, 0xB44D,
  0xB42D, 0xB44E, 0xB44E, 0xB44E, 0xB44E, 0xB44E, 0xB44D, 0xB44E, 0xB44E, 0xB44E, 0xB44E, 0xB44E,
  0xB44E, 0xB44E, 0xB44D, 0xB44D, 0xAC2D, 0xAC0D, 0xAC0C, 0xAC0D, 0xA3EC, 0xA3EB, 0xA3CB, 0x9BAB,
  0x9BAB, 0x9BAB, 0x934A, 0x7AA8, 0x6A46, 0x59E6, 0x4984, 0x4164, 0x3944, 0x3124, 0x3144, 0x2924,
  0x20E3, 0x20C3, 0x18C3, 0x20C3, 0x20C3, 0x18A2, 0x1082, 0x18A3, 0x1082, 0x18A2, 0x18A2, 0x1882,
  0x1881, 0x2081, 0x51E6, 0x836C, 0x9BAC, 0xABED, 0x9B8B, 0x9309, 0x9329, 0xA36B, 0xA3AC, 0xABCC,
  0xB44E, 0xBC6F, 0xC4B0, 0xC4B0, 0xBC6F, 0xBC2E, 0xBC0D, 0xBBCC, 0xBBAC, 0xBB8B, 0xAB0A, 0x9AA8,
  0x9267, 0x8A26, 0x9267, 0xAB09, 0xB38B, 0xBC0D, 0xB42D, 0xA3CD, 0x940E, 0xC5D6, 0xD699, 0xBE38,
  0x2103, 0x18C2, 0x18A2, 0x1061, 0x0840, 0x0840, 0x0861, 0x0861, 0x0861, 0x0841, 0x0040, 0x0040,
  0x0840, 0x0040, 0x0020, 0x0020, 0x1061, 0x1061, 0x1861, 0x20A1, 0x3902, 0x4123, 0x4964, 0x59E5,
  0x6226, 0x7267, 0x72A8, 0x7AC8, 0x7AC8, 0x7AA8, 0x7AA8, 0x7AA8, 0x7288, 0x7288, 0x72A8, 0x72A8,
  0x72A8, 0x72A8, 0x7288, 0x7288, 0x7288, 0x72A8, 0x7AC8, 0x7AA8, 0x7AA8, 0x7AA8, 0x7AA8, 0x7AA8,
  0x7AA8, 0x7AC8, 0x8309, 0x936A, 0x9B8B, 0x9B8B, 0x936B, 0x936A, 0x936A, 0x9B8A, 0x9B8A, 0x9B8B,
  0x9B8B, 0x9B8B, 0x9BAB, 0xA3AB, 0xA3EC, 0xA3EC, 0xAC0C, 0xAC2D, 0xB42D, 0xB42D, 0xB42D, 0xAC2D,
  0xB42D, 0xB42D, 0xB42D, 0xB42D, 0xB42D, 0xB44E, 0xB44E, 0xB44E, 0xB46E, 0xB46E, 0xBC6E, 0xBC8F,
  0xBC8F, 0xBCAF, 0xBCAF, 0xBCAF, 0xBCAF, 0xBCAF, 0xBCAF, 0xBC8F, 0xBC8F, 0xBC8F, 0xBC8F, 0xBC6E,
  0xBC8F, 0xBC6F, 0xB46E, 0xB46E, 0xB44E, 0xB42D, 0xB42D, 0xAC0D, 0xABEC, 0xABCC, 0xA3CB, 0xA3CB,
  0xABCC, 0xABCC, 0xABCC, 0xABCC, 0xABCC, 0xABCC, 0xABCB, 0xA3CB, 0xA3CB, 0xA3CB, 0xA3CB, 0xA3CB,
  0xABEB, 0xABCB, 0xA3CB, 0xABEC, 0xAC0D, 0xAC2D, 0xAC2D, 0xAC0D, 0xA40D, 0xA3EC, 0x9BAB, 0x936A,
  0x8B4A, 0x8B4A, 0x936A, 0x936B, 0x936A, 0x936A, 0x936A, 0x936A, 0x9B8A, 0x9B8B, 0x9BAB, 0xA3CB,
  0xA3EC, 0xAC0D, 0xAC0D, 0xAC2D, 0xAC0D, 0xAC0D, 0xABEC, 0xABEC, 0xAC0D, 0xAC0D, 0xAC2D, 0xAC2D,
  0xAC2D, 0xB42D, 0xB44E, 0xB44E, 0xB44E, 0xB44E, 0xB44E, 0xB44E, 0xB44E, 0xB44E, 0xB44E, 0xB44E,
  0xB44E, 0xB44E, 0xB44D, 0xB44D, 0xB42D, 0xAC0D, 0xAC0D, 0xAC0D, 0xAC0C, 0xA3EB, 0xA3CB, 0xA3AB,
  0x9BAB, 0xA3CC, 0x9B8B, 0x82E9, 0x6A67, 0x5A06, 0x51A5, 0x4185, 0x3944, 0x3124, 0x3124, 0x3124,
  0x2924, 0x20E3, 0x18C3, 0x18C3, 0x20E3, 0x20C3, 0x18A2, 0x18A2, 0x1082, 0x18A2, 0x18A2, 0x1882,
  0x1881, 0x1881, 0x41A5, 0x7B4C, 0x8B2A, 0x936B, 0x934A, 0x8B09, 0x9309, 0x9B4A, 0xA3AC, 0xABED,
  0xB44E, 0xBC6F, 0xC4B0, 0xC4B0, 0xC48F, 0xBC4E, 0xBBED, 0xB3AC, 0xBBAC, 0xBBCC, 0xB38C, 0xA30A,
  0x92A8, 0x8A46, 0x9246, 0x9AA7, 0xAB29, 0xB3CB, 0xBC2D, 0xA3AC, 0x93CD, 0x942F, 0xC5F7, 0xCE79,
  0x20E2, 0x18A2, 0x18C2, 0x0860, 0x0840, 0x0840, 0x0861, 0x0861, 0x0861, 0x0841, 0x0820, 0x0820,
  0x0840, 0x0840, 0x0820, 0x0840, 0x1061, 0x1041, 0x1861, 0x28A2, 0x3903, 0x4123, 0x4964, 0x59E5,
  0x6226, 0x6A67, 0x72A8, 0x7AC8, 0x7AA8, 0x7288, 0x7267, 0x7267, 0x7288, 0x6A67, 0x6A67, 0x6A67,
  0x6A68, 0x6A68, 0x6A68, 0x7288, 0x6A68, 0x6A68, 0x7268, 0x7AA8, 0x7AC9, 0x82E9, 0x82C9, 0x7AC9,
  0x82E8, 0x7AC8, 0x82E9, 0x8B09, 0x8B2A, 0x934A, 0x934A, 0x936A, 0x9B8B, 0x9B8B, 0x9B8B, 0x9B8B,
  0x9B8B, 0x9BAB, 0x9BAB, 0x9BAB, 0xA3CB, 0xA3EC, 0xABEC, 0xAC0D, 0xAC0D, 0xAC2D, 0xAC2D, 0xAC2D,
  0xAC2D, 0xAC2D, 0xAC2D, 0xAC2D, 0xB42D, 0xB44E, 0xB44E, 0xB44E, 0xBC4E, 0xBC6E, 0xBC6E, 0xBC8F,
  0xBC8F, 0xC48F, 0xBCAF, 0xC4AF, 0xBCAF, 0xBCAF, 0xBC8F, 0xBC8F, 0xBC8F, 0xBC8F, 0xBC8F, 0xBC8F,
  0xBC6F, 0xBC6F, 0xBC4E, 0xB44E, 0xB44E, 0xB42D, 0xAC0D, 0xABEC, 0xA3CB, 0xA3CB, 0xA3AB, 0xA3AB,
  0xABCB, 0xABCC, 0xABCC, 0xABCC, 0xA3CB, 0xA3CB, 0xA3AB, 0xA3AB, 0xA3AB, 0xA3AB, 0xA3AB, 0xA3AB,
  0xA3AA, 0xA3AB, 0xA3AB, 0xA3CC, 0xA3CC, 0x9BAB, 0x936A, 0x8B2A, 0x8309, 0x8309, 0x8329, 0x8B4A,
  0x8B6B, 0x93AC, 0x9BCC, 0x9BED, 0x9BEC, 0x9BCC, 0x9BAB, 0x938B, 0x934A, 0x934A, 0x9349, 0x9349,
  0x9B8B, 0x9BAC, 0xA3CD, 0xABED, 0xAC0D, 0xAC0D, 0xABED, 0xABED, 0xABEC, 0xAC0C, 0xAC0D, 0xAC0D,
  0xAC0D, 0xAC2D, 0xB44D, 0xB44E, 0xB44E, 0xB46E, 0xB44E, 0xB46E, 0xB46E, 0xB46E, 0xB44E, 0xB44E,
  0xB44E, 0xB44D, 0xB44D, 0xB44D, 0xB42D, 0xAC2D, 0xAC0D, 0xAC2D, 0xAC0C, 0xA3EB, 0xA3CB, 0xA3AB,
  0xA3AB, 0xA3AB, 0x9B8B, 0x8B09, 0x7287, 0x6206, 0x51C5, 0x4985, 0x3944, 0x3124, 0x3124, 0x3124,
  0x2924, 0x2924, 0x20E3, 0x20C2, 0x20E3, 0x20C3, 0x18A2, 0x18A2, 0x10A2, 0x18C3, 0x18A2, 0x18A2,
  0x1882, 0x2081, 0x3964, 0x72EB, 0x8B4A, 0x934A, 0x932A, 0x932A, 0x9309, 0x9329, 0xA3AC, 0xABED,
  0xB42E, 0xB44E, 0xBC6F, 0xC48F, 0xC48F, 0xC46F, 0xBC0D, 0xB3CC, 0xBBCC, 0xBBCC, 0xBBCC, 0xAB6B,
  0x9AE9, 0x9267, 0x8A46, 0x8A46, 0xAB29, 0xC3EC, 0xBBEC, 0xAC0D, 0x9BAC, 0x93EE, 0x8BEE, 0xC5D6,
  0x20C2, 0x18C2, 0x18C2, 0x0840, 0x0841, 0x0840, 0x1061, 0x0861, 0x0861, 0x0840, 0x0820, 0x0820,
  0x0840, 0x0820, 0x0840, 0x0840, 0x1041, 0x1041, 0x1861, 0x28C2, 0x3903, 0x4123, 0x4984, 0x59E5,
  0x6246, 0x7288, 0x72A8, 0x72A8, 0x7288, 0x6A47, 0x6227, 0x6A27, 0x6227, 0x6227, 0x6206, 0x6206,
  0x6227, 0x6227, 0x6226, 0x6227, 0x6A27, 0x6A47, 0x7288, 0x7AA9, 0x7AA9, 0x7AA9, 0x7AC9, 0x7AC9,
  0x82E8, 0x82E8, 0x82E9, 0x8B09, 0x8B4A, 0x934A, 0x936A, 0x938B, 0x9B8B, 0x9B8B, 0x9BAB, 0x9BAB,
  0x9BAB, 0x9BAB, 0x9BAB, 0x9BAB, 0xA3AB, 0xA3CC, 0xA3EC, 0xA3EC, 0xABEC, 0xAC0D, 0xAC0D, 0xAC0D,
  0xAC0D, 0xAC0D, 0xAC2D, 0xAC2D, 0xB42D, 0xB44E, 0xB44E, 0xB44E, 0xBC4E, 0xBC6E, 0xBC6E, 0xBC8F,
  0xBC8F, 0xC48F, 0xBCAF, 0xBCAF, 0xBC8F, 0xBC8F, 0xBC8F, 0xBC6E, 0xBC8F, 0xBC8F, 0xBC8F, 0xBC8F,
  0xBC6F, 0xBC6F, 0xB44E, 0xB42E, 0xB42D, 0xB40D, 0xABEC, 0xABEC, 0xA3AB, 0xA3AB, 0xA3AB, 0xA3AB,
  0xA3AB, 0xA3CB, 0xA3AC, 0xA3AB, 0xA3AB, 0xA3AB, 0xA3AB, 0xA3AB, 0xA3AB, 0xA38A, 0xA38A, 0x9B8A,
  0xA38B, 0xA3AB, 0x9BAB, 0x934A, 0x82C8, 0x7AA8, 0x8309, 0x8B4A, 0x8B8C, 0x8B8C, 0x8B8C, 0x93AC,
  0x93CD, 0x93ED, 0x93ED, 0x93CC, 0x93EC, 0x9BED, 0x9BED, 0xA3EC, 0xA3EC, 0xA3CC, 0xA3CB, 0xA3AB,
  0x936B, 0x9B6B, 0x9B8B, 0x9BAC, 0xA3CC, 0xA3EC, 0xABEC, 0xABEC, 0xABEC, 0xABEC, 0xAC0C, 0xAC0D,
  0xAC0D, 0xAC2D, 0xB44E, 0xB44E, 0xB46E, 0xB46E, 0xB46E, 0xB46E, 0xB46E, 0xB46E, 0xB46E, 0xB46E,
  0xB44E, 0xB44E, 0xB44D, 0xB44D, 0xB42D, 0xAC2D, 0xAC2D, 0xAC2D, 0xAC2C, 0xABEC, 0xA3CB, 0xA3AB,
  0xA38B, 0xA3AB, 0x9B8B, 0x934A, 0x7AA8, 0x6206, 0x51C5, 0x4985, 0x4164, 0x3944, 0x3124, 0x3124,
  0x2924, 0x2924, 0x2903, 0x20C2, 0x18A2, 0x18A2, 0x18A2, 0x18A2, 0x10A2, 0x18A2, 0x18A2, 0x18A2,
  0x1882, 0x1881, 0x3123, 0x6269, 0x8B2A, 0x8B4A, 0x934A, 0x936A, 0x934A, 0x934A, 0xA3AC, 0xA3AC,
  0xAC0D, 0xB42E, 0xB44E, 0xBC6F, 0xC48F, 0xC46F, 0xC42E, 0xBBED, 0xB3CC, 0xB38C, 0xB3AC, 0xBBCC,
  0xAB4A, 0x9AA8, 0x9266, 0x8A45, 0x9AA7, 0xB38A, 0xBBEC, 0xBC2E, 0xA3ED, 0x9BEE, 0x7B4C, 0x9C91,
  0x20C2, 0x18C2, 0x20C2, 0x0840, 0x0841, 0x0840, 0x1061, 0x0861, 0x0841, 0x0840, 0x0840, 0x0840,
  0x0820, 0x0820, 0x0820, 0x0840, 0x1041, 0x1041, 0x1882, 0x28C2, 0x3103, 0x4143, 0x4984, 0x59E5,
  0x6247, 0x6A88, 0x72A8, 0x6A88, 0x6A67, 0x6206, 0x59E6, 0x61E6, 0x51C5, 0x51C5, 0x59E6, 0x5A06,
  0x6206, 0x5A06, 0x59E6, 0x6206, 0x6A27, 0x7268, 0x7AA9, 0x7AC9, 0x7AA8, 0x7AA8, 0x82C9, 0x82E9,
  0x82E9, 0x82E9, 0x8B29, 0x934A, 0x936B, 0x9B8B, 0x9BAB, 0x9BAC, 0x9BAB, 0x9BAB, 0xA3AB, 0xA3AB,
  0xA3AB, 0xA3AB, 0x9BAB, 0x9BAB, 0x9BAB, 0xA3CB, 0xA3CB, 0xA3CB, 0xA3CC, 0xA3EC, 0xABEC, 0xABEC,
  0xAC0D, 0xAC0D, 0xAC2D, 0xB42D, 0xB42D, 0xB44E, 0xB44E, 0xB44E, 0xBC4E, 0xBC6E, 0xBC6E, 0xBC8F,
  0xBC8F, 0xBC8F, 0xC48F, 0xC48F, 0xBC8F, 0xBC8F, 0xBC8F, 0xBC8F, 0xBC8F, 0xBC8F, 0xBCAF, 0xBC8F,
  0xBC6E, 0xBC6E, 0xB44E, 0xB42D, 0xB42D, 0xAC0D, 0xABCC, 0xABCC, 0xA3AB, 0xA3AB, 0xA3AB, 0xA38B,
  0xA3AB, 0xA3AB, 0xA3AB, 0xA38B, 0xA38B, 0xA38B, 0xA38B, 0xA38A, 0x9B8A, 0x9B6A, 0x9B6A, 0x9B4A,
  0x936A, 0x82E9, 0x7287, 0x7267, 0x7AC9, 0x830A, 0x832A, 0x7B0A, 0x72C9, 0x6AA9, 0x6268, 0x6247,
  0x6268, 0x62A8, 0x6AC9, 0x6AC9, 0x72E9, 0x7309, 0x7B0A, 0x832A, 0x8B4A, 0x936B, 0x938B, 0x9B8B,
  0x9BAC, 0x9BAC, 0x9BAC, 0xA3AC, 0xA3CC, 0xA3CC, 0xABCC, 0xABCC, 0xA3CC, 0xA3CC, 0xA3EC, 0xABEC,
  0xAC0D, 0xAC0D, 0xB44D, 0xB44E, 0xBC6E, 0xBC6E, 0xBC6E, 0xBC6E, 0xBC6E, 0xBC6E, 0xBC6E, 0xBC6E,
  0xB44E, 0xB44E, 0xB44E, 0xB42D, 0xAC2D, 0xAC2D, 0xAC2D, 0xAC0D, 0xB40D, 0xABEC, 0xABEC, 0xA3AB,
  0xA3AB, 0xA38B, 0x9B8B, 0x9B8B, 0x82E9, 0x6A47, 0x59C5, 0x4985, 0x4164, 0x4165, 0x3124, 0x3124,
  0x2904, 0x2904, 0x2904, 0x20E3, 0x18A2, 0x18A2, 0x18C2, 0x18C3, 0x18A2, 0x18A2, 0x18A2, 0x18A2,
  0x1881, 0x2081, 0x28E2, 0x49E7, 0x82E9, 0x936B, 0x936B, 0x9B8B, 0x9B8B, 0x9B6B, 0xA3AC, 0xA3AC,
  0xB42E, 0xBC4E, 0xBC6F, 0xC490, 0xCCB0, 0xCC8F, 0xC42E, 0xBC0D, 0xB3AC, 0xAB8B, 0xB3AC, 0xBBED,
  0xB38C, 0xA30A, 0x9AA8, 0x9266, 0x9246, 0xAB6A, 0xBBCB, 0xBC2D, 0xAC0D, 0xA3EE, 0x8B8C, 0x8BAD,
  0x20C2, 0x18C2, 0x20E3, 0x0840, 0x0841, 0x0840, 0x0861, 0x0861, 0x0841, 0x0840, 0x0840, 0x0820,
  0x0820, 0x0820, 0x0820, 0x0840, 0x1021, 0x1861, 0x20A2, 0x28E2, 0x3103, 0x4143, 0x49A4, 0x5A05,
  0x6247, 0x6A68, 0x6A88, 0x6A67, 0x6226, 0x59C6, 0x51A5, 0x59A5, 0x51A5, 0x51A5, 0x51C5, 0x5A06,
  0x6227, 0x6247, 0x6A47, 0x6A67, 0x7268, 0x7268, 0x7288, 0x7AA8, 0x82E9, 0x82E9, 0x82E9, 0x82E9,
  0x8B2A, 0x8B2A, 0x8B4A, 0x936B, 0x936B, 0x9B8B, 0x9BAB, 0xA3CC, 0xA3EC, 0xA3EC, 0xA3CC, 0xA3CC,
  0xA3CC, 0xA3AB, 0xA3AB, 0x9BAB, 0x9BAB, 0x9BAB, 0x9BAB, 0x9BAB, 0xA3AB, 0xA3CC, 0xA3EC, 0xA3EC,
  0xAC0D, 0xAC0D, 0xAC2D, 0xB42D, 0xB42D, 0xB44E, 0xB44E, 0xB44E, 0xBC4E, 0xBC6E, 0xBC6E, 0xBC6F,
  0xBC8F, 0xBC8F, 0xBC8F, 0xBC8F, 0xBCAF, 0xBCAF, 0xBCAF, 0xBC8F, 0xBC8F, 0xBCAF, 0xBC8F, 0xBC8F,
  0xBC6F, 0xBC6F, 0xB44E, 0xB42D, 0xB40D, 0xABEC, 0xABCB, 0xABCB, 0xA3AB, 0xA38B, 0xA38B, 0xA38B,
  0xA38B, 0xA38B, 0xA38B, 0xA38B, 0xA38B, 0xA38B, 0x9B8A, 0x9B6A, 0x9B6A, 0x9B4A, 0x9329, 0x8B29,
  0x7267, 0x7267, 0x7287, 0x72A9, 0x72A9, 0x6A68, 0x5206, 0x4984, 0x3944, 0x3924, 0x3103, 0x28E2,
  0x28E3, 0x3103, 0x3103, 0x3103, 0x3943, 0x4184, 0x51E5, 0x6227, 0x6A67, 0x7288, 0x7AA8, 0x7AC8,
  0x82E9, 0x8B09, 0x932A, 0x934A, 0x934A, 0x936A, 0x9B8B, 0xA38B, 0xA3AB, 0xA3AB, 0xA3CC, 0xA3EC,
  0xABEC, 0xAC0D, 0xAC2D, 0xB44E, 0xBC6E, 0xBC6E, 0xBC6E, 0xBC6E, 0xBC6E, 0xBC6E, 0xBC8E, 0xBC8E,
  0xB44E, 0xB46E, 0xB44E, 0xAC2D, 0xAC2D, 0xAC2D, 0xAC2D, 0xAC0D, 0xAC0C, 0xB40D, 0xABEC, 0xA3AB,
  0xA3AB, 0xA3AB, 0xA38B, 0x9B8B, 0x932A, 0x7267, 0x59E5, 0x51A5, 0x4984, 0x4165, 0x3924, 0x3124,
  0x3124, 0x2903, 0x2903, 0x2903, 0x20C3, 0x20A2, 0x20C2, 0x20C3, 0x18C2, 0x18A2, 0x18C2, 0x20E3,
  0x20A2, 0x20A2, 0x28E2, 0x49C6, 0x8B2A, 0xA40D, 0x9BCC, 0x9B8B, 0x9BAB, 0x9B6B, 0xA38B, 0xA3AC,
  0xB40D, 0xBC2E, 0xBC6F, 0xC48F, 0xCCB0, 0xC46F, 0xBC0D, 0xBBED, 0xB3CC, 0xB3AC, 0xBBCD, 0xBBED,
  0xBBAC, 0xAB6B, 0x9AC8, 0x9266, 0x9246, 0xA2C8, 0xB3AB, 0xC44E, 0xB40D, 0xAC2E, 0x93CD, 0x7B2B,
  0x20C2, 0x3164, 0x3165, 0x0820, 0x1061, 0x0840, 0x0861, 0x0861, 0x0841, 0x0820, 0x0820, 0x0820,
  0x0820, 0x0800, 0x0820, 0x1061, 0x1041, 0x1861, 0x20A2, 0x28C2, 0x3102, 0x4143, 0x51A5, 0x5A06,
  0x6267, 0x6A88, 0x6247, 0x59E6, 0x4985, 0x4964, 0x4985, 0x4964, 0x51A5, 0x51C5, 0x5A06, 0x6226,
  0x6206, 0x5A06, 0x59E6, 0x61E5, 0x6226, 0x6A47, 0x7267, 0x7A88, 0x82C9, 0x8309, 0x8B0A, 0x8B2A,
  0x934A, 0x936A, 0x936B, 0x9B8B, 0x9BAB, 0x9BAB, 0xA3CC, 0xA3CC, 0xA3CC, 0xA3CC, 0xA3CC, 0xA3CC,
  0xA3CC, 0xA3AB, 0x9BAB, 0x9BAB, 0x9BAB, 0x9BAB, 0x9BAB, 0x9BAB, 0xA3AB, 0xA3AB, 0xA3CC, 0xA3CC,
  0xA3EC, 0xABEC, 0xAC0D, 0xAC2D, 0xB42D, 0xB44E, 0xB44E, 0xB44E, 0xBC4E, 0xBC6E, 0xBC6F, 0xBC6F,
  0xBC8F, 0xBC8F, 0xBCAF, 0xBCAF, 0xBCAF, 0xBCAF, 0xBCAF, 0xBCAF, 0xBC8F, 0xBC8F, 0xBC8F, 0xBC6E,
  0xBC8F, 0xB46E, 0xB44E, 0xB42D, 0xAC0D, 0xABEC, 0xABCC, 0xA3AB, 0xA38B, 0xA38A, 0xA36A, 0xA36A,
  0xA38B, 0xA38B, 0xA38A, 0xA36A, 0x9B6A, 0xA38A, 0x9B6A, 0x9B6A, 0x934A, 0x9329, 0x82E8, 0x6A46,
  0x6A47, 0x6A47, 0x59E6, 0x4164, 0x4164, 0x3103, 0x2081, 0x2081, 0x1861, 0x20A2, 0x20C3, 0x20A2,
  0x1882, 0x1861, 0x1061, 0x1061, 0x1881, 0x1860, 0x2081, 0x30E2, 0x4122, 0x4963, 0x4943, 0x5184,
  0x5983, 0x61A4, 0x6A05, 0x7247, 0x7A87, 0x82C8, 0x8B09, 0x932A, 0x934A, 0x934A, 0x9B8B, 0xA3AB,
  0xA3CC, 0xABEC, 0xAC2D, 0xB46E, 0xB46E, 0xBC6E, 0xBC6E, 0xBC6E, 0xBC8E, 0xBC8E, 0xBC8E, 0xB46E,
  0xB46E, 0xB46E, 0xB44E, 0xB44D, 0xAC2D, 0xAC2D, 0xAC0D, 0xAC0C, 0xAC0C, 0xB40D, 0xAC0C, 0xABCC,
  0xA38B, 0xA38B, 0xA3AB, 0xA3AB, 0x936A, 0x7A87, 0x6206, 0x51C5, 0x4984, 0x4185, 0x4185, 0x3924,
  0x3144, 0x28E3, 0x28E3, 0x2903, 0x28E3, 0x20A2, 0x18A2, 0x20E3, 0x20E3, 0x18A2, 0x20C3, 0x28E3,
  0x20E3, 0x20A2, 0x28C2, 0x3944, 0x8309, 0xA40D, 0xAC4E, 0xA3CC, 0x9BAB, 0x9B8B, 0xA38B, 0xA3AC,
  0xB40D, 0xB42E, 0xBC4E, 0xBC6F, 0xC44E, 0xBC0D, 0xB3EC, 0xB3AC, 0xAB6B, 0xAB2A, 0xAB2B, 0xAB2B,
  0xB36C, 0xB36B, 0x9AC9, 0x9267, 0x8A25, 0x9AA7, 0xAB6A, 0xBC0D, 0xBC6E, 0xA3ED, 0x9C0E, 0x834B,
  0x20E2, 0x3985, 0x2944, 0x0840, 0x1061, 0x0840, 0x0861, 0x0840, 0x0841, 0x0840, 0x0820, 0x0820,
  0x0820, 0x0820, 0x0820, 0x1061, 0x1041, 0x1861, 0x20A2, 0x28E2, 0x3103, 0x4143, 0x49A5, 0x5A06,
  0x6267, 0x6247, 0x5A06, 0x51A5, 0x4964, 0x4985, 0x51C6, 0x59E6, 0x6247, 0x6247, 0x6227, 0x6226,
  0x6226, 0x6226, 0x6226, 0x6A26, 0x6A67, 0x7287, 0x7AA7, 0x7AC8, 0x82E9, 0x8B09, 0x8B29, 0x934A,
  0x936A, 0x9B8B, 0x9B8B, 0x9BAB, 0x9BAB, 0x9BAC, 0xA3CC, 0xA3CC, 0xA3CC, 0xA3CC, 0xA3CC, 0xA3CC,
  0xA3CC, 0xA3AB, 0x9BAB, 0x9BAB, 0x9BAB, 0x9BAB, 0x9BAB, 0x9BAB, 0x9BAB, 0xA3AB, 0xA3AB, 0xA3CC,
  0xA3CC, 0xA3CC, 0xABEC, 0xAC0D, 0xAC2D, 0xB42D, 0xB44E, 0xB44E, 0xB44E, 0xBC6E, 0xBC6F, 0xBC6F,
  0xBC8F, 0xBC8F, 0xBCAF, 0xBCAF, 0xBCAF, 0xBCAF, 0xBCAF, 0xBCAF, 0xBCAF, 0xBC8F, 0xBC8F, 0xBC8F,
  0xBC8F, 0xB44E, 0xB44E, 0xB42D, 0xAC0D, 0xABCC, 0xABCB, 0xA38B, 0xA38B, 0xA36A, 0xA36A, 0xA36A,
  0xA36A, 0xA38A, 0xA38A, 0xA38A, 0xA36A, 0xA36A, 0x9B49, 0x9B4A, 0x934A, 0x82C8, 0x7267, 0x6A47,
  0x59E5, 0x4164, 0x28C2, 0x2081, 0x1861, 0x20C2, 0x2903, 0x4A07, 0x3145, 0x41E8, 0x6B0C, 0x8C10,
  0x8C10, 0x62EB, 0x3165, 0x1882, 0x1861, 0x2082, 0x20A1, 0x30E2, 0x28A1, 0x30C1, 0x2860, 0x38C1,
  0x40E1, 0x40E1, 0x4902, 0x5963, 0x61E5, 0x7267, 0x82C8, 0x8B09, 0x9329, 0x934A, 0x9B6A, 0x9BAB,
  0xA3CC, 0xABEC, 0xAC2D, 0xB46E, 0xB46E, 0xBC6E, 0xBC6E, 0xBC6E, 0xBC8E, 0xBC8E, 0xBC8E, 0xB46E,
  0xB46E, 0xB46E, 0xB44E, 0xB44D, 0xB42D, 0xAC2D, 0xAC2D, 0xAC0D, 0xAC0C, 0xB40D, 0xB40C, 0xABEC,
  0xABAB, 0xA38B, 0xA38A, 0xA38B, 0x9B8B, 0x8B09, 0x6A46, 0x59C5, 0x4984, 0x4164, 0x3944, 0x3944,
  0x3124, 0x3104, 0x2903, 0x28E3, 0x28E3, 0x20C2, 0x20C2, 0x20C2, 0x20E2, 0x20C3, 0x20C2, 0x20C2,
  0x2903, 0x28E2, 0x30E2, 0x4164, 0x82E9, 0x9BCC, 0xAC2E, 0xA40D, 0xA3EC, 0xA3CC, 0xA3AB, 0xA38B,
  0xA38B, 0xA3AC, 0xABED, 0xBC0E, 0xBC4E, 0xC46F, 0xC44E, 0xC44E, 0xBBAC, 0xB38C, 0xB38C, 0xB38C,
  0xBBCD, 0xBBCD, 0xAB2A, 0x9A87, 0x9246, 0x9A87, 0xAB49, 0xBC0D, 0xBC6E, 0xA3CD, 0x9BEE, 0x834B,
  0x18C2, 0x3164, 0x20E3, 0x0840, 0x0840, 0x0840, 0x0861, 0x0861, 0x0840, 0x0840, 0x0820, 0x0820,
  0x0820, 0x0820, 0x1040, 0x1061, 0x1041, 0x1861, 0x20A2, 0x28E2, 0x3103, 0x3943, 0x49A5, 0x5A06,
  0x6247, 0x5A27, 0x51E6, 0x51A5, 0x4984, 0x49A5, 0x51C5, 0x59E6, 0x59E5, 0x59C5, 0x59E5, 0x59E5,
  0x6226, 0x6A46, 0x7287, 0x72A8, 0x7AA8, 0x82C8, 0x82E8, 0x8B09, 0x8B2A, 0x934A, 0x934A, 0x936A,
  0x9B8B, 0x9B8B, 0x9BAB, 0x9BAB, 0xA3AB, 0xA3AB, 0xA3CC, 0xA3CC, 0xA3CC, 0xA3CC, 0xA3CC, 0xA3CC,
  0xA3CB, 0xA3CB, 0x9BAB, 0x9BAB, 0x9BAB, 0x9BAB, 0x9BAB, 0x9BAB, 0x9BAB, 0x9BAB, 0xA3AB, 0xA3AB,
  0xA3AB, 0xA3CC, 0xA3CC, 0xA3EC, 0xAC0D, 0xAC2D, 0xB42D, 0xB44E, 0xB44E, 0xB46E, 0xBC6E, 0xBC6E,
  0xBC8F, 0xBC8F, 0xBCAF, 0xBCAF, 0xC4AF, 0xC4AF, 0xBCAF, 0xBCAF, 0xBCAF, 0xBCAF, 0xBC8F, 0xBC8F,
  0xBC6E, 0xB44E, 0xB44E, 0xB42D, 0xABEC, 0xABEC, 0xA3CB, 0xA38B, 0xA36A, 0xA36A, 0x9B6A, 0x9B6A,
  0xA36A, 0xA36A, 0xA36A, 0xA38A, 0xA38A, 0x9B49, 0x932A, 0x932A, 0x82A8, 0x7267, 0x6226, 0x4964,
  0x4143, 0x3923, 0x3944, 0x1881, 0x1881, 0x41A6, 0x2104, 0x5249, 0x2905, 0x20C4, 0x3986, 0x6B0C,
  0x7B6E, 0x526A, 0x2904, 0x20A2, 0x20A2, 0x2082, 0x3924, 0x5A28, 0x4144, 0x4123, 0x38E2, 0x4103,
  0x5983, 0x5983, 0x59A4, 0x69E5, 0x7246, 0x82A8, 0x8AE8, 0x8B09, 0x932A, 0x934A, 0x9B6A, 0x9BAB,
  0xA3CC, 0xABEC, 0xAC2D, 0xB46E, 0xB46E, 0xBC8E, 0xBC8E, 0xBC8E, 0xBC8E, 0xBC8F, 0xBC8E, 0xB46E,
  0xB46E, 0xB46E, 0xB44E, 0xB44E, 0xB44D, 0xB42D, 0xB42D, 0xB42D, 0xAC0D, 0xAC0D, 0xABEC, 0xABEC,
  0xABAB, 0xA38B, 0xA38A, 0xA38B, 0x9B8B, 0x934A, 0x7287, 0x59C5, 0x4984, 0x4984, 0x4164, 0x4164,
  0x3124, 0x3124, 0x3103, 0x3103, 0x28E3, 0x28E3, 0x28C2, 0x20C2, 0x20C2, 0x28E3, 0x2903, 0x3103,
  0x3123, 0x3103, 0x3923, 0x51E6, 0x82C9, 0x936B, 0xA3ED, 0xA3ED, 0xAC0D, 0xAC0D, 0xA3CC, 0xA3AC,
  0xA3AC, 0xB3ED, 0xBC2E, 0xC44F, 0xC48F, 0xC48F, 0xBC4E, 0xBC0D, 0xBBCD, 0xBBAD, 0xB3AC, 0xB3AD,
  0xC3EE, 0xC40E, 0xB38C, 0x9AC8, 0x9246, 0x9266, 0xA308, 0xB3EC, 0xBC4E, 0xA3CC, 0x9BED, 0x8B6B,
  0x18A2, 0x2924, 0x1881, 0x0840, 0x0820, 0x0840, 0x0861, 0x0861, 0x0840, 0x0840, 0x0820, 0x0820,
  0x0820, 0x0840, 0x1041, 0x1041, 0x1040, 0x1861, 0x20C2, 0x30E3, 0x3103, 0x3943, 0x49C5, 0x5A27,
  0x6268, 0x5A06, 0x49A5, 0x4164, 0x4164, 0x4984, 0x51A5, 0x59E6, 0x59E5, 0x59E6, 0x6226, 0x6A47,
  0x7287, 0x7AA8, 0x7AE9, 0x82E9, 0x8309, 0x8B29, 0x8B49, 0x936A, 0x9B8A, 0x9B8B, 0x9B8B, 0x9B8B,
  0x9BAB, 0x9BAB, 0xA3AC, 0xA3AC, 0xA3CC, 0xA3CC, 0xA3CC, 0xA3CC, 0xA3CC, 0xA3CC, 0xA3CC, 0xA3CC,
  0xA3CB, 0xA3CB, 0xA3AB, 0x9BAB, 0x9BAB, 0x9BAB, 0x9BAB, 0x9BAB, 0x9BAB, 0x9BAB, 0x9BAB, 0x9BAB,
  0x9BAB, 0xA3AB, 0xA3CC, 0xA3CC, 0xA3EC, 0xAC0D, 0xAC2D, 0xB42D, 0xB44E, 0xB46E, 0xBC6E, 0xBC6E,
  0xBC8F, 0xBCAF, 0xBCAF, 0xBCAF, 0xC4AF, 0xC4AF, 0xBCAF, 0xC4CF, 0xBCAF, 0xBCAF, 0xBCAF, 0xBC8F,
  0xBC8F, 0xB44E, 0xB44E, 0xB42D, 0xAC0C, 0xABEC, 0xA3AB, 0xA38A, 0x9B4A, 0x9B4A, 0x9B4A, 0x9B4A,
  0x9B4A, 0x9B4A, 0x9B6A, 0xA36A, 0x9B29, 0x9B6A, 0x9329, 0x82A8, 0x7247, 0x59C5, 0x4964, 0x3923,
  0x51E7, 0x7B4C, 0x41A6, 0x20E3, 0x20C3, 0x18A2, 0x1082, 0x1061, 0x1882, 0x1862, 0x1862, 0x1862,
  0x1862, 0x1862, 0x1882, 0x20A2, 0x20A2, 0x2082, 0x4144, 0x6248, 0x51C5, 0x51A5, 0x5184, 0x5184,
  0x6A05, 0x7226, 0x7A87, 0x82A8, 0x82E8, 0x8B09, 0x9329, 0x934A, 0x9B6A, 0x9B8B, 0x9BAB, 0xA3CC,
  0xA3EC, 0xAC0D, 0xB44D, 0xB46E, 0xB46E, 0xBC8E, 0xBC8F, 0xBC8F, 0xBC8F, 0xBC8F, 0xBC8E, 0xB46E,
  0xB46E, 0xB46E, 0xB46E, 0xB44E, 0xB44D, 0xB42D, 0xB42D, 0xB42D, 0xAC0D, 0xABEC, 0xABEC, 0xABCC,
  0xABCB, 0xA3AA, 0xA38A, 0xA3AB, 0x9B6A, 0x9B6B, 0x82C9, 0x6206, 0x51A5, 0x4984, 0x4164, 0x4165,
  0x3944, 0x3124, 0x3103, 0x3103, 0x3103, 0x28E2, 0x28E2, 0x28E3, 0x20C2, 0x28C2, 0x3103, 0x3924,
  0x3944, 0x3923, 0x4144, 0x5A06, 0x8B2A, 0x936B, 0xA40D, 0xA3CD, 0xA3CC, 0xAC2D, 0xABED, 0xABED,
  0xBC4E, 0xBC4E, 0xBC4E, 0xBC4E, 0xC46F, 0xC48F, 0xC48F, 0xBC4E, 0xBBCD, 0xB3AC, 0xB38C, 0xAB6C,
  0xB3AD, 0xC42E, 0xBBCD, 0xA309, 0x9287, 0x9266, 0x9AE8, 0xABAB, 0xB42D, 0xA3CC, 0xA3ED, 0x8B6B,
  0x20C2, 0x2924, 0x1081, 0x1061, 0x0840, 0x0861, 0x0861, 0x0861, 0x0840, 0x0840, 0x0820, 0x0820,
  0x0820, 0x0840, 0x1041, 0x1041, 0x1040, 0x1861, 0x28C2, 0x3103, 0x3102, 0x3943, 0x51C6, 0x5A27,
  0x51E6, 0x4984, 0x4144, 0x4143, 0x4984, 0x51C5, 0x51C5, 0x5A06, 0x6206, 0x6A47, 0x7288, 0x7AC8,
  0x82E9, 0x8309, 0x8B29, 0x8B2A, 0x8B4A, 0x936A, 0x936A, 0x9B8A, 0x9BAB, 0x9BAB, 0x9BAB, 0x9BAB,
  0xA3AB, 0xA3AB, 0xA3CC, 0xA3CC, 0xA3CC, 0xA3CC, 0xA3CC, 0xA3EC, 0xA3CC, 0xA3CC, 0xA3CB, 0xA3CB,
  0xA3CB, 0xA3CB, 0xA3AB, 0x9BAB, 0x9BAB, 0x9BAB, 0x9B8B, 0x9B8B, 0x9B8B, 0x9B8B, 0x9BAB, 0x9BAB,
  0x9BAB, 0x9BAB, 0xA3AB, 0xA3CC, 0xA3CC, 0xABEC, 0xAC0D, 0xAC2D, 0xB44E, 0xB44E, 0xB46E, 0xBC8F,
  0xBC8F, 0xBCAF, 0xBCB0, 0xBCAF, 0xBCB0, 0xBCB0, 0xC4D0, 0xC4D0, 0xC4D0, 0xBCB0, 0xBCAF, 0xBC8F,
  0xBC8F, 0xB46E, 0xB44E, 0xB44D, 0xAC0C, 0xABEC, 0xA3AB, 0xA36A, 0x9B49, 0x9B49, 0x9B49, 0x9B4A,
  0x9B6A, 0x9B6A, 0x9B4A, 0x9B4A, 0x9329, 0x932A, 0x8AE8, 0x7247, 0x59C5, 0x4943, 0x4164, 0x5A28,
  0x7B4D, 0x8C0F, 0x5A8A, 0x20E3, 0x20A2, 0x18A2, 0x1861, 0x1882, 0x18A2, 0x1862, 0x1862, 0x20A2,
  0x20A2, 0x1861, 0x1841, 0x2061, 0x2061, 0x3923, 0x51A5, 0x59E6, 0x6A68, 0x7288, 0x7AA8, 0x7267,
  0x7267, 0x82C8, 0x8B09, 0x8B29, 0x8B29, 0x9329, 0x934A, 0x9B6B, 0xA3AB, 0xA3AB, 0xA3CC, 0xABEC,
  0xAC0D, 0xAC2D, 0xB44E, 0xB46E, 0xB46E, 0xBC8E, 0xBC8F, 0xBC8F, 0xBC8F, 0xBC8F, 0xBC8E, 0xBC6E,
  0xBC6E, 0xB46E, 0xB44E, 0xB44E, 0xB42D, 0xB42D, 0xB42D, 0xB42D, 0xAC0D, 0xABEC, 0xABCC, 0xABCC,
  0xABCB, 0xA3AA, 0xA38A, 0xA38A, 0x9B6A, 0x9B8B, 0x8B29, 0x6A47, 0x51A5, 0x4964, 0x4164, 0x4144,
  0x3965, 0x3144, 0x3103, 0x3123, 0x3103, 0x30E3, 0x30E3, 0x3103, 0x3103, 0x30E3, 0x3123, 0x3944,
  0x4164, 0x4985, 0x4984, 0x51A5, 0x8B0A, 0x9B8C, 0xB46F, 0xAC4E, 0xAC2D, 0xB44E, 0xAC0D, 0xABCC,
  0xABEC, 0xB40D, 0xBC2E, 0xBC2E, 0xC46F, 0xC4AF, 0xC48F, 0xBC6E, 0xBBED, 0xBBCC, 0xB38C, 0xAB6B,
  0xB38C, 0xBC0E, 0xC40D, 0xAB4A, 0x9AA7, 0x9266, 0x9AC8, 0xAB6A, 0xB3ED, 0xA3CC, 0xA3ED, 0x8B6B,
  0x20C2, 0x20E2, 0x1061, 0x1061, 0x0840, 0x0861, 0x0861, 0x0861, 0x0841, 0x0840, 0x0820, 0x0820,
  0x0820, 0x1041, 0x1041, 0x1040, 0x1040, 0x1881, 0x28E2, 0x3103, 0x3103, 0x3944, 0x51C6, 0x5A06,
  0x49A5, 0x4143, 0x4143, 0x4143, 0x4984, 0x5A06, 0x6226, 0x6A68, 0x7288, 0x7AC9, 0x8309, 0x8B2A,
  0x8B2A, 0x8B2A, 0x8B2A, 0x934A, 0x936A, 0x9B8A, 0x9B8B, 0x9BAB, 0x9BAB, 0x9BAB, 0x9BAB, 0xA3CC,
  0xA3CC, 0xA3CC, 0xA3CC, 0xA3CC, 0xA3CC, 0xA3CC, 0xA3EC, 0xA3EC, 0xA3EC, 0xA3EC, 0xA3EC, 0xA3CB,
  0xA3CB, 0xA3CB, 0x9BAB, 0x9BAB, 0x9B8B, 0x9B8B, 0x9B8B, 0x9B8B, 0x9B8B, 0x9B8B, 0x9B8B, 0x9B8B,
  0x9BAB, 0x9BAB, 0xA3AB, 0xA3AB, 0xA3CC, 0xA3EC, 0xAC0D, 0xAC0D, 0xAC2D, 0xB44E, 0xB46E, 0xB46F,
  0xBC8F, 0xBCAF, 0xBCB0, 0xBCB0, 0xC4D0, 0xC4D0, 0xC4D0, 0xC4D0, 0xC4D0, 0xC4D0, 0xBCAF, 0xBCAF,
  0xBCAF, 0xBC8E, 0xB46E, 0xB44E, 0xB42D, 0xABEC, 0xA3CB, 0xA38A, 0x9B49, 0x9B49, 0x9B49, 0x9B49,
  0x9B6A, 0x9B6A, 0x9B6A, 0x9B4A, 0x9B6A, 0x8AE9, 0x7A67, 0x61C5, 0x5164, 0x5185, 0x6268, 0x7B2C,
  0x9410, 0x9430, 0x7B8E, 0x3965, 0x1882, 0x20C2, 0x2081, 0x2081, 0x1881, 0x2082, 0x1881, 0x1840,
  0x1840, 0x2882, 0x30E3, 0x4124, 0x59E6, 0x6A89, 0x82EA, 0x82E9, 0x934B, 0x936B, 0x9B8B, 0x934A,
  0x936A, 0x9B8B, 0x9BAB, 0xA3AC, 0x9BAB, 0x9B8B, 0x9B8B, 0x9B8B, 0xA3CC, 0xABCC, 0xAC0D, 0xAC0D,
  0xAC2D, 0xB44E, 0xB46E, 0xB46E, 0xBC6E, 0xBC8F, 0xBC8F, 0xBC8F, 0xBC8F, 0xBC8F, 0xBC8F, 0xBC8E,
  0xBC6E, 0xBC6E, 0xBC6E, 0xB44E, 0xB42D, 0xB42D, 0xB42D, 0xB42D, 0xAC0D, 0xAC0C, 0xABEC, 0xABEC,
  0xABCB, 0xA3AB, 0xA38A, 0xA36A, 0xA38A, 0x9B8A, 0x8B4A, 0x7288, 0x51C5, 0x4964, 0x4164, 0x4144,
  0x3965, 0x3965, 0x3944, 0x3103, 0x3103, 0x3103, 0x3923, 0x3923, 0x3924, 0x3944, 0x4185, 0x4164,
  0x4964, 0x51C5, 0x51A5, 0x4964, 0x7A88, 0x8B0A, 0xA3ED, 0xA3ED, 0xAC0D, 0xB42E, 0xAC0D, 0xB40D,
  0xABEC, 0xB3ED, 0xB3CD, 0xABED, 0xB40D, 0xBC6E, 0xC48F, 0xC4AF, 0xBC0D, 0xB3CC, 0xABAC, 0xAB8B,
  0xABAC, 0xBC0D, 0xC42E, 0xB38B, 0x9AC7, 0x9286, 0x9AE8, 0xA34A, 0xB3EC, 0xA3CC, 0xA3ED, 0x8B4B,
  0x18C2, 0x18A1, 0x0840, 0x0840, 0x0840, 0x0861, 0x0861, 0x0861, 0x0841, 0x0840, 0x0020, 0x0820,
  0x0840, 0x1041, 0x1040, 0x0820, 0x1040, 0x1881, 0x28E2, 0x3103, 0x3103, 0x4164, 0x49A5, 0x4985,
  0x4144, 0x4144, 0x49A5, 0x51C5, 0x59E6, 0x6227, 0x6226, 0x6A67, 0x7267, 0x7288, 0x7AA8, 0x82E9,
  0x8B09, 0x8B2A, 0x936A, 0x9B6B, 0x9B6A, 0x9B8B, 0x9BAB, 0x9BAB, 0xA3CB, 0xA3CC, 0xA3CC, 0xA3EC,
  0xA3EC, 0xA3EC, 0xABEC, 0xABEC, 0xABEC, 0xA3EC, 0xABEC, 0xABEC, 0xABEC, 0xA3EC, 0xA3EC, 0xA3EC,
  0xA3CB, 0xA3CB, 0x9BAB, 0x9BAA, 0x9B8B, 0x9B8B, 0x9B8A, 0x9B8A, 0x9B6A, 0x9B6A, 0x9B6A, 0x9B8B,
  0x9B8B, 0x9B8B, 0x9BAB, 0x9BAB, 0xA3AB, 0xA3CC, 0xA3EC, 0xAC0D, 0xAC2D, 0xB44E, 0xB46E, 0xB46F,
  0xBC8F, 0xBCAF, 0xBCB0, 0xBCB0, 0xBCD0, 0xBCD0, 0xBCD0, 0xBCD0, 0xC4D0, 0xC4D0, 0xBCD0, 0xBCD0,
  0xBCCF, 0xBC8F, 0xBC8E, 0xBC6E, 0xB42D, 0xB40C, 0xABCB, 0xA38A, 0x9B49, 0x9B29, 0x9B29, 0x9B49,
  0x9B6A, 0xA36A, 0x9B6A, 0x9B6A, 0x934A, 0x82A8, 0x6A05, 0x5164, 0x59C6, 0x6A89, 0x7B2C, 0x8BEF,
  0x9C71, 0x9C72, 0x9430, 0x62AA, 0x28E3, 0x20C2, 0x2081, 0x1860, 0x20A1, 0x1860, 0x2060, 0x30E3,
  0x4165, 0x51C6, 0x6248, 0x72AA, 0x830B, 0x8B2B, 0x936B, 0x9BAC, 0xA3AC, 0xA3CC, 0xAC2D, 0xAC0C,
  0xA3CC, 0xA3EC, 0xA3EC, 0xABEC, 0xABEC, 0xA3EC, 0xA3CC, 0xA3AB, 0xABEC, 0xAC0D, 0xB42D, 0xB42D,
  0xB44E, 0xB46E, 0xB46E, 0xB46E, 0xBC8E, 0xBC8F, 0xBC8F, 0xBC8F, 0xBC8F, 0xBC8F, 0xBC8F, 0xBC8E,
  0xBC8E, 0xBC6E, 0xBC6E, 0xB44E, 0xB42D, 0xB42D, 0xB42D, 0xB42D, 0xAC2D, 0xAC0D, 0xAC0C, 0xABEC,
  0xABEB, 0xABCB, 0xA3AA, 0xA38A, 0x9B8A, 0x9B6A, 0x934A, 0x82C9, 0x6226, 0x51A5, 0x4984, 0x4164,
  0x4185, 0x3965, 0x3944, 0x3923, 0x3103, 0x3103, 0x3923, 0x3944, 0x3923, 0x4164, 0x4985, 0x4164,
  0x4144, 0x51A5, 0x5184, 0x4943, 0x5163, 0x69E6, 0x82C8, 0x936B, 0xA3CC, 0xA3CC, 0x9B8B, 0x9B6B,
  0xA38B, 0xA3AB, 0xABCC, 0xABED, 0xB40D, 0xBC4E, 0xBC8F, 0xC4AF, 0xC44D, 0xB3EC, 0xABAB, 0xABAC,
  0xABAC, 0xBC0D, 0xC42E, 0xB3AB, 0x9AE8, 0x9286, 0x9AE8, 0xAB4A, 0xB3ED, 0xA3AC, 0xA3AC, 0x8B2B,
  0x20E3, 0x18A1, 0x1061, 0x0840, 0x0881, 0x0861, 0x0860, 0x0861, 0x0841, 0x0840, 0x0020, 0x0820,
  0x0840, 0x0840, 0x0820, 0x0820, 0x1040, 0x1881, 0x28E2, 0x3103, 0x3103, 0x4185, 0x4985, 0x3944,
  0x4164, 0x4965, 0x51E6, 0x51E6, 0x59E6, 0x6227, 0x6226, 0x6A88, 0x7AC9, 0x7AC9, 0x82E9, 0x8B0A,
  0x932A, 0x936B, 0x9B8B, 0x9B8B, 0x9B8B, 0xA3AB, 0xA3AB, 0xA3CB, 0xA3EC, 0xA3EC, 0xA3EC, 0xAC0D,
  0xAC0C, 0xAC0C, 0xAC0D, 0xAC0C, 0xAC0C, 0xAC0C, 0xAC0C, 0xAC0C, 0xAC0C, 0xABEC, 0xA3EC, 0xA3EC,
  0xA3CB, 0xA3CB, 0x9BAB, 0x9BAA, 0x9B8B, 0x9B8A, 0x9B8A, 0x9B8A, 0x9B6A, 0x9B6A, 0x9B6A, 0x9B6A,
  0x9B6A, 0x9B8B, 0x9B8B, 0x9B8B, 0x9BAB, 0xA3AB, 0xA3CC, 0xABEC, 0xAC2D, 0xB44E, 0xB46E, 0xB46F,
  0xBC8F, 0xBCAF, 0xBCD0, 0xBCD0, 0xC4D0, 0xC4D0, 0xBCD0, 0xC4D0, 0xC4D0, 0xC4D0, 0xC4D0, 0xC4D0,
  0xBCCF, 0xBCAF, 0xBC8E, 0xBC6E, 0xB44D, 0xB40D, 0xABCB, 0xA38A, 0x9B49, 0x9B29, 0x9329, 0x9B29,
  0x9B4A, 0xA36A, 0xA36A, 0xA36A, 0x8AE9, 0x69E5, 0x59A4, 0x61E6, 0x6227, 0x72EB, 0x8BAE, 0x9410,
  0x9451, 0x9C72, 0x8BEF, 0x83AE, 0x41C6, 0x28A2, 0x20A1, 0x28A1, 0x3102, 0x3964, 0x51E6, 0x6268,
  0x6AA9, 0x7ACA, 0x832B, 0x938D, 0x938C, 0xA3EE, 0xA3ED, 0xB42E, 0xB46E, 0xBC6E, 0xB44D, 0xB42D,
  0xAC2D, 0xAC2D, 0xAC0D, 0xAC0D, 0xAC0D, 0xAC0D, 0xAC0D, 0xAC0D, 0xB42D, 0xB44D, 0xB44E, 0xB46E,
  0xB46E, 0xBC6E, 0xB46E, 0xB46E, 0xBC8E, 0xBC8F, 0xBCAF, 0xBC8F, 0xBC8E, 0xBC8F, 0xBC8F, 0xBC8F,
  0xBC8E, 0xBC6E, 0xBC6E, 0xB44E, 0xB44D, 0xB42D, 0xB42D, 0xB42D, 0xAC2D, 0xAC0D, 0xABEC, 0xABCC,
  0xABEB, 0xABEB, 0xABCB, 0xA3AA, 0x9B8A, 0x9B8A, 0x936A, 0x830A, 0x6A67, 0x51C5, 0x4964, 0x4985,
  0x41A5, 0x3944, 0x3944, 0x3944, 0x3923, 0x3102, 0x3923, 0x4164, 0x4164, 0x4144, 0x4144, 0x4144,
  0x4985, 0x51A5, 0x4964, 0x5164, 0x5143, 0x5984, 0x61C5, 0x7A87, 0x8B09, 0x8B09, 0x8B09, 0x9329,
  0x9B6B, 0xA36B, 0xA38C, 0xABCC, 0xAC0D, 0xBC4E, 0xBCAF, 0xC4F0, 0xCCAF, 0xBC0D, 0xABAB, 0xABCC,
  0xABAC, 0xB3ED, 0xC42D, 0xB3AB, 0xA2E8, 0x9266, 0x9AC7, 0xAB6A, 0xB3ED, 0xA38C, 0x9B8C, 0x8B2A,
  0x3144, 0x1061, 0x18C2, 0x2103, 0x0861, 0x0861, 0x1081, 0x0840, 0x0841, 0x0820, 0x0000, 0x0840,
  0x1061, 0x0841, 0x0020, 0x0020, 0x1020, 0x1881, 0x2903, 0x3103, 0x3103, 0x3923, 0x4164, 0x4985,
  0x49A5, 0x51C5, 0x5A06, 0x6227, 0x6226, 0x6A47, 0x72A8, 0x7AC8, 0x7AC8, 0x82C8, 0x82E9, 0x8B09,
  0x8B2A, 0x936A, 0x9B8B, 0x9BAB, 0x9BAB, 0xA3CC, 0xA3EC, 0xA3EC, 0xA3EC, 0xA3EC, 0xAC0D, 0xAC0D,
  0xAC0C, 0xAC0C, 0xB40C, 0xAC0C, 0xAC0C, 0xAC0C, 0xAC0C, 0xAC0C, 0xAC0C, 0xAC0C, 0xAC0C, 0xABEC,
  0xABEC, 0xABCC, 0xA3AB, 0xA3AB, 0x9B8B, 0x9B8B, 0x9B8B, 0x9B6A, 0x934A, 0x934A, 0x934A, 0x934A,
  0x934A, 0x9B4A, 0x9B6A, 0x9B8B, 0x9B8B, 0xA3AB, 0xA3CC, 0xABEC, 0xAC0D, 0xAC2E, 0xB44E, 0xB46E,
  0xB48F, 0xBCAF, 0xBCAF, 0xC4D0, 0xC4F0, 0xC4F0, 0xC4F0, 0xC4F0, 0xC4F0, 0xC4F0, 0xC4F0, 0xC4F0,
  0xC4F0, 0xC4F0, 0xBCCF, 0xBC8F, 0xB46E, 0xB44D, 0xAC0C, 0xA3CB, 0x9329, 0x9B4A, 0x9308, 0x9B49,
  0xA38A, 0xA36A, 0xA38A, 0x9B49, 0x6A26, 0x61C5, 0x59A4, 0x61E5, 0x6A47, 0x7287, 0x7AE9, 0x8B4B,
  0x8B6B, 0x8B4B, 0x832A, 0x7AC9, 0x6A47, 0x6206, 0x6A06, 0x6A47, 0x7AA8, 0x7AA8, 0x82C9, 0x8B2A,
  0x936B, 0x9BCC, 0xA40D, 0xAC4E, 0xBC8F, 0xBC8F, 0xBC8F, 0xBC8F, 0xBC8F, 0xB46E, 0xB44E, 0xB44E,
  0xB44E, 0xB44E, 0xB44E, 0xB42D, 0xB42D, 0xB42D, 0xB44E, 0xB44E, 0xB44E, 0xB46E, 0xB46E, 0xBC6E,
  0xBC6E, 0xBC6E, 0xBC6E, 0xBC8F, 0xBC8F, 0xBC8F, 0xBCAF, 0xBCAF, 0xBC8F, 0xBC8F, 0xBC8F, 0xBC8E,
  0xBC8E, 0xBC6E, 0xB46E, 0xB46E, 0xB44D, 0xB44D, 0xB44D, 0xB44D, 0xB40C, 0xB40C, 0xABEC, 0xABEC,
  0xABEC, 0xABCC, 0xA3CB, 0xA3CB, 0x9B6A, 0x9B6A, 0x9329, 0x8B29, 0x82A8, 0x61C5, 0x5163, 0x4943,
  0x4164, 0x4164, 0x3944, 0x3944, 0x3944, 0x3924, 0x3923, 0x4144, 0x4123, 0x4944, 0x4964, 0x5184,
  0x59A4, 0x5164, 0x59A5, 0x61C5, 0x6184, 0x61A4, 0x69E5, 0x69E5, 0x7A46, 0x8AA8, 0x8AC8, 0x92E9,
  0x9B09, 0x9B4A, 0xA36A, 0xA38B, 0xABAB, 0xB3EC, 0xBC4D, 0xC4AF, 0xCCD0, 0xC46E, 0xB3EB, 0xB3CB,
  0xB38C, 0xB3AC, 0xBC2E, 0xBBED, 0x9B09, 0x92A8, 0x9AE8, 0xB3CC, 0xB40C, 0x9BCC, 0x93AD, 0x7B4C,
  0x2924, 0x1061, 0x18A2, 0x39C6, 0x1081, 0x0840, 0x0881, 0x0840, 0x0841, 0x0820, 0x0820, 0x0840,
  0x0861, 0x0841, 0x0020, 0x0820, 0x1040, 0x1881, 0x28E2, 0x3103, 0x3123, 0x3944, 0x4184, 0x4985,
  0x49A5, 0x51E6, 0x5A06, 0x6227, 0x6247, 0x6A67, 0x72A8, 0x7AC8, 0x82E9, 0x8309, 0x8B09, 0x8B2A,
  0x934A, 0x936B, 0x9B8B, 0x9BAB, 0x9BAB, 0xA3CC, 0xA3EC, 0xA3EC, 0xA3ED, 0xAC0D, 0xAC0D, 0xAC0D,
  0xAC0D, 0xAC0D, 0xB42D, 0xB42D, 0xAC2D, 0xAC2D, 0xAC2D, 0xAC2D, 0xAC2D, 0xAC0C, 0xAC0D, 0xAC0C,
  0xABEC, 0xABEC, 0xA3AC, 0xA3AB, 0xA38B, 0x9B8B, 0x9B6A, 0x9B6A, 0x9B6A, 0x934A, 0x934A, 0x934A,
  0x932A, 0x934A, 0x936A, 0x936A, 0x9B6A, 0x9B8B, 0xA3AB, 0xA3CC, 0xA3ED, 0xAC2D, 0xB44E, 0xB46E,
  0xB48F, 0xBC8F, 0xBCAF, 0xC4D0, 0xC4F0, 0xC4F1, 0xC511, 0xC511, 0xC4F1, 0xC4F1, 0xC4F0, 0xC4F0,
  0xC4F0, 0xC4F0, 0xC4D0, 0xBCAF, 0xBC8E, 0xB46E, 0xAC2D, 0xABEC, 0x9B8A, 0x9B6A, 0x9329, 0x9B49,
  0xA36A, 0xABAB, 0xABAB, 0x8AC7, 0x59A4, 0x5984, 0x59C4, 0x6A26, 0x7267, 0x7287, 0x7AA8, 0x7AC8,
  0x7AE9, 0x82E9, 0x82E9, 0x82E9, 0x82E9, 0x830A, 0x8B2A, 0x936B, 0x938B, 0x9BAC, 0xA3ED, 0xAC2E,
  0xB46F, 0xBC8F, 0xBCB0, 0xC4D0, 0xBC8F, 0xBC8F, 0xB46F, 0xB46E, 0xB46E, 0xB44E, 0xB44E, 0xB44E,
  0xB44E, 0xB44E, 0xB44E, 0xB44E, 0xB44E, 0xB44E, 0xB46E, 0xBC6E, 0xBC6E, 0xBC8F, 0xBC8F, 0xBC8F,
  0xBC8F, 0xBC8F, 0xBC8F, 0xBC8F, 0xC4AF, 0xC4AF, 0xBCAF, 0xBCAF, 0xBC8F, 0xBC8F, 0xBC8F, 0xBC8E,
  0xBC8E, 0xBC8E, 0xB46E, 0xB46E, 0xB46E, 0xB44D, 0xB44D, 0xB44D, 0xB40C, 0xB40C, 0xAC0C, 0xABEC,
  0xABEC, 0xABCC, 0xA3CB, 0xA3CB, 0xA38A, 0x9B6A, 0x9B6A, 0x932A, 0x82E9, 0x6A26, 0x5184, 0x4943,
  0x4184, 0x4164, 0x3944, 0x3944, 0x3944, 0x3944, 0x3924, 0x3923, 0x51A5, 0x51A5, 0x59A5, 0x5184,
  0x61E6, 0x61E6, 0x6A26, 0x7267, 0x7206, 0x69E5, 0x69E5, 0x69E5, 0x7205, 0x8267, 0x8287, 0x8AA8,
  0x92E9, 0x9B09, 0x9B2A, 0xA34A, 0xA36A, 0xABAB, 0xB40D, 0xC46E, 0xCCD0, 0xC48F, 0xB40C, 0xB3CB,
  0xB3AC, 0xB3CC, 0xBC2E, 0xBBCC, 0xA309, 0x9AC8, 0xA32A, 0xBBED, 0xB40C, 0xA3CC, 0x93AD, 0x7B2B,
  0x28E3, 0x18A1, 0x1881, 0x3185, 0x1081, 0x0861, 0x0861, 0x0860, 0x0840, 0x0840, 0x0820, 0x0840,
  0x0841, 0x0840, 0x0020, 0x0840, 0x1040, 0x18A2, 0x28E3, 0x3103, 0x3123, 0x4164, 0x4185, 0x49A5,
  0x51E6, 0x5A27, 0x5A26, 0x6227, 0x6A67, 0x7288, 0x72A8, 0x7AE9, 0x82E8, 0x82E9, 0x8B09, 0x8B29,
  0x8B2A, 0x934A, 0x9B6A, 0x9B8B, 0xA3AB, 0xA3CC, 0xA3CC, 0xA3EC, 0xAC0D, 0xAC0D, 0xAC0D, 0xAC0D,
  0xAC2D, 0xAC2D, 0xAC2D, 0xAC2D, 0xAC2D, 0xAC2D, 0xAC2D, 0xAC2D, 0xAC2D, 0xAC2D, 0xAC0D, 0xAC0D,
  0xAC0D, 0xA3ED, 0xA3CC, 0xA3CC, 0xA3AB, 0xA38B, 0x9B6A, 0x9B6A, 0x9B6A, 0x934A, 0x934A, 0x9329,
  0x9329, 0x9329, 0x934A, 0x934A, 0x934A, 0x9B6A, 0x9BAB, 0xA3CC, 0xA3CC, 0xAC0D, 0xB44E, 0xB46E,
  0xB48F, 0xBC8F, 0xBCAF, 0xC4D0, 0xC511, 0xC511, 0xCD11, 0xCD11, 0xCD11, 0xC511, 0xC511, 0xC511,
  0xC510, 0xC510, 0xC4F0, 0xBCCF, 0xBCAF, 0xBC8E, 0xB44D, 0xAC0D, 0xA3CB, 0x9B8A, 0x9B49, 0x9B6A,
  0xA36A, 0xABCC, 0xA38B, 0x7A25, 0x61C4, 0x69C4, 0x6A26, 0x7A87, 0x82E9, 0x8B09, 0x8B4A, 0x934A,
  0x936B, 0x936A, 0x934B, 0x934B, 0x936B, 0x9B6B, 0x9B8C, 0x9BAC, 0xABED, 0xABED, 0xAC0E, 0xB44E,
  0xB46E, 0xB46E, 0xB46E, 0xBC6E, 0xB46E, 0xBC4E, 0xB44E, 0xB44D, 0xB44D, 0xB44E, 0xB44E, 0xBC6E,
  0xB46E, 0xB46E, 0xB46E, 0xB46E, 0xB46E, 0xB46E, 0xBC6E, 0xBC8F, 0xBC8F, 0xBC8F, 0xBCAF, 0xBCAF,
  0xBCAF, 0xBC8F, 0xBC8F, 0xBCAF, 0xC4AF, 0xC4AF, 0xBCAF, 0xBCAF, 0xBC8F, 0xBC8F, 0xBC8F, 0xBC8F,
  0xBC8F, 0xBC8E, 0xBC6E, 0xB46E, 0xB44E, 0xB44E, 0xB44D, 0xB44D, 0xB42D, 0xB40C, 0xAC0C, 0xABEC,
  0xABEC, 0xABCC, 0xA3CB, 0xA3AB, 0xA3AB, 0x9B6A, 0x9B8A, 0x934A, 0x8B09, 0x7A87, 0x59A4, 0x5163,
  0x4985, 0x4164, 0x4164, 0x4144, 0x3944, 0x4165, 0x4164, 0x4123, 0x59C6, 0x6A47, 0x59E6, 0x6206,
  0x6206, 0x7268, 0x7A88, 0x82E9, 0x8AE9, 0x8288, 0x7247, 0x7206, 0x7206, 0x7A26, 0x8287, 0x8A87,
  0x8AA8, 0x92C8, 0x92E8, 0x9B09, 0x9B2A, 0xA36B, 0xABCC, 0xBC2D, 0xCCB0, 0xCCAF, 0xBC2D, 0xB3CC,
  0xB3AC, 0xB3CD, 0xBC0D, 0xB3CC, 0xA329, 0x9AE8, 0xAB8B, 0xBC0D, 0xABEC, 0x9BCC, 0x8BAC, 0x732B,
  0x2902, 0x18A1, 0x20E2, 0x3164, 0x1081, 0x1081, 0x0861, 0x0860, 0x0840, 0x0840, 0x0840, 0x0840,
  0x0840, 0x0820, 0x0020, 0x0841, 0x1040, 0x20A2, 0x2903, 0x3123, 0x3123, 0x3944, 0x49A5, 0x51E6,
  0x5A27, 0x6227, 0x6226, 0x6227, 0x6A67, 0x7288, 0x72A8, 0x7AC9, 0x82C8, 0x82E9, 0x8B29, 0x8B2A,
  0x934A, 0x936A, 0x9B8B, 0x9BAB, 0xA3AB, 0xA3AB, 0xA3CC, 0xA3EC, 0xABEC, 0xAC0D, 0xAC0D, 0xAC0D,
  0xAC2D, 0xAC2D, 0xAC2D, 0xAC2E, 0xAC2E, 0xAC2D, 0xAC2D, 0xAC2D, 0xAC2D, 0xAC2D, 0xAC2D, 0xAC2D,
  0xAC0D, 0xA40D, 0xA3ED, 0xA3CC, 0xA3AB, 0xA38B, 0x9B6A, 0x9B6A, 0x9B6A, 0x934A, 0x932A, 0x9329,
  0x8B29, 0x8B29, 0x9329, 0x9329, 0x934A, 0x936A, 0x9B8B, 0xA3AB, 0xA3CC, 0xAC0D, 0xAC2D, 0xB44E,
  0xB46E, 0xB48F, 0xBCAF, 0xC4D0, 0xC511, 0xC511, 0xCD11, 0xCD31, 0xCD31, 0xCD31, 0xCD11, 0xCD11,
  0xC511, 0xC510, 0xC4F0, 0xC4F0, 0xC4CF, 0xBC8F, 0xB46E, 0xB42D, 0xA3CC, 0xA3AB, 0x9B8A, 0x9B6A,
  0x9B6A, 0xABCB, 0xABAB, 0x8AA7, 0x7A46, 0x7A66, 0x82C8, 0x9309, 0x934A, 0x9B6A, 0x9B6A, 0x936A,
  0x936A, 0x934A, 0x934A, 0x934A, 0x9B4A, 0x9B6B, 0x9B6B, 0x9B8B, 0xA3AB, 0xA3AB, 0xA3CC, 0xABEC,
  0xABED, 0xABED, 0xABEC, 0xAC0D, 0xB40D, 0xB42D, 0xB42D, 0xB44D, 0xB44E, 0xB44E, 0xB44E, 0xBC6E,
  0xB46E, 0xB46E, 0xB46E, 0xBC6E, 0xBC6E, 0xBC6E, 0xBC8F, 0xBC8F, 0xBC8F, 0xBCAF, 0xBCAF, 0xC4AF,
  0xBCAF, 0xBCAF, 0xBCAF, 0xBCAF, 0xC4AF, 0xC4AF, 0xBCAF, 0xBCAF, 0xBC8F, 0xBC8F, 0xBC8F, 0xBC8F,
  0xBC8E, 0xBC8E, 0xBC6E, 0xB46E, 0xBC6E, 0xB44E, 0xB44D, 0xB44D, 0xB42D, 0xB42D, 0xB40D, 0xABEC,
  0xABEC, 0xABCC, 0xABCB, 0xA3CB, 0xA3AB, 0xA38A, 0x9B6A, 0x932A, 0x8B09, 0x7AA8, 0x61E5, 0x5163,
  0x4985, 0x4984, 0x4164, 0x4164, 0x4164, 0x4165, 0x4164, 0x4964, 0x4985, 0x7288, 0x6A47, 0x7267,
  0x6A26, 0x7AA8, 0x8B0A, 0x8B2A, 0x9B8B, 0x9B8C, 0x8B0A, 0x8288, 0x7A26, 0x7A06, 0x8267, 0x8A87,
  0x8AA8, 0x8AA8, 0x92C8, 0x92C8, 0x9B09, 0xA34A, 0xABAB, 0xB3ED, 0xC48F, 0xCCB0, 0xBC4D, 0xB3EC,
  0xB3CC, 0xBBED, 0xBC2E, 0xBBCC, 0xA329, 0x9B09, 0xB38C, 0xB3ED, 0xABCC, 0x9BCC, 0x836B, 0x7B2C,
  0x2903, 0x1060, 0x2923, 0x4A48, 0x10A1, 0x0860, 0x0861, 0x0840, 0x0840, 0x0840, 0x0840, 0x0840,
  0x0040, 0x0020, 0x0040, 0x0840, 0x1040, 0x20A2, 0x2903, 0x3123, 0x3123, 0x4164, 0x49C5, 0x5206,
  0x5A06, 0x59E6, 0x5A06, 0x6227, 0x6A47, 0x7288, 0x7AC8, 0x7AA8, 0x82E8, 0x8309, 0x8B29, 0x934A,
  0x934A, 0x936A, 0x9B8B, 0xA3AB, 0xA3AB, 0xA3AB, 0xA3AB, 0xA3CC, 0xABEC, 0xAC0C, 0xAC0D, 0xAC0D,
  0xAC2D, 0xAC2D, 0xAC2D, 0xAC2E, 0xAC4E, 0xAC4E, 0xAC4E, 0xAC4E, 0xAC2E, 0xAC2E, 0xAC2E, 0xAC2D,
  0xAC2D, 0xAC0D, 0xA3ED, 0xA3EC, 0xA3AB, 0xA38B, 0x9B8A, 0x9B6A, 0x9B6A, 0x934A, 0x9329, 0x8B09,
  0x8B29, 0x8B29, 0x8B29, 0x8B29, 0x932A, 0x934A, 0x9B8B, 0x9BAB, 0xA3AB, 0xA3EC, 0xA3EC, 0xAC0D,
  0xB46E, 0xB48E, 0xBCAF, 0xBCD0, 0xC4F0, 0xC511, 0xC511, 0xCD32, 0xCD32, 0xCD32, 0xCD32, 0xCD31,
  0xCD11, 0xC511, 0xC510, 0xC4F0, 0xC4D0, 0xBCAF, 0xB46E, 0xB44E, 0xAC0D, 0xABCC, 0xA38B, 0xA38A,
  0x9B6A, 0xA3AB, 0xABCC, 0xA3AB, 0x9B4A, 0x9B6A, 0x9B6A, 0x9B6A, 0x9B6A, 0x9B4A, 0x9329, 0x9329,
  0x9329, 0x9329, 0x9329, 0x9329, 0x9329, 0x9329, 0x9B29, 0x9B4A, 0x9B6A, 0xA36A, 0xA38B, 0xABCC,
  0xABCC, 0xABCC, 0xABCB, 0xABCC, 0xABCC, 0xABEC, 0xB40D, 0xB42D, 0xB44D, 0xBC4E, 0xBC4E, 0xBC4E,
  0xBC6E, 0xBC8F, 0xBC8F, 0xBC8F, 0xBC8F, 0xBC8F, 0xBCAF, 0xBCAF, 0xC4AF, 0xC4AF, 0xC4D0, 0xC4D0,
  0xC4D0, 0xC4D0, 0xC4D0, 0xC4D0, 0xC4CF, 0xC4CF, 0xC4AF, 0xBCAF, 0xBCAF, 0xBC8F, 0xBC8F, 0xBC8F,
  0xBC8E, 0xBC8E, 0xB46E, 0xB46E, 0xBC6E, 0xB44E, 0xB44D, 0xB44D, 0xB42D, 0xB42D, 0xB40D, 0xAC0C,
  0xABEC, 0xABCC, 0xABCB, 0xABCB, 0xABAB, 0xA38B, 0x9B4A, 0x934A, 0x932A, 0x82C8, 0x6A26, 0x5163,
  0x4964, 0x4985, 0x4985, 0x4165, 0x4165, 0x4144, 0x4164, 0x51A5, 0x4964, 0x59E6, 0x7AA8, 0x7267,
  0x7AA8, 0x7AA8, 0x932A, 0x8B0A, 0x9B6B, 0xAC0E, 0xA3CD, 0x932A, 0x82A8, 0x7A26, 0x8247, 0x8A87,
  0x8A88, 0x8AA8, 0x8AA8, 0x92A8, 0x92E9, 0x9B0A, 0xA36B, 0xB3CC, 0xBC4F, 0xCCB0, 0xC44D, 0xB3EC,
  0xB3CC, 0xBBED, 0xC42E, 0xBBED, 0xA32A, 0xA32A, 0xB3AC, 0xB3CC, 0xABEC, 0x93AB, 0x7B0A, 0x7B4C,
  0x20C1, 0x1860, 0x2902, 0x4A07, 0x1081, 0x0860, 0x0861, 0x0840, 0x0840, 0x0840, 0x0840, 0x0840,
  0x0020, 0x0020, 0x0040, 0x0040, 0x1060, 0x18A2, 0x28E3, 0x3103, 0x3943, 0x4184, 0x49C5, 0x51E6,
  0x59E6, 0x51E6, 0x6227, 0x6A67, 0x6A68, 0x72A8, 0x7AC8, 0x7AA8, 0x82C8, 0x82E9, 0x8B09, 0x8B29,
  0x9329, 0x934A, 0x9B6A, 0x9B8A, 0x9B8B, 0xA3AB, 0xA3AB, 0xA3CC, 0xABEC, 0xABEC, 0xABEC, 0xAC0C,
  0xAC2D, 0xAC2D, 0xAC2D, 0xAC2E, 0xB44E, 0xB44E, 0xB44E, 0xB44E, 0xB44E, 0xB44E, 0xB44E, 0xAC2D,
  0xAC2D, 0xABEC, 0xA3CC, 0xA3CC, 0xA3AB, 0xA3AB, 0x9B8B, 0x9B6A, 0x9B6A, 0x934A, 0x9329, 0x8B09,
  0x8B09, 0x8B29, 0x8B29, 0x8B29, 0x932A, 0x934A, 0x9B8B, 0x9B8B, 0xA3AB, 0xA3CC, 0xA3CC, 0xA3EC,
  0xAC4D, 0xB48E, 0xBC8F, 0xBCD0, 0xC4F0, 0xC4F0, 0xC511, 0xCD32, 0xCD52, 0xCD52, 0xCD52, 0xCD32,
  0xCD11, 0xC511, 0xC510, 0xC4F0, 0xC4D0, 0xBCAF, 0xBC8E, 0xB46E, 0xB44D, 0xAC0D, 0xA3CB, 0xA3AB,
  0xA3AB, 0xA38A, 0xA38B, 0xABAB, 0xABAB, 0xA3AB, 0xA38A, 0x9B49, 0x9349, 0x9349, 0x9329, 0x9329,
  0x8AE8, 0x92E8, 0x9308, 0x9308, 0x9308, 0x9308, 0x9B09, 0x9B29, 0x9B29, 0x9B29, 0x9B4A, 0xA36A,
  0xA38A, 0xA38B, 0xA38B, 0xA3AB, 0xABCC, 0xABEC, 0xABEC, 0xB40D, 0xB42D, 0xB44D, 0xBC4E, 0xBC6E,
  0xBC8F, 0xBC8F, 0xBC8F, 0xBC8F, 0xBCAF, 0xBCAF, 0xBCAF, 0xC4AF, 0xC4AF, 0xC4D0, 0xC4D0, 0xC4D0,
  0xC4D0, 0xC4D0, 0xC4D0, 0xC4D0, 0xC4D0, 0xC4D0, 0xC4CF, 0xC4CF, 0xBCAF, 0xBCAF, 0xBCAF, 0xBCAF,
  0xBC8F, 0xBC8E, 0xBC6E, 0xB46E, 0xBC6E, 0xB44E, 0xB44D, 0xB44D, 0xB42D, 0xB42D, 0xB40D, 0xAC0C,
  0xABEC, 0xABCC, 0xABCB, 0xABCB, 0xABAB, 0xA3AB, 0x9B6A, 0x9B6A, 0x9B4A, 0x8AE9, 0x7A67, 0x5984,
  0x4964, 0x4984, 0x4984, 0x4164, 0x4164, 0x3924, 0x4144, 0x51C5, 0x59C5, 0x5164, 0x7288, 0x7AA8,
  0x82C9, 0x82E9, 0x82E9, 0x8AE9, 0x932A, 0xAC0E, 0xB42E, 0xABCD, 0x9B2A, 0x8A88, 0x8267, 0x8267,
  0x8A87, 0x8A88, 0x8A88, 0x8A88, 0x92C8, 0x92E9, 0xA34A, 0xABAC, 0xBC4E, 0xCCAF, 0xC44E, 0xBBEC,
  0xB3CC, 0xBBCD, 0xC42E, 0xB3ED, 0xA32A, 0xAB6B, 0xB3CC, 0xB3ED, 0xA3EC, 0x8B6B, 0x6ACA, 0x734C,
  0x1880, 0x20C1, 0x41C5, 0x2923, 0x1060, 0x1061, 0x0860, 0x0860, 0x0840, 0x0040, 0x0840, 0x0840,
  0x0020, 0x0020, 0x0040, 0x0020, 0x1040, 0x18A2, 0x28E3, 0x3103, 0x3123, 0x4164, 0x49A5, 0x51C5,
  0x59E6, 0x5A06, 0x6247, 0x6A68, 0x7288, 0x7288, 0x7AA8, 0x7AC8, 0x82E9, 0x82E9, 0x8B09, 0x8B29,
  0x934A, 0x934A, 0x9B6A, 0x9B6A, 0x9B8B, 0xA3AB, 0xA3AB, 0xA3CC, 0xA3EC, 0xA3EC, 0xABEC, 0xAC0D,
  0xAC0D, 0xAC0D, 0xAC0D, 0xAC2D, 0xB42D, 0xB44D, 0xB44E, 0xB44E, 0xB44E, 0xB44E, 0xB42D, 0xB42D,
  0xAC0D, 0xABEC, 0xA3CC, 0xA3AB, 0xA3AC, 0xA3AB, 0x9B8B, 0x9B6B, 0x9B6A, 0x934A, 0x9329, 0x8B09,
  0x8B09, 0x8B09, 0x8B09, 0x8B09, 0x8B29, 0x934A, 0x936A, 0x9B8B, 0x9BAB, 0xA3CB, 0xA3CC, 0xABEC,
  0xAC2D, 0xB46E, 0xBC8F, 0xBCD0, 0xC4F0, 0xC4F0, 0xC511, 0xCD32, 0xCD52, 0xCD52, 0xCD52, 0xCD52,
  0xCD31, 0xCD11, 0xCD11, 0xC4F1, 0xC4F0, 0xBCAF, 0xBC8F, 0xBC8F, 0xB44E, 0xB44D, 0xB40D, 0xABEC,
  0xA3CC, 0xA38B, 0x9B6A, 0x9B6A, 0x9329, 0x9309, 0x9308, 0x92E8, 0x8AE8, 0x8AE8, 0x8AE8, 0x8AC7,
  0x8AE8, 0x8AC8, 0x8AC7, 0x8AC8, 0x8AC7, 0x8AA7, 0x8AC7, 0x92C7, 0x92E8, 0x92E8, 0x92E8, 0x9329,
  0x9B49, 0x9B6A, 0xA38A, 0xABAB, 0xA3CB, 0xABCB, 0xABEC, 0xAC0C, 0xB42D, 0xB44D, 0xBC6E, 0xBC6E,
  0xBC8F, 0xBC8F, 0xBCAF, 0xBCAF, 0xBCAF, 0xC4AF, 0xC4AF, 0xC4AF, 0xC4AF, 0xC4D0, 0xC4D0, 0xC4D0,
  0xC4D0, 0xC4D0, 0xC4D0, 0xC4D0, 0xC4F0, 0xC4F0, 0xC4D0, 0xC4D0, 0xC4AF, 0xC4AF, 0xBCAF, 0xBCAF,
  0xBC8F, 0xBC8E, 0xBC6E, 0xBC6E, 0xBC6E, 0xB44E, 0xB44D, 0xB44D, 0xB42D, 0xB42D, 0xB42D, 0xAC0C,
  0xABEC, 0xABCC, 0xABCB, 0xABCB, 0xABAB, 0xA38A, 0xA36A, 0x9B6A, 0x9B4A, 0x8B09, 0x7A88, 0x69E5,
  0x4964, 0x4984, 0x4964, 0x4985, 0x4985, 0x4144, 0x4144, 0x4985, 0x6206, 0x59A5, 0x6A26, 0x7AA8,
  0x82C8, 0x932A, 0x82C8, 0x8AE9, 0x8B2A, 0x9BAC, 0xB42E, 0xB42E, 0xA3AC, 0x9B0A, 0x8AA8, 0x8267,
  0x8A67, 0x8A87, 0x8A87, 0x8A87, 0x8AA8, 0x92C9, 0xA32A, 0xAB8C, 0xBC4E, 0xC48F, 0xC46E, 0xBC0C,
  0xABAB, 0xB3AC, 0xBC2E, 0xB3ED, 0xAB6A, 0xB3CC, 0xBC2E, 0xB40D, 0x9BAC, 0x7B2A, 0x62C9, 0x6B2C,
  0x2080, 0x28C0, 0x7B8C, 0x2923, 0x1081, 0x0860, 0x0840, 0x0860, 0x0840, 0x0020, 0x0840, 0x0840,
  0x0020, 0x0040, 0x0040, 0x0020, 0x1040, 0x18A2, 0x2903, 0x3123, 0x3103, 0x3943, 0x49A4, 0x51C5,
  0x5A06, 0x6227, 0x6247, 0x6A47, 0x6A67, 0x7267, 0x7267, 0x7AA8, 0x82C8, 0x82E9, 0x8B09, 0x8B29,
  0x9329, 0x934A, 0x9B6A, 0x9B6A, 0x9B8B, 0xA3AB, 0xA3CC, 0xA3CC, 0xA3CC, 0xA3EC, 0xA3EC, 0xAC0D,
  0xAC2D, 0xAC0D, 0xAC0D, 0xAC0D, 0xAC0D, 0xAC2D, 0xAC2D, 0xAC2D, 0xAC2D, 0xAC2D, 0xAC2D, 0xAC0D,
  0xAC0C, 0xABCC, 0xA3CC, 0xA3AB, 0xA3AB, 0xA3AB, 0x9B8B, 0x9B8B, 0x9B6A, 0x934A, 0x9329, 0x9309,
  0x8B09, 0x8B09, 0x8B09, 0x8B09, 0x8B29, 0x8B2A, 0x934A, 0x936A, 0x9B8A, 0xA3AB, 0xA3EC, 0xAC0C,
  0xAC2D, 0xB46E, 0xB48F, 0xBCD0, 0xC4F0, 0xC4F0, 0xC511, 0xCD52, 0xCD52, 0xCD52, 0xCD52, 0xCD52,
  0xCD31, 0xCD11, 0xCD11, 0xCD11, 0xC4F0, 0xC4D0, 0xBCAF, 0xBCAF, 0xBC6E, 0xBC6E, 0xB44E, 0xABEC,
  0xA3CC, 0xABCC, 0xA3AC, 0xA38B, 0xA38A, 0x9B4A, 0x9308, 0x8AC8, 0x82C7, 0x8AC7, 0x8AC8, 0x8AC8,
  0x8AC7, 0x8AC7, 0x8AA7, 0x8AC7, 0x8AC7, 0x8AC7, 0x8AC7, 0x92C8, 0x92E8, 0x92E8, 0x92E8, 0x9329,
  0x9B29, 0x9B49, 0x9B4A, 0xA36A, 0xA38B, 0xA3AB, 0xABCC, 0xAC0D, 0xB42D, 0xB44E, 0xBC6E, 0xBC8E,
  0xC4AF, 0xC4AF, 0xC4D0, 0xC4D0, 0xC4D0, 0xC4D0, 0xC4D0, 0xC4D0, 0xC4D0, 0xC4F0, 0xC4F0, 0xC4F0,
  0xC4F0, 0xC4D0, 0xC4D0, 0xC4F0, 0xC4F0, 0xC4F0, 0xC4D0, 0xC4D0, 0xC4AF, 0xC4AF, 0xC4AF, 0xC4AF,
  0xBCAF, 0xBC8F, 0xBC6E, 0xBC6E, 0xBC6E, 0xBC6E, 0xB44D, 0xB44D, 0xB44D, 0xB42D, 0xB42D, 0xAC0C,
  0xABEC, 0xABCC, 0xABCB, 0xABCB, 0xABCB, 0xA36A, 0xA36A, 0x9B4A, 0x932A, 0x932A, 0x8288, 0x7226,
  0x4984, 0x4984, 0x4984, 0x4985, 0x4985, 0x4985, 0x4964, 0x4143, 0x59E6, 0x6206, 0x61E5, 0x7267,
  0x82C8, 0x8B09, 0x932A, 0x8AE9, 0x934B, 0x932A, 0xABED, 0xB42E, 0xABCD, 0xA36B, 0x92C9, 0x8A67,
  0x8A67, 0x8A87, 0x8A87, 0x8A87, 0x8A88, 0x92C8, 0xA32A, 0xAB8C, 0xBC4E, 0xC48F, 0xC46E, 0xBC0D,
  0xAB8B, 0xB3AB, 0xBC0D, 0xB3CC, 0xAB8B, 0xBC0D, 0xC46F, 0xB40D, 0x936B, 0x72E9, 0x62CA, 0x6B2C,
  0x1860, 0x41A3, 0x8BED, 0x2923, 0x1040, 0x1061, 0x0840, 0x0840, 0x0020, 0x0040, 0x0840, 0x0840,
  0x0040, 0x0020, 0x0040, 0x0040, 0x1041, 0x20A2, 0x2903, 0x3123, 0x3923, 0x4164, 0x49A5, 0x51E5,
  0x59E6, 0x5A06, 0x6226, 0x6227, 0x6A47, 0x7267, 0x7A88, 0x82C9, 0x82E8, 0x82E9, 0x8AE9, 0x8B09,
  0x8B29, 0x934A, 0x9B8B, 0x9B8B, 0xA3AB, 0x9BAB, 0xA3CC, 0xA3CC, 0xA3CC, 0xA3CC, 0x9BAC, 0x9BCC,
  0x934A, 0x936B, 0x8B4A, 0x8B4A, 0x8B4A, 0x8309, 0x8B0A, 0x8B2A, 0x8B4A, 0x936B, 0x9BCC, 0xA3ED,
  0xA3EC, 0xA3CC, 0xA3CC, 0xA3AB, 0x9BAC, 0x9BAB, 0x9BAB, 0x9BAB, 0x9B8B, 0x9B6A, 0x934A, 0x9329,
  0x8B09, 0x8AE8, 0x82E8, 0x8B09, 0x8B29, 0x8B2A, 0x934A, 0x936A, 0x9B8B, 0xA3AB, 0xA3EC, 0xAC0C,
  0xAC2D, 0xB44E, 0xB48E, 0xBCAF, 0xC4F0, 0xC4F0, 0xC511, 0xCD32, 0xCD52, 0xCD52, 0xCD32, 0xCD31,
  0xCD31, 0xCD11, 0xCD11, 0xCD11, 0xCCF1, 0xC4D0, 0xC4AF, 0xC4AF, 0xC48F, 0xBC8F, 0xBC4E, 0xB42D,
  0xAC0D, 0xABEC, 0xABEC, 0xABCC, 0xA3AB, 0xA38B, 0x9B6A, 0x934A, 0x9329, 0x8B09, 0x8AE8, 0x8AC8,
  0x8AE8, 0x8AE8, 0x8AE8, 0x92E8, 0x92E8, 0x92E8, 0x92E8, 0x9309, 0x9309, 0x9309, 0x9309, 0x9B29,
  0x9B4A, 0x9B6A, 0x9B8A, 0xA38B, 0xA3CC, 0xABCC, 0xAC0C, 0xB42D, 0xB44E, 0xBC6E, 0xBC8E, 0xBC8F,
  0xC4AF, 0xC4D0, 0xC4D0, 0xC4D0, 0xC4D0, 0xC4D0, 0xC4F0, 0xC4F0, 0xC4F0, 0xC4F0, 0xC4F0, 0xC4F0,
  0xCCF0, 0xCCF0, 0xC4F0, 0xC4F0, 0xC4F0, 0xC4F0, 0xC4D0, 0xC4D0, 0xC4D0, 0xC4D0, 0xC4D0, 0xC4D0,
  0xBCAF, 0xBCAF, 0xBC8F, 0xBC6E, 0xBC6E, 0xBC6E, 0xBC6D, 0xB44D, 0xBC2D, 0xBC2D, 0xB42D, 0xB40C,
  0xAC0C, 0xABEC, 0xABEC, 0xABEC, 0xABCB, 0xA38B, 0xA36A, 0x9B4A, 0x932A, 0x9309, 0x82A8, 0x7A47,
  0x51C5, 0x5184, 0x4984, 0x4964, 0x4964, 0x4985, 0x4964, 0x4123, 0x59C5, 0x6A47, 0x6A06, 0x6A26,
  0x82E9, 0x82A8, 0x9B6B, 0x9B4A, 0x9B6B, 0x934B, 0x9B8C, 0xABED, 0xABED, 0xA38C, 0x9B0A, 0x8AA8,
  0x8267, 0x8267, 0x9288, 0x9288, 0x8A88, 0x92A8, 0x9B0A, 0xAB8C, 0xB42E, 0xC48F, 0xC48F, 0xBC0D,
  0xB3AB, 0xB3CC, 0xBBED, 0xB3AC, 0xB3CC, 0xBC0D, 0xC46E, 0xB40D, 0x8B2A, 0x6AC9, 0x62CA, 0x62EB,
  0x20A0, 0x5A46, 0x8C0D, 0x20E1, 0x1060, 0x1061, 0x0840, 0x0020, 0x0020, 0x0040, 0x0840, 0x0840,
  0x0040, 0x0020, 0x0040, 0x0040, 0x1040, 0x18A2, 0x2903, 0x3123, 0x3923, 0x4164, 0x49A5, 0x51E5,
  0x59E6, 0x6227, 0x6247, 0x6A47, 0x6A67, 0x7288, 0x7AA8, 0x82C9, 0x8309, 0x82E9, 0x82E9, 0x8B09,
  0x8B2A, 0x934A, 0x934A, 0x9B6A, 0x9B8B, 0x9BAB, 0x9BCC, 0x9B8B, 0x8B2A, 0x82E9, 0x7AC8, 0x7AE9,
  0x8B4A, 0x832A, 0x832A, 0x832A, 0x830A, 0x7AEA, 0x72C9, 0x7AC9, 0x72A9, 0x6A47, 0x6A47, 0x7AC9,
  0x8B4A, 0x936B, 0x936B, 0x9BAC, 0x938B, 0x9BAB, 0xA3CC, 0xA3AC, 0x9B8B, 0x9B8B, 0x936A, 0x9329,
  0x8B09, 0x8AE8, 0x82E8, 0x8B09, 0x8B29, 0x8B29, 0x934A, 0x936A, 0x9B8B, 0xA3AB, 0xA3EC, 0xAC0D,
  0xAC2D, 0xB44E, 0xB48F, 0xBCAF, 0xBCD0, 0xC4F0, 0xC511, 0xCD31, 0xCD32, 0xCD32, 0xCD31, 0xCD31,
  0xCD31, 0xCD11, 0xCD11, 0xCD11, 0xC4F0, 0xC4D0, 0xC4D0, 0xC4AF, 0xC4AF, 0xBC8F, 0xBC6E, 0xB44E,
  0xB42D, 0xAC0D, 0xABEC, 0xABEC, 0xA3CC, 0xA3CC, 0xA3CC, 0xA3AB, 0x9B8B, 0x9B6A, 0x934A, 0x9329,
  0x9329, 0x9329, 0x9329, 0x932A, 0x932A, 0x9B4A, 0x9B4A, 0x9B4A, 0xA36A, 0xA36A, 0xA38B, 0xA3AB,
  0xA3CB, 0xABCC, 0xABCC, 0xABEC, 0xB40D, 0xB42D, 0xB42D, 0xB44E, 0xB46E, 0xBC8F, 0xBCAF, 0xC4AF,
  0xC4D0, 0xC4D0, 0xC4D0, 0xC4D0, 0xC4D0, 0xC4D0, 0xC4F0, 0xC4F0, 0xC4F0, 0xC4F0, 0xC4F0, 0xCCF0,
  0xCCF0, 0xCCF0, 0xCCF0, 0xCCF0, 0xCD10, 0xCCF0, 0xC4F0, 0xC4D0, 0xC4D0, 0xC4D0, 0xC4D0, 0xC4D0,
  0xC4AF, 0xC4AF, 0xBC8F, 0xBC8E, 0xBC6E, 0xBC6E, 0xBC6D, 0xB44D, 0xBC4D, 0xBC2D, 0xB42D, 0xB40C,
  0xAC0C, 0xABEC, 0xABEC, 0xABEC, 0xABCC, 0xA3AB, 0xA38A, 0x9B6A, 0x9B4A, 0x9329, 0x8AC8, 0x7A67,
  0x6206, 0x5184, 0x4964, 0x4984, 0x4944, 0x4964, 0x4964, 0x4123, 0x5184, 0x7AA9, 0x7267, 0x6205,
  0x7267, 0x82A8, 0x9B6B, 0xA3CC, 0x9B6B, 0x932A, 0x9B8C, 0xABED, 0xABED, 0xA3AC, 0x9B4A, 0x92C9,
  0x8A88, 0x8267, 0x8A87, 0x8A88, 0x8A88, 0x92A8, 0x9B0A, 0xAB8C, 0xBC4E, 0xCCB0, 0xCC8F, 0xBC2D,
  0xB3CB, 0xB3CC, 0xBBED, 0xB3AC, 0xB3ED, 0xBC2E, 0xC46E, 0xABED, 0x830A, 0x6AA9, 0x5AAA, 0x5ACB,
  0x20A0, 0x5225, 0x734A, 0x20A1, 0x1060, 0x0840, 0x0861, 0x0841, 0x0020, 0x0040, 0x0840, 0x0840,
  0x0040, 0x0040, 0x0040, 0x0841, 0x1040, 0x18A2, 0x2903, 0x3123, 0x3923, 0x4164, 0x49A4, 0x51E5,
  0x5A06, 0x6227, 0x6247, 0x6A47, 0x6A67, 0x7288, 0x7AA8, 0x82C9, 0x82E9, 0x82E9, 0x8309, 0x8B09,
  0x8B29, 0x934A, 0x936A, 0x9B8B, 0x9BAB, 0x8B2A, 0x7AA8, 0x72A8, 0x7AA8, 0x830A, 0x832A, 0x832A,
  0x72EA, 0x6A88, 0x6268, 0x5A07, 0x51C6, 0x51E6, 0x51E6, 0x5207, 0x51E7, 0x51C6, 0x51E6, 0x4985,
  0x4143, 0x5A06, 0x7AEA, 0x834B, 0x9BAB, 0x9BAC, 0x9BCC, 0xA3CC, 0xA3CC, 0xA3AC, 0x9B8B, 0x936A,
  0x8B09, 0x8AE8, 0x8AE8, 0x8AE8, 0x8B09, 0x8B29, 0x9349, 0x936A, 0x9B8B, 0xA3AB, 0xA3CC, 0xAC0D,
  0xAC2D, 0xB44E, 0xB48E, 0xBCAF, 0xBCAF, 0xBCD0, 0xC4F0, 0xCD11, 0xCD11, 0xCD11, 0xCD11, 0xCD31,
  0xCD31, 0xCD11, 0xCCF0, 0xC4F0, 0xC4F0, 0xC4F0, 0xC4D0, 0xBCAF, 0xBCAF, 0xBC8F, 0xBC8F, 0xBC6E,
  0xB44E, 0xB42D, 0xAC0D, 0xAC0D, 0xAC0D, 0xABED, 0xA3EC, 0xA3CC, 0xA3CC, 0xA3AC, 0x9BAB, 0x9B8B,
  0x9B8B, 0x9B8B, 0x9B8B, 0x9B8B, 0xA38B, 0xA38B, 0xA3AC, 0xA3AC, 0xABCC, 0xABEC, 0xB40D, 0xB42D,
  0xB42D, 0xB42E, 0xB44E, 0xB44E, 0xBC6E, 0xBC6E, 0xBC6E, 0xBC6F, 0xBC8F, 0xBCAF, 0xC4D0, 0xC4F0,
  0xC4D0, 0xC4D0, 0xC4F0, 0xC4F0, 0xC4F0, 0xC4F0, 0xC4F0, 0xC4F0, 0xCCF0, 0xCCF0, 0xCCF0, 0xCCF0,
  0xCCF0, 0xCCF0, 0xCCF0, 0xCCF0, 0xCCF0, 0xC4F0, 0xC4F0, 0xC4D0, 0xC4D0, 0xC4D0, 0xC4D0, 0xC4D0,
  0xC4AF, 0xC4AF, 0xC4AF, 0xBC8E, 0xBC6E, 0xBC6E, 0xBC4E, 0xBC4D, 0xBC4D, 0xBC4D, 0xB42D, 0xB40C,
  0xAC0C, 0xABEC, 0xABEB, 0xABCB, 0xABCC, 0xA3AB, 0xA38A, 0x9B6A, 0x9B4A, 0x932A, 0x8AE9, 0x82A8,
  0x6A46, 0x51A4, 0x5184, 0x5185, 0x4964, 0x4944, 0x4964, 0x4123, 0x4943, 0x6A67, 0x7AA8, 0x6A26,
  0x6A05, 0x7A88, 0x932A, 0xAC0D, 0xA3CC, 0x936B, 0x9B6B, 0xA3CC, 0xABCC, 0xABCC, 0xA38B, 0x9B2A,
  0x92C8, 0x8A67, 0x8A67, 0x8A87, 0x8AA8, 0x92C9, 0x9B0A, 0xAB8C, 0xBC6F, 0xCCD0, 0xC48F, 0xBC2D,
  0xB3CC, 0xB3EC, 0xBBED, 0xB3CC, 0xB3ED, 0xBC4E, 0xBC4E, 0xA3AC, 0x7AE9, 0x6289, 0x5AAA, 0x5ACB,
  0x28E0, 0x6B08, 0x6287, 0x1860, 0x1060, 0x1041, 0x0820, 0x0820, 0x0020, 0x0840, 0x0840, 0x0840,
  0x0040, 0x0040, 0x0040, 0x0841, 0x1040, 0x1881, 0x2903, 0x3123, 0x3923, 0x4164, 0x49A4, 0x51C5,
  0x5A06, 0x6227, 0x6227, 0x6226, 0x6A47, 0x7288, 0x7AA8, 0x82C9, 0x82C8, 0x82E9, 0x82E9, 0x82E9,
  0x8B09, 0x934A, 0x8B2A, 0x8B09, 0x7267, 0x7287, 0x72A8, 0x7AE9, 0x72C9, 0x6A68, 0x5A27, 0x4984,
  0x3924, 0x3103, 0x30E3, 0x20A2, 0x1840, 0x1020, 0x1020, 0x1020, 0x1861, 0x1840, 0x2081, 0x28A2,
  0x28C2, 0x30C2, 0x30E2, 0x51E6, 0x82E9, 0x8B4A, 0x9BCC, 0xA40D, 0xA40D, 0xA3ED, 0xA3CC, 0x9B8B,
  0x9329, 0x8AE8, 0x8AE8, 0x8AE8, 0x8B09, 0x8B09, 0x8B29, 0x934A, 0x9B6A, 0x9B8B, 0xA3CC, 0xABEC,
  0xAC0D, 0xB44D, 0xB46E, 0xB48F, 0xBCAF, 0xBCD0, 0xC4F0, 0xC511, 0xC511, 0xC511, 0xCD11, 0xCD32,
  0xCD11, 0xCD11, 0xCCF0, 0xC4F0, 0xC4F0, 0xCCF0, 0xC4D0, 0xBCAF, 0xBC8F, 0xBC8F, 0xBC8F, 0xBC6E,
  0xBC6E, 0xB44E, 0xB44D, 0xB42D, 0xAC2D, 0xAC2D, 0xAC0D, 0xA3EC, 0xA3EC, 0xA3CC, 0xA3CC, 0xA3CC,
  0xA3CC, 0xA3CC, 0xA3CC, 0xA3CC, 0xABCC, 0xABED, 0xABED, 0xAC0D, 0xAC0D, 0xB42D, 0xB44D, 0xB44E,
  0xB44E, 0xBC4E, 0xBC6E, 0xBC6E, 0xBC6E, 0xBC8F, 0xBC8F, 0xBCAF, 0xBCB0, 0xC4D0, 0xC4D0, 0xC4D0,
  0xC4F0, 0xC4F0, 0xC4F0, 0xC4F0, 0xC4F0, 0xC4F0, 0xC4F0, 0xC4F0, 0xCCF0, 0xCCF0, 0xCCF0, 0xCCF0,
  0xCCF0, 0xCCF0, 0xCCF0, 0xCCF0, 0xC4F0, 0xC4F0, 0xC4F0, 0xC4D0, 0xC4D0, 0xC4D0, 0xC4D0, 0xC4D0,
  0xC4AF, 0xC4AF, 0xC4AF, 0xBC6E, 0xBC6E, 0xBC6E, 0xBC4E, 0xBC4D, 0xBC4D, 0xBC4D, 0xB42D, 0xB42D,
  0xAC0C, 0xABEC, 0xABEB, 0xABCB, 0xABCB, 0xA3AB, 0xA38A, 0xA36A, 0x9B4A, 0x932A, 0x8B09, 0x82A8,
  0x6A47, 0x59C5, 0x5184, 0x51A5, 0x5185, 0x4964, 0x4964, 0x4143, 0x4123, 0x51A4, 0x7AC9, 0x7A88,
  0x6205, 0x7267, 0x8B09, 0x9B8B, 0xAC2E, 0xA3CC, 0x9B6B, 0x9B6B, 0xA3AC, 0xABCD, 0xABAC, 0xA34B,
  0x9AE9, 0x8A87, 0x8A67, 0x8A87, 0x8AA8, 0x92C9, 0x9B0A, 0xAB8C, 0xBC4E, 0xC4B0, 0xC48F, 0xBC0D,
  0xB3EC, 0xB3EC, 0xBBED, 0xB3CD, 0xB3ED, 0xBC4E, 0xBC2D, 0x9B8B, 0x72C9, 0x6289, 0x5AAA, 0x52CB,
  0x5A44, 0x62A6, 0x3101, 0x1860, 0x1040, 0x0840, 0x0841, 0x0820, 0x0020, 0x0840, 0x0840, 0x0840,
  0x0820, 0x0020, 0x0020, 0x0841, 0x1020, 0x1881, 0x28E3, 0x3123, 0x3923, 0x4163, 0x49A4, 0x51C5,
  0x5A06, 0x6226, 0x6226, 0x6226, 0x6A47, 0x7267, 0x7A88, 0x7AA8, 0x7AC8, 0x7AC8, 0x82C9, 0x82E9,
  0x82E9, 0x82C8, 0x7AA7, 0x7267, 0x7AC8, 0x7AE9, 0x72C9, 0x6267, 0x4985, 0x3103, 0x28C2, 0x2081,
  0x1861, 0x1040, 0x0800, 0x1861, 0x20C3, 0x3145, 0x4A08, 0x5229, 0x5A8A, 0x5228, 0x3945, 0x1841,
  0x1840, 0x28C2, 0x28C2, 0x28C2, 0x4942, 0x6A26, 0x8B4B, 0xA40D, 0xAC2E, 0xAC2D, 0xABEC, 0x9B8B,
  0x9329, 0x8B08, 0x8AE8, 0x8AE8, 0x8B09, 0x8B09, 0x9329, 0x934A, 0x9B4A, 0x9B8B, 0xA3AB, 0xA3EC,
  0xAC0D, 0xB42D, 0xB46E, 0xB46E, 0xBCAF, 0xC4D0, 0xC4F0, 0xC4F0, 0xC4F0, 0xC4F0, 0xCD11, 0xCD11,
  0xCCF0, 0xCCF0, 0xC4F0, 0xC4D0, 0xC4F0, 0xCCF0, 0xC4D0, 0xC4AF, 0xBC8F, 0xBC8F, 0xBC8F, 0xBC8F,
  0xBC8E, 0xBC6E, 0xB46E, 0xB44E, 0xB44E, 0xB44E, 0xB42D, 0xAC0D, 0xAC0D, 0xAC0D, 0xAC0D, 0xAC0D,
  0xABED, 0xABED, 0xABED, 0xABED, 0xABED, 0xAC0D, 0xAC2D, 0xAC2D, 0xB42D, 0xB42D, 0xB44E, 0xB44E,
  0xB44E, 0xB46E, 0xBC6E, 0xBC8F, 0xBC6E, 0xBC8F, 0xBC8F, 0xC4B0, 0xC4D0, 0xC4D0, 0xC4D0, 0xC4D0,
  0xC4F0, 0xC4F0, 0xC4F0, 0xCCF0, 0xCCF0, 0xCCF0, 0xCCF0, 0xCCF0, 0xCCF0, 0xCD11, 0xCD11, 0xCD11,
  0xCD11, 0xCD11, 0xCCF0, 0xCCF0, 0xCCF0, 0xCCF0, 0xCCF0, 0xCCF0, 0xC4F0, 0xC4D0, 0xC4D0, 0xC4D0,
  0xC4AF, 0xC4AF, 0xBC8F, 0xBC6E, 0xBC6E, 0xBC6E, 0xBC6E, 0xBC4E, 0xBC4D, 0xBC4D, 0xB42D, 0xB42D,
  0xB40D, 0xABEC, 0xABEC, 0xABEB, 0xA3CB, 0xA3AA, 0xA38A, 0xA38A, 0x9B6A, 0x934A, 0x8B09, 0x82A7,
  0x7267, 0x61E5, 0x5184, 0x51A5, 0x51A5, 0x4984, 0x4144, 0x4964, 0x4943, 0x4943, 0x7267, 0x7AA8,
  0x7247, 0x6A05, 0x82E9, 0x932A, 0xAC0D, 0xAC2E, 0xA3CC, 0x9B6B, 0xA38B, 0xABCC, 0xABAC, 0xA36B,
  0x9B2A, 0x8AA8, 0x8A67, 0x8A67, 0x8AA8, 0x92C8, 0x9B2A, 0xABAC, 0xBC6E, 0xC4AF, 0xC46F, 0xBC0D,
  0xB3EC, 0xB3CC, 0xBBED, 0xB3ED, 0xBC0E, 0xBC4E, 0xB40D, 0x934A, 0x72A9, 0x6289, 0x52AA, 0x52EB,
  0x5224, 0x6285, 0x20C0, 0x1880, 0x1060, 0x1041, 0x0820, 0x0841, 0x0020, 0x0840, 0x0840, 0x0040,
  0x0020, 0x0020, 0x0020, 0x0841, 0x1020, 0x1881, 0x28E3, 0x3123, 0x3923, 0x4143, 0x49A4, 0x51C5,
  0x59E6, 0x5A06, 0x6226, 0x6226, 0x6A67, 0x7267, 0x7287, 0x7287, 0x7AA8, 0x7AA8, 0x7AA8, 0x7AA8,
  0x7287, 0x7246, 0x7267, 0x7AC8, 0x7AE9, 0x7288, 0x5A26, 0x4164, 0x3103, 0x28C2, 0x2061, 0x1841,
  0x1020, 0x20A2, 0x39A6, 0x6B0C, 0x5A8A, 0x39A6, 0x738E, 0xC5D8, 0xC5F8, 0xAD35, 0x8BEF, 0x4186,
  0x1000, 0x4185, 0x6ACA, 0x49C6, 0x38E1, 0x38E1, 0x6A26, 0x9BCC, 0xAC4E, 0xAC2E, 0xA3EC, 0x9B8B,
  0x9349, 0x8B09, 0x8AE8, 0x8AE8, 0x8B09, 0x8B09, 0x8B29, 0x9349, 0x9B4A, 0x9B6B, 0xA3AB, 0xA3CC,
  0xAC0D, 0xAC2D, 0xB44E, 0xB46E, 0xBC8F, 0xBCAF, 0xC4D0, 0xC4D0, 0xC4D0, 0xC4D0, 0xC4F0, 0xC4F0,
  0xC4F0, 0xC4F0, 0xC4F0, 0xC4D0, 0xC4F0, 0xC4F0, 0xC4D0, 0xC4AF, 0xBC8F, 0xBC8F, 0xBC8F, 0xBC8F,
  0xBC8F, 0xBC8E, 0xBC8E, 0xBC6E, 0xB46E, 0xB46E, 0xB46E, 0xB44E, 0xB44D, 0xAC2D, 0xAC0D, 0xAC0D,
  0xAC0D, 0xAC0D, 0xAC0D, 0xAC0D, 0xAC0D, 0xAC2D, 0xAC2D, 0xB42E, 0xB44E, 0xB44E, 0xB44E, 0xB44E,
  0xB44E, 0xB46E, 0xBC8F, 0xBC8F, 0xBC8F, 0xBC8F, 0xBCAF, 0xC4B0, 0xC4D0, 0xC4D0, 0xC4D0, 0xC4D0,
  0xC4F0, 0xC4F0, 0xC4F0, 0xCCF0, 0xCCF0, 0xCCF0, 0xCCF0, 0xCCF0, 0xCD11, 0xCD11, 0xCD11, 0xCD11,
  0xCD11, 0xCD11, 0xCD11, 0xCD11, 0xC4F0, 0xCCF0, 0xCCF0, 0xC4F0, 0xC4F0, 0xC4D0, 0xC4D0, 0xC4D0,
  0xC4AF, 0xC4AF, 0xC48F, 0xBC6E, 0xBC6E, 0xBC6E, 0xBC6E, 0xBC4E, 0xBC4D, 0xBC4D, 0xB42D, 0xB42D,
  0xB40D, 0xAC0C, 0xABEC, 0xABEC, 0xA3CB, 0xA3AB, 0xA3AB, 0xA3AB, 0x9B6A, 0x9B4A, 0x8B09, 0x82C8,
  0x7267, 0x6A26, 0x5184, 0x5184, 0x51A5, 0x4984, 0x4144, 0x4984, 0x4964, 0x4943, 0x59A5, 0x7AA8,
  0x8B09, 0x61E5, 0x82C8, 0x934A, 0xA3CC, 0xB44E, 0xB42E, 0x9B8B, 0x9B6B, 0xA38B, 0xA38B, 0xABAC,
  0xA34A, 0x92C8, 0x8A87, 0x8A67, 0x8A88, 0x92C8, 0x9B2A, 0xABAC, 0xBC8F, 0xC4B0, 0xC46F, 0xBC0D,
  0xB3EC, 0xB3EB, 0xBBED, 0xBBED, 0xC42E, 0xC44E, 0xABEC, 0x8B09, 0x6A89, 0x5A89, 0x52AA, 0x52CB,
  0x8BAA, 0x49E3, 0x1860, 0x1860, 0x1060, 0x1041, 0x0841, 0x0020, 0x0020, 0x0840, 0x0840, 0x0820,
  0x0020, 0x0020, 0x0820, 0x0821, 0x1020, 0x1861, 0x28C2, 0x3123, 0x3943, 0x4164, 0x49A4, 0x51C5,
  0x5A05, 0x5A26, 0x6226, 0x6226, 0x6A47, 0x6A47, 0x6A47, 0x7247, 0x7267, 0x7287, 0x7287, 0x7247,
  0x6A26, 0x6A46, 0x7287, 0x7AC8, 0x6A47, 0x51A5, 0x4143, 0x30C2, 0x3923, 0x3965, 0x28C3, 0x1882,
  0x20A2, 0x28C3, 0x28E3, 0x3145, 0x2904, 0x1061, 0x20C3, 0x3145, 0x3166, 0x28E4, 0x20C3, 0x20A2,
  0x1841, 0x49A6, 0x836D, 0x7B4C, 0x6226, 0x4102, 0x59A4, 0x938B, 0xAC2E, 0xAC0D, 0xA3EC, 0x9BAB,
  0x934A, 0x8B09, 0x8AE8, 0x8AE8, 0x8B09, 0x8B09, 0x9329, 0x9329, 0x934A, 0x9B6B, 0x9B8B, 0xA3CC,
  0xABEC, 0xAC0D, 0xB44E, 0xB46E, 0xBC8F, 0xBC8F, 0xBCAF, 0xC4AF, 0xC4D0, 0xC4D0, 0xC4D0, 0xC4D0,
  0xC4F0, 0xC4F0, 0xC4F0, 0xC4F0, 0xC4F0, 0xC4D0, 0xC4CF, 0xC4CF, 0xBCAF, 0xBCAF, 0xBC8F, 0xBC8F,
  0xBC8F, 0xBC8F, 0xBC8F, 0xBC8F, 0xBC6E, 0xBC6E, 0xBC6E, 0xBC6E, 0xB44E, 0xB44E, 0xB42D, 0xB42D,
  0xB42D, 0xB42D, 0xB40D, 0xB42D, 0xB42D, 0xB42D, 0xB44E, 0xB44E, 0xB46E, 0xB46E, 0xB46E, 0xB46E,
  0xB46E, 0xBC8E, 0xBC8F, 0xBCAF, 0xBCAF, 0xBCAF, 0xBCAF, 0xC4AF, 0xC4B0, 0xC4D0, 0xCCF0, 0xCCF0,
  0xC4F0, 0xC4F0, 0xC4F0, 0xCCF0, 0xCD11, 0xCD11, 0xCD11, 0xCD11, 0xCD11, 0xCD11, 0xCD11, 0xCD11,
  0xCD11, 0xCD11, 0xCD11, 0xCD11, 0xC4F0, 0xC4F0, 0xC4F0, 0xC4F0, 0xC4F0, 0xC4D0, 0xC4AF, 0xC4AF,
  0xC4AF, 0xC4AF, 0xC48F, 0xBC6E, 0xBC6E, 0xBC6E, 0xBC6E, 0xBC4E, 0xBC4D, 0xBC4D, 0xB42D, 0xB42D,
  0xB42D, 0xAC0C, 0xABEC, 0xABEC, 0xA3CB, 0xA3AB, 0xA3AB, 0xA38A, 0x9B6A, 0x9B4A, 0x9329, 0x8AC8,
  0x7A88, 0x6A46, 0x59C5, 0x5184, 0x51A5, 0x4984, 0x4964, 0x4964, 0x4964, 0x4123, 0x4963, 0x6A47,
  0x8B2A, 0x7287, 0x7287, 0x934A, 0x9BAB, 0xAC2E, 0xB44E, 0xA3CC, 0x934A, 0x9B2A, 0xA38B, 0xABAC,
  0xA34A, 0x92E9, 0x8A88, 0x8A67, 0x8A87, 0x92C8, 0x9B4A, 0xB3CC, 0xC48F, 0xC4B0, 0xBC4F, 0xBBED,
  0xB3EC, 0xB3EB, 0xB3ED, 0xBC0E, 0xC44F, 0xBC2E, 0xA3AB, 0x82C8, 0x6A68, 0x5A69, 0x52AA, 0x52EB,
  0x7B28, 0x3940, 0x20A0, 0x1860, 0x1060, 0x0841, 0x0820, 0x0841, 0x0020, 0x0840, 0x0840, 0x0820,
  0x0020, 0x0020, 0x0820, 0x0821, 0x1000, 0x1861, 0x28C2, 0x3923, 0x3943, 0x4164, 0x49A4, 0x51C5,
  0x5A06, 0x5A26, 0x5A06, 0x6206, 0x6226, 0x6A26, 0x6A46, 0x6A46, 0x7267, 0x7267, 0x6A26, 0x61E5,
  0x6A46, 0x7AA8, 0x7267, 0x59C5, 0x4123, 0x30C1, 0x3902, 0x4185, 0x6AEB, 0x734C, 0x3986, 0x1882,
  0x20A2, 0x20A2, 0x1861, 0x1862, 0x18A2, 0x1062, 0x1041, 0x1041, 0x1041, 0x1042, 0x20A2, 0x20A2,
  0x1861, 0x5A49, 0x9C70, 0x838D, 0x8B6B, 0x6226, 0x6A67, 0x9B8C, 0xA3ED, 0xA3ED, 0xAC0C, 0x9B8B,
  0x934A, 0x9329, 0x8AE8, 0x8B08, 0x8B09, 0x8B09, 0x9329, 0x9329, 0x934A, 0x9B4A, 0x9B8B, 0xA3AC,
  0xA3CC, 0xAC0D, 0xAC2D, 0xB44E, 0xBC8F, 0xBC8F, 0xBC8F, 0xC4AF, 0xC4D0, 0xC4D0, 0xC4D0, 0xC4F0,
  0xC4F0, 0xC4F0, 0xC4F0, 0xC4F0, 0xC4D0, 0xC4AF, 0xC4AF, 0xC4CF, 0xC4AF, 0xBCAF, 0xBC8F, 0xBC8F,
  0xBC8F, 0xBC8F, 0xBC8F, 0xBC8F, 0xBC8F, 0xBC8E, 0xBC8E, 0xBC6E, 0xBC6E, 0xBC6E, 0xBC6E, 0xBC6E,
  0xB44E, 0xB44E, 0xB42E, 0xB42E, 0xB44E, 0xB44E, 0xB44E, 0xB44E, 0xB46E, 0xB46E, 0xB46E, 0xB46E,
  0xB46E, 0xBC8E, 0xBC8F, 0xBCAF, 0xBCAF, 0xBCAF, 0xC4AF, 0xC4D0, 0xC4D0, 0xC4D0, 0xCCF0, 0xCCF0,
  0xC4F0, 0xC4F0, 0xCCF0, 0xCCF0, 0xCD11, 0xCD11, 0xCD11, 0xCD11, 0xCD11, 0xCD11, 0xCD11, 0xCD11,
  0xCD11, 0xCD11, 0xCD11, 0xCD11, 0xC4F0, 0xCCF0, 0xCCF0, 0xCCF0, 0xC4F0, 0xC4D0, 0xC4D0, 0xC4D0,
  0xC4AF, 0xC4AF, 0xC48F, 0xBC8F, 0xBC6E, 0xBC6E, 0xBC6E, 0xBC4E, 0xBC4D, 0xBC4D, 0xB44D, 0xB42D,
  0xB42D, 0xB40D, 0xABEC, 0xABEB, 0xA3CB, 0xA3AA, 0xA3AB, 0xA38A, 0x9B6A, 0x9B4A, 0x9329, 0x8AE8,
  0x7AA8, 0x7267, 0x61E5, 0x51A5, 0x51A5, 0x51A5, 0x4964, 0x4123, 0x5184, 0x4943, 0x5184, 0x5163,
  0x7287, 0x936B, 0x7246, 0x82E9, 0x9B8B, 0xA3ED, 0xB46E, 0xB40D, 0x9B4A, 0x9B2A, 0xA36B, 0xA34A,
  0xA34A, 0x92E9, 0x8AA8, 0x8267, 0x8287, 0x92C8, 0xA34A, 0xB3CC, 0xBC8F, 0xC4B0, 0xBC4E, 0xB3ED,
  0xB3EC, 0xB3EB, 0xBC0D, 0xBC0E, 0xC44F, 0xBC2E, 0x9B6A, 0x7AA8, 0x6248, 0x5A69, 0x52AA, 0x530C,
  0x838A, 0x3962, 0x1880, 0x1880, 0x1080, 0x0840, 0x0020, 0x0040, 0x0841, 0x0841, 0x0040, 0x0020,
  0x0820, 0x0820, 0x0820, 0x0820, 0x0820, 0x1061, 0x28C2, 0x3123, 0x4144, 0x4964, 0x51A5, 0x51C5,
  0x59E5, 0x5A06, 0x5A06, 0x5A06, 0x6226, 0x6226, 0x6226, 0x6226, 0x6206, 0x6A26, 0x6226, 0x6226,
  0x6A47, 0x6227, 0x4985, 0x30E2, 0x2081, 0x3103, 0x5228, 0x6AEB, 0x83CF, 0x7B8E, 0x41A6, 0x20A3,
  0x28A3, 0x2082, 0x1861, 0x1861, 0x1861, 0x1861, 0x1860, 0x1860, 0x1840, 0x2080, 0x28A0, 0x30C1,
  0x4963, 0x7267, 0x82C9, 0x7AC8, 0x7AA7, 0x8B08, 0x9B6A, 0x9BAB, 0xA3AB, 0xA3CC, 0xABEC, 0xA3AB,
  0x9B6A, 0x9349, 0x8B09, 0x8B08, 0x8B09, 0x8B09, 0x8B29, 0x8B29, 0x934A, 0x936A, 0x9B8B, 0xA3AC,
  0xA3CC, 0xA3EC, 0xAC0D, 0xB44E, 0xB46E, 0xB46E, 0xBC6E, 0xBC8F, 0xC4CF, 0xC4D0, 0xC4D0, 0xC4D0,
  0xC4D0, 0xC4D0, 0xC4CF, 0xC4CF, 0xC4CF, 0xC4CF, 0xC4CF, 0xC4CF, 0xBCAF, 0xBCAF, 0xBCAF, 0xBCAF,
  0xBCAF, 0xBCAF, 0xBCAF, 0xBC8F, 0xBCAF, 0xBCAF, 0xBC8F, 0xBC8F, 0xBC8F, 0xBC8F, 0xBC8F, 0xBC8F,
  0xBC6E, 0xBC6E, 0xB46E, 0xB44E, 0xB44E, 0xB46E, 0xB46E, 0xBC6E, 0xBC6E, 0xBC6E, 0xBC6E, 0xBC6E,
  0xBC8F, 0xBC8F, 0xBC8F, 0xBC8F, 0xBCAF, 0xC4AF, 0xC4CF, 0xC4D0, 0xC4D0, 0xC4F0, 0xC4F0, 0xC4F0,
  0xCCF0, 0xCCF0, 0xCCF0, 0xCCF0, 0xCD11, 0xCD11, 0xCD11, 0xCD31, 0xCD31, 0xCD31, 0xCD31, 0xCD31,
  0xCD11, 0xCD11, 0xCD11, 0xCD11, 0xCD10, 0xCD10, 0xCCF0, 0xCCF0, 0xC4F0, 0xC4D0, 0xC4D0, 0xC4CF,
  0xC4AF, 0xC4AF, 0xC4AF, 0xC4AF, 0xBC8F, 0xBC6E, 0xBC4E, 0xBC4E, 0xB44D, 0xBC4D, 0xBC4D, 0xBC4D,
  0xB42D, 0xB40C, 0xABEC, 0xABCB, 0xA3CB, 0xA3CB, 0xA3AB, 0xA38A, 0x9B4A, 0x9B29, 0x9309, 0x92E8,
  0x82C8, 0x7247, 0x6205, 0x59C5, 0x59A4, 0x51A5, 0x4984, 0x4943, 0x4984, 0x51A5, 0x4963, 0x59A5,
  0x59A4, 0x82E9, 0x8309, 0x7267, 0x8AE9, 0xA3AC, 0xB42E, 0xB42E, 0xA38B, 0x8AE9, 0x9309, 0x9B4A,
  0x9B29, 0x92E9, 0x8A87, 0x8267, 0x8A87, 0x92E9, 0xA36B, 0xBC2E, 0xC48F, 0xC46F, 0xBC2E, 0xB3ED,
  0xB3ED, 0xB3ED, 0xBC0D, 0xC42E, 0xC46F, 0xABED, 0x936B, 0x6227, 0x5248, 0x5289, 0x4AAA, 0x52EC,
  0x5204, 0x3121, 0x20A0, 0x18A0, 0x0840, 0x0840, 0x0020, 0x0861, 0x0841, 0x0840, 0x0040, 0x0020,
  0x0820, 0x0820, 0x0820, 0x0820, 0x0820, 0x1060, 0x20C2, 0x3123, 0x4144, 0x4964, 0x51A5, 0x51C5,
  0x59E5, 0x5A06, 0x5A06, 0x5A06, 0x6206, 0x6226, 0x6226, 0x6226, 0x6A26, 0x61E6, 0x6206, 0x6A47,
  0x59E6, 0x4144, 0x30E2, 0x28A1, 0x28C2, 0x4185, 0x5A89, 0x732C, 0x83CF, 0x83CF, 0x5A69, 0x20A2,
  0x30E3, 0x30E3, 0x28C2, 0x2061, 0x1860, 0x2081, 0x2080, 0x1860, 0x28A1, 0x3922, 0x5A06, 0x7AC9,
  0x8B4A, 0x8B4B, 0x934B, 0x936B, 0x9BAB, 0x9B8B, 0x9BAB, 0xA3CB, 0xA3AB, 0xA3AB, 0xA3AB, 0xA3AB,
  0x9B6A, 0x9329, 0x8B09, 0x8B08, 0x8B09, 0x8B09, 0x8B29, 0x8B29, 0x934A, 0x936A, 0x9B8B, 0x9BAB,
  0xA3CC, 0xA3EC, 0xAC0D, 0xAC2D, 0xB46E, 0xB46E, 0xBC6E, 0xBC8F, 0xC4AF, 0xC4D0, 0xC4D0, 0xC4D0,
  0xC4D0, 0xC4D0, 0xC4CF, 0xC4CF, 0xC4CF, 0xC4CF, 0xC4CF, 0xC4CF, 0xC4AF, 0xC4AF, 0xC4AF, 0xC4AF,
  0xC4AF, 0xC4AF, 0xBCAF, 0xBCAF, 0xC4AF, 0xC4AF, 0xC4AF, 0xC4AF, 0xBCAF, 0xBCAF, 0xBC8F, 0xBC8F,
  0xBC8F, 0xBC8F, 0xBC8F, 0xBC8F, 0xBC8F, 0xBC6E, 0xBC6E, 0xBC6E, 0xBC8F, 0xBC8F, 0xBC6E, 0xBC8F,
  0xBC8F, 0xBC8F, 0xBCAF, 0xBCAF, 0xBCAF, 0xC4AF, 0xC4CF, 0xC4D0, 0xC4D0, 0xC4D0, 0xC4F0, 0xC4F0,
  0xC4F0, 0xC4F0, 0xCCF0, 0xCCF0, 0xCD11, 0xCD11, 0xCD11, 0xCD31, 0xCD31, 0xCD31, 0xCD31, 0xCD31,
  0xCD11, 0xCD11, 0xCD11, 0xCD11, 0xCD11, 0xCD10, 0xCCF0, 0xCCF0, 0xC4F0, 0xC4D0, 0xC4D0, 0xC4CF,
  0xC4AF, 0xC4AF, 0xC4AF, 0xC4AF, 0xC48F, 0xBC6E, 0xBC6E, 0xBC4E, 0xB44D, 0xBC4D, 0xBC4D, 0xB44D,
  0xB42D, 0xB40C, 0xABEC, 0xABCB, 0xABCB, 0xA3CB, 0xA3AB, 0xA36A, 0x9B6A, 0x9B4A, 0x9B29, 0x9309,
  0x82C8, 0x7267, 0x6A26, 0x61C5, 0x5184, 0x51A5, 0x51A5, 0x4943, 0x4943, 0x51A5, 0x4964, 0x51A4,
  0x6206, 0x59A4, 0x7A88, 0x7A87, 0x82C8, 0x9B4A, 0x9B8B, 0xABED, 0xABCC, 0x9B2A, 0x9309, 0x9309,
  0x9B09, 0x8AC8, 0x8A87, 0x8A87, 0x92C8, 0x9B2A, 0xB3CC, 0xBC4E, 0xC48F, 0xC46E, 0xBC2E, 0xBC0D,
  0xBBED, 0xBBED, 0xBC0E, 0xC46F, 0xBC4E, 0xABED, 0x82E9, 0x5A06, 0x5248, 0x5289, 0x4AAA, 0x52EC,
  0x6AC7, 0x3962, 0x1860, 0x1880, 0x1060, 0x0860, 0x0040, 0x0841, 0x0841, 0x0840, 0x0040, 0x0820,
  0x0820, 0x0820, 0x0820, 0x0820, 0x0820, 0x1040, 0x20A2, 0x3103, 0x4144, 0x4965, 0x51A5, 0x51A5,
  0x59C5, 0x59E6, 0x59E5, 0x59E5, 0x59E6, 0x6206, 0x6206, 0x6206, 0x61E6, 0x59E5, 0x59E6, 0x51C5,
  0x4122, 0x2881, 0x2881, 0x28A1, 0x3944, 0x51E7, 0x6289, 0x730B, 0x838D, 0x8BEF, 0x7B6D, 0x4186,
  0x2881, 0x28A1, 0x28A1, 0x2081, 0x2060, 0x2081, 0x30E2, 0x4143, 0x6267, 0x7AE9, 0x8B8C, 0x9BCD,
  0xA3ED, 0xA40D, 0xAC2E, 0xB44F, 0xAC0D, 0xA3CB, 0x9B8B, 0x9BAB, 0xA3AB, 0xA3AB, 0xA3AB, 0x9B8B,
  0x934A, 0x9329, 0x8B09, 0x8B08, 0x8B09, 0x8B09, 0x8B29, 0x9329, 0x934A, 0x9B6A, 0x9B8B, 0x9BAB,
  0xA3CC, 0xA3CC, 0xA3EC, 0xAC2D, 0xB44E, 0xB46E, 0xBC6E, 0xBC8F, 0xBCAF, 0xC4AF, 0xC4D0, 0xC4D0,
  0xC4CF, 0xC4CF, 0xC4CF, 0xC4CF, 0xC4CF, 0xC4CF, 0xC4CF, 0xC4CF, 0xC4CF, 0xC4CF, 0xC4CF, 0xC4CF,
  0xC4CF, 0xC4AF, 0xC4AF, 0xC4D0, 0xC4D0, 0xC4D0, 0xC4D0, 0xC4D0, 0xC4D0, 0xC4AF, 0xBCAF, 0xBC8F,
  0xBC8F, 0xBC8F, 0xBCAF, 0xBCAF, 0xBCAF, 0xBCAF, 0xBC8F, 0xBC8F, 0xBC8F, 0xBC8F, 0xBC8F, 0xBC8F,
  0xBC8F, 0xBCAF, 0xBCAF, 0xC4AF, 0xC4AF, 0xC4D0, 0xC4D0, 0xC4D0, 0xC4D0, 0xC4D0, 0xC4F0, 0xC4F0,
  0xC4F0, 0xC4F0, 0xCCF0, 0xCCF0, 0xCD11, 0xCD11, 0xCD31, 0xCD31, 0xCD31, 0xCD31, 0xCD31, 0xCD31,
  0xCD31, 0xCD11, 0xCD11, 0xCD11, 0xCD11, 0xCD11, 0xCCF0, 0xCCF0, 0xC4F0, 0xC4D0, 0xC4D0, 0xC4D0,
  0xC4CF, 0xC4CF, 0xC4AF, 0xC4AF, 0xC48F, 0xBC8F, 0xBC6E, 0xBC6E, 0xBC4D, 0xBC4D, 0xBC4D, 0xB42D,
  0xB42D, 0xB40C, 0xABEC, 0xABEC, 0xABCB, 0xA3AB, 0xA38B, 0x9B6A, 0x9B4A, 0x9B4A, 0x9329, 0x9309,
  0x82C8, 0x7A67, 0x7246, 0x61E5, 0x5184, 0x51A5, 0x51A5, 0x4964, 0x4964, 0x4964, 0x59C5, 0x5184,
  0x6A47, 0x59A4, 0x6A05, 0x82C8, 0x7A47, 0x8AE9, 0x932A, 0x930A, 0xA38B, 0x9B4B, 0x8AA8, 0x8AC8,
  0x8AA8, 0x8267, 0x8A87, 0x92C8, 0x9B09, 0xABAC, 0xC44E, 0xC44E, 0xC46E, 0xBC4E, 0xBC0D, 0xBC0D,
  0xBC0D, 0xBC0D, 0xC42E, 0xCC6F, 0xBC2E, 0xA3CD, 0x6A47, 0x5206, 0x5248, 0x5269, 0x52CB, 0x52EC,
  0x7B49, 0x3962, 0x20A0, 0x3963, 0x18C1, 0x0820, 0x0020, 0x0841, 0x0841, 0x0840, 0x0820, 0x0820,
  0x0820, 0x0820, 0x0820, 0x0820, 0x0820, 0x1040, 0x20A1, 0x3103, 0x4164, 0x4984, 0x51A5, 0x51C5,
  0x59C5, 0x59E6, 0x59E5, 0x59C5, 0x59E5, 0x59E5, 0x59E5, 0x59E5, 0x51C5, 0x59E6, 0x51A4, 0x3902,
  0x30A1, 0x2060, 0x28A1, 0x3923, 0x51E6, 0x5A27, 0x6269, 0x72EB, 0x7B2C, 0x836D, 0x836D, 0x6248,
  0x3903, 0x30A1, 0x2860, 0x30C1, 0x4964, 0x5A06, 0x72A9, 0x832A, 0x938C, 0xA40E, 0xAC4E, 0xAC2E,
  0xA40D, 0xAC0D, 0xAC0D, 0xA3CC, 0xA3CB, 0x936A, 0x934A, 0x9B8A, 0xA3AB, 0xA3AB, 0xA3AB, 0x9B8B,
  0x934A, 0x9329, 0x8B08, 0x8AE8, 0x8B09, 0x8B29, 0x8B29, 0x9349, 0x934A, 0x9B6A, 0x9B8B, 0x9BAB,
  0xA3CC, 0xA3CC, 0xA3EC, 0xAC2D, 0xB44E, 0xB46E, 0xBC8F, 0xBC8F, 0xBC8F, 0xBCAF, 0xC4AF, 0xC4D0,
  0xC4CF, 0xC4CF, 0xC4CF, 0xC4CF, 0xC4CF, 0xC4CF, 0xC4CF, 0xC4CF, 0xC4CF, 0xC4CF, 0xC4CF, 0xC4CF,
  0xC4D0, 0xC4D0, 0xC4D0, 0xC4D0, 0xC4D0, 0xC4D0, 0xC4F0, 0xC4F0, 0xC4D0, 0xC4D0, 0xC4AF, 0xC4AF,
  0xBCAF, 0xC4AF, 0xC4AF, 0xC4AF, 0xC4AF, 0xC4AF, 0xBCAF, 0xBCAF, 0xBC8F, 0xBC8F, 0xBCAF, 0xBCAF,
  0xBCAF, 0xC4AF, 0xC4AF, 0xC4D0, 0xC4D0, 0xC4D0, 0xC4F0, 0xC4F0, 0xC4F0, 0xC4F0, 0xC4F0, 0xCCF0,
  0xC4F0, 0xC4F0, 0xCCF0, 0xCD11, 0xCD11, 0xCD31, 0xCD31, 0xD531, 0xD531, 0xD531, 0xD531, 0xD531,
  0xCD31, 0xCD31, 0xCD11, 0xCD11, 0xCD11, 0xCD11, 0xCCF0, 0xCCF0, 0xC4F0, 0xC4F0, 0xC4D0, 0xC4D0,
  0xC4CF, 0xC4AF, 0xC4AF, 0xC4AF, 0xBC8F, 0xBC6E, 0xBC6E, 0xBC4E, 0xBC4D, 0xBC4D, 0xB44D, 0xB42D,
  0xB42D, 0xB40C, 0xABEC, 0xABEC, 0xABCB, 0xA3CB, 0xA38B, 0xA36A, 0x9B6A, 0x9B4A, 0x9329, 0x92E9,
  0x82C8, 0x7A87, 0x7247, 0x6A06, 0x59A4, 0x59A4, 0x51A5, 0x5184, 0x4964, 0x4964, 0x61E6, 0x59C5,
  0x6A26, 0x7A68, 0x61E5, 0x7A88, 0x7A67, 0x7A67, 0x8AE9, 0x82A8, 0x8AC8, 0x9B4A, 0x8287, 0x8267,
  0x8AA7, 0x8A87, 0x92E9, 0xA34A, 0xAB8B, 0xBC0D, 0xC46F, 0xBC2E, 0xBC0D, 0xB3EC, 0xB3CC, 0xBBEC,
  0xBBED, 0xC40D, 0xC42E, 0xC46F, 0xB42E, 0x936B, 0x5A06, 0x5207, 0x5248, 0x528A, 0x52CB, 0x52EC,
  0x5204, 0x28C0, 0x20C0, 0x41C5, 0x20E2, 0x0840, 0x0860, 0x0861, 0x0840, 0x0840, 0x0820, 0x0820,
  0x0820, 0x0820, 0x0820, 0x0820, 0x0820, 0x1040, 0x1881, 0x3103, 0x4164, 0x4985, 0x51A5, 0x51C5,
  0x59E5, 0x59E6, 0x59E5, 0x59C5, 0x59C5, 0x59C5, 0x59C5, 0x59C5, 0x51C5, 0x51A5, 0x3902, 0x30A1,
  0x28A0, 0x2880, 0x3902, 0x51E6, 0x5A27, 0x5A07, 0x5A06, 0x6227, 0x6207, 0x6207, 0x6207, 0x59A6,
  0x51A5, 0x59C5, 0x6226, 0x6A67, 0x7AC9, 0x8B4A, 0x938C, 0x9BCD, 0xAC0E, 0xA40D, 0xA3ED, 0xA3ED,
  0xA3CC, 0x9BAB, 0x9B8B, 0x9B8B, 0x936A, 0x936A, 0x9B6A, 0x9B8B, 0xA3AB, 0xA3CC, 0xA3AB, 0x9B6A,
  0x9329, 0x8B09, 0x8AE8, 0x8AE8, 0x8B09, 0x8B09, 0x9329, 0x934A, 0x9B6A, 0x9B6A, 0x9B8A, 0xA3AB,
  0xA3CC, 0xA3CC, 0xABEC, 0xAC2D, 0xB44E, 0xB46E, 0xBC8E, 0xBC8F, 0xBC8F, 0xBCAF, 0xC4AF, 0xC4D0,
  0xC4CF, 0xC4CF, 0xC4CF, 0xC4CF, 0xC4CF, 0xC4CF, 0xC4CF, 0xC4CF, 0xC4CF, 0xC4CF, 0xC4CF, 0xC4D0,
  0xC4D0, 0xC4D0, 0xC4D0, 0xC4D0, 0xC4F0, 0xC4F0, 0xC4D0, 0xC4D0, 0xC4D0, 0xC4D0, 0xC4D0, 0xC4D0,
  0xC4AF, 0xC4AF, 0xC4AF, 0xC4AF, 0xC4AF, 0xC4AF, 0xBCAF, 0xBCAF, 0xBCAF, 0xBCAF, 0xC4AF, 0xC4AF,
  0xC4AF, 0xC4D0, 0xC4D0, 0xC4D0, 0xC4D0, 0xC4D0, 0xC4F0, 0xC4F0, 0xC4F0, 0xC4F0, 0xCCF0, 0xCCF0,
  0xC4F1, 0xC4F1, 0xCD11, 0xCD11, 0xCD31, 0xCD31, 0xCD32, 0xCD32, 0xCD32, 0xD552, 0xD552, 0xCD32,
  0xCD32, 0xCD31, 0xCD31, 0xCD31, 0xCD11, 0xCD11, 0xCD11, 0xCCF0, 0xCCF0, 0xC4F0, 0xC4D0, 0xC4D0,
  0xC4B0, 0xC4AF, 0xC4AF, 0xBC8F, 0xBC8F, 0xBC8E, 0xBC6E, 0xBC6E, 0xBC4D, 0xBC4D, 0xB42D, 0xB42D,
  0xB42D, 0xB40C, 0xAC0C, 0xABEC, 0xABEC, 0xABCB, 0xA3AB, 0xA38B, 0xA38B, 0xA36A, 0x9B4A, 0x9309,
  0x82C8, 0x82A8, 0x7247, 0x6A06, 0x61E5, 0x59A4, 0x5184, 0x59A5, 0x4943, 0x59C5, 0x59E6, 0x6A27,
  0x59C5, 0x7247, 0x7247, 0x69E6, 0x7A88, 0x61A4, 0x7A47, 0x8AC9, 0x82A8, 0x9309, 0x9309, 0x8267,
  0x92E8, 0x9B2A, 0xA38B, 0xB3CC, 0xBC0D, 0xBC2E, 0xBC2D, 0xB3ED, 0xABCC, 0xABAC, 0xB3AC, 0xB3CC,
  0xBBEC, 0xC42D, 0xC44E, 0xBC2E, 0xA3ED, 0x7AA9, 0x51E6, 0x5227, 0x4A28, 0x52AA, 0x52CB, 0x5AEB,
  0x28E0, 0x28C0, 0x20A0, 0x2922, 0x2902, 0x1060, 0x1081, 0x0841, 0x0840, 0x0840, 0x0820, 0x0820,
  0x0820, 0x0820, 0x0820, 0x0820, 0x0820, 0x1020, 0x1881, 0x2903, 0x4164, 0x4985, 0x51A5, 0x51C5,
  0x59E6, 0x5A06, 0x59E5, 0x59C5, 0x59C5, 0x59C5, 0x51A5, 0x51A5, 0x49A4, 0x4143, 0x30E1, 0x2880,
  0x28A0, 0x3902, 0x49A4, 0x59E6, 0x5A06, 0x5A06, 0x6226, 0x61E6, 0x6206, 0x6A47, 0x7267, 0x7A89,
  0x7AC8, 0x7AC8, 0x82E9, 0x8B2A, 0x938B, 0xA3CD, 0xA3ED, 0xA3ED, 0xA3CC, 0x9BAB, 0x9B8B, 0xA3AB,
  0x9B8B, 0x9B4A, 0x934A, 0x934A, 0x936A, 0x9B8B, 0x9BAB, 0xA3AB, 0xA3AB, 0xA3CC, 0xA3AB, 0x9B4A,
  0x9329, 0x8B09, 0x8AE8, 0x8AE8, 0x8B09, 0x8B29, 0x9329, 0x934A, 0x9B6A, 0x9B6A, 0x9B8A, 0x9B8B,
  0xA3CC, 0xA3CC, 0xABEC, 0xAC2D, 0xB44E, 0xB46E, 0xBC8E, 0xBC8F, 0xBC8F, 0xBCAF, 0xBCAF, 0xC4AF,
  0xC4CF, 0xC4CF, 0xC4AF, 0xC4AF, 0xC4AF, 0xC4AF, 0xC4CF, 0xC4CF, 0xC4CF, 0xC4CF, 0xC4D0, 0xC4D0,
  0xC4D0, 0xC4D0, 0xC4D0, 0xC4D0, 0xC4F0, 0xC4D0, 0xC4D0, 0xC4D0, 0xC4D0, 0xC4D0, 0xC4D0, 0xC4D0,
  0xC4D0, 0xC4AF, 0xC4AF, 0xBCAF, 0xBCAF, 0xBCAF, 0xBCAF, 0xC4AF, 0xC4AF, 0xC4D0, 0xC4D0, 0xC4D0,
  0xC4D0, 0xC4D0, 0xC4D0, 0xC4F0, 0xC4D0, 0xC4D0, 0xC4D0, 0xC4F0, 0xC4F0, 0xC4F0, 0xC4F0, 0xCCF0,
  0xCD11, 0xCD11, 0xCD11, 0xCD31, 0xCD31, 0xCD31, 0xCD32, 0xCD32, 0xD552, 0xD552, 0xD552, 0xD552,
  0xD552, 0xCD31, 0xCD31, 0xCD31, 0xCD11, 0xCD11, 0xCD11, 0xCCF0, 0xCCF0, 0xC4F0, 0xC4D0, 0xC4D0,
  0xC4D0, 0xC4B0, 0xC4AF, 0xC4AF, 0xBC8F, 0xBC8F, 0xBC6E, 0xBC6E, 0xBC4D, 0xBC4D, 0xB42D, 0xB42D,
  0xB42D, 0xB40C, 0xAC0C, 0xABEC, 0xABCB, 0xA3CB, 0xA3AB, 0xA3AB, 0xA38B, 0xA38A, 0x9B4A, 0x9329,
  0x8AC8, 0x82A8, 0x7246, 0x6A06, 0x6A26, 0x59A4, 0x5164, 0x59C5, 0x5164, 0x59A5, 0x59C5, 0x6A27,
  0x61A5, 0x61C5, 0x7A67, 0x61A5, 0x61A4, 0x59A4, 0x69C5, 0x82A8, 0x8AC8, 0x8AE9, 0x9B6B, 0x9309,
  0x9309, 0xA38B, 0xB3CC, 0xB3ED, 0xBC2E, 0xBC0D, 0xB3CC, 0xB3CC, 0xABAB, 0xABAB, 0xB3AB, 0xBBCC,
  0xC3EC, 0xCC4E, 0xC44E, 0xB40D, 0x9BAC, 0x6227, 0x49C6, 0x4A07, 0x4228, 0x52AA, 0x52CB, 0x5AEB,
  0x1880, 0x2901, 0x28E1, 0x3122, 0x39A5, 0x1881, 0x0840, 0x0840, 0x0840, 0x0840, 0x0840, 0x0820,
  0x0820, 0x0820, 0x0820, 0x0820, 0x0820, 0x0840, 0x1881, 0x2902, 0x4164, 0x4984, 0x51A5, 0x59E6,
  0x5A06, 0x6206, 0x5A06, 0x59C5, 0x59C5, 0x51A5, 0x5184, 0x5164, 0x4143, 0x4123, 0x38E2, 0x30C1,
  0x3902, 0x51A5, 0x5A06, 0x6227, 0x6A67, 0x72A8, 0x7AE9, 0x82E9, 0x82E9, 0x8B0A, 0x8B2A, 0x932A,
  0x936A, 0x938B, 0x9BAC, 0xA3EC, 0xA3EC, 0x9BAB, 0xA38B, 0xA3AC, 0xA38B, 0x9B8B, 0x9B6A, 0x934A,
  0x934A, 0x934A, 0x9B4A, 0x9B6A, 0x9B6A, 0x9B8B, 0xA3CC, 0xA3CC, 0xA3AC, 0xA3CC, 0xA3AB, 0x9B4A,
  0x9329, 0x8B09, 0x8AE8, 0x8AE9, 0x8B09, 0x8B29, 0x9329, 0x934A, 0x9B6A, 0x9B6A, 0x9B6A, 0x9B8B,
  0xA3CB, 0xA3EC, 0xAC0C, 0xAC2D, 0xB44E, 0xB46E, 0xBC8E, 0xBC8F, 0xBC8F, 0xBCAF, 0xBCAF, 0xC4AF,
  0xBCAF, 0xBCAF, 0xBCAF, 0xBCAF, 0xBCAF, 0xC4AF, 0xC4AF, 0xC4CF, 0xC4CF, 0xC4CF, 0xC4F0, 0xC4F0,
  0xC4D0, 0xC4D0, 0xC4D0, 0xC4F0, 0xC4F0, 0xC4F0, 0xC4F0, 0xC4D0, 0xC4D0, 0xC4D0, 0xC4D0, 0xC4AF,
  0xC4D0, 0xC4AF, 0xC4AF, 0xC4AF, 0xC4AF, 0xBCAF, 0xC4AF, 0xC4AF, 0xC4D0, 0xC4D0, 0xC4D0, 0xC4D0,
  0xC4D0, 0xC4D0, 0xC4D0, 0xC4F0, 0xC4F0, 0xC4F0, 0xC4F0, 0xC4F0, 0xC4F0, 0xC4F0, 0xC4F0, 0xCCF0,
  0xCD11, 0xCD11, 0xCD31, 0xCD31, 0xCD31, 0xCD32, 0xCD32, 0xCD32, 0xD552, 0xD552, 0xD552, 0xD552,
  0xD552, 0xCD32, 0xCD31, 0xCD31, 0xCD11, 0xCD11, 0xCD11, 0xCCF0, 0xCCF0, 0xCCF0, 0xC4F0, 0xC4D0,
  0xC4D0, 0xC4D0, 0xC4AF, 0xC48F, 0xBC8F, 0xBC8F, 0xBC6E, 0xBC6E, 0xBC4E, 0xBC4D, 0xB42D, 0xB42D,
  0xB42D, 0xB40C, 0xABEC, 0xABEC, 0xA3AB, 0xA3AB, 0xA3AB, 0xA38B, 0xA38B, 0x9B6A, 0x9B4A, 0x9329,
  0x8AE9, 0x82A8, 0x7A47, 0x7226, 0x7226, 0x61C5, 0x5184, 0x59A5, 0x59C5, 0x5184, 0x61C5, 0x61E6,
  0x61C5, 0x61A5, 0x6A06, 0x61A4, 0x4902, 0x69E5, 0x69E5, 0x7246, 0x8AC8, 0x8AE9, 0x9B4A, 0xA36B,
  0x9309, 0xA36B, 0xABAC, 0xB3CC, 0xB3EC, 0xB3CC, 0xAB8B, 0xABAB, 0xAB8B, 0xAB8B, 0xB38B, 0xBBCC,
  0xC40D, 0xC44E, 0xBC2E, 0xABCD, 0x9BAD, 0x5A07, 0x49C6, 0x41E7, 0x4228, 0x528A, 0x52CB, 0x5AEB,
  0x20E1, 0x20C0, 0x18A0, 0x3984, 0x5A88, 0x20C2, 0x0820, 0x1060, 0x0840, 0x0840, 0x0840, 0x0040,
  0x0040, 0x0820, 0x0820, 0x0820, 0x0820, 0x0840, 0x1881, 0x2902, 0x3944, 0x4984, 0x51A5, 0x59E6,
  0x5A06, 0x6226, 0x5A06, 0x59C5, 0x59C5, 0x51A4, 0x5164, 0x4964, 0x4944, 0x4123, 0x38E2, 0x4123,
  0x59E6, 0x6227, 0x6A67, 0x7AC9, 0x7AE9, 0x8309, 0x8B2A, 0x8B4A, 0x932A, 0x936A, 0x9B8B, 0x9B8B,
  0x9BCC, 0xA3EC, 0xA3EC, 0xA3AC, 0xA3AC, 0xABCC, 0xA3AC, 0xA38B, 0x9B6B, 0x9B4A, 0x9329, 0x932A,
  0x934A, 0x934A, 0x9B4A, 0x9B6A, 0x9B8B, 0x9BAB, 0xA3CC, 0xA3EC, 0xA3CC, 0xA3CC, 0xA3AB, 0x9B4A,
  0x9309, 0x8B09, 0x8AE8, 0x8AE9, 0x8B09, 0x8B29, 0x934A, 0x934A, 0x9B4A, 0x9B6A, 0x9B6A, 0x9B8B,
  0xA3CB, 0xA3EC, 0xAC0C, 0xAC2D, 0xB44E, 0xB46E, 0xBC6E, 0xBC8F, 0xBC8F, 0xBCAF, 0xBCAF, 0xC4AF,
  0xBCAF, 0xBCAF, 0xBCAF, 0xBCAF, 0xBCAF, 0xBCAF, 0xC4AF, 0xC4AF, 0xC4CF, 0xC4CF, 0xC4F0, 0xC4F0,
  0xC4F0, 0xC4D0, 0xC4D0, 0xC4F0, 0xC4F0, 0xC4F0, 0xC4F0, 0xC4F0, 0xC4F0, 0xC4D0, 0xC4AF, 0xBCAF,
  0xC4D0, 0xC4D0, 0xC4D0, 0xC4AF, 0xC4AF, 0xC4AF, 0xC4AF, 0xBCAF, 0xC4D0, 0xC4D0, 0xC4D0, 0xC4D0,
  0xC4D0, 0xC4D0, 0xC4F0, 0xC4F0, 0xCCF0, 0xCCF0, 0xCCF0, 0xCCF0, 0xC4F0, 0xC4F0, 0xCCF0, 0xCCF0,
  0xCD11, 0xCD31, 0xCD31, 0xCD31, 0xCD32, 0xCD32, 0xCD32, 0xCD32, 0xD552, 0xD552, 0xD552, 0xD552,
  0xD552, 0xCD32, 0xCD31, 0xCD31, 0xCD11, 0xCD11, 0xCD11, 0xCCF0, 0xCCF0, 0xCCF0, 0xC4F0, 0xC4F0,
  0xC4D0, 0xC4AF, 0xC48F, 0xBC8F, 0xBC8F, 0xBC8E, 0xBC6E, 0xBC6E, 0xBC4E, 0xBC4D, 0xB42D, 0xB42D,
  0xB42D, 0xB40C, 0xABEC, 0xABEC, 0xABCB, 0xABCB, 0xA3CB, 0xA3AB, 0xA38B, 0x9B6A, 0x9B4A, 0x9B4A,
  0x8AE9, 0x82A8, 0x7A67, 0x7246, 0x7226, 0x61E5, 0x59A4, 0x5184, 0x59C5, 0x59A5, 0x61C5, 0x69E6,
  0x61A5, 0x5963, 0x5963, 0x5964, 0x5984, 0x61C4, 0x7226, 0x7A67, 0x82C8, 0x9309, 0x9309, 0x9B6B,
  0x9B4A, 0xA36B, 0xAB8B, 0xABAC, 0xABAB, 0xAB8B, 0xA36B, 0xAB8B, 0xABAB, 0xA36B, 0xAB8B, 0xBBEC,
  0xC42D, 0xC44E, 0xBC0D, 0xA3CD, 0x9BCD, 0x5A28, 0x41C7, 0x39E7, 0x4228, 0x4A89, 0x52CA, 0x5AEB,
  0x2101, 0x18A0, 0x3163, 0x41C5, 0x7B6C, 0x3964, 0x1060, 0x0840, 0x1060, 0x0840, 0x0020, 0x0020,
  0x0040, 0x0820, 0x0820, 0x0840, 0x0820, 0x1040, 0x1060, 0x28E2, 0x4164, 0x4164, 0x51C5, 0x5A06,
  0x6206, 0x6247, 0x6226, 0x5A06, 0x59E5, 0x51A5, 0x4964, 0x4964, 0x4944, 0x4944, 0x4964, 0x59C5,
  0x6A47, 0x72A8, 0x7AE9, 0x8309, 0x8309, 0x8B2A, 0x8B4A, 0x934A, 0x936A, 0x9B8B, 0x9B8B, 0x9BAB,
  0xA3CB, 0xA3CB, 0xA3CB, 0xA3AB, 0xA38B, 0xA38B, 0x9B6A, 0x9B2A, 0x9309, 0x9309, 0x9329, 0x932A,
  0x9B4A, 0x9B6A, 0x9B8B, 0x9BAB, 0xA3AB, 0xA3CC, 0xABEC, 0xAC0D, 0xABEC, 0xA3CC, 0x9B8B, 0x934A,
  0x9329, 0x8B09, 0x8AE9, 0x8AE9, 0x8B09, 0x8B29, 0x9329, 0x934A, 0x9B6A, 0x9B6A, 0x9B6A, 0x9B8A,
  0x9BAB, 0xA3CB, 0xA3EC, 0xAC2D, 0xB44E, 0xB46E, 0xBC8E, 0xBC8F, 0xBC8F, 0xBC8F, 0xBC8F, 0xC4AF,
  0xBCAF, 0xBCAF, 0xBCAF, 0xBCAF, 0xBCAF, 0xBC8E, 0xBC8E, 0xBC8E, 0xC4AF, 0xC4CF, 0xC4F0, 0xC4F0,
  0xC4F0, 0xC4D0, 0xC4D0, 0xC4F0, 0xC4F0, 0xC4F0, 0xC4F0, 0xC4F0, 0xC4F0, 0xC4D0, 0xC4D0, 0xC4D0,
  0xC4D0, 0xC4D0, 0xC4D0, 0xC4D0, 0xC4AF, 0xC4D0, 0xC4D0, 0xC4D0, 0xC4D0, 0xC4D0, 0xC4D0, 0xC4D0,
  0xC4D0, 0xC4F0, 0xC4F0, 0xC4F0, 0xC4D0, 0xC4F0, 0xC4F0, 0xCCF0, 0xCCF0, 0xCCF0, 0xCD11, 0xCD11,
  0xCD11, 0xCD31, 0xCD31, 0xCD31, 0xCD31, 0xCD32, 0xD552, 0xD552, 0xD552, 0xD552, 0xD552, 0xD552,
  0xD552, 0xCD32, 0xCD31, 0xCD31, 0xCD11, 0xCD11, 0xCD11, 0xCD11, 0xCCF0, 0xCCF0, 0xC4F0, 0xC4D0,
  0xC4D0, 0xC4AF, 0xBCAF, 0xBC8F, 0xBC8F, 0xBC6E, 0xB46E, 0xB46E, 0xBC6E, 0xBC4E, 0xB44D, 0xB42D,
  0xB42D, 0xB40C, 0xAC0C, 0xABEC, 0xABEC, 0xABCB, 0xA3AB, 0xA3AB, 0xA38B, 0x9B6B, 0x9B4A, 0x9B4A,
  0x9309, 0x8AC8, 0x8287, 0x7A67, 0x7226, 0x6A06, 0x61E6, 0x5163, 0x61E6, 0x5984, 0x61E6, 0x69E6,
  0x61A5, 0x5963, 0x5122, 0x5964, 0x69E5, 0x61E5, 0x7A87, 0x8288, 0x82C8, 0x8AC8, 0x8AE9, 0x9309,
  0x9B4A, 0x9B4A, 0xA36B, 0xAB8B, 0xAB8B, 0xAB8B, 0xAB8B, 0xAB8B, 0xAB8B, 0xAB8B, 0xB3AB, 0xBBEC,
  0xC44E, 0xBC0D, 0xB40D, 0x7AC9, 0x93CE, 0x5A48, 0x41C7, 0x39E7, 0x4249, 0x4A69, 0x52AA, 0x5AEB,
  0x18A0, 0x1880, 0x5267, 0x62A8, 0x3984, 0x1880, 0x1040, 0x1060, 0x0840, 0x0020, 0x0020, 0x0020,
  0x0040, 0x0040, 0x0820, 0x0820, 0x0820, 0x1040, 0x1040, 0x28C2, 0x3944, 0x4984, 0x51C5, 0x5A06,
  0x6226, 0x6247, 0x6247, 0x6206, 0x6206, 0x59E5, 0x5184, 0x5184, 0x5185, 0x59A5, 0x61E6, 0x6A47,
  0x7288, 0x7AA8, 0x82E9, 0x8309, 0x8B29, 0x8B4A, 0x8B4A, 0x934A, 0x936A, 0x9B8A, 0x9B8A, 0x9B8B,
  0x9B8B, 0x9B8B, 0x9B8B, 0x9B8B, 0x9B6A, 0x9B4A, 0x9329, 0x92E9, 0x9309, 0x9309, 0x932A, 0x9B6A,
  0x9B8B, 0x9BAB, 0xA3CB, 0xA3CC, 0xA3CC, 0xA3EC, 0xAC0D, 0xAC0D, 0xABEC, 0xA3CC, 0x9B6B, 0x934A,
  0x9329, 0x8B09, 0x8AE9, 0x8AE9, 0x8B09, 0x8B29, 0x9329, 0x934A, 0x9B6A, 0x9B6A, 0x9B6A, 0x9B8A,
  0x9BAB, 0xA3CB, 0xA3EC, 0xAC2D, 0xB44D, 0xB44E, 0xB46E, 0xBC6E, 0xBC8E, 0xBC8E, 0xBC8F, 0xBC8F,
  0xBCAF, 0xBCAF, 0xBCAF, 0xBCAF, 0xBC8E, 0xBC8E, 0xBC8E, 0xBC8E, 0xBC8E, 0xC4AF, 0xC4CF, 0xC4F0,
  0xC4F0, 0xC4F0, 0xC4F0, 0xC4F0, 0xC4F0, 0xC4F0, 0xC4F0, 0xC4F0, 0xC4F0, 0xC4D0, 0xC4D0, 0xC4D0,
  0xC4D0, 0xC4D0, 0xC4AF, 0xC4AF, 0xC4AF, 0xC4D0, 0xC4D0, 0xC4D0, 0xC4D0, 0xC4D0, 0xC4D0, 0xC4D0,
  0xC4F0, 0xC4F0, 0xC4F0, 0xC4F0, 0xC4F0, 0xC4F0, 0xC4F0, 0xCCF0, 0xCCF0, 0xCD11, 0xCD11, 0xCD11,
  0xCD11, 0xCD31, 0xCD31, 0xCD31, 0xCD32, 0xCD32, 0xD552, 0xD552, 0xD552, 0xD552, 0xD552, 0xD552,
  0xD552, 0xD552, 0xCD32, 0xCD31, 0xCD11, 0xCD11, 0xCD11, 0xCD11, 0xCCF0, 0xCCF0, 0xC4F0, 0xC4D0,
  0xC4D0, 0xC4D0, 0xBCAF, 0xBC8F, 0xBC8F, 0xBC6E, 0xB46E, 0xB46E, 0xBC6E, 0xBC4E, 0xB44D, 0xB42D,
  0xB42D, 0xB40C, 0xB40C, 0xABEC, 0xABCB, 0xA3CB, 0xA3AB, 0xA3AB, 0xA38B, 0x9B6B, 0x9B4A, 0x9B4A,
  0x9309, 0x8AC8, 0x8287, 0x7A67, 0x7226, 0x6A26, 0x6A06, 0x5184, 0x61C5, 0x5984, 0x61E5, 0x69E6,
  0x6184, 0x5963, 0x5943, 0x61A4, 0x7246, 0x7246, 0x7A67, 0x8288, 0x7A87, 0x8B09, 0x8AC8, 0x8AC8,
  0x9B2A, 0x9B4A, 0xA36B, 0xA36B, 0xAB8B, 0xAB8B, 0xABAB, 0xABAB, 0xAB8B, 0xB3AC, 0xB38B, 0xBC0D,
  0xBC0D, 0xBC2E, 0x8AE9, 0x6206, 0x8BCE, 0x5A89, 0x41E7, 0x3A08, 0x4229, 0x4A69, 0x4A69, 0x5ACA,
  0x18C0, 0x2902, 0x49E5, 0x62C9, 0x3122, 0x20A0, 0x1860, 0x1040, 0x1080, 0x0840, 0x0040, 0x0040,
  0x0840, 0x0840, 0x0820, 0x0820, 0x0820, 0x0840, 0x1040, 0x20A2, 0x3944, 0x4985, 0x51C6, 0x5A06,
  0x6226, 0x6A67, 0x6A47, 0x6226, 0x6226, 0x6206, 0x59C5, 0x59C5, 0x59C5, 0x61E6, 0x6A47, 0x7268,
  0x7288, 0x7AA8, 0x7AC8, 0x82E9, 0x82E9, 0x8B09, 0x8B29, 0x8B29, 0x936A, 0x936A, 0x9B6A, 0x9B8A,
  0x9B6A, 0x9B6A, 0x934A, 0x9329, 0x9329, 0x9309, 0x9309, 0x9309, 0x9309, 0x934A, 0x9B6B, 0x9B8B,
  0xA3AC, 0xA3CC, 0xA3EC, 0xA3EC, 0xABEC, 0xAC0D, 0xAC0D, 0xAC0D, 0xABEC, 0xA3AC, 0x9B6A, 0x934A,
  0x9329, 0x8B09, 0x8AE9, 0x8AE9, 0x8B09, 0x8B09, 0x9329, 0x934A, 0x9B6A, 0x9B6A, 0x936A, 0x9B8A,
  0x9BAB, 0xA3CB, 0xA3EC, 0xAC0D, 0xB42D, 0xB44D, 0xB44E, 0xBC6E, 0xBC6E, 0xBC6E, 0xBC8E, 0xBC8E,
  0xBC8E, 0xBC8E, 0xBC8E, 0xBC8E, 0xBC8E, 0xBC8E, 0xBC8E, 0xBC8E, 0xBC6E, 0xBC8E, 0xC4AF, 0xC4CF,
  0xC4F0, 0xC4F0, 0xCCF0, 0xCD10, 0xC4F0, 0xCCF0, 0xCCF0, 0xC4F0, 0xC4F0, 0xC4D0, 0xC4D0, 0xC4D0,
  0xC4D0, 0xC4D0, 0xBCAF, 0xBCAF, 0xC4D0, 0xC4D0, 0xC4D0, 0xC4D0, 0xC4F0, 0xC4F0, 0xC4D0, 0xC4F0,
  0xC4F0, 0xC4F0, 0xC4F0, 0xCCF0, 0xC4F0, 0xC4F0, 0xC4F0, 0xCCF0, 0xCCF1, 0xCD11, 0xCD11, 0xCD11,
  0xCD31, 0xCD31, 0xCD31, 0xCD31, 0xCD32, 0xD552, 0xD552, 0xD552, 0xD552, 0xD552, 0xD552, 0xD552,
  0xD552, 0xD552, 0xD552, 0xD552, 0xCD11, 0xCD11, 0xCD11, 0xCD11, 0xCCF0, 0xCCF0, 0xC4F0, 0xC4D0,
  0xC4D0, 0xC4AF, 0xBCAF, 0xBC8F, 0xBC8F, 0xBC6E, 0xBC6E, 0xB46E, 0xBC6E, 0xBC4E, 0xBC4D, 0xB42D,
  0xB42D, 0xB42D, 0xB40C, 0xAC0C, 0xABCB, 0xA3CB, 0xA3AB, 0xA38B, 0xA38B, 0x9B6B, 0x9B4A, 0x9B4A,
  0x9309, 0x8AC8, 0x8287, 0x7A67, 0x7246, 0x7226, 0x6A26, 0x61A4, 0x59A4, 0x61C5, 0x61E5, 0x6A06,
  0x6184, 0x5984, 0x5984, 0x69C5, 0x7A67, 0x82C8, 0x8287, 0x82A8, 0x8AE9, 0x8AC8, 0x9309, 0x82A8,
  0x92E9, 0x9B2A, 0xA36B, 0xAB8B, 0xAB8B, 0xABAB, 0xAB8B, 0xAB8B, 0xABAB, 0xB3CC, 0xB3CC, 0xBC2E,
  0xB3ED, 0xABED, 0x61E6, 0x51A5, 0x7B6C, 0x62AA, 0x39C7, 0x39E7, 0x4228, 0x4A6A, 0x4A69, 0x5AEB,
  0x2102, 0x3143, 0x41A4, 0x62A8, 0x41A4, 0x5A46, 0x2902, 0x1860, 0x18A1, 0x1061, 0x0840, 0x0820,
  0x0840, 0x0840, 0x0820, 0x0820, 0x0840, 0x0840, 0x1060, 0x20A1, 0x3123, 0x49A5, 0x51C6, 0x5A06,
  0x6226, 0x6A67, 0x6A67, 0x6A47, 0x6A47, 0x6227, 0x6206, 0x6206, 0x6206, 0x6A06, 0x6A27, 0x6A47,
  0x7247, 0x7247, 0x7287, 0x7AA8, 0x7AA8, 0x82E8, 0x8B08, 0x8B09, 0x9329, 0x9349, 0x934A, 0x934A,
  0x932A, 0x9329, 0x9309, 0x8B09, 0x8B09, 0x9309, 0x9329, 0x934A, 0x9B4A, 0x9B6A, 0xA38B, 0xA3AC,
  0xA3CC, 0xA3EC, 0xA3ED, 0xAC0D, 0xAC0D, 0xAC0D, 0xAC0D, 0xAC0D, 0xABCC, 0xA3AB, 0x9B6B, 0x934A,
  0x9329, 0x8B09, 0x8AE9, 0x8AE9, 0x8B09, 0x8B29, 0x934A, 0x934A, 0x9B6A, 0x9B6A, 0x936A, 0x9B8A,
  0x9BAB, 0xA3AB, 0xA3CC, 0xAC0C, 0xB44D, 0xB44D, 0xB44E, 0xBC6E, 0xBC6E, 0xBC6E, 0xBC8E, 0xBC8E,
  0xBC8E, 0xBC8E, 0xBC8E, 0xBC8E, 0xBC8E, 0xBC8E, 0xBC8E, 0xBC8E, 0xBC8E, 0xBC8E, 0xBC8F, 0xC4AF,
  0xC4CF, 0xC4F0, 0xC4F0, 0xCCF0, 0xCD11, 0xCD11, 0xCD11, 0xCD11, 0xCCF0, 0xC4F0, 0xC4D0, 0xC4D0,
  0xC4D0, 0xC4D0, 0xC4AF, 0xC4D0, 0xC4D0, 0xC4D0, 0xC4D0, 0xC4D0, 0xC4D0, 0xC4D0, 0xC4D0, 0xC4F0,
  0xC4F0, 0xC4F0, 0xC4F0, 0xCCF0, 0xCCF0, 0xC4F0, 0xC4F0, 0xCCF0, 0xCCF1, 0xCD11, 0xCD11, 0xCD11,
  0xCD31, 0xCD31, 0xCD31, 0xCD31, 0xCD32, 0xD552, 0xD552, 0xD552, 0xD552, 0xD552, 0xD552, 0xD552,
  0xD552, 0xD552, 0xD552, 0xD552, 0xCD11, 0xCD11, 0xCD11, 0xCD11, 0xCCF0, 0xCCF0, 0xC4F0, 0xC4D0,
  0xC4D0, 0xC4AF, 0xBC8F, 0xBC8F, 0xBC6E, 0xBC6E, 0xBC6E, 0xBC6E, 0xBC6E, 0xBC4E, 0xBC4D, 0xB44D,
  0xB42D, 0xB42D, 0xB40C, 0xAC0C, 0xABCB, 0xABCB, 0xA3AB, 0xA38B, 0xA38B, 0x9B6B, 0x9B6A, 0x9B4A,
  0x9309, 0x8AE8, 0x82A8, 0x8287, 0x7A66, 0x7246, 0x7226, 0x6A05, 0x61A4, 0x69E5, 0x69E5, 0x7226,
  0x61C5, 0x69E5, 0x69C5, 0x69E5, 0x82A7, 0x82A8, 0x932A, 0x8AE9, 0x9309, 0x9309, 0x8AC8, 0x8AE9,
  0x8AA8, 0x9309, 0x9B4A, 0xA36B, 0xAB8B, 0xAB8B, 0xAB8B, 0xAB6A, 0xB3CC, 0xBBED, 0xBC2D, 0xB40D,
  0xABED, 0x82E9, 0x5185, 0x4185, 0x6ACA, 0x6B0C, 0x39C6, 0x4228, 0x4249, 0x4A6A, 0x4A69, 0x528A,
  0x20C1, 0x4A06, 0x3943, 0x5A67, 0x6AC9, 0x7B0A, 0x49C5, 0x2080, 0x1880, 0x1060, 0x0840, 0x0820,
  0x0820, 0x0820, 0x0820, 0x0820, 0x0840, 0x1041, 0x1061, 0x1881, 0x3103, 0x4985, 0x51C5, 0x5A06,
  0x6226, 0x6A67, 0x6A67, 0x6A67, 0x6A67, 0x6A47, 0x6A47, 0x6A47, 0x6A47, 0x6A26, 0x6A26, 0x6A26,
  0x6A26, 0x6A46, 0x7267, 0x7A87, 0x7A87, 0x82C8, 0x82C8, 0x82E8, 0x8B09, 0x8B09, 0x8B09, 0x8B09,
  0x8B09, 0x8B09, 0x8B09, 0x9309, 0x9309, 0x9329, 0x934A, 0x9B4A, 0x9B8B, 0x9BAB, 0xA3AB, 0xA3CC,
  0xA3EC, 0xABEC, 0xAC0D, 0xAC0D, 0xAC2D, 0xAC2D, 0xAC2D, 0xAC0C, 0xA3CC, 0xA3AB, 0x9B8A, 0x934A,
  0x9329, 0x8B09, 0x8B09, 0x8B09, 0x8B29, 0x8B29, 0x9349, 0x936A, 0x934A, 0x934A, 0x934A, 0x9B6A,
  0x9BAB, 0x9BAB, 0xA3CC, 0xAC0C, 0xB44D, 0xB44D, 0xB44D, 0xBC6D, 0xBC6E, 0xBC6E, 0xBC8E, 0xBC8E,
  0xBC8E, 0xBC8E, 0xBC8E, 0xBC8E, 0xBC8E, 0xBC8E, 0xBC8E, 0xBC6E, 0xC48E, 0xBC8E, 0xBC8E, 0xBC8E,
  0xC4AF, 0xC4CF, 0xC4EF, 0xCCF0, 0xCD11, 0xCD31, 0xCD31, 0xCD11, 0xCD11, 0xCD10, 0xCCF0, 0xCCF0,
  0xC4F0, 0xC4F0, 0xC4F0, 0xC4F0, 0xC4F0, 0xC4D0, 0xC4D0, 0xC4D0, 0xC4D0, 0xC4D0, 0xC4D0, 0xC4D0,
  0xC4F0, 0xC4F0, 0xC4F0, 0xCCF0, 0xCCF0, 0xC4F0, 0xC4F0, 0xCCF0, 0xCCF1, 0xCD11, 0xCD11, 0xCD11,
  0xCD31, 0xCD31, 0xCD31, 0xCD31, 0xCD32, 0xD552, 0xD552, 0xD552, 0xD552, 0xD552, 0xD552, 0xD552,
  0xD552, 0xD552, 0xD552, 0xD552, 0xCD11, 0xCD11, 0xCD11, 0xCD11, 0xCCF0, 0xCCF0, 0xC4F0, 0xC4F0,
  0xC4D0, 0xC4AF, 0xBC8F, 0xBC6E, 0xBC6E, 0xBC6E, 0xBC6E, 0xBC6E, 0xBC6E, 0xBC4E, 0xB44D, 0xB44D,
  0xB42D, 0xB42D, 0xB40C, 0xB40C, 0xABEC, 0xABCC, 0xA3AB, 0xA3AB, 0xA38B, 0xA38B, 0x9B6A, 0x9B4A,
  0x9329, 0x92E9, 0x82C8, 0x82A8, 0x7A67, 0x7267, 0x7246, 0x7226, 0x61C5, 0x6A05, 0x69E5, 0x7226,
  0x7226, 0x7A67, 0x7A46, 0x7205, 0x7A67, 0x8AC8, 0x932A, 0x9309, 0x8AE9, 0x9B4A, 0x8AC8, 0x82A8,
  0x8AA8, 0x8AC8, 0x9309, 0x9B09, 0x9B2A, 0xA36A, 0xAB8B, 0xAB8B, 0xB3CC, 0xBC0D, 0xBC0D, 0xABCD,
  0x934B, 0x5184, 0x4964, 0x4165, 0x6B0B, 0x840F, 0x39E7, 0x39E7, 0x4228, 0x4228, 0x4A6A, 0x52AA,
  0x2902, 0x41A5, 0x3943, 0x5A27, 0x836B, 0x7B4B, 0x49C5, 0x3943, 0x20A1, 0x1881, 0x1061, 0x1061,
  0x0841, 0x0820, 0x0800, 0x0800, 0x0841, 0x1061, 0x1861, 0x1881, 0x30E3, 0x4184, 0x51C5, 0x5A06,
  0x6226, 0x6A67, 0x6A67, 0x6A87, 0x6A87, 0x6A87, 0x7267, 0x7268, 0x7267, 0x6A47, 0x6A46, 0x6A46,
  0x6A46, 0x7247, 0x7267, 0x7267, 0x7A67, 0x7AA7, 0x82C8, 0x82C8, 0x8AE8, 0x8B09, 0x8B09, 0x9309,
  0x9309, 0x9309, 0x9329, 0x9329, 0x9329, 0x932A, 0x9B4A, 0x9B8B, 0x9BAB, 0xA3AB, 0xA3CC, 0xA3EC,
  0xABEC, 0xAC0D, 0xAC2D, 0xAC2D, 0xB44D, 0xB44D, 0xAC2D, 0xAC0C, 0xA3CB, 0x9B8B, 0x9B6A, 0x934A,
  0x9329, 0x8B09, 0x8B09, 0x8B09, 0x8B29, 0x8B29, 0x9349, 0x934A, 0x934A, 0x934A, 0x934A, 0x936A,
  0x9B8B, 0x9BAB, 0xA3CC, 0xAC0C, 0xB42D, 0xB44D, 0xB44D, 0xB44D, 0xBC6D, 0xBC6E, 0xBC6D, 0xBC6E,
  0xBC8E, 0xBC8E, 0xBC8E, 0xBC6E, 0xBC6E, 0xBC6E, 0xBC6E, 0xBC6E, 0xBC6E, 0xBC6E, 0xBC8E, 0xBC8E,
  0xBC8E, 0xC4AF, 0xC4CF, 0xC4F0, 0xCD11, 0xCD11, 0xCD31, 0xCD31, 0xCD11, 0xCD10, 0xCD10, 0xCD10,
  0xC4F0, 0xC4F0, 0xCCF0, 0xC4F0, 0xC4F0, 0xC4D0, 0xC4D0, 0xC4D0, 0xC4D0, 0xC4D0, 0xC4D0, 0xC4D0,
  0xC4F0, 0xC4F0, 0xC4F0, 0xCCF0, 0xCCF0, 0xCCF0, 0xCCF0, 0xCCF0, 0xCD11, 0xCD11, 0xCD11, 0xCD31,
  0xCD31, 0xCD31, 0xCD31, 0xCD31, 0xD552, 0xD552, 0xD552, 0xD552, 0xD552, 0xD552, 0xD552, 0xD552,
  0xD552, 0xD552, 0xD552, 0xD552, 0xCD11, 0xCD11, 0xCD11, 0xCD11, 0xCCF0, 0xCCF0, 0xC4F0, 0xC4F0,
  0xC4D0, 0xC4AF, 0xBC8F, 0xBC8F, 0xBC6E, 0xBC6E, 0xBC6E, 0xBC6E, 0xBC4E, 0xBC4E, 0xB44D, 0xB44D,
  0xB44D, 0xB42D, 0xB40C, 0xB40C, 0xABEC, 0xABCC, 0xA3AB, 0xA3AB, 0xA38B, 0xA38B, 0x9B6A, 0x9B6A,
  0x9B29, 0x8AE9, 0x8AE8, 0x82A8, 0x7A87, 0x7A67, 0x7246, 0x7267, 0x69E5, 0x6A05, 0x6A06, 0x7226,
  0x7A67, 0x82C8, 0x82A8, 0x7A46, 0x7A46, 0x9309, 0x8AC8, 0x8AE9, 0x8AC8, 0x8AE9, 0x9B4A, 0x8287,
  0x82A7, 0x8AA8, 0x8AC8, 0x92E8, 0x9B09, 0x9B2A, 0xA36A, 0xAB8B, 0xB3AB, 0xBC0D, 0xB3ED, 0xA3AC,
  0x7268, 0x30A2, 0x3944, 0x3945, 0x5A8A, 0x9471, 0x4A48, 0x4228, 0x4A89, 0x4248, 0x4A69, 0x4A69,
  0x49E6, 0x4185, 0x4185, 0x6268, 0x6267, 0x51A5, 0x4984, 0x3923, 0x28E2, 0x20C2, 0x18A2, 0x1061,
  0x1041, 0x0820, 0x0800, 0x1020, 0x0841, 0x1061, 0x1881, 0x2081, 0x30E2, 0x4164, 0x51A5, 0x5A06,
  0x6226, 0x6A67, 0x6A87, 0x7287, 0x7287, 0x72A8, 0x72A8, 0x72A8, 0x7287, 0x7267, 0x6A67, 0x6A67,
  0x7266, 0x7266, 0x7266, 0x7A87, 0x7A87, 0x7AA7, 0x82A8, 0x82C8, 0x8AE9, 0x9309, 0x932A, 0x932A,
  0x9B4A, 0x9B4A, 0x9B4A, 0x9B4A, 0x9B4A, 0x9B6A, 0x9B8B, 0xA3CC, 0xA3CC, 0xA3CC, 0xA3EC, 0xAC0D,
  0xAC0D, 0xAC2D, 0xB42D, 0xB44D, 0xB44D, 0xB44D, 0xAC2D, 0xA3EC, 0xA3AB, 0x9B8B, 0x9B6A, 0x934A,
  0x9329, 0x8B09, 0x8B09, 0x8B09, 0x8B29, 0x8B29, 0x8B29, 0x9329, 0x934A, 0x934A, 0x934A, 0x936A,
  0x9B8A, 0x9BAB, 0xA3CB, 0xAC0C, 0xB42D, 0xB42D, 0xB44D, 0xB44D, 0xBC4D, 0xBC4D, 0xBC6D, 0xBC6D,
  0xBC6D, 0xBC6D, 0xBC6D, 0xBC6D, 0xBC6D, 0xBC6D, 0xBC6D, 0xBC6D, 0xBC4E, 0xBC6E, 0xBC6E, 0xBC6E,
  0xBC8E, 0xC48E, 0xC4AF, 0xC4CF, 0xCCF0, 0xCD10, 0xCD11, 0xCD11, 0xCD10, 0xCCF0, 0xCCF0, 0xCCF0,
  0xCD10, 0xCCF0, 0xC4F0, 0xC4F0, 0xC4F0, 0xC4F0, 0xC4F0, 0xC4F0, 0xC4CF, 0xC4CF, 0xC4D0, 0xC4D0,
  0xC4F0, 0xC4F0, 0xCCF0, 0xCCF0, 0xCCF0, 0xCCF0, 0xCD11, 0xCD11, 0xCD11, 0xCD31, 0xCD31, 0xCD31,
  0xCD32, 0xCD31, 0xCD31, 0xCD32, 0xD552, 0xD552, 0xD552, 0xD552, 0xD552, 0xD552, 0xD552, 0xD552,
  0xD552, 0xD552, 0xD552, 0xCD32, 0xCD11, 0xCD11, 0xCD11, 0xCD11, 0xCCF0, 0xCCF0, 0xC4F0, 0xC4F0,
  0xC4D0, 0xC4AF, 0xBC8F, 0xBC8F, 0xBC8F, 0xBC8E, 0xBC8E, 0xB46E, 0xBC4E, 0xBC4E, 0xB44D, 0xB44D,
  0xB44D, 0xB44D, 0xB42D, 0xB40C, 0xABEC, 0xABEC, 0xA3AB, 0xA3AB, 0xA38B, 0xA38B, 0x9B6A, 0x9B6A,
  0x932A, 0x9309, 0x8AE9, 0x82C8, 0x82A7, 0x7A67, 0x7266, 0x7A87, 0x7246, 0x6A05, 0x7266, 0x6A05,
  0x7A67, 0x82C8, 0x8AE8, 0x82A8, 0x8267, 0x8287, 0x92E9, 0x8AA8, 0x8AC8, 0x8AC8, 0x9B4A, 0x92E9,
  0x82A7, 0x8AA7, 0x8AA8, 0x92C8, 0x92E9, 0x9B09, 0xA34A, 0xAB6B, 0xB3AB, 0xB3EC, 0xABAC, 0x932B,
  0x59A5, 0x28A2, 0x3924, 0x3965, 0x5248, 0x9CB2, 0x52AA, 0x4207, 0x4A89, 0x4248, 0x4A69, 0x4A8A,
  0x5A69, 0x41A5, 0x49C5, 0x4985, 0x4963, 0x4143, 0x4123, 0x3923, 0x30E3, 0x28C2, 0x18A2, 0x1061,
  0x0820, 0x0800, 0x1020, 0x1041, 0x0841, 0x1061, 0x1882, 0x2082, 0x30E2, 0x4164, 0x49A4, 0x5A06,
  0x6226, 0x6A47, 0x7287, 0x7287, 0x72A8, 0x72A8, 0x7AC9, 0x7AC9, 0x7AA8, 0x72A8, 0x7287, 0x7267,
  0x7267, 0x7267, 0x7287, 0x7AA7, 0x7AA7, 0x82C8, 0x8AC8, 0x8AE8, 0x8B09, 0x932A, 0x932A, 0x932A,
  0x9B4A, 0x9B4A, 0x9B6B, 0xA38B, 0xA3AB, 0xA38B, 0xA3AB, 0xA3CC, 0xA3CC, 0xA3EC, 0xAC0D, 0xAC0D,
  0xAC2D, 0xAC2D, 0xB42D, 0xB42D, 0xB44D, 0xB42D, 0xAC2D, 0xA3EC, 0xA3AB, 0x9B8B, 0x9B6A, 0x9B6A,
  0x9329, 0x8B09, 0x8B09, 0x8B09, 0x8B09, 0x8B09, 0x8B09, 0x8B29, 0x934A, 0x934A, 0x934A, 0x934A,
  0x9B8A, 0x9BAB, 0xA3CB, 0xAC0C, 0xB44D, 0xB42D, 0xB44D, 0xB44D, 0xBC4D, 0xBC6D, 0xBC6D, 0xBC6D,
  0xBC6D, 0xBC6D, 0xBC6D, 0xBC6D, 0xBC6D, 0xBC4D, 0xBC4D, 0xBC4D, 0xBC4D, 0xBC6E, 0xBC8E, 0xBC8E,
  0xBC8E, 0xBC8E, 0xBC8E, 0xC4AE, 0xC4D0, 0xC4F0, 0xCCF0, 0xCCF0, 0xC4F0, 0xC4F0, 0xC4F0, 0xC4F0,
  0xCD11, 0xC4F0, 0xC4D0, 0xC4CF, 0xC4D0, 0xC4F0, 0xC4F0, 0xC4F0, 0xC4F0, 0xC4CF, 0xC4D0, 0xC4F0,
  0xC4F0, 0xC4F0, 0xCCF0, 0xCCF0, 0xCCF0, 0xCCF0, 0xCD11, 0xCD11, 0xCD31, 0xCD31, 0xD532, 0xD532,
  0xD552, 0xCD32, 0xCD32, 0xD552, 0xD552, 0xD552, 0xD572, 0xD572, 0xD552, 0xD572, 0xD572, 0xD572,
  0xD552, 0xD552, 0xD552, 0xCD32, 0xCD31, 0xCD11, 0xCD11, 0xCD11, 0xCCF0, 0xCCF0, 0xC4F0, 0xC4F0,
  0xC4D0, 0xC4AF, 0xBCAF, 0xBC8F, 0xBC8F, 0xBC8F, 0xBC8E, 0xBC8E, 0xBC6E, 0xBC4E, 0xBC4E, 0xBC4E,
  0xBC4D, 0xB44D, 0xB42D, 0xB40C, 0xABEC, 0xABEC, 0xA3AB, 0xA3AB, 0xA38B, 0xA38B, 0x9B6A, 0x9B6A,
  0x9B4A, 0x9309, 0x8B09, 0x8AC8, 0x82A8, 0x7A67, 0x7246, 0x7A87, 0x7A67, 0x6A26, 0x7A87, 0x69E5,
  0x7A66, 0x82A7, 0x8AE8, 0x8AE8, 0x82A7, 0x8287, 0x8AA8, 0x9309, 0x8287, 0x8287, 0x92E9, 0x9B2A,
  0x8AC8, 0x8AA8, 0x8AA7, 0x8AA8, 0x92C8, 0x92E9, 0xA32A, 0xAB8B, 0xAB8A, 0xAB6B, 0xA38C, 0x7A68,
  0x4944, 0x30C2, 0x3124, 0x3986, 0x5248, 0xA4F3, 0x632C, 0x4228, 0x4A89, 0x4248, 0x4228, 0x4A6A,
  0x49E7, 0x4A07, 0x5207, 0x3944, 0x4163, 0x3902, 0x3902, 0x38E2, 0x30E3, 0x28A2, 0x1841, 0x1021,
  0x1020, 0x0800, 0x0820, 0x1040, 0x1041, 0x1881, 0x1882, 0x1861, 0x20C2, 0x3944, 0x49C6, 0x59E6,
  0x6247, 0x6A67, 0x7287, 0x7287, 0x72A7, 0x7AA8, 0x7AC8, 0x7AC8, 0x7AA8, 0x7AA8, 0x7A88, 0x7A88,
  0x7AA8, 0x7AA8, 0x82A8, 0x82C8, 0x82E8, 0x8B09, 0x8B09, 0x8B09, 0x932A, 0x934A, 0x9B6A, 0x9B8A,
  0x9B8B, 0x9B8B, 0x9BAB, 0xA3AB, 0xA3AB, 0xA3CC, 0xA3CC, 0xA3CC, 0xA3EC, 0xABEC, 0xABEC, 0xAC0D,
  0xAC2D, 0xB44E, 0xB44E, 0xB44E, 0xB44E, 0xAC2D, 0xAC0C, 0xABCC, 0xA3AB, 0xA38A, 0x9B6A, 0x9B4A,
  0x9329, 0x8B09, 0x8B09, 0x8B09, 0x8B09, 0x8B09, 0x8B09, 0x8B09, 0x9329, 0x934A, 0x934A, 0x936A,
  0x9B8B, 0xA3AB, 0xA3CC, 0xAC0C, 0xB42D, 0xB42D, 0xB44D, 0xB44D, 0xBC4D, 0xBC4D, 0xBC4D, 0xBC4D,
  0xBC6D, 0xBC6D, 0xBC6D, 0xBC6D, 0xBC6E, 0xBC6D, 0xBC6D, 0xBC8E, 0xBC6D, 0xBC6D, 0xBC6D, 0xBC6D,
  0xBC6D, 0xBC6D, 0xBC6E, 0xBC6E, 0xC48E, 0xC4AE, 0xC4AF, 0xC4CF, 0xCCCF, 0xCCCF, 0xC4CF, 0xC4AF,
  0xCCF0, 0xC4D0, 0xC4D0, 0xC4D0, 0xC4D0, 0xC4D0, 0xC4D0, 0xC4F0, 0xC4F0, 0xC4D0, 0xC4F0, 0xC4F0,
  0xCCF0, 0xC4F0, 0xCCF0, 0xCD11, 0xCCF1, 0xCD11, 0xCD11, 0xCD12, 0xCD32, 0xCD32, 0xD532, 0xD532,
  0xD552, 0xD553, 0xD553, 0xD573, 0xD553, 0xD553, 0xD553, 0xD573, 0xD553, 0xD553, 0xD552, 0xD552,
  0xD552, 0xD552, 0xD551, 0xCD31, 0xCD31, 0xCD11, 0xCD11, 0xCD11, 0xCCF0, 0xC4F0, 0xC4D0, 0xC4D0,
  0xC4D0, 0xC4AF, 0xBCAF, 0xBC8F, 0xBC8F, 0xBC8E, 0xBC8E, 0xBC8E, 0xBC6E, 0xB46E, 0xB44E, 0xB44E,
  0xB44E, 0xB44E, 0xB42D, 0xB42D, 0xB40D, 0xABEC, 0xABCB, 0xA3AB, 0xA3AB, 0xA38B, 0x9B6A, 0x9B4A,
  0x9329, 0x9309, 0x9309, 0x8AE8, 0x82A8, 0x7A87, 0x7A67, 0x7A67, 0x82A8, 0x7226, 0x7A46, 0x7246,
  0x7A46, 0x8AC8, 0x8AE8, 0x9309, 0x8AC8, 0x8AA7, 0x8A87, 0x92E8, 0x8A87, 0x8267, 0x9B09, 0x9309,
  0x8AE8, 0x8287, 0x8AE8, 0x8AE8, 0x8AC8, 0x92E9, 0x9AE9, 0xAB6B, 0x9BAD, 0x936C, 0x72C9, 0x51E6,
  0x3964, 0x28E2, 0x3964, 0x3986, 0x4A08, 0xBD96, 0x7BAE, 0x4A49, 0x4A6A, 0x4228, 0x4269, 0x428A,
  0x49E7, 0x5A69, 0x6ACA, 0x49A5, 0x4143, 0x4143, 0x3902, 0x3903, 0x30C2, 0x2082, 0x1841, 0x1841,
  0x1041, 0x1020, 0x0820, 0x1060, 0x1881, 0x1882, 0x1882, 0x1861, 0x20A2, 0x3944, 0x49A5, 0x59E6,
  0x6226, 0x6A47, 0x7287, 0x7287, 0x7AA7, 0x7AA8, 0x7AC8, 0x7AC8, 0x7AC8, 0x7AA8, 0x7AA8, 0x7AA8,
  0x7AA8, 0x7AC8, 0x82C8, 0x82E9, 0x8B09, 0x8B29, 0x8B29, 0x934A, 0x9B4A, 0x9B6A, 0x9B8B, 0xA3AB,
  0x9BAB, 0xA3AB, 0xA3AB, 0xA3CC, 0xA3CC, 0xA3CC, 0xA3CC, 0xA3EC, 0xABEC, 0xABEC, 0xAC0D, 0xAC0D,
  0xAC2D, 0xB44E, 0xB44E, 0xB44E, 0xB44E, 0xAC2D, 0xAC0C, 0xABCC, 0xA3AB, 0xA38A, 0x9B6A, 0x9B4A,
  0x9329, 0x8B09, 0x8B09, 0x8B09, 0x8AE8, 0x8AE8, 0x8AE8, 0x8B09, 0x9329, 0x934A, 0x936A, 0x936A,
  0x9BAB, 0xA3CB, 0xA3CC, 0xAC0C, 0xB42D, 0xB42D, 0xB44D, 0xB44D, 0xB44D, 0xBC4D, 0xBC4D, 0xBC6D,
  0xBC6D, 0xBC6D, 0xBC6D, 0xBC6D, 0xBC6D, 0xBC6D, 0xBC6D, 0xBC6D, 0xBC6D, 0xBC6D, 0xBC6D, 0xBC4D,
  0xBC6D, 0xBC6D, 0xBC6D, 0xBC6E, 0xBC6D, 0xC48E, 0xC4AE, 0xC4AF, 0xC4AF, 0xC4AF, 0xC4AF, 0xC4AF,
  0xC4AF, 0xC4AF, 0xC4CF, 0xC4D0, 0xC4D0, 0xC4D0, 0xC4D0, 0xC4F0, 0xC4F0, 0xC4D0, 0xC4D0, 0xC4F0,
  0xC4F0, 0xC4F0, 0xCCF0, 0xCD11, 0xCCF1, 0xCD11, 0xCD11, 0xCD12, 0xCD32, 0xD532, 0xD532, 0xD532,
  0xD552, 0xD553, 0xD553, 0xD573, 0xD573, 0xD573, 0xD573, 0xD573, 0xD553, 0xD553, 0xD552, 0xD552,
  0xD552, 0xD552, 0xD551, 0xCD31, 0xCD11, 0xCD11, 0xCD11, 0xCD11, 0xCCF0, 0xCCF0, 0xC4F0, 0xC4D0,
  0xC4D0, 0xC4AF, 0xBCAF, 0xBC8F, 0xBC8F, 0xBC8E, 0xBC8E, 0xBC8E, 0xBC6E, 0xB46E, 0xB44E, 0xB44E,
  0xB44E, 0xB44E, 0xB42D, 0xB42D, 0xB40D, 0xABEC, 0xABCB, 0xA3AB, 0xA3AB, 0xA38B, 0x9B6A, 0x9B4A,
  0x9329, 0x9309, 0x9309, 0x8AE8, 0x82A8, 0x8287, 0x8287, 0x7A67, 0x82A8, 0x7A46, 0x7A67, 0x7246,
  0x8287, 0x82A8, 0x8AE8, 0x9309, 0x9308, 0x8AA8, 0x8287, 0x8AC8, 0x8AA7, 0x8287, 0x92E9, 0x9309,
  0x8AE8, 0x82A7, 0x82C8, 0x8AC8, 0x8AC8, 0x92E9, 0x92C8, 0x9B0A, 0x934C, 0x7ACA, 0x5A07, 0x49A5,
  0x3964, 0x2903, 0x3164, 0x39A6, 0x41E7, 0xA4F3, 0x630C, 0x528A, 0x4A6A, 0x4229, 0x4249, 0x4269,
  0x5A27, 0x6268, 0x6268, 0x4984, 0x4143, 0x4143, 0x3903, 0x4123, 0x28A1, 0x2081, 0x1861, 0x1861,
  0x1861, 0x1040, 0x1040, 0x1061, 0x18A2, 0x18A2, 0x18A2, 0x1881, 0x2081, 0x3123, 0x49A5, 0x59E6,
  0x6227, 0x6A47, 0x7287, 0x7287, 0x7AA8, 0x7AC8, 0x7AE8, 0x7AE9, 0x82C9, 0x7AC8, 0x7AC8, 0x82C8,
  0x82C9, 0x82E9, 0x82E9, 0x8B09, 0x8B29, 0x934A, 0x934A, 0x936A, 0x9B6B, 0x9B8B, 0xA3AB, 0xA3AB,
  0xA3CC, 0xA3CC, 0xA3CC, 0xA3CC, 0xA3CC, 0xA3EC, 0xA3EC, 0xABEC, 0xABEC, 0xAC0D, 0xAC0D, 0xAC2D,
  0xB42D, 0xB44E, 0xB44E, 0xB44E, 0xB44E, 0xAC2D, 0xABEC, 0xA3CC, 0xA3AB, 0xA38A, 0x9B6A, 0x9B4A,
  0x9329, 0x8B09, 0x8B09, 0x8B09, 0x82E8, 0x82E8, 0x82E8, 0x8AE8, 0x8B29, 0x934A, 0x936A, 0x9B8A,
  0x9BAB, 0xA3CB, 0xA3CC, 0xAC0C, 0xB42D, 0xB42D, 0xB42D, 0xB42D, 0xB42D, 0xB44D, 0xBC4D, 0xBC6D,
  0xBC6D, 0xBC6D, 0xBC6D, 0xBC6D, 0xBC6D, 0xBC6D, 0xBC6D, 0xBC6D, 0xBC6D, 0xBC4D, 0xBC4D, 0xBC4D,
  0xBC4D, 0xBC4D, 0xBC4D, 0xBC4D, 0xB42C, 0xBC4D, 0xBC6D, 0xC46E, 0xBC8E, 0xBC8E, 0xBC8E, 0xC48E,
  0xBC6E, 0xBC8F, 0xC4AF, 0xC4AF, 0xC4D0, 0xC4D0, 0xC4D0, 0xC4D0, 0xC4CF, 0xC4CF, 0xC4CF, 0xC4D0,
  0xC4D0, 0xC4F0, 0xC4F0, 0xCD11, 0xCD11, 0xCD11, 0xCD11, 0xCD32, 0xCD32, 0xCD32, 0xD552, 0xD552,
  0xD553, 0xD553, 0xD573, 0xD573, 0xD573, 0xD573, 0xD573, 0xD553, 0xD553, 0xD553, 0xD552, 0xD573,
  0xD572, 0xD552, 0xD552, 0xCD31, 0xCD11, 0xCD11, 0xCD11, 0xCD11, 0xCCF0, 0xC4F0, 0xC4D0, 0xC4D0,
  0xC4AF, 0xC4AF, 0xBCAF, 0xBC8F, 0xBC8F, 0xBC8E, 0xBC8E, 0xBC8E, 0xBC6E, 0xB46E, 0xB44E, 0xB44E,
  0xBC4E, 0xB44E, 0xB42D, 0xB42D, 0xAC0C, 0xABEC, 0xABCB, 0xA3AB, 0xA3AB, 0xA38B, 0x9B6A, 0x9B4A,
  0x9329, 0x9309, 0x9309, 0x8AE8, 0x82A8, 0x82A7, 0x82A8, 0x82A8, 0x82A8, 0x7A67, 0x8287, 0x7A46,
  0x8AC8, 0x82A7, 0x8AE8, 0x92E8, 0x9309, 0x8AC8, 0x8287, 0x8287, 0x8AA8, 0x8AA7, 0x8AC8, 0x9309,
  0x8AC8, 0x82A7, 0x8AC8, 0x8AE8, 0x8AC8, 0x92E9, 0x930A, 0x9309, 0x830B, 0x6A68, 0x51C6, 0x49A5,
  0x3964, 0x3144, 0x3985, 0x39A6, 0x41E7, 0x9CD3, 0x62EB, 0x4A69, 0x4A69, 0x4249, 0x4249, 0x4289,
  0x5A26, 0x5A47, 0x49C5, 0x4984, 0x4964, 0x4144, 0x3903, 0x30C2, 0x2881, 0x2081, 0x2081, 0x1881,
  0x1861, 0x1041, 0x1041, 0x1881, 0x20A2, 0x1882, 0x20A2, 0x2081, 0x1881, 0x3103, 0x49A5, 0x59E6,
  0x6226, 0x6A47, 0x7287, 0x7AA8, 0x7AA8, 0x7AC8, 0x7AE9, 0x7AE9, 0x82E9, 0x82E9, 0x82E9, 0x82E9,
  0x82E9, 0x82E9, 0x8B09, 0x8B2A, 0x8B2A, 0x934A, 0x934A, 0x9B6A, 0x9B8B, 0xA38B, 0xA3AB, 0xA3CB,
  0xA3CC, 0xA3CC, 0xA3EC, 0xA3EC, 0xA3EC, 0xA3EC, 0xABEC, 0xABEC, 0xABEC, 0xAC0D, 0xAC2D, 0xB42D,
  0xB44E, 0xB44E, 0xB44E, 0xB42D, 0xB42D, 0xAC2D, 0xABEC, 0xA3CC, 0xA3AB, 0xA38A, 0x9B6A, 0x9B4A,
  0x9329, 0x8B09, 0x8B08, 0x82E9, 0x82E8, 0x82C8, 0x82C8, 0x82E8, 0x8B09, 0x934A, 0x9B6A, 0x9B8B,
  0xA3CB, 0xA3CC, 0xA3CC, 0xAC0C, 0xB42D, 0xB42D, 0xB44D, 0xB44D, 0xB42D, 0xB44D, 0xBC4D, 0xBC6D,
  0xBC6D, 0xBC6D, 0xBC6D, 0xBC8D, 0xBC8D, 0xBC6D, 0xBC6D, 0xBC6D, 0xBC6D, 0xBC4D, 0xBC4D, 0xBC2C,
  0xBC2C, 0xBC2C, 0xB42C, 0xB42C, 0xB40C, 0xB40C, 0xB40C, 0xB42D, 0xBC4D, 0xBC6E, 0xBC6D, 0xBC4D,
  0xBC6E, 0xBC6E, 0xBC8E, 0xC48F, 0xC4AF, 0xC4AF, 0xC4AF, 0xC4AF, 0xC4CF, 0xC4CF, 0xC4CF, 0xC4D0,
  0xC4D0, 0xC4F0, 0xC4F0, 0xCCF0, 0xCD11, 0xCD11, 0xCD31, 0xCD32, 0xCD32, 0xD532, 0xD552, 0xD553,
  0xD573, 0xD573, 0xD573, 0xD573, 0xDD93, 0xDD73, 0xD573, 0xD553, 0xD553, 0xD553, 0xD573, 0xD573,
  0xD572, 0xD552, 0xD552, 0xCD32, 0xCD11, 0xCD11, 0xCD11, 0xCD11, 0xCCF0, 0xC4F0, 0xC4D0, 0xC4AF,
  0xC4AF, 0xC4AF, 0xBCAF, 0xBC8F, 0xBC8F, 0xBC8F, 0xBC8F, 0xBC8E, 0xBC8F, 0xBC6E, 0xBC4E, 0xB44E,
  0xBC4E, 0xB44E, 0xB42D, 0xB42D, 0xABEC, 0xABEC, 0xABCB, 0xA3AB, 0xA3AB, 0xA38B, 0x9B6A, 0x9B4A,
  0x9329, 0x9309, 0x8AE9, 0x8AE8, 0x82C8, 0x82A8, 0x82A8, 0x82A8, 0x82A8, 0x82A8, 0x8287, 0x7A66,
  0x8AE8, 0x8AA7, 0x8AE8, 0x8AE8, 0x9309, 0x92E8, 0x8AA8, 0x8267, 0x8AA8, 0x8AC8, 0x8AA7, 0x92E9,
  0x92E9, 0x8AA8, 0x92C8, 0x9309, 0x8AA8, 0x8AE9, 0x934A, 0x8AE9, 0x6A68, 0x5A27, 0x51E6, 0x49E6,
  0x3144, 0x3985, 0x39C6, 0x39C7, 0x4207, 0x8410, 0x5AEB, 0x4228, 0x4A69, 0x4249, 0x4269, 0x4269,
  0x6AA7, 0x6266, 0x51C4, 0x4963, 0x4143, 0x4944, 0x3903, 0x2861, 0x2881, 0x2081, 0x2081, 0x2081,
  0x1861, 0x1841, 0x1861, 0x2082, 0x18A2, 0x1881, 0x20A2, 0x20A2, 0x1881, 0x30E3, 0x49A5, 0x51E6,
  0x6226, 0x6A67, 0x7287, 0x7AA8, 0x7AC8, 0x7AE9, 0x82E9, 0x82E9, 0x82E9, 0x82E9, 0x82E9, 0x82E9,
  0x8309, 0x8309, 0x8B09, 0x8B2A, 0x934A, 0x936A, 0x936A, 0x9B8B, 0x9BAB, 0xA3AB, 0xA3AB, 0xA3CC,
  0xA3CC, 0xA3CC, 0xA3EC, 0xA3EC, 0xA3EC, 0xABEC, 0xABEC, 0xAC0D, 0xAC0D, 0xAC0D, 0xB42D, 0xB44E,
  0xB44E, 0xB44E, 0xB44E, 0xB42D, 0xB42D, 0xAC0D, 0xABEC, 0xA3CC, 0xA3AB, 0xA38A, 0x9B6A, 0x9B4A,
  0x9329, 0x8B09, 0x82E8, 0x82E8, 0x82C8, 0x82C8, 0x82C8, 0x82E8, 0x8B09, 0x934A, 0x9B6A, 0x9BAB,
  0xA3CB, 0xA3CC, 0xABEC, 0xAC0C, 0xB42C, 0xB42D, 0xB44D, 0xB44D, 0xB44D, 0xB44D, 0xBC4D, 0xBC6D,
  0xBC6D, 0xBC6D, 0xBC6D, 0xBC8D, 0xBC8D, 0xBC6D, 0xBC6D, 0xBC4D, 0xBC4D, 0xBC2C, 0xBC2C, 0xB42C,
  0xB42C, 0xB42C, 0xB42C, 0xB40C, 0xB40C, 0xB3EC, 0xB3EB, 0xB40C, 0xB42C, 0xBC4D, 0xBC4D, 0xBC4D,
  0xBC4D, 0xBC4D, 0xBC4D, 0xBC6E, 0xBC6E, 0xBC8E, 0xC48F, 0xC48F, 0xC4AF, 0xC4AF, 0xC4CF, 0xC4CF,
  0xC4D0, 0xCCF0, 0xCCD0, 0xC4D0, 0xCCF0, 0xCD11, 0xCD11, 0xCD31, 0xCD32, 0xD532, 0xD552, 0xD552,
  0xD573, 0xD573, 0xD573, 0xDD73, 0xDD93, 0xDD73, 0xD573, 0xD553, 0xD573, 0xD573, 0xD573, 0xD573,
  0xD573, 0xD552, 0xD552, 0xD552, 0xCD31, 0xCD11, 0xCD11, 0xCD11, 0xCCF0, 0xC4F0, 0xC4D0, 0xC4AF,
  0xC4AF, 0xBCAF, 0xBCAF, 0xBC8F, 0xBC8F, 0xBC8F, 0xBC8F, 0xBC8F, 0xBC8F, 0xBC6E, 0xBC6E, 0xBC4E,
  0xBC4E, 0xB44E, 0xB42D, 0xB42D, 0xABEC, 0xABEC, 0xABCC, 0xA3CB, 0xA3AB, 0xA38B, 0x9B6A, 0x9B4A,
  0x9329, 0x9329, 0x9309, 0x8AC8, 0x8AC8, 0x82C8, 0x82C8, 0x8AC8, 0x8AC8, 0x8AE8, 0x7A67, 0x8287,
  0x8AC8, 0x8AC8, 0x8AE8, 0x92E8, 0x92E9, 0x92E9, 0x92E9, 0x8287, 0x82A7, 0x8AE8, 0x8AC8, 0x92E9,
  0x9B09, 0x9AE9, 0x92C9, 0x92E9, 0x8AE9, 0x82E9, 0x8309, 0x7287, 0x5206, 0x5A27, 0x5207, 0x49E6,
  0x2923, 0x3164, 0x39C6, 0x39E7, 0x41E7, 0x5ACA, 0x4A69, 0x4228, 0x4269, 0x4269, 0x4269, 0x4A8A,
  0x9BEB, 0x6A86, 0x59E4, 0x4943, 0x4123, 0x4124, 0x30C2, 0x2881, 0x28A1, 0x28A1, 0x20A1, 0x2081,
  0x1881, 0x1861, 0x1861, 0x2082, 0x1881, 0x1881, 0x20A2, 0x20A2, 0x2081, 0x28E2, 0x4164, 0x51C5,
  0x6226, 0x6A47, 0x7287, 0x7AA8, 0x7AC8, 0x82E9, 0x8309, 0x8309, 0x8309, 0x82E9, 0x8309, 0x8B09,
  0x8B09, 0x8B09, 0x8B2A, 0x932A, 0x934A, 0x936B, 0x9B8B, 0x9B8B, 0xA3AB, 0xA3CC, 0xA3CC, 0xA3CC,
  0xA3CC, 0xA3EC, 0xA3EC, 0xABEC, 0xABEC, 0xAC0D, 0xAC0D, 0xAC0D, 0xAC0D, 0xAC2D, 0xB44E, 0xB44E,
  0xB44E, 0xB44E, 0xB42D, 0xAC2D, 0xAC2D, 0xAC0D, 0xABEC, 0xA3CC, 0xA3AB, 0xA38A, 0x9B6A, 0x9349,
  0x9329, 0x8B09, 0x82E8, 0x82E8, 0x82C8, 0x82C8, 0x82C8, 0x82E8, 0x8B09, 0x934A, 0x9B8A, 0x9BAB,
  0xA3CB, 0xA3CC, 0xABEC, 0xAC0C, 0xB42C, 0xB42D, 0xB44D, 0xBC6D, 0xBC4D, 0xBC4D, 0xBC6D, 0xBC6D,
  0xBC6D, 0xBC8D, 0xBC8D, 0xBC8D, 0xBC8D, 0xBC8D, 0xBC6D, 0xBC4D, 0xBC2C, 0xB42C, 0xB42C, 0xB42C,
  0xBC2C, 0xBC2C, 0xBC2C, 0xBC2C, 0xB40C, 0xB40C, 0xB40C, 0xB40C, 0xB40C, 0xB40C, 0xBC2D, 0xBC4D,
  0xBC2D, 0xB42D, 0xB42D, 0xB42D, 0xB42D, 0xBC4D, 0xBC6E, 0xBC8E, 0xBC6E, 0xC48F, 0xC4AF, 0xC4AF,
  0xC4D0, 0xC4D0, 0xC4D0, 0xC4D0, 0xC4F0, 0xCCF0, 0xCD11, 0xCD31, 0xCD32, 0xCD32, 0xD552, 0xD552,
  0xD573, 0xD573, 0xD573, 0xDD73, 0xDD73, 0xD573, 0xD573, 0xD553, 0xD573, 0xD573, 0xD573, 0xD573,
  0xD573, 0xD552, 0xD552, 0xD552, 0xCD11, 0xCD11, 0xCD11, 0xCD11, 0xCCF0, 0xC4F0, 0xC4D0, 0xC4D0,
  0xC4AF, 0xC4AF, 0xBCAF, 0xBC8F, 0xBC8F, 0xBC8F, 0xBC8F, 0xBC8F, 0xBC8F, 0xBC8F, 0xBC6E, 0xBC6E,
  0xBC4E, 0xB44E, 0xB42D, 0xB40D, 0xABEC, 0xABEC, 0xABCC, 0xA3CB, 0xA3AB, 0xA38B, 0x9B6A, 0x9B4A,
  0x932A, 0x9329, 0x9309, 0x8AE8, 0x8AE8, 0x8AC8, 0x8AC8, 0x8AE8, 0x8AC8, 0x9309, 0x82A7, 0x82A7,
  0x8AC7, 0x92E8, 0x92E8, 0x9309, 0x92E9, 0x9309, 0x9309, 0x82A7, 0x82A7, 0x92E8, 0x92E8, 0x92E9,
  0x9B09, 0xA34A, 0x92E9, 0x8AC9, 0x8B0A, 0x82E9, 0x7288, 0x6247, 0x5A48, 0x5A68, 0x5227, 0x49E7,
  0x3144, 0x2923, 0x39C6, 0x4228, 0x39E7, 0x5AEB, 0x4A69, 0x4248, 0x4249, 0x4A8A, 0x4269, 0x5B4C,
  0xC54F, 0x72A5, 0x59E4, 0x4963, 0x4964, 0x4103, 0x2861, 0x2881, 0x28A2, 0x28C1, 0x20A1, 0x20A1,
  0x2081, 0x1881, 0x2082, 0x2083, 0x2082, 0x20A2, 0x20C2, 0x20A2, 0x2081, 0x28C2, 0x3944, 0x51C5,
  0x5A06, 0x6227, 0x7287, 0x7AA8, 0x7AC8, 0x82E9, 0x8309, 0x8309, 0x8309, 0x8309, 0x8B09, 0x8B29,
  0x8B29, 0x8B2A, 0x8B2A, 0x934A, 0x936A, 0x9B8B, 0x9B8B, 0x9BAB, 0xA3CC, 0xA3CC, 0xA3CC, 0xA3EC,
  0xA3EC, 0xABEC, 0xABEC, 0xAC0D, 0xAC0D, 0xAC0D, 0xAC0D, 0xAC0D, 0xAC2D, 0xB42D, 0xB44E, 0xB44E,
  0xB44E, 0xB44E, 0xB42D, 0xAC2D, 0xAC0D, 0xAC0D, 0xABEC, 0xA3CC, 0xA3AB, 0xA38A, 0x9B6A, 0x9349,
  0x8B09, 0x8AE8, 0x82E8, 0x82C8, 0x82A7, 0x82A7, 0x82C8, 0x82E8, 0x8B09, 0x934A, 0x9B8A, 0x9B8B,
  0xA3AB, 0xA3CC, 0xABEC, 0xAC0D, 0xB42D, 0xB44D, 0xBC4D, 0xBC6D, 0xBC4D, 0xBC6D, 0xBC6E, 0xBC6E,
  0xBCAE, 0xC4AE, 0xC4AE, 0xC48E, 0xC48E, 0xC48E, 0xBC8D, 0xBC4D, 0xBC2C, 0xB42C, 0xB42C, 0xB42C,
  0xBC4C, 0xBC4D, 0xBC4D, 0xBC2C, 0xBC2C, 0xBC2D, 0xBC4D, 0xBC2C, 0xB40C, 0xB40C, 0xB40C, 0xBC2C,
  0xBC2D, 0xBC2D, 0xB40C, 0xB40C, 0xB40C, 0xB40D, 0xBC2D, 0xBC4D, 0xBC4D, 0xBC6E, 0xBC6E, 0xC48E,
  0xC4AF, 0xC4AF, 0xC4D0, 0xC4D0, 0xC4F0, 0xCCF0, 0xCD11, 0xCD11, 0xCD31, 0xCD31, 0xCD32, 0xCD52,
  0xD553, 0xD573, 0xD573, 0xD573, 0xD573, 0xD573, 0xD573, 0xD573, 0xD573, 0xD573, 0xD573, 0xD573,
  0xD552, 0xD552, 0xD552, 0xD552, 0xCD31, 0xCD11, 0xCD11, 0xCD11, 0xCCF0, 0xCCF0, 0xC4F0, 0xC4D0,
  0xC4D0, 0xC4AF, 0xBCAF, 0xBC8F, 0xBC8F, 0xBC8F, 0xBC8F, 0xBC8F, 0xBC8F, 0xBC6E, 0xBC6E, 0xBC6E,
  0xBC4E, 0xB44E, 0xB42D, 0xB42D, 0xABEC, 0xABEC, 0xABCC, 0xA3CB, 0xA3AB, 0xA38B, 0x9B6A, 0x9B6A,
  0x934A, 0x934A, 0x9309, 0x8AE9, 0x8AE9, 0x8AE8, 0x8AC8, 0x8AE9, 0x8AC8, 0x9309, 0x9308, 0x8AA7,
  0x8AC7, 0x8AE8, 0x9309, 0x9B09, 0x9B09, 0x9B09, 0x9B2A, 0x92E8, 0x8AC8, 0x92E8, 0x9B09, 0x92C8,
  0x92E9, 0x9B2A, 0x92E9, 0x82A9, 0x7AC9, 0x6A68, 0x6227, 0x5A06, 0x5248, 0x5A68, 0x4A07, 0x41E6,
  0x39A5, 0x2924, 0x4228, 0x5289, 0x4A48, 0x6B6D, 0x528A, 0x4228, 0x4269, 0x4A8A, 0x4AAA, 0x73CF,
  0xE632, 0x8B47, 0x6204, 0x4942, 0x4923, 0x38C2, 0x30A2, 0x2881, 0x28A2, 0x28C1, 0x28C1, 0x20A1,
  0x20A1, 0x2082, 0x2082, 0x20A3, 0x20A2, 0x20C2, 0x20C2, 0x20A2, 0x2081, 0x20A1, 0x3923, 0x49A5,
  0x59E6, 0x6227, 0x6A67, 0x7AA8, 0x7AC8, 0x82E9, 0x8309, 0x830A, 0x8309, 0x8B09, 0x8B09, 0x8B2A,
  0x8B2A, 0x8B2A, 0x934A, 0x936A, 0x936A, 0x9B8B, 0x9B8B, 0x9BAB, 0xA3CC, 0xA3CC, 0xA3CC, 0xA3EC,
  0xABEC, 0xAC0D, 0xAC0D, 0xAC0D, 0xAC0D, 0xAC0D, 0xAC2D, 0xAC2D, 0xAC2D, 0xB44E, 0xB44E, 0xB44E,
  0xB44E, 0xB44E, 0xB42D, 0xAC2D, 0xAC0D, 0xAC0D, 0xABEC, 0xABCC, 0xA3AB, 0xA38A, 0x9B6A, 0x9349,
  0x8B09, 0x8AE8, 0x82C8, 0x82C8, 0x82A7, 0x7AA7, 0x82C8, 0x82C8, 0x8B29, 0x934A, 0x9B6A, 0x9B8B,
  0xA3AB, 0xA3CC, 0xABEC, 0xAC0D, 0xB42D, 0xB44D, 0xBC4D, 0xBC4D, 0xBC4D, 0xBC6D, 0xBC6E, 0xBC8E,
  0xC4CF, 0xC4CF, 0xC4CF, 0xC4CF, 0xC4CF, 0xC4AE, 0xC48E, 0xBC6D, 0xBC4D, 0xB44D, 0xB44C, 0xBC4D,
  0xBC4D, 0xBC4D, 0xBC4D, 0xBC2D, 0xBC4D, 0xBC4D, 0xBC4D, 0xBC2D, 0xB42C, 0xB40C, 0xB40C, 0xB40C,
  0xBC4D, 0xBC2D, 0xB40C, 0xB40C, 0xB3EC, 0xB40C, 0xB40C, 0xB40C, 0xB42D, 0xBC4D, 0xBC4E, 0xBC6E,
  0xBC8E, 0xC4AF, 0xC4D0, 0xC4D0, 0xC4F0, 0xCCF0, 0xCD11, 0xCD11, 0xCD31, 0xCD31, 0xCD32, 0xCD32,
  0xD552, 0xD553, 0xD573, 0xD573, 0xD573, 0xD573, 0xD573, 0xDD73, 0xD573, 0xD573, 0xD573, 0xD553,
  0xD552, 0xD552, 0xD552, 0xD552, 0xD532, 0xCD31, 0xCD11, 0xCD11, 0xCCF0, 0xC4F0, 0xC4F0, 0xC4D0,
  0xC4D0, 0xC4D0, 0xBCAF, 0xBC8F, 0xBC8E, 0xBC8E, 0xBC8E, 0xBC8E, 0xBC6E, 0xBC6E, 0xBC6E, 0xBC6E,
  0xBC4E, 0xB44E, 0xB42D, 0xB42D, 0xABEC, 0xABEC, 0xABCC, 0xA3CB, 0xA3AB, 0xA38B, 0x9B6B, 0x9B6A,
  0x934A, 0x934A, 0x9329, 0x8B09, 0x8B09, 0x8B09, 0x8AE8, 0x8AE9, 0x8AC8, 0x9309, 0x9B4A, 0x8AA7,
  0x8AC8, 0x8AC7, 0x9B29, 0x9B29, 0x9B4A, 0x9B09, 0x9B29, 0xA349, 0x92E8, 0x92E8, 0x9B09, 0x92A8,
  0x92C8, 0x92E9, 0x8B0A, 0x7AA9, 0x6206, 0x51C5, 0x49C6, 0x49E6, 0x4A27, 0x5248, 0x41E6, 0x41C6,
  0x39A6, 0x2903, 0x4208, 0x5269, 0x528A, 0x5ACA, 0x4228, 0x4249, 0x4AAA, 0x4A69, 0x634D, 0x73CF,
  0xEE72, 0xB48C, 0x59E3, 0x5162, 0x4923, 0x38C2, 0x2861, 0x3082, 0x28A1, 0x28A1, 0x28C1, 0x28C1,
  0x28A1, 0x28A2, 0x2082, 0x2083, 0x28C2, 0x28C3, 0x20C2, 0x2081, 0x20A2, 0x28C2, 0x3103, 0x4985,
  0x59E6, 0x6247, 0x6A87, 0x7288, 0x7AC8, 0x82E9, 0x8309, 0x8B2A, 0x8B09, 0x8B29, 0x8B2A, 0x8B2A,
  0x8B2A, 0x934A, 0x936A, 0x936A, 0x9B8B, 0x9B8B, 0x9BAB, 0xA3AB, 0xA3CC, 0xA3CC, 0xABEC, 0xAC0D,
  0xABEC, 0xAC0D, 0xAC0D, 0xAC0D, 0xAC2D, 0xB42D, 0xB44E, 0xB44E, 0xB46E, 0xB44E, 0xB44E, 0xB44E,
  0xB44E, 0xB44E, 0xB42D, 0xAC2D, 0xAC0D, 0xABEC, 0xABEC, 0xA3CC, 0xA3CB, 0xA38A, 0x9B6A, 0x9349,
  0x8B09, 0x82C8, 0x7AA7, 0x7AA8, 0x7AA7, 0x7AA7, 0x82A7, 0x82E8, 0x8B29, 0x934A, 0x9B6A, 0x9B8B,
  0xA3AB, 0xA3CB, 0xABEC, 0xB40D, 0xB42D, 0xB44D, 0xBC6D, 0xBC6E, 0xBC6E, 0xBC6E, 0xBC8F, 0xC4CF,
  0xC4F0, 0xC4F0, 0xCCF0, 0xCCF0, 0xCCF0, 0xCCF0, 0xC4CF, 0xBC8E, 0xBC6E, 0xBC6D, 0xBC4D, 0xBC6E,
  0xBC8E, 0xC48E, 0xBC6E, 0xC46E, 0xC48E, 0xC46E, 0xBC6D, 0xBC6D, 0xBC4D, 0xBC4D, 0xBC2C, 0xB40C,
  0xBC0C, 0xBC2C, 0xBC2C, 0xBC2C, 0xB40C, 0xB3EC, 0xABEB, 0xABCB, 0xB3EC, 0xB40D, 0xBC4D, 0xBC4E,
  0xBC6E, 0xC48E, 0xC4AF, 0xC4AF, 0xC4D0, 0xC4D0, 0xCCF0, 0xCD11, 0xCD31, 0xCD31, 0xCD31, 0xCD11,
  0xD532, 0xD552, 0xD552, 0xD552, 0xD573, 0xD553, 0xD553, 0xD552, 0xD552, 0xD552, 0xD552, 0xD552,
  0xCD32, 0xCD32, 0xCD32, 0xCD32, 0xCD11, 0xCD31, 0xCD11, 0xCD11, 0xCCF0, 0xCCF0, 0xC4F0, 0xC4D0,
  0xC4D0, 0xC4D0, 0xC4AF, 0xBC8F, 0xBC8E, 0xBC6E, 0xBC8E, 0xBC8F, 0xBC6F, 0xBC6F, 0xBC6E, 0xBC4E,
  0xBC4E, 0xB44E, 0xB42D, 0xB40C, 0xB40C, 0xABEC, 0xABCC, 0xABAB, 0xA3AB, 0xA38B, 0x9B6B, 0x9B6A,
  0x9B4A, 0x9329, 0x9309, 0x9329, 0x9309, 0x8AE8, 0x8AE8, 0x8B09, 0x8AE8, 0x9309, 0x9B4A, 0x92E8,
  0x8AC8, 0x92E8, 0x9B49, 0x9B49, 0x9B29, 0xA349, 0xA34A, 0xA349, 0x9B09, 0x9AE9, 0x92A8, 0x92C8,
  0x82A8, 0x8AC9, 0x82E9, 0x6227, 0x4984, 0x3944, 0x3964, 0x49C6, 0x41C6, 0x4A28, 0x4A07, 0x41E7,
  0x3165, 0x2944, 0x5289, 0x5269, 0x4A48, 0x4228, 0x4A69, 0x4A49, 0x4A8A, 0x52CB, 0x73CF, 0x6B8E,
  0xD58F, 0xD5B0, 0x7AA6, 0x5162, 0x4923, 0x3882, 0x3082, 0x30A2, 0x28A2, 0x28A1, 0x28A1, 0x28A1,
  0x28A1, 0x28A2, 0x28A2, 0x2883, 0x28C2, 0x28C2, 0x20C2, 0x2082, 0x20A2, 0x28C2, 0x30E3, 0x4164,
  0x51E6, 0x6227, 0x6A67, 0x7288, 0x7AC8, 0x82E9, 0x8309, 0x832A, 0x8B09, 0x8B2A, 0x8B2A, 0x8B2A,
  0x932A, 0x934A, 0x936A, 0x936B, 0x9B8B, 0x9BAB, 0xA3AB, 0xA3CC, 0xA3CC, 0xA3EC, 0xABEC, 0xAC0D,
  0xAC0D, 0xAC0D, 0xAC0D, 0xAC0D, 0xAC2D, 0xB44E, 0xB44E, 0xB44E, 0xB44E, 0xB44E, 0xB44E, 0xB44E,
  0xB44E, 0xB44E, 0xB42D, 0xAC2D, 0xAC0D, 0xAC0D, 0xABEC, 0xA3CC, 0xA3CB, 0xA38A, 0x9B6A, 0x9349,
  0x8B09, 0x82C8, 0x7AA7, 0x7AA7, 0x7AA7, 0x7A87, 0x82A7, 0x82E8, 0x8B29, 0x934A, 0x9B8A, 0x9BAB,
  0xA3CB, 0xABEC, 0xAC0C, 0xB42D, 0xBC4D, 0xBC6D, 0xBC6E, 0xBC8E, 0xBCAE, 0xC4AF, 0xC4CF, 0xCCF0,
  0xCD11, 0xCD11, 0xCD31, 0xCD31, 0xCD31, 0xCD11, 0xCCF0, 0xC4AF, 0xBC8E, 0xBC6E, 0xBC6E, 0xBC8E,
  0xBC8E, 0xBC8E, 0xBC6E, 0xBC6E, 0xBC6E, 0xBC6D, 0xBC4D, 0xBC4D, 0xBC4D, 0xBC4D, 0xBC2C, 0xB40C,
  0xB40C, 0xBC2C, 0xBC2D, 0xBC2C, 0xB40C, 0xB3EC, 0xABEB, 0xABCB, 0xABCB, 0xABEC, 0xB3EC, 0xB42D,
  0xBC4E, 0xBC6E, 0xC48F, 0xC4AF, 0xC4D0, 0xC4D0, 0xC4F0, 0xCCF0, 0xCD11, 0xCD11, 0xCD11, 0xCD31,
  0xCD11, 0xCD32, 0xD552, 0xD552, 0xD552, 0xD552, 0xD553, 0xD553, 0xD553, 0xD553, 0xD552, 0xD532,
  0xCD32, 0xCD32, 0xCD11, 0xCD11, 0xCD11, 0xCD11, 0xCD11, 0xCCF1, 0xC4F0, 0xC4D0, 0xC4D0, 0xC4D0,
  0xC4D0, 0xC4D0, 0xC4AF, 0xBC8F, 0xBC8F, 0xBC6E, 0xBC8E, 0xBC8F, 0xBC6E, 0xBC6E, 0xBC6E, 0xBC4E,
  0xBC4E, 0xB44E, 0xB42D, 0xB40D, 0xB40C, 0xABEC, 0xABCC, 0xABAB, 0xA3AB, 0xA38B, 0x9B6B, 0x9B6A,
  0x9B4A, 0x9329, 0x9329, 0x9329, 0x9309, 0x8AE8, 0x8AE8, 0x8B09, 0x8AE8, 0x8AE9, 0x9329, 0x8AC8,
  0x9308, 0x9308, 0x9B29, 0xA38A, 0x9B49, 0x9B28, 0x9B29, 0xA329, 0xA309, 0x9AE9, 0x92C8, 0x8AC8,
  0x82A8, 0x6A46, 0x59E5, 0x49A5, 0x4165, 0x3924, 0x3124, 0x3965, 0x3985, 0x41C6, 0x41E7, 0x4A07,
  0x3965, 0x2903, 0x4A07, 0x4A28, 0x4A28, 0x4A49, 0x4A49, 0x4A6A, 0x5AEC, 0x632D, 0x6B8E, 0x6B8E,
  0x8B87, 0xCD4F, 0x8327, 0x5162, 0x4923, 0x3881, 0x30A2, 0x30A2, 0x30A2, 0x28A1, 0x28A1, 0x28A1,
  0x28A1, 0x28A2, 0x28A3, 0x28A3, 0x28C2, 0x28C2, 0x20C2, 0x20A2, 0x20A2, 0x28A2, 0x28E2, 0x4164,
  0x51C5, 0x6226, 0x6A67, 0x7287, 0x7AA8, 0x82E9, 0x8309, 0x8B0A, 0x8B29, 0x8B29, 0x8B2A, 0x8B2A,
  0x934A, 0x934A, 0x936A, 0x9B8B, 0x9B8B, 0x9BAB, 0xA3CB, 0xA3CC, 0xA3EC, 0xA3EC, 0xAC0C, 0xAC0D,
  0xAC0D, 0xAC0D, 0xAC0D, 0xAC2D, 0xB42D, 0xB44E, 0xB44E, 0xB44E, 0xB44E, 0xB46E, 0xB46E, 0xB46E,
  0xB44E, 0xB44E, 0xB42D, 0xB42D, 0xAC2D, 0xAC0D, 0xABEC, 0xA3CC, 0xA3CB, 0xA3AB, 0x9B6A, 0x9329,
  0x8B08, 0x82A7, 0x7A87, 0x7A87, 0x7A87, 0x7A87, 0x82A7, 0x82C8, 0x8B09, 0x934A, 0x9B8A, 0xA3AB,
  0xA3CB, 0xABEC, 0xB42C, 0xB44D, 0xBC6D, 0xBC6E, 0xBC8E, 0xBCAE, 0xC4CF, 0xCD10, 0xCD31, 0xD531,
  0xD592, 0xD572, 0xD592, 0xDD93, 0xD572, 0xD551, 0xCD31, 0xCD10, 0xC4D0, 0xC4AF, 0xBCAF, 0xC4AF,
  0xC4AF, 0xC4AF, 0xC4AF, 0xC4AF, 0xC4AF, 0xC48E, 0xBC8E, 0xC46E, 0xBC6D, 0xBC4D, 0xBC2C, 0xB40C,
  0xB40C, 0xBC2C, 0xBC2D, 0xBC2C, 0xB40C, 0xB40C, 0xABEC, 0xABCB, 0xABCB, 0xABCB, 0xABAB, 0xABCC,
  0xB40C, 0xBC4D, 0xBC6E, 0xC48F, 0xC4AF, 0xC4CF, 0xC4D0, 0xC4D0, 0xC4F0, 0xCCF0, 0xCD11, 0xCD11,
  0xC4F1, 0xCD11, 0xD552, 0xD552, 0xD552, 0xD552, 0xD552, 0xD573, 0xD553, 0xD553, 0xD552, 0xCD32,
  0xCD32, 0xCD11, 0xCD11, 0xCD11, 0xCD11, 0xCCF1, 0xCCF1, 0xC4F0, 0xC4D0, 0xC4D0, 0xC4D0, 0xC4D0,
  0xC4B0, 0xC4B0, 0xC4AF, 0xC48F, 0xBC8F, 0xBC8E, 0xBC8E, 0xBC8F, 0xBC6E, 0xBC6E, 0xBC6E, 0xBC4E,
  0xBC4E, 0xBC4E, 0xB42D, 0xB42D, 0xB40D, 0xB3EC, 0xABCC, 0xABAB, 0xA3AB, 0xA38B, 0xA38B, 0x9B6A,
  0x9B4A, 0x932A, 0x9329, 0x9329, 0x8B09, 0x8AE8, 0x8AE8, 0x8B09, 0x8AE8, 0x9309, 0x9329, 0x8AC8,
  0x9329, 0x9309, 0x92E8, 0xA36A, 0x9B28, 0x9308, 0xA349, 0x9B08, 0x9B09, 0x92C8, 0x92C8, 0x82A8,
  0x6A26, 0x5184, 0x3902, 0x3943, 0x3965, 0x3124, 0x3124, 0x3986, 0x3985, 0x3965, 0x39A6, 0x41C6,
  0x3145, 0x2903, 0x41C6, 0x4A07, 0x4208, 0x4A48, 0x4228, 0x52AA, 0x632D, 0x6B6E, 0x634D, 0x6B6E,
  0x8B46, 0xAC6C, 0x8B28, 0x5183, 0x4102, 0x38A1, 0x38A2, 0x38A2, 0x30C2, 0x30C2, 0x30C1, 0x28A1,
  0x28A2, 0x28A2, 0x28A3, 0x28A3, 0x28C2, 0x28C2, 0x28C2, 0x20C2, 0x20C2, 0x28A2, 0x28C2, 0x3943,
  0x51C5, 0x6226, 0x6A67, 0x7287, 0x7AA8, 0x82E9, 0x8309, 0x8B2A, 0x8B29, 0x8B2A, 0x8B2A, 0x934A,
  0x934A, 0x936A, 0x9B8B, 0x9B8B, 0x9BAB, 0x9BAB, 0xA3CC, 0xA3CC, 0xA3EC, 0xA3EC, 0xAC0D, 0xAC0D,
  0xAC0D, 0xAC0D, 0xAC2D, 0xB42D, 0xB42D, 0xB44E, 0xB44E, 0xB44E, 0xB44E, 0xB46E, 0xBC6E, 0xB46E,
  0xB44E, 0xB42D, 0xB42D, 0xB42D, 0xAC2D, 0xAC0D, 0xABEC, 0xABCC, 0xA3CB, 0xA3AB, 0x9B6A, 0x9329,
  0x8AE8, 0x7A87, 0x7266, 0x7A87, 0x7A87, 0x7A87, 0x82A7, 0x82C8, 0x8B09, 0x9349, 0x9B8A, 0xA3AB,
  0xA3CB, 0xABEC, 0xB42D, 0xB44D, 0xBC6E, 0xBC6E, 0xBC8E, 0xBCAE, 0xC4F0, 0xD531, 0xD551, 0xD551,
  0xD593, 0xD592, 0xDDB3, 0xDDB3, 0xD572, 0xD552, 0xD551, 0xD551, 0xCD31, 0xCD11, 0xCCF0, 0xC4F0,
  0xCCF0, 0xCCF0, 0xCCF0, 0xCCF0, 0xCCF0, 0xCCD0, 0xC4CF, 0xC4AF, 0xC48E, 0xBC6D, 0xBC2D, 0xB42C,
  0xB40C, 0xB40C, 0xBC0C, 0xBC0C, 0xB40C, 0xB40C, 0xB40C, 0xABCB, 0xABCB, 0xABCB, 0xA3AB, 0xABAB,
  0xABEC, 0xB40C, 0xB44D, 0xBC6E, 0xBC8F, 0xC4AF, 0xC4D0, 0xC4D0, 0xC4F0, 0xC4F0, 0xC4F0, 0xC4F0,
  0xC4F1, 0xCD11, 0xCD31, 0xD552, 0xD532, 0xD552, 0xD552, 0xD552, 0xD552, 0xD552, 0xD532, 0xCD32,
  0xCD11, 0xCD11, 0xCD11, 0xCD11, 0xCD11, 0xCCF1, 0xCCF1, 0xCCF1, 0xC4F0, 0xC4D0, 0xC4D0, 0xC4D0,
  0xC4B0, 0xC4AF, 0xC4AF, 0xC48F, 0xBC8F, 0xBC8E, 0xBC8E, 0xBC8F, 0xBC6F, 0xBC6F, 0xBC6E, 0xBC4E,
  0xBC4E, 0xBC4E, 0xB42D, 0xB42D, 0xB40D, 0xB3EC, 0xABCC, 0xABAB, 0xA3AB, 0xA38B, 0xA38B, 0xA38B,
  0x9B4A, 0x934A, 0x932A, 0x9329, 0x8B09, 0x8AE8, 0x8AE8, 0x8B09, 0x8AE8, 0x8AE8, 0x9329, 0x82A7,
  0x9309, 0x9309, 0x8AC8, 0x9B4A, 0x9B6A, 0x9308, 0x9309, 0x8AC8, 0x9B4A, 0x930A, 0x8288, 0x61E5,
  0x4943, 0x4123, 0x28E2, 0x3123, 0x3964, 0x3124, 0x3145, 0x3965, 0x3985, 0x3165, 0x3985, 0x3965,
  0x3124, 0x3144, 0x41E7, 0x41E7, 0x4208, 0x5289, 0x4A69, 0x632C, 0x634D, 0x6B6E, 0x6B6E, 0x634D,
  0x93C9, 0x8B48, 0x6204, 0x4962, 0x40E1, 0x3881, 0x3882, 0x38C2, 0x38C2, 0x30C2, 0x30C2, 0x30C2,
  0x30C2, 0x30C2, 0x30C3, 0x30C3, 0x28E3, 0x28C2, 0x28E3, 0x28C2, 0x28C2, 0x28C2, 0x28C2, 0x3923,
  0x49A5, 0x5A06, 0x6A67, 0x7287, 0x7AA8, 0x82E9, 0x8309, 0x8B2A, 0x8B2A, 0x8B2A, 0x8B2A, 0x934A,
  0x934A, 0x936A, 0x9B8B, 0x9BAB, 0x9BAB, 0x9BAB, 0xA3CC, 0xA3EC, 0xA3EC, 0xA3EC, 0xAC0D, 0xAC0D,
  0xAC0D, 0xAC2D, 0xAC2D, 0xB42D, 0xB44E, 0xB44E, 0xB44E, 0xB46E, 0xB46E, 0xB46E, 0xBC6E, 0xB46E,
  0xB44E, 0xB44E, 0xB44E, 0xB44E, 0xAC2D, 0xAC0D, 0xABEC, 0xABCC, 0xA3CB, 0xA3AB, 0x9B4A, 0x9309,
  0x82A7, 0x7A66, 0x7266, 0x7A87, 0x7AA7, 0x7AA7, 0x82A7, 0x82C8, 0x8B09, 0x9349, 0x9B8A, 0xA3AB,
  0xA3CC, 0xAC0C, 0xB42D, 0xB44D, 0xBC8E, 0xBC8E, 0xBC8E, 0xC4AE, 0xC4F0, 0xCD31, 0xD551, 0xCD31,
  0xCD31, 0xCD31, 0xD552, 0xD572, 0xD551, 0xCD31, 0xD551, 0xD552, 0xD572, 0xD552, 0xD531, 0xD531,
  0xCD31, 0xCD31, 0xCD11, 0xCD11, 0xCD10, 0xCCF0, 0xC4CF, 0xC4AF, 0xC4AF, 0xC46E, 0xBC4D, 0xBC2D,
  0xB40C, 0xABEB, 0xB3EB, 0xB40C, 0xB42C, 0xB42D, 0xB40D, 0xABEC, 0xABCB, 0xABCB, 0xABAB, 0xABAB,
  0xA3CB, 0xABCB, 0xB40D, 0xBC4E, 0xBC6E, 0xBC8F, 0xC4AF, 0xC4CF, 0xC4D0, 0xC4F0, 0xC4D0, 0xC4D0,
  0xCD11, 0xCD11, 0xCD11, 0xCD31, 0xCD32, 0xCD32, 0xCD32, 0xCD32, 0xCD32, 0xCD32, 0xCD32, 0xCD11,
  0xCD11, 0xC4F1, 0xCD11, 0xCD11, 0xCD11, 0xCCF1, 0xC4F0, 0xC4F0, 0xC4F0, 0xC4D0, 0xC4D0, 0xCCD0,
  0xC4AF, 0xC4AF, 0xC4AF, 0xC4AF, 0xBC8F, 0xBC8F, 0xBC8F, 0xBC8F, 0xBC8F, 0xBC8F, 0xBC6E, 0xBC6E,
  0xBC4E, 0xB44E, 0xB42D, 0xB42D, 0xB40D, 0xB3EC, 0xABCC, 0xABAB, 0xABAB, 0xA3AB, 0xA38B, 0xA38B,
  0x9B4A, 0x9B4A, 0x934A, 0x9329, 0x8B09, 0x8AE8, 0x8AE9, 0x8B09, 0x9309, 0x8AE9, 0x9329, 0x8287,
  0x8AC8, 0x932A, 0x8AE9, 0x92E8, 0x934A, 0x8AE8, 0x9329, 0x8AE9, 0x8B2A, 0x7A88, 0x59C5, 0x3902,
  0x30E2, 0x3923, 0x3103, 0x3124, 0x3144, 0x2903, 0x2904, 0x3124, 0x3164, 0x3165, 0x39A6, 0x3965,
  0x3144, 0x3965, 0x41E7, 0x41C7, 0x4208, 0x5AEB, 0x52AA, 0x634D, 0x5B2C, 0x5B2C, 0x634D, 0x5B0C,
  0xBCEE, 0x9C0B, 0x51A2, 0x5182, 0x4943, 0x38A1, 0x3881, 0x38A2, 0x38C2, 0x30C2, 0x30C2, 0x30C2,
  0x30C2, 0x30C2, 0x30C3, 0x30C3, 0x28C2, 0x28C2, 0x28E3, 0x28E3, 0x28C3, 0x28C2, 0x28C2, 0x3102,
  0x49A5, 0x5A06, 0x6A47, 0x7268, 0x72A8, 0x82E9, 0x8309, 0x8B2A, 0x8B2A, 0x8B2A, 0x934A, 0x934A,
  0x934A, 0x936B, 0x9B8B, 0x9BAB, 0x9BAB, 0x9BAB, 0xA3CC, 0xA3EC, 0xA3EC, 0xA3EC, 0xAC0D, 0xAC2D,
  0xAC2D, 0xAC2D, 0xB42D, 0xB44E, 0xB44E, 0xB44E, 0xB46E, 0xB46E, 0xB46E, 0xBC6E, 0xBC6E, 0xB46E,
  0xB46E, 0xB44E, 0xB44E, 0xB44E, 0xB42D, 0xAC2D, 0xAC0D, 0xABEC, 0xABEB, 0xA3AB, 0x9B4A, 0x8B08,
  0x7A87, 0x7A46, 0x7266, 0x7AA7, 0x82C8, 0x82C8, 0x82C8, 0x82E8, 0x8B29, 0x934A, 0x9B8A, 0xA3AB,
  0xABEC, 0xAC0C, 0xB42D, 0xB44D, 0xBC6D, 0xBC6D, 0xBC6E, 0xBC8F, 0xC4CF, 0xCD10, 0xCD31, 0xCD11,
  0xC4D0, 0xC4F0, 0xCD11, 0xCD11, 0xC4F0, 0xC4F0, 0xCD11, 0xCD31, 0xCD31, 0xD552, 0xD552, 0xD552,
  0xD572, 0xD572, 0xD552, 0xD531, 0xCD31, 0xCD11, 0xCCF0, 0xCCD0, 0xC4AF, 0xC48E, 0xBC4D, 0xBC2D,
  0xB3EB, 0xABAA, 0xABCB, 0xB40C, 0xB42D, 0xBC4D, 0xBC2D, 0xB40C, 0xABEB, 0xABCB, 0xABCB, 0xA3AB,
  0xA3AB, 0xA3AB, 0xABEC, 0xB40D, 0xBC4E, 0xBC6E, 0xBC8E, 0xBC8F, 0xC4AF, 0xC4D0, 0xC4D0, 0xC4F0,
  0xCD10, 0xC4F0, 0xC4F1, 0xCD11, 0xCD11, 0xCD11, 0xCD11, 0xCCF1, 0xCD11, 0xCD11, 0xCD11, 0xCD11,
  0xC4F1, 0xC4F0, 0xC4F1, 0xCD11, 0xCCF1, 0xCCF1, 0xC4F0, 0xC4F0, 0xC4D0, 0xC4D0, 0xC4D0, 0xC4D0,
  0xC4AF, 0xC4AF, 0xC4AF, 0xC4AF, 0xC4AF, 0xBC8F, 0xBC8F, 0xBC8E, 0xBC8F, 0xBC8F, 0xBC6F, 0xBC6E,
  0xBC4E, 0xB44E, 0xB44D, 0xB42D, 0xB40D, 0xB3EC, 0xABCC, 0xABCB, 0xABAB, 0xA3AB, 0xA38B, 0xA38B,
  0x9B6A, 0x9B4A, 0x934A, 0x9329, 0x9309, 0x8B09, 0x8AE9, 0x8AE9, 0x8AC8, 0x8AC8, 0x9329, 0x82A7,
  0x82C8, 0x9309, 0x9309, 0x8AC8, 0x932A, 0x82C8, 0x82E9, 0x7287, 0x6206, 0x4123, 0x3902, 0x3903,
  0x3923, 0x3123, 0x2903, 0x3124, 0x3965, 0x2924, 0x28E3, 0x28E3, 0x3144, 0x3164, 0x39A6, 0x3985,
  0x3144, 0x3124, 0x41A6, 0x41C7, 0x41E7, 0x630B, 0x52AA, 0x632C, 0x5B2C, 0x5B0C, 0x5B0C, 0x5B0C,
  0xA46C, 0xBCEF, 0x59E4, 0x4962, 0x4922, 0x38A1, 0x38A1, 0x40C2, 0x38C2, 0x30C2, 0x30A2, 0x30A2,
  0x30C2, 0x30C2, 0x30C3, 0x30C2, 0x28C2, 0x28C2, 0x30E3, 0x28E3, 0x28C3, 0x28E3, 0x28E2, 0x30E2,
  0x4184, 0x51E5, 0x6247, 0x6A67, 0x72A8, 0x7AC9, 0x82E9, 0x8B0A, 0x8B29, 0x8B2A, 0x8B2A, 0x934A,
  0x936A, 0x936B, 0x9B8B, 0x9B8B, 0x9BAB, 0x9BAB, 0xA3CC, 0xA3EC, 0xA3EC, 0xAC0C, 0xAC0D, 0xAC2D,
  0xAC2D, 0xAC2D, 0xB42D, 0xB44E, 0xB44E, 0xB44E, 0xB46E, 0xBC6E, 0xBC6E, 0xBC6E, 0xB46E, 0xB46E,
  0xB46E, 0xB46E, 0xB44E, 0xB44E, 0xB42D, 0xB42D, 0xB42D, 0xABEC, 0xABEC, 0xA3AB, 0x9B4A, 0x8AE8,
  0x7A66, 0x7246, 0x7A86, 0x82C8, 0x8AE8, 0x8AE8, 0x8AE8, 0x8B09, 0x8B29, 0x9349, 0x936A, 0x9BAB,
  0xA3CB, 0xAC0C, 0xB40C, 0xB42D, 0xB42D, 0xB42D, 0xB44D, 0xBC8E, 0xBCAF, 0xC4D0, 0xC4D0, 0xC4F0,
  0xC4CF, 0xC4CF, 0xC4D0, 0xC4D0, 0xBCAF, 0xBCAF, 0xC4D0, 0xC4D0, 0xC4F0, 0xCD10, 0xCD31, 0xD531,
  0xD552, 0xD552, 0xD552, 0xD552, 0xCD31, 0xCD11, 0xCD10, 0xCCF0, 0xC4CF, 0xC48E, 0xBC4D, 0xB42C,
  0xABCB, 0xA38A, 0xABCB, 0xBC2D, 0xBC4D, 0xBC4D, 0xBC4D, 0xB44D, 0xB42C, 0xB3EC, 0xABCB, 0xABCB,
  0xA3AB, 0xA38A, 0xA3AB, 0xABCC, 0xB42D, 0xB44D, 0xBC6E, 0xBC8E, 0xC48F, 0xC4AF, 0xC4D0, 0xC4D0,
  0xC4F0, 0xC4F0, 0xC4F0, 0xC4F0, 0xCD11, 0xCD11, 0xCD11, 0xC4F1, 0xCD11, 0xCD11, 0xCD31, 0xCD11,
  0xC4F1, 0xC4F0, 0xC4F1, 0xCD11, 0xC4F0, 0xC4F0, 0xC4F0, 0xC4D0, 0xC4D0, 0xC4D0, 0xC4D0, 0xC4D0,
  0xC4AF, 0xC4AF, 0xC4AF, 0xC4AF, 0xC4AF, 0xBC8F, 0xBC8F, 0xBC8F, 0xBC8F, 0xBC8F, 0xBC6F, 0xBC6E,
  0xBC4E, 0xBC4E, 0xBC4D, 0xB42D, 0xB40D, 0xB40D, 0xABEC, 0xABCC, 0xABAB, 0xA3AB, 0xA38B, 0xA36B,
  0x9B6A, 0x9B4A, 0x932A, 0x9329, 0x9309, 0x8B09, 0x8AE9, 0x8AE9, 0x82C8, 0x82A8, 0x8AE9, 0x82A8,
  0x82A8, 0x8AC8, 0x8AC8, 0x82A7, 0x82C9, 0x6A06, 0x59A5, 0x4143, 0x30E1, 0x28C1, 0x28E2, 0x3124,
  0x3144, 0x3124, 0x2903, 0x3104, 0x3965, 0x3165, 0x28E3, 0x2903, 0x2943, 0x3144, 0x3985, 0x3985,
  0x3144, 0x3103, 0x39A6, 0x41A6, 0x41E7, 0x52AA, 0x52AA, 0x5B2C, 0x636D, 0x6B8E, 0x638E, 0x6BAF,
  0x6AA5, 0xB4CE, 0x6A66, 0x5163, 0x4101, 0x40E2, 0x38A1, 0x38A2, 0x38C2, 0x38C2, 0x30A2, 0x30A2,
  0x30A2, 0x30C2, 0x30C2, 0x30C2, 0x28C2, 0x28C2, 0x30E3, 0x28E3, 0x28C3, 0x28E3, 0x28E2, 0x28C2,
  0x4164, 0x51C5, 0x6227, 0x6A67, 0x7288, 0x7AC9, 0x82E9, 0x8309, 0x8B29, 0x8B29, 0x8B2A, 0x934A,
  0x936A, 0x9B8B, 0x9B8B, 0x9B8B, 0x9BAB, 0x9BAB, 0xA3CC, 0xA3EC, 0xA3EC, 0xAC0C, 0xAC0D, 0xAC2D,
  0xAC2D, 0xAC2D, 0xB42D, 0xB44E, 0xB46E, 0xB44E, 0xB46E, 0xBC6E, 0xBC6E, 0xBC6E, 0xB46E, 0xB46E,
  0xBC6E, 0xB46E, 0xB44E, 0xB44E, 0xB42D, 0xB42D, 0xB42D, 0xAC0D, 0xABEC, 0xA3AB, 0x9B4A, 0x8AE8,
  0x7246, 0x7246, 0x7A87, 0x82E8, 0x8B09, 0x8B09, 0x8B09, 0x8B29, 0x8B29, 0x8B29, 0x934A, 0x9B8A,
  0xA3CB, 0xABEC, 0xAC0C, 0xAC0C, 0xB42D, 0xB42D, 0xB44D, 0xBC6E, 0xBC8E, 0xBC6E, 0xBC8E, 0xBC8F,
  0xBC8E, 0xBC8F, 0xBCAF, 0xBC8F, 0xB46E, 0xBC8E, 0xBCAF, 0xBCAF, 0xC4CF, 0xC4D0, 0xC4D0, 0xC4D0,
  0xC4F0, 0xCD11, 0xCD11, 0xCD11, 0xCD11, 0xCCF1, 0xC4F0, 0xC4D0, 0xC4AF, 0xC48E, 0xBC4D, 0xB42C,
  0xABAB, 0xA36A, 0xABCB, 0xBC4D, 0xBC4E, 0xBC4D, 0xBC6E, 0xBC6E, 0xBC4D, 0xB42C, 0xABEB, 0xABCB,
  0xA3AB, 0xA38A, 0xA38A, 0xA3AB, 0xB40D, 0xB42D, 0xB44E, 0xBC8E, 0xC48F, 0xC4AF, 0xC4B0, 0xC4B0,
  0xC4F0, 0xC4F0, 0xCD10, 0xCD10, 0xCD11, 0xCD11, 0xCD11, 0xCD11, 0xCD11, 0xCD11, 0xCD31, 0xCD11,
  0xCD11, 0xC4F0, 0xC4F1, 0xCD11, 0xC4F0, 0xCCF1, 0xCCF1, 0xC4D0, 0xC4D0, 0xC4D0, 0xC4D0, 0xC4D0,
  0xC4AF, 0xC4AF, 0xC4AF, 0xC4AF, 0xC4AF, 0xC4AF, 0xBC8F, 0xBC8F, 0xBC8F, 0xBC8F, 0xBC6F, 0xBC6E,
  0xBC4E, 0xBC4E, 0xBC4E, 0xB44D, 0xB42D, 0xB40D, 0xB3EC, 0xABCC, 0xABAB, 0xA3AB, 0xA38B, 0x9B6A,
  0x9B6B, 0x9B4A, 0x932A, 0x9329, 0x9309, 0x9309, 0x8AE9, 0x8AE9, 0x82A8, 0x6A05, 0x5983, 0x5963,
  0x61A3, 0x5983, 0x5942, 0x5121, 0x4903, 0x40E2, 0x4123, 0x3902, 0x28E2, 0x2903, 0x2903, 0x28E3,
  0x2924, 0x3124, 0x3124, 0x3104, 0x3945, 0x3965, 0x2903, 0x2903, 0x2923, 0x2944, 0x3144, 0x3965,
  0x3965, 0x3124, 0x41A6, 0x3985, 0x39A6, 0x39C7, 0x4A69, 0x5B2C, 0x638E, 0x7C10, 0x7C10, 0x7C31,
  0x6244, 0xA42D, 0x938A, 0x4922, 0x5143, 0x48E2, 0x40A1, 0x48C2, 0x40A2, 0x40A2, 0x38A2, 0x30A2,
  0x30A2, 0x30C2, 0x28C2, 0x28A2, 0x28C2, 0x30E3, 0x3103, 0x30E3, 0x30E2, 0x30E2, 0x28C2, 0x30C2,
  0x3923, 0x51C5, 0x5A06, 0x6A47, 0x7288, 0x7AC8, 0x8309, 0x82E9, 0x8B29, 0x8B29, 0x934A, 0x934A,
  0x934A, 0x936A, 0x9B8B, 0x9B8B, 0x9BAB, 0x9BAC, 0x9BAB, 0xA3CB, 0xA3EC, 0xA40C, 0xA40C, 0xAC2D,
  0xAC2D, 0xAC2D, 0xB44D, 0xB44E, 0xB46E, 0xB46E, 0xBC6E, 0xBC6E, 0xBC6E, 0xBC6E, 0xBC6E, 0xBC6E,
  0xBC6E, 0xB46E, 0xB46E, 0xB46E, 0xB44E, 0xB44E, 0xB42D, 0xB40D, 0xABEC, 0xA3AB, 0x9B4A, 0x82C8,
  0x6A25, 0x7266, 0x82E8, 0x8B29, 0x8B29, 0x9329, 0x934A, 0x9329, 0x8B29, 0x8B29, 0x9349, 0x9B6A,
  0xA3AB, 0xA3CB, 0xABCB, 0xABEC, 0xABEC, 0xB40C, 0xB42D, 0xBC4D, 0xBC6E, 0xBC6E, 0xBC6E, 0xBC6E,
  0xBC6D, 0xBC6E, 0xBC6E, 0xBC8E, 0xBC6E, 0xBC4E, 0xBC6E, 0xC48E, 0xC48F, 0xBC6E, 0xBC8E, 0xC4AF,
  0xC48F, 0xC48F, 0xC4AF, 0xC48F, 0xC4AF, 0xC48F, 0xC4AF, 0xC4AF, 0xC48F, 0xBC6E, 0xB44D, 0xABCC,
  0x9B6A, 0xA3CB, 0xB42D, 0xBC6E, 0xBC8E, 0xBC8E, 0xBC8E, 0xBC8E, 0xBC6E, 0xB44D, 0xB42D, 0xB40C,
  0xABEC, 0xA3CB, 0xA3AB, 0xA3AB, 0xABEC, 0xB42D, 0xBC4E, 0xBC6E, 0xBC8F, 0xC4AF, 0xC4AF, 0xC4AF,
  0xC4D0, 0xC4D0, 0xC4F0, 0xC4F0, 0xC4F0, 0xC4F1, 0xCCF1, 0xCD11, 0xCD11, 0xCD11, 0xCD11, 0xCD11,
  0xCCF1, 0xCCF0, 0xCCF0, 0xCCD0, 0xC4F0, 0xC4F0, 0xC4D0, 0xC4D0, 0xC4D0, 0xC4D0, 0xC4D0, 0xC4F0,
  0xBCAF, 0xC4AF, 0xC4AF, 0xC4AF, 0xBCAF, 0xBC8F, 0xBC8F, 0xBC8F, 0xC48F, 0xBC6E, 0xBC4E, 0xBC4E,
  0xBC4E, 0xBC4E, 0xBC4E, 0xBC4E, 0xB42D, 0xB40D, 0xABEC, 0xABCC, 0xABCC, 0xA3AB, 0xA38B, 0xA38B,
  0xA36B, 0x9B4A, 0x934A, 0x9329, 0x9329, 0x9309, 0x8AE9, 0x82C9, 0x7267, 0x51A4, 0x28A1, 0x20A1,
  0x3123, 0x3103, 0x20A2, 0x28C2, 0x28E3, 0x2903, 0x3124, 0x3144, 0x20C2, 0x2903, 0x28E3, 0x20E3,
  0x2903, 0x3124, 0x2924, 0x2924, 0x3144, 0x3965, 0x3144, 0x20C2, 0x20E2, 0x3124, 0x3985, 0x3165,
  0x3985, 0x39A5, 0x3965, 0x3985, 0x3165, 0x3985, 0x3986, 0x41C7, 0x5269, 0x5AAA, 0x5ACB, 0x5ACB,
  0x6265, 0x8329, 0x93AB, 0x5183, 0x5143, 0x5123, 0x4903, 0x40C2, 0x40C2, 0x40C2, 0x38C2, 0x38C2,
  0x30C2, 0x30C2, 0x30C2, 0x28C2, 0x30C2, 0x3103, 0x3903, 0x30E3, 0x30E2, 0x30E2, 0x30E2, 0x30C2,
  0x3902, 0x49A5, 0x59E6, 0x6A47, 0x7288, 0x7AA8, 0x82E9, 0x82E9, 0x8B09, 0x8B29, 0x8B2A, 0x934A,
  0x934A, 0x936A, 0x9B8B, 0x9B8B, 0x9BAB, 0x9BAC, 0x9BAB, 0xA3CB, 0xA3EC, 0xA40C, 0xA40C, 0xAC2D,
  0xAC2D, 0xB44D, 0xB44E, 0xB44E, 0xB46E, 0xB46E, 0xBC6E, 0xBC6E, 0xBC6E, 0xBC6E, 0xBC6E, 0xBC6E,
  0xBC6E, 0xB46E, 0xB46E, 0xB46E, 0xB46E, 0xB44E, 0xB42D, 0xB40D, 0xABEC, 0xA38B, 0x934A, 0x82A7,
  0x7225, 0x7A87, 0x82E8, 0x8B29, 0x8B29, 0x934A, 0x9B4A, 0x934A, 0x9349, 0x8B29, 0x9329, 0x936A,
  0x9B8A, 0xA3AB, 0xA3CB, 0xA3CB, 0xABCB, 0xABEC, 0xB42D, 0xB44D, 0xBC4E, 0xBC4E, 0xBC6E, 0xBC4E,
  0xBC6E, 0xBC4D, 0xB44D, 0xBC4D, 0xBC4E, 0xBC4E, 0xBC4D, 0xB44D, 0xBC4D, 0xBC6E, 0xBC6E, 0xBC4E,
  0xBC4E, 0xBC4E, 0xBC6E, 0xBC6E, 0xBC4E, 0xBC4E, 0xBC4E, 0xBC6E, 0xBC6E, 0xB42D, 0xABCB, 0x9B8A,
  0xA3CB, 0xAC0C, 0xBC6E, 0xBC8E, 0xC4AF, 0xC4AF, 0xC4AF, 0xBC8E, 0xBC8E, 0xBC6E, 0xBC6D, 0xB44D,
  0xB40C, 0xABEC, 0xA3CB, 0xA3AB, 0xABEC, 0xB40D, 0xB44E, 0xBC4E, 0xBC6E, 0xBC8F, 0xC4AF, 0xC4B0,
  0xC4D0, 0xC4D0, 0xC4F0, 0xC4F0, 0xC4F0, 0xC4F1, 0xCCF1, 0xCD11, 0xCD11, 0xCD11, 0xCCF1, 0xCCF1,
  0xCCF0, 0xCCF0, 0xCCF0, 0xCCD0, 0xC4F0, 0xC4F0, 0xC4F0, 0xC4D0, 0xC4D0, 0xC4D0, 0xC4D0, 0xC4D0,
  0xC4AF, 0xC4AF, 0xC4AF, 0xC4AF, 0xBCAF, 0xBCAF, 0xBC8F, 0xBC8F, 0xBC6F, 0xBC6E, 0xBC4E, 0xBC4E,
  0xBC4E, 0xBC4E, 0xB42E, 0xBC4E, 0xB42D, 0xB40D, 0xABED, 0xABEC, 0xABCC, 0xA3AB, 0xA38B, 0x9B6B,
  0xA36B, 0x9B6B, 0x934A, 0x932A, 0x9329, 0x9309, 0x8AE9, 0x82C9, 0x7267, 0x5184, 0x28A1, 0x20A1,
  0x3123, 0x3103, 0x20C2, 0x28C2, 0x28E3, 0x2903, 0x3123, 0x3144, 0x20E3, 0x20E3, 0x28E3, 0x20C2,
  0x2903, 0x2924, 0x2903, 0x2903, 0x3144, 0x3985, 0x3964, 0x28C2, 0x2903, 0x2903, 0x3144, 0x3985,
  0x3965, 0x39A6, 0x3145, 0x3986, 0x3986, 0x3965, 0x3165, 0x3165, 0x3165, 0x3165, 0x2945, 0x2904,
  0x838A, 0x6AA7, 0x7AE9, 0x59A4, 0x4923, 0x5143, 0x5103, 0x40A1, 0x40C2, 0x40E2, 0x40E2, 0x40E3,
  0x38E3, 0x30E3, 0x30C2, 0x28A2, 0x30C3, 0x3903, 0x3923, 0x3903, 0x30E2, 0x30E2, 0x30E2, 0x30C2,
  0x30C2, 0x4964, 0x59E6, 0x6227, 0x6A68, 0x7AA8, 0x82C9, 0x82E9, 0x8309, 0x8B09, 0x8B29, 0x934A,
  0x934A, 0x936A, 0x9B8B, 0x9B8B, 0x9BAB, 0x9BAC, 0x9BAB, 0x9BAB, 0xA3EC, 0xA3EC, 0xA40D, 0xAC2D,
  0xB44D, 0xB44E, 0xB44E, 0xB46E, 0xB46E, 0xB46E, 0xBC6E, 0xBC6E, 0xBC6E, 0xBC6E, 0xBC6E, 0xBC6E,
  0xBC6E, 0xB46E, 0xB46E, 0xB46E, 0xB46E, 0xB46E, 0xB42D, 0xAC0D, 0xABCC, 0x9B8B, 0x9329, 0x8287,
  0x7246, 0x82A7, 0x8B09, 0x9329, 0x9329, 0x936A, 0x9B6B, 0x9B6A, 0x936A, 0x934A, 0x9329, 0x9349,
  0x9B6A, 0x9B8A, 0xA3AB, 0xA3AB, 0xABCB, 0xABEC, 0xB40C, 0xB42D, 0xB44D, 0xBC4D, 0xBC4E, 0xBC4E,
  0xBC4E, 0xBC4E, 0xBC4E, 0xB44D, 0xB42D, 0xB44D, 0xB42D, 0xB42D, 0xB40D, 0xABED, 0x9B6B, 0x8AC8,
  0x7A46, 0x7205, 0x7205, 0x7A66, 0x9B49, 0xA3AB, 0xABEC, 0xABEC, 0xABEC, 0xA3AB, 0xA3AB, 0xABEC,
  0xB42D, 0xBC6E, 0xC4AF, 0xC4CF, 0xC4D0, 0xC4D0, 0xC4CF, 0xC4CF, 0xC4AF, 0xC4AE, 0xBC8E, 0xBC6E,
  0xB44D, 0xB42C, 0xABEC, 0xABEC, 0xABEC, 0xAC0C, 0xB42D, 0xB44E, 0xBC4E, 0xBC6E, 0xBC8F, 0xC4B0,
  0xC4AF, 0xC4D0, 0xC4D0, 0xC4D0, 0xC4F0, 0xC4F0, 0xC4F1, 0xCD11, 0xCCF1, 0xCCF1, 0xC4F0, 0xC4F0,
  0xCCD0, 0xCCD0, 0xCCD0, 0xC4D0, 0xC4D0, 0xC4F0, 0xC4F0, 0xC4F0, 0xC4F0, 0xC4D0, 0xC4D0, 0xC4B0,
  0xC4AF, 0xC4AF, 0xC4AF, 0xC4AF, 0xC48F, 0xBC8F, 0xBC8F, 0xBC8F, 0xBC6F, 0xBC6E, 0xBC4E, 0xBC4E,
  0xBC4E, 0xBC4E, 0xB42E, 0xBC4E, 0xB42D, 0xB40D, 0xABED, 0xABEC, 0xABCC, 0xA3AB, 0xA38B, 0x9B6B,
  0xA36B, 0x9B6B, 0x9B4A, 0x934A, 0x9349, 0x9309, 0x8AE8, 0x82A8, 0x7267, 0x5184, 0x28A1, 0x2081,
  0x3123, 0x3123, 0x28C2, 0x20A2, 0x28E3, 0x28E3, 0x3124, 0x3144, 0x2903, 0x20C2, 0x2903, 0x20C3,
  0x2924, 0x2904, 0x28E3, 0x2903, 0x3144, 0x3985, 0x3985, 0x28E3, 0x2923, 0x2903, 0x2924, 0x39A6,
  0x3965, 0x41A6, 0x3145, 0x39A6, 0x3165, 0x3165, 0x3986, 0x3165, 0x3145, 0x3986, 0x39C7, 0x3186,
  0x6AC8, 0x7309, 0x72E9, 0x6226, 0x4923, 0x5985, 0x5965, 0x4903, 0x40C2, 0x40E2, 0x40E2, 0x4103,
  0x3903, 0x38E3, 0x30C2, 0x30A2, 0x30E3, 0x3904, 0x3924, 0x3903, 0x30E2, 0x30E2, 0x30E2, 0x30C2,
  0x30C2, 0x4123, 0x51C5, 0x6227, 0x6A67, 0x7288, 0x7AC8, 0x82C9, 0x8309, 0x8B09, 0x8B29, 0x934A,
  0x934A, 0x936A, 0x936B, 0x9B8B, 0x9BAB, 0x9BAB, 0x9BAB, 0x9BAB, 0xA3CC, 0xA3EC, 0xA40D, 0xAC2D,
  0xAC2D, 0xB44D, 0xB44E, 0xB44E, 0xB46E, 0xB46E, 0xB46E, 0xB46E, 0xB46E, 0xBC6E, 0xBC6E, 0xBC6E,
  0xBC6E, 0xB46E, 0xB46E, 0xB46E, 0xB46E, 0xB46E, 0xB42D, 0xAC0D, 0xA3CC, 0x9B6A, 0x8B09, 0x7A67,
  0x7A46, 0x82C8, 0x8B29, 0x934A, 0x934A, 0x9B6A, 0xA38B, 0xA38B, 0x9BAB, 0x936A, 0x9349, 0x9329,
  0x934A, 0x9B6A, 0x9B8A, 0xA3AA, 0xABCB, 0xABCB, 0xABEC, 0xB40C, 0xB40C, 0xB42D, 0xB42D, 0xB42D,
  0xB40D, 0xB42D, 0xBC4D, 0xB42D, 0xB42D, 0xB42D, 0xB40C, 0xABEC, 0x9B6A, 0x7A46, 0x5121, 0x40A0,
  0x48C0, 0x48C0, 0x40A0, 0x48C0, 0x48C0, 0x61A3, 0x8286, 0x9329, 0x9B4A, 0x9B6A, 0xA3AB, 0xB40D,
  0xBC8E, 0xC4AF, 0xC4D0, 0xCCF0, 0xCCF0, 0xCCF0, 0xC4F0, 0xC4D0, 0xC4CF, 0xC4AF, 0xC4AE, 0xBC8E,
  0xBC6E, 0xB44D, 0xB42D, 0xB40C, 0xABEC, 0xABEC, 0xB40D, 0xB44E, 0xBC4E, 0xBC4E, 0xBC6E, 0xC48F,
  0xBCAF, 0xC4AF, 0xC4D0, 0xC4D0, 0xC4F0, 0xC4F0, 0xC4F1, 0xC4F1, 0xC4F0, 0xC4F0, 0xC4F0, 0xC4D0,
  0xC4D0, 0xC4D0, 0xC4D0, 0xC4D0, 0xC4F0, 0xC4F0, 0xC4F0, 0xC4F0, 0xC4F0, 0xC4D0, 0xC4D0, 0xC4B0,
  0xC4AF, 0xC48F, 0xBC8F, 0xBC8F, 0xBC8F, 0xBC8F, 0xBC8E, 0xBC6E, 0xBC6E, 0xBC6E, 0xBC4E, 0xBC4E,
  0xBC4E, 0xBC4E, 0xB42E, 0xB42E, 0xB42D, 0xB40D, 0xB40D, 0xABEC, 0xABCC, 0xA3AB, 0xA38B, 0xA38B,
  0xA36B, 0x9B6B, 0x9B6A, 0x9B4A, 0x934A, 0x8B29, 0x8AE8, 0x82A8, 0x7267, 0x5184, 0x28A1, 0x2081,
  0x3103, 0x3144, 0x28E3, 0x2082, 0x28C2, 0x28E3, 0x3124, 0x3144, 0x3124, 0x20C2, 0x2924, 0x20E3,
  0x2924, 0x2903, 0x20C2, 0x2903, 0x3144, 0x3965, 0x4185, 0x3103, 0x3124, 0x2923, 0x2924, 0x39A6,
  0x3985, 0x3985, 0x3985, 0x3986, 0x3145, 0x3145, 0x3165, 0x3165, 0x3145, 0x3165, 0x39A7, 0x39C7,
  0x41C4, 0x62A8, 0x6267, 0x5A06, 0x4943, 0x5985, 0x59A5, 0x5124, 0x48E2, 0x40E2, 0x40E2, 0x4103,
  0x4103, 0x38E3, 0x30C2, 0x30A2, 0x30C3, 0x3903, 0x3903, 0x30E3, 0x30E2, 0x30E2, 0x30E2, 0x30C2,
  0x28A1, 0x38E2, 0x4984, 0x6206, 0x6A47, 0x7288, 0x7AA8, 0x7AC9, 0x82E9, 0x8309, 0x8B2A, 0x8B2A,
  0x934A, 0x936A, 0x936B, 0x9B8B, 0x9B8B, 0x9BAB, 0x9BAB, 0x9BAB, 0xA3CC, 0xA3EC, 0xA40C, 0xAC2D,
  0xAC2D, 0xAC2D, 0xB44E, 0xB44E, 0xB44E, 0xB46E, 0xB46E, 0xB46E, 0xB46E, 0xB46E, 0xB46E, 0xB46E,
  0xBC6E, 0xBC6E, 0xB46E, 0xB46E, 0xB46E, 0xB46E, 0xB42D, 0xAC0D, 0xA3AB, 0x9B4A, 0x8AE8, 0x7A66,
  0x7A66, 0x8AC8, 0x9329, 0x934A, 0x934A, 0x9B8B, 0xA3AB, 0xA3AB, 0xA3AC, 0x9B6B, 0x932A, 0x9329,
  0x934A, 0x9B4A, 0x9B6A, 0x9B8A, 0xA38A, 0xA3AB, 0xABCB, 0xABEC, 0xABEC, 0xABEC, 0xABEC, 0xAC0C,
  0xAC0C, 0xB40D, 0xB40C, 0xABEC, 0xABEC, 0xABEC, 0xA3AB, 0x9329, 0x7A66, 0x7205, 0x7225, 0x7A46,
  0x7226, 0x6A05, 0x69E4, 0x69E4, 0x69C4, 0x69C4, 0x7225, 0x7A87, 0x8AE8, 0x9B6A, 0xAC0D, 0xBC8E,
  0xC4AF, 0xC4D0, 0xC4F0, 0xC4F0, 0xC4F0, 0xCCF0, 0xCCF0, 0xC4F0, 0xC4CF, 0xC4CF, 0xC4AF, 0xBC8F,
  0xBC8E, 0xBC6E, 0xB44D, 0xB44D, 0xAC0C, 0xABEC, 0xAC0C, 0xB42D, 0xB44E, 0xBC4E, 0xBC6E, 0xBC6E,
  0xBC8F, 0xC4AF, 0xC4B0, 0xC4D0, 0xC4F0, 0xC4F0, 0xC4F0, 0xCCF1, 0xC4F0, 0xC4F0, 0xC4F0, 0xC4D0,
  0xC4D0, 0xC4D0, 0xC4D0, 0xCCD0, 0xCCF0, 0xCCF0, 0xCCD0, 0xCCD0, 0xC4D0, 0xC4D0, 0xC4D0, 0xC4D0,
  0xC48F, 0xC48F, 0xBC8F, 0xBC8F, 0xBC8F, 0xBC8F, 0xBC8F, 0xBC6E, 0xBC6E, 0xBC6E, 0xBC6E, 0xBC4E,
  0xBC4E, 0xBC4E, 0xB42E, 0xB42D, 0xB42D, 0xB40D, 0xB40D, 0xABEC, 0xABCC, 0xA3AB, 0xA38B, 0xA38B,
  0xA38B, 0x9B6B, 0x9B6A, 0x936A, 0x934A, 0x8B29, 0x8AE8, 0x82A8, 0x7288, 0x5184, 0x28A1, 0x2081,
  0x2923, 0x3144, 0x28E3, 0x2082, 0x20C2, 0x28E3, 0x2924, 0x3144, 0x3145, 0x20C3, 0x2904, 0x20C3,
  0x2904, 0x2903, 0x20C2, 0x28E3, 0x3124, 0x3145, 0x4185, 0x3124, 0x3124, 0x3124, 0x3124, 0x3965,
  0x39A6, 0x3145, 0x41C6, 0x3965, 0x2904, 0x20E3, 0x20E3, 0x2924, 0x3166, 0x3165, 0x3166, 0x39C7,
  0x41C5, 0x41C5, 0x49E5, 0x4984, 0x4985, 0x51A5, 0x59C6, 0x5964, 0x4903, 0x48E2, 0x48E2, 0x4903,
  0x4103, 0x38E3, 0x30C2, 0x30A2, 0x30C3, 0x38E3, 0x3903, 0x30E3, 0x30C2, 0x30E2, 0x30E2, 0x30E2,
  0x30C2, 0x30C2, 0x4964, 0x59E6, 0x6227, 0x6A67, 0x72A8, 0x7AC8, 0x82E9, 0x8309, 0x8B09, 0x8B2A,
  0x934A, 0x934A, 0x936A, 0x936B, 0x9B8B, 0x9BAB, 0x9BAB, 0x9BAB, 0xA3CC, 0xA3EC, 0xA40C, 0xAC2D,
  0xAC2D, 0xAC2D, 0xB44D, 0xB44E, 0xB44E, 0xB46E, 0xB46E, 0xB46E, 0xB46E, 0xB46E, 0xB46E, 0xB46E,
  0xBC6E, 0xBC6E, 0xBC6E, 0xB46E, 0xB44E, 0xB44E, 0xB42D, 0xABEC, 0xA38B, 0x9329, 0x8AC8, 0x7A46,
  0x7A67, 0x8AC8, 0x8B29, 0x9329, 0x934A, 0x9B8B, 0xA3AB, 0xA3AB, 0xA3AC, 0x9B8B, 0x934A, 0x9329,
  0x9329, 0x9329, 0x9B4A, 0x9B6A, 0x9B8A, 0xA38B, 0xA3AB, 0xABCB, 0xABCB, 0xABEC, 0xABEC, 0xABEC,
  0xABEC, 0xABEC, 0xABEC, 0xABCB, 0xA3AB, 0xA38B, 0x9329, 0x8AE8, 0x8B09, 0x8B09, 0x934A, 0x9B4A,
  0x9329, 0x9329, 0x9329, 0x8B09, 0x8AC8, 0x82A7, 0x82C8, 0x9309, 0x9B8B, 0xB42D, 0xC4AF, 0xC4CF,
  0xC4D0, 0xCCF0, 0xCCF0, 0xC4F0, 0xC4F0, 0xCD10, 0xCD10, 0xCCF0, 0xCCF0, 0xCCF0, 0xC4CF, 0xC4AF,
  0xBCAE, 0xBC8E, 0xBC6E, 0xB44D, 0xB42D, 0xB42D, 0xAC0C, 0xB40D, 0xB42D, 0xBC4E, 0xBC6E, 0xBC6E,
  0xBC8F, 0xC4AF, 0xC4AF, 0xC4D0, 0xC4D0, 0xC4F0, 0xC4F0, 0xC4F0, 0xC4F0, 0xC4F0, 0xC4F0, 0xC4D0,
  0xC4D0, 0xC4D0, 0xC4D0, 0xCCD0, 0xCCF0, 0xCCF0, 0xCCD0, 0xC4D0, 0xC4D0, 0xC4D0, 0xC4D0, 0xC4D0,
  0xC4AF, 0xC48F, 0xBC8F, 0xBC8F, 0xBC8F, 0xC48F, 0xBC8F, 0xBC8F, 0xBC6E, 0xBC6E, 0xBC6E, 0xBC4E,
  0xBC4E, 0xBC4E, 0xB42E, 0xB42D, 0xB42D, 0xB40D, 0xB40D, 0xABEC, 0xABCC, 0xA3AB, 0xA38B, 0xA38B,
  0xA38B, 0x9B6B, 0x9B6A, 0x936A, 0x934A, 0x8B29, 0x8AE9, 0x82C9, 0x7AA8, 0x5184, 0x28A1, 0x20A1,
  0x2923, 0x3144, 0x2903, 0x20A2, 0x20C2, 0x2903, 0x2904, 0x3124, 0x3144, 0x28E3, 0x20E3, 0x20C3,
  0x28E3, 0x2904, 0x20A2, 0x28E3, 0x2904, 0x3124, 0x3985, 0x3965, 0x2924, 0x3144, 0x3144, 0x3144,
  0x41A6, 0x3144, 0x41C6, 0x3145, 0x28E3, 0x20E3, 0x18A2, 0x20C3, 0x2925, 0x3166, 0x3166, 0x3186,
  0x2902, 0x3143, 0x41A5, 0x3923, 0x4144, 0x4985, 0x59C5, 0x5164, 0x5144, 0x5123, 0x48E2, 0x4903,
  0x4903, 0x40E3, 0x38C2, 0x30A2, 0x30A2, 0x38E3, 0x38E3, 0x38E3, 0x30E2, 0x30E2, 0x3903, 0x30E2,
  0x30C2, 0x28A1, 0x4123, 0x51C5, 0x59E6, 0x6A47, 0x7288, 0x72C8, 0x82C9, 0x82E9, 0x8B09, 0x8B2A,
  0x932A, 0x934A, 0x936A, 0x936A, 0x936A, 0x9B8B, 0x9B8B, 0x9BAB, 0xA3CC, 0xA3EC, 0xA3EC, 0xAC0D,
  0xAC2D, 0xAC2D, 0xB44D, 0xB44E, 0xB44E, 0xB46E, 0xB46E, 0xB46E, 0xB46E, 0xB46E, 0xB46E, 0xB46E,
  0xB46E, 0xB46E, 0xB46E, 0xB46E, 0xB44D, 0xB44D, 0xAC0D, 0xABEC, 0x9B8B, 0x9309, 0x82C8, 0x7A46,
  0x7A87, 0x82C8, 0x8B09, 0x8B29, 0x934A, 0x9B8B, 0x9B8B, 0xA3AB, 0xA38C, 0x9B6B, 0x9B4A, 0x932A,
  0x9309, 0x9309, 0x9329, 0x934A, 0x9B6A, 0x9B6A, 0xA38B, 0xA3AB, 0xA3AB, 0xA3AB, 0xA3AB, 0xA3AB,
  0xA38B, 0xA38B, 0xA38B, 0x9B6A, 0x9B4A, 0x9329, 0x9329, 0x9309, 0x932A, 0x934A, 0x9B6A, 0x9B6B,
  0x9B8B, 0x9B8B, 0x9B8B, 0x936A, 0x934A, 0x9B8A, 0xA3CC, 0xAC0D, 0xBC4E, 0xC4AF, 0xC4D0, 0xCCD0,
  0xC4F0, 0xCCF0, 0xCD11, 0xCCF0, 0xCCF0, 0xCCF0, 0xCD10, 0xC4F0, 0xCD10, 0xCCF0, 0xC4F0, 0xC4CF,
  0xC4AF, 0xC4AF, 0xBC8E, 0xBC6E, 0xBC6E, 0xB44D, 0xB42D, 0xB42D, 0xB42D, 0xBC4E, 0xBC4E, 0xBC6E,
  0xBC6E, 0xBC8F, 0xC4AF, 0xC4AF, 0xC4D0, 0xC4D0, 0xC4D0, 0xC4D0, 0xC4D0, 0xC4D0, 0xC4F0, 0xC4F0,
  0xC4D0, 0xC4D0, 0xC4D0, 0xC4D0, 0xCCF0, 0xCCD0, 0xCCD0, 0xC4D0, 0xC4D0, 0xC4D0, 0xC4B0, 0xC4AF,
  0xC4AF, 0xC4AF, 0xC48F, 0xC48F, 0xC48F, 0xC48F, 0xBC6F, 0xBC6E, 0xBC6E, 0xBC6E, 0xBC6E, 0xBC6E,
  0xBC4E, 0xBC4E, 0xB42E, 0xB42D, 0xB42D, 0xB40D, 0xB40D, 0xABEC, 0xABCC, 0xA3AB, 0xA38B, 0xA38B,
  0xA38B, 0x9B8B, 0x9B6A, 0x936A, 0x934A, 0x8B29, 0x8AE9, 0x82E9, 0x7AA9, 0x4984, 0x28A1, 0x20A1,
  0x2903, 0x3144, 0x3103, 0x20A2, 0x20A2, 0x2904, 0x28E3, 0x2904, 0x3144, 0x2924, 0x20C2, 0x20C3,
  0x20E3, 0x2904, 0x18A2, 0x20C3, 0x2924, 0x2924, 0x3985, 0x3985, 0x3124, 0x3144, 0x3144, 0x3144,
  0x3986, 0x3965, 0x3986, 0x3986, 0x2924, 0x2904, 0x20C3, 0x18A2, 0x20E3, 0x3165, 0x3986, 0x3986,
  0x20C2, 0x2924, 0x3164, 0x3964, 0x3923, 0x4124, 0x5165, 0x59C6, 0x5985, 0x5143, 0x4902, 0x4903,
  0x4923, 0x40E3, 0x38C2, 0x30A2, 0x30A2, 0x38C3, 0x38E3, 0x38E3, 0x30E2, 0x30E2, 0x3903, 0x3903,
  0x30E2, 0x2881, 0x3923, 0x51A5, 0x59E6, 0x6247, 0x6A88, 0x72A8, 0x7AC8, 0x82E9, 0x8309, 0x8B2A,
  0x8B2A, 0x934A, 0x934A, 0x936A, 0x936A, 0x9B8B, 0x9B8B, 0x9BAB, 0xA3CC, 0xA3EC, 0xA3EC, 0xAC0C,
  0xAC2D, 0xAC2D, 0xB44E, 0xB44E, 0xB46E, 0xB46E, 0xB46E, 0xB46E, 0xB46E, 0xBC6E, 0xBC6E, 0xB46E,
  0xB46E, 0xB46E, 0xB46E, 0xB46E, 0xB42D, 0xB44D, 0xAC0D, 0xABCC, 0x9B6A, 0x9309, 0x82C8, 0x7A46,
  0x7A87, 0x82C8, 0x8AE8, 0x8B29, 0x934A, 0x9B6A, 0x9B6B, 0xA38B, 0xA38C, 0x9B6B, 0x9B4B, 0x932A,
  0x8B09, 0x8AE9, 0x9309, 0x932A, 0x9B4A, 0x9B4A, 0x9B6A, 0x9B8B, 0x9B8B, 0x9B6A, 0x9B6A, 0x9B4A,
  0x9B4A, 0x9329, 0x9309, 0x9309, 0x9309, 0x9329, 0x9329, 0x9329, 0x9329, 0x9B6A, 0x9B8B, 0xA3AC,
  0xABEC, 0xA3CC, 0x9BAB, 0xA3CC, 0xAC0D, 0xBC6E, 0xBC8F, 0xC4AF, 0xCCD0, 0xCCF0, 0xCCF0, 0xCCF1,
  0xCD11, 0xCD11, 0xCD11, 0xCD11, 0xCCF0, 0xCCF0, 0xCD10, 0xC4F0, 0xCCF0, 0xCCF0, 0xC4F0, 0xC4F0,
  0xC4D0, 0xC4CF, 0xC4CF, 0xBC8E, 0xBC6E, 0xBC6E, 0xBC4E, 0xB44D, 0xB42D, 0xBC4E, 0xBC4E, 0xBC4E,
  0xBC6E, 0xBC8F, 0xC48F, 0xC4AF, 0xC4CF, 0xC4D0, 0xC4D0, 0xC4D0, 0xC4D0, 0xC4D0, 0xC4F0, 0xC4F0,
  0xC4D0, 0xC4D0, 0xC4D0, 0xC4D0, 0xCCD0, 0xCCD0, 0xC4D0, 0xC4D0, 0xC4D0, 0xC4D0, 0xC4AF, 0xC4AF,
  0xC4AF, 0xC48F, 0xC48F, 0xBC6F, 0xBC6F, 0xBC6F, 0xBC6E, 0xBC6E, 0xBC6E, 0xBC6F, 0xBC6F, 0xBC6E,
  0xBC4E, 0xBC4E, 0xBC4E, 0xB42D, 0xB42D, 0xB42D, 0xB40D, 0xABEC, 0xABCC, 0xA3AB, 0xA38B, 0xA38B,
  0xA38B, 0x9B8B, 0x9B6A, 0x936A, 0x934A, 0x8B29, 0x8B09, 0x82E9, 0x7AC9, 0x4984, 0x28A1, 0x20A1,
  0x2903, 0x3144, 0x2904, 0x20A2, 0x18A2, 0x2904, 0x28E3, 0x2903, 0x3145, 0x3145, 0x20C2, 0x28E3,
  0x20C3, 0x2904, 0x1882, 0x20C3, 0x3124, 0x3124, 0x3985, 0x39A6, 0x3144, 0x3144, 0x3965, 0x3965,
  0x3986, 0x41A6, 0x3965, 0x41A6, 0x2904, 0x20A3, 0x18A2, 0x20C3, 0x18A2, 0x18A3, 0x2924, 0x3186,
  0x18A2, 0x2903, 0x3124, 0x3124, 0x3124, 0x30E3, 0x4123, 0x59A5, 0x59A5, 0x5984, 0x5123, 0x4903,
  0x4943, 0x4103, 0x30A2, 0x30A2, 0x38C2, 0x38C2, 0x38C2, 0x38E3, 0x38E2, 0x3903, 0x3903, 0x3903,
  0x38E2, 0x30C2, 0x30A1, 0x4944, 0x59E6, 0x6206, 0x6A68, 0x6A88, 0x7AA8, 0x7AC9, 0x82E9, 0x8B09,
  0x8B2A, 0x8B4A, 0x934A, 0x934A, 0x936A, 0x936A, 0x9B8B, 0x9BAB, 0xA3CB, 0xA3CC, 0xA3EC, 0xAC0C,
  0xAC2D, 0xAC2D, 0xAC2D, 0xB44E, 0xB46E, 0xBC6E, 0xBC6E, 0xBC6E, 0xB46E, 0xB46E, 0xB46E, 0xBC6E,
  0xBC6E, 0xBC6E, 0xB46E, 0xB46E, 0xB44D, 0xB44D, 0xAC0D, 0xA3AB, 0x9B6A, 0x9329, 0x8AC8, 0x7A66,
  0x7246, 0x82A7, 0x82C8, 0x8B29, 0x932A, 0x934A, 0x9B8B, 0x9B6A, 0x82A9, 0x61A5, 0x5102, 0x5102,
  0x5122, 0x5963, 0x69E5, 0x7A67, 0x82C8, 0x8AE8, 0x8AE9, 0x8B09, 0x8AE8, 0x8AC8, 0x82C8, 0x82A8,
  0x8AC8, 0x8AC8, 0x82C8, 0x8AC8, 0x9309, 0x9B4A, 0x9B6A, 0x9B8B, 0xA3AB, 0xABCC, 0xAC0D, 0xAC2D,
  0xB44E, 0xB44E, 0xB44E, 0xB44E, 0xBCAF, 0xC4AF, 0xC4D0, 0xC4F0, 0xCCF0, 0xCCF0, 0xCD11, 0xCD11,
  0xCD11, 0xCD11, 0xCD11, 0xCD11, 0xCD11, 0xCD11, 0xCD11, 0xCD11, 0xCD10, 0xCD10, 0xC4F0, 0xC4F0,
  0xC4F0, 0xC4CF, 0xC4AF, 0xC4AF, 0xBC8E, 0xBC8E, 0xBC6E, 0xBC6E, 0xBC4E, 0xBC4E, 0xBC4E, 0xBC4E,
  0xBC6E, 0xBC6E, 0xBC6E, 0xC48F, 0xC4AF, 0xC4AF, 0xC4D0, 0xC4D0, 0xC4D0, 0xC4D0, 0xC4D0, 0xC4D0,
  0xC4D0, 0xC4D0, 0xC4D0, 0xC4D0, 0xCCD0, 0xCCD0, 0xCCD0, 0xCCD0, 0xCCD0, 0xC4B0, 0xC4AF, 0xC48F,
  0xC48F, 0xC48F, 0xBC6F, 0xBC6F, 0xBC6F, 0xBC6E, 0xBC6E, 0xBC6E, 0xBC6E, 0xC48F, 0xBC6F, 0xBC6E,
  0xBC6E, 0xBC4E, 0xB42E, 0xB42D, 0xB42D, 0xB40D, 0xABEC, 0xABCC, 0xA3AB, 0xA38B, 0xA38B, 0xA38B,
  0x9B6B, 0x9B6B, 0x936A, 0x934A, 0x8B29, 0x8B29, 0x8B09, 0x8309, 0x7AE9, 0x4984, 0x20A1, 0x1881,
  0x2903, 0x3965, 0x2903, 0x20A2, 0x20A2, 0x28E3, 0x20C3, 0x20C3, 0x3145, 0x3144, 0x20E3, 0x2904,
  0x20E3, 0x28E4, 0x1882, 0x18A2, 0x2904, 0x3145, 0x3165, 0x3986, 0x3124, 0x2924, 0x3165, 0x3965,
  0x3985, 0x3986, 0x3965, 0x3986, 0x3145, 0x20A2, 0x1882, 0x18A3, 0x1882, 0x18A2, 0x20E4, 0x2904,
  0x1061, 0x18A2, 0x20C3, 0x28E3, 0x2903, 0x28E3, 0x30C2, 0x4123, 0x5184, 0x59A5, 0x5164, 0x5143,
  0x4944, 0x4103, 0x38C2, 0x38C2, 0x30C2, 0x30A2, 0x30C2, 0x38E3, 0x3903, 0x3903, 0x3903, 0x38E3,
  0x38E2, 0x30C2, 0x30A1, 0x4123, 0x51C5, 0x5A06, 0x6247, 0x6A67, 0x7A88, 0x7AC8, 0x82E9, 0x8309,
  0x8B2A, 0x8B2A, 0x934A, 0x934A, 0x936A, 0x936A, 0x9B8B, 0x9BAB, 0x9BAB, 0xA3CC, 0xA3EC, 0xAC0C,
  0xAC2D, 0xAC2D, 0xB44D, 0xB44E, 0xB44E, 0xB46E, 0xB46E, 0xB46E, 0xBC6E, 0xBC6E, 0xBC6E, 0xBC6E,
  0xBC6E, 0xBC6E, 0xB46E, 0xB46E, 0xB42D, 0xB42D, 0xABEC, 0xA3AB, 0x9B6A, 0x9329, 0x8AC8, 0x7A66,
  0x6A05, 0x7A86, 0x82A7, 0x8AE8, 0x8B09, 0x934A, 0x934A, 0x7A67, 0x48C1, 0x3840, 0x3000, 0x3020,
  0x3020, 0x3840, 0x3880, 0x40C1, 0x5943, 0x5983, 0x61C4, 0x7205, 0x7246, 0x7A66, 0x7A67, 0x7A67,
  0x7A46, 0x8287, 0x8AC8, 0x9309, 0x9B4A, 0xA38B, 0xABCC, 0xB40D, 0xB44E, 0xBC6E, 0xBC6E, 0xBC8F,
  0xBCAF, 0xC4D0, 0xC4D0, 0xC4D0, 0xC4F0, 0xCCF0, 0xCCF0, 0xCCF0, 0xCCF0, 0xCCF0, 0xCCF0, 0xCCF0,
  0xCD11, 0xCD11, 0xCD11, 0xCD11, 0xCD11, 0xCD11, 0xCD11, 0xCD11, 0xCD10, 0xCD10, 0xCCF0, 0xC4F0,
  0xC4F0, 0xC4CF, 0xC4CF, 0xC4AF, 0xBCAE, 0xBC8E, 0xBC8E, 0xBC6E, 0xBC4E, 0xBC4E, 0xBC4E, 0xBC4E,
  0xBC6E, 0xBC6E, 0xBC6E, 0xBC8E, 0xC4AF, 0xC4AF, 0xC4CF, 0xC4D0, 0xC4D0, 0xC4D0, 0xC4D0, 0xC4D0,
  0xC4D0, 0xC4D0, 0xC4D0, 0xC4D0, 0xCCD0, 0xCCD0, 0xCCD0, 0xCCD0, 0xC4B0, 0xC4B0, 0xC4AF, 0xC48F,
  0xC48F, 0xC48F, 0xBC6F, 0xBC6F, 0xBC6F, 0xBC6E, 0xBC6E, 0xBC6E, 0xBC6E, 0xBC6F, 0xBC6F, 0xBC6E,
  0xBC6E, 0xBC4E, 0xB42E, 0xB42E, 0xB42D, 0xB42D, 0xABED, 0xABCC, 0xA3AB, 0xA38B, 0xA38B, 0xA38B,
  0x9B6B, 0x9B6B, 0x936A, 0x934A, 0x8B29, 0x8B29, 0x8B09, 0x8B0A, 0x7AE9, 0x4964, 0x20A1, 0x2081,
  0x2903, 0x3965, 0x2904, 0x28C3, 0x20A2, 0x28E3, 0x28E3, 0x20C3, 0x3124, 0x3145, 0x28E3, 0x2924,
  0x20C3, 0x28E4, 0x20A2, 0x20A2, 0x2904, 0x3124, 0x3165, 0x3965, 0x3144, 0x3124, 0x3165, 0x3965,
  0x3986, 0x39A6, 0x3986, 0x41A6, 0x3145, 0x2924, 0x18A3, 0x1062, 0x1882, 0x1882, 0x18A3, 0x20E4,
  0x1061, 0x1882, 0x1882, 0x1882, 0x20A2, 0x2081, 0x2061, 0x30A2, 0x4103, 0x5185, 0x5985, 0x5164,
  0x5144, 0x4103, 0x38C2, 0x38E3, 0x38A2, 0x30A2, 0x30C2, 0x38E3, 0x4123, 0x4123, 0x3903, 0x38E2,
  0x38E3, 0x30C2, 0x30A1, 0x38E2, 0x4984, 0x6206, 0x6227, 0x6247, 0x7267, 0x7AA8, 0x7AC8, 0x82E9,
  0x8B0A, 0x8B2A, 0x8B29, 0x934A, 0x934A, 0x936A, 0x9B8A, 0x9BAB, 0x9BAB, 0xA3CC, 0xA3EC, 0xA3ED,
  0xAC0D, 0xAC2D, 0xB44D, 0xB44E, 0xB44E, 0xB44E, 0xB46E, 0xB46E, 0xBC6E, 0xBC6E, 0xBC6E, 0xBC6E,
  0xBC6E, 0xBC6E, 0xB46E, 0xB46E, 0xB42D, 0xAC0C, 0xA3CC, 0xA38B, 0x9B6A, 0x9329, 0x8AC8, 0x8287,
  0x7205, 0x7A46, 0x7A87, 0x82C8, 0x8AE8, 0x9329, 0x8AE8, 0x61A3, 0x5102, 0x48C1, 0x48C1, 0x48C1,
  0x48C1, 0x48E2, 0x5102, 0x5122, 0x48E1, 0x4901, 0x4901, 0x5122, 0x5162, 0x59A3, 0x61C4, 0x61E4,
  0x7225, 0x7A87, 0x8B09, 0x9B6A, 0xA3AB, 0xABEC, 0xB44D, 0xBC8F, 0xBC8F, 0xBCAF, 0xC4AF, 0xC4D0,
  0xC4D0, 0xC4F0, 0xC4F0, 0xC4F0, 0xCCF0, 0xCCF0, 0xCCF0, 0xCCF0, 0xCCF0, 0xCCF0, 0xCCF0, 0xCCF0,
  0xCD11, 0xCD11, 0xCD11, 0xCD11, 0xCD11, 0xCD11, 0xCD11, 0xCD11, 0xCD11, 0xCCF0, 0xCD10, 0xCCF0,
  0xC4F0, 0xC4F0, 0xC4CF, 0xC4CF, 0xBCAF, 0xC4AE, 0xBC8E, 0xBC8E, 0xBC6E, 0xBC6E, 0xBC6E, 0xBC6E,
  0xBC6E, 0xBC6E, 0xBC6E, 0xBC8E, 0xC48F, 0xC4AF, 0xC4AF, 0xC4D0, 0xC4D0, 0xC4D0, 0xC4D0, 0xC4D0,
  0xC4D0, 0xC4D0, 0xCCD0, 0xCCD0, 0xCCD0, 0xCCD0, 0xCCD0, 0xC4B0, 0xC4AF, 0xC4AF, 0xC48F, 0xC48F,
  0xC48F, 0xBC6F, 0xBC6F, 0xBC6F, 0xBC6F, 0xBC6E, 0xBC6E, 0xBC6E, 0xBC6E, 0xBC6F, 0xBC6E, 0xBC4E,
  0xBC4E, 0xBC4E, 0xBC4E, 0xBC4E, 0xB42D, 0xB42D, 0xABED, 0xABCC, 0xA3AB, 0xA38B, 0xA38B, 0xA38B,
  0x9B6B, 0x9B6B, 0x936A, 0x934A, 0x8B29, 0x8B09, 0x8B09, 0x8B2A, 0x7AE9, 0x4964, 0x20A1, 0x2081,
  0x2924, 0x3165, 0x2903, 0x28E3, 0x20A2, 0x20C3, 0x2903, 0x20C3, 0x2924, 0x3145, 0x2904, 0x3145,
  0x20C3, 0x2904, 0x20C3, 0x20C2, 0x28E3, 0x2924, 0x3965, 0x3965, 0x3144, 0x3124, 0x3145, 0x3965,
  0x3985, 0x3986, 0x3986, 0x3986, 0x3986, 0x3145, 0x28E4, 0x18A2, 0x1062, 0x1082, 0x1882, 0x18A3,
  0x1861, 0x1861, 0x1861, 0x1861, 0x1861, 0x1841, 0x1840, 0x2881, 0x30A1, 0x4123, 0x5185, 0x5185,
  0x5164, 0x4103, 0x38E2, 0x4103, 0x38C2, 0x38A2, 0x38C2, 0x4103, 0x4944, 0x4964, 0x4123, 0x3903,
  0x38E2, 0x30C2, 0x30A1, 0x30A1, 0x4944, 0x5A06, 0x6226, 0x6247, 0x7267, 0x7288, 0x7AA8, 0x82C9,
  0x8309, 0x8B0A, 0x8B09, 0x8B29, 0x934A, 0x936A, 0x936A, 0x9B8B, 0x9BAB, 0xA3CB, 0xA3EC, 0xA3EC,
  0xA3EC, 0xAC0D, 0xAC2D, 0xB44E, 0xB44E, 0xB44E, 0xB44E, 0xBC6E, 0xBC6E, 0xBC6E, 0xBC6E, 0xBC6E,
  0xBC8E, 0xBC6E, 0xB46E, 0xB46E, 0xB44D, 0xAC0C, 0xA3CB, 0xA38B, 0x9B6A, 0x9329, 0x8AC8, 0x82A7,
  0x7225, 0x7225, 0x7225, 0x7A87, 0x8AC8, 0x8B09, 0x8AE9, 0x7246, 0x71E6, 0x61A4, 0x5963, 0x5943,
  0x5963, 0x61A4, 0x61C5, 0x61C5, 0x61C5, 0x61C5, 0x61C4, 0x61C4, 0x61E4, 0x6A25, 0x7266, 0x7A87,
  0x8AE8, 0x9329, 0x9B6A, 0xA3AB, 0xAC0D, 0xB44D, 0xB46E, 0xBC8F, 0xC4D0, 0xC4D0, 0xC4D0, 0xC4F0,
  0xC4F0, 0xCCF0, 0xC4F0, 0xC4F0, 0xC4F0, 0xC4F0, 0xC4F0, 0xC4F0, 0xC4F0, 0xCCF0, 0xCD11, 0xCD11,
  0xCD11, 0xCD11, 0xCD11, 0xCD11, 0xCD11, 0xCD11, 0xCD11, 0xCD11, 0xCCF0, 0xCD11, 0xCD10, 0xCD10,
  0xCCF0, 0xC4F0, 0xC4CF, 0xC4CF, 0xC4CF, 0xC4AF, 0xC4AE, 0xBC8E, 0xBC8E, 0xBC6E, 0xBC6E, 0xBC6E,
  0xBC6E, 0xBC6E, 0xBC6E, 0xBC8E, 0xC48F, 0xC4AF, 0xC4AF, 0xC4D0, 0xC4B0, 0xC4D0, 0xC4D0, 0xC4D0,
  0xCCD0, 0xCCD0, 0xCCD0, 0xCCD0, 0xCCD0, 0xCCD0, 0xC4B0, 0xC4AF, 0xC4AF, 0xC48F, 0xC48F, 0xC48F,
  0xC48F, 0xBC6F, 0xBC6F, 0xBC6F, 0xBC6F, 0xBC6E, 0xBC6E, 0xBC6E, 0xBC6E, 0xBC6F, 0xBC6E, 0xBC4E,
  0xBC4E, 0xBC4E, 0xBC4E, 0xBC4E, 0xB42D, 0xB40D, 0xABEC, 0xABCC, 0xA3AC, 0xA3AB, 0xA38B, 0xA38B,
  0x9B6B, 0x9B6B, 0x936A, 0x934A, 0x8B29, 0x8B09, 0x8B09, 0x8B2A, 0x830A, 0x4964, 0x2081, 0x20A1,
  0x2924, 0x3144, 0x28E3, 0x28C3, 0x20C2, 0x20C2, 0x2903, 0x20C3, 0x2904, 0x3145, 0x20E3, 0x2924,
  0x20E3, 0x2904, 0x20C3, 0x20C3, 0x20C3, 0x2904, 0x3965, 0x3965, 0x3124, 0x3124, 0x3144, 0x3965,
  0x3985, 0x3986, 0x3965, 0x3965, 0x3986, 0x3145, 0x2925, 0x20E4, 0x18A2, 0x1062, 0x1062, 0x1082,
  0x1841, 0x1861, 0x1861, 0x1881, 0x1882, 0x1882, 0x2081, 0x20A2, 0x2061, 0x30C2, 0x4103, 0x5164,
  0x5185, 0x4944, 0x3903, 0x4124, 0x38C3, 0x38C2, 0x38C2, 0x4103, 0x4944, 0x4964, 0x4143, 0x4103,
  0x3903, 0x38C2, 0x30C2, 0x30A1, 0x4123, 0x59E6, 0x6227, 0x6A47, 0x6A47, 0x7288, 0x7A88, 0x7AC8,
  0x82E9, 0x82E9, 0x8B09, 0x8B09, 0x9349, 0x934A, 0x936A, 0x9B8B, 0x9BAB, 0x9BAB, 0xA3CC, 0xA3EC,
  0xA3EC, 0xAC0D, 0xAC2D, 0xB44D, 0xB42D, 0xB44E, 0xB44E, 0xBC6E, 0xB46E, 0xB46E, 0xBC6E, 0xBC6E,
  0xBC8E, 0xBC8E, 0xBC6E, 0xB46E, 0xB46D, 0xAC2C, 0xABCB, 0xA3AB, 0x9B6A, 0x9B29, 0x8AE8, 0x82C7,
  0x7A66, 0x7246, 0x69E5, 0x6A05, 0x7A66, 0x7A87, 0x82A7, 0x82A7, 0x7A47, 0x7205, 0x69C4, 0x61C5,
  0x69E5, 0x6A06, 0x6A26, 0x7226, 0x7246, 0x7A87, 0x7AA8, 0x82E8, 0x82E8, 0x8B29, 0x934A, 0x9B8A,
  0xA3EC, 0xABEC, 0xAC0C, 0xAC0C, 0xB44E, 0xBC6E, 0xBC8E, 0xBCAF, 0xC4D0, 0xC4D0, 0xC4F0, 0xC4F0,
  0xC4F0, 0xC4D0, 0xC4D0, 0xC4F0, 0xCCF0, 0xCCF0, 0xC4F0, 0xC4F0, 0xC4F0, 0xC4F0, 0xC4F0, 0xCCF0,
  0xCCF0, 0xCD11, 0xCD11, 0xCD11, 0xCD11, 0xCD11, 0xCD11, 0xCD11, 0xCCF1, 0xCCF1, 0xCCF0, 0xCCF0,
  0xC4F0, 0xC4F0, 0xC4CF, 0xC4CF, 0xC4CF, 0xC4AF, 0xBCAF, 0xBCAE, 0xBC8E, 0xBC8E, 0xBC8E, 0xBC8E,
  0xBC6E, 0xBC6D, 0xBC6E, 0xBC8E, 0xBC8F, 0xC4AF, 0xC4AF, 0xC4D0, 0xC4CF, 0xC4D0, 0xC4D0, 0xC4D0,
  0xC4D0, 0xC4D0, 0xCCD0, 0xCCD0, 0xC4B0, 0xC4B0, 0xC4B0, 0xC4AF, 0xC48F, 0xC48F, 0xC48F, 0xC48F,
  0xC48F, 0xC48F, 0xBC6F, 0xBC6F, 0xBC6F, 0xBC6E, 0xBC4E, 0xBC6E, 0xBC6E, 0xC48F, 0xBC6E, 0xBC6E,
  0xBC4E, 0xBC4E, 0xB42E, 0xBC4E, 0xB42D, 0xB40D, 0xABEC, 0xABCC, 0xA3AC, 0xA3AB, 0xA38B, 0xA38B,
  0x9B6B, 0x9B6B, 0x936A, 0x934A, 0x8B29, 0x8B09, 0x8B09, 0x8B2A, 0x7AE9, 0x4143, 0x2081, 0x2081,
  0x2924, 0x2924, 0x20C3, 0x28C3, 0x20C3, 0x20A2, 0x28E3, 0x20C3, 0x2904, 0x3145, 0x20E3, 0x2903,
  0x2904, 0x2903, 0x20C3, 0x20C2, 0x20C2, 0x28E3, 0x3965, 0x3986, 0x3104, 0x3124, 0x3145, 0x3965,
  0x3986, 0x3986, 0x3965, 0x3965, 0x3125, 0x3965, 0x3125, 0x2904, 0x2104, 0x1882, 0x0841, 0x1082,
  0x28A2, 0x2082, 0x1861, 0x1861, 0x18A2, 0x20C3, 0x20C2, 0x28A2, 0x2881, 0x2881, 0x30A2, 0x4103,
  0x5185, 0x4964, 0x4123, 0x4144, 0x38E3, 0x38C2, 0x38C2, 0x40E3, 0x4123, 0x4944, 0x4944, 0x4123,
  0x4123, 0x38E2, 0x38C2, 0x30A1, 0x38E2, 0x5185, 0x6227, 0x6A47, 0x6A47, 0x7267, 0x7288, 0x7AA8,
  0x82C8, 0x82E9, 0x82E8, 0x8B09, 0x8B29, 0x934A, 0x936A, 0x9B8A, 0x9B8B, 0x9BAB, 0xA3CC, 0xA3CC,
  0xA3CC, 0xA3EC, 0xAC0D, 0xAC2D, 0xB42D, 0xB44E, 0xB44E, 0xB46E, 0xB46E, 0xB46E, 0xBC6E, 0xBC6E,
  0xBC8E, 0xBC8E, 0xBC8E, 0xBC6E, 0xB46D, 0xB42D, 0xABEC, 0xA3AB, 0xA38A, 0x9B4A, 0x9309, 0x8AE8,
  0x82A7, 0x82A7, 0x7246, 0x69E4, 0x69E5, 0x69E5, 0x69E4, 0x69E5, 0x69C4, 0x69C4, 0x69E5, 0x7205,
  0x7A46, 0x7A67, 0x7AA7, 0x82C9, 0x8B09, 0x8B2A, 0x936B, 0x9BAB, 0x9BAB, 0xA3CC, 0xA3EC, 0xAC0D,
  0xB42D, 0xB44D, 0xB44D, 0xB44D, 0xB44E, 0xB46E, 0xBC8E, 0xC4AF, 0xC4CF, 0xC4CF, 0xC4AF, 0xC4AF,
  0xBCAF, 0xBCAF, 0xC4AF, 0xC4D0, 0xC4F0, 0xC4F0, 0xC4F0, 0xC4F0, 0xC4F0, 0xC4F0, 0xC4F0, 0xCCF0,
  0xCCF0, 0xCD11, 0xCD11, 0xCD11, 0xCD11, 0xCD11, 0xCD11, 0xCD11, 0xCCF1, 0xCCF1, 0xCCF0, 0xCCF0,
  0xC4F0, 0xC4F0, 0xC4CF, 0xC4CF, 0xC4CF, 0xC4AF, 0xBCAF, 0xBCAE, 0xBC8E, 0xBC8E, 0xBC8E, 0xBC8E,
  0xBC8E, 0xBC6E, 0xBC6E, 0xBC8E, 0xBC8F, 0xC4AF, 0xC4AF, 0xC4CF, 0xC4D0, 0xC4D0, 0xCCD0, 0xC4D0,
  0xC4D0, 0xC4AF, 0xC4AF, 0xC4AF, 0xC4AF, 0xC4AF, 0xC4AF, 0xC48F, 0xC48F, 0xC48F, 0xC48F, 0xC48F,
  0xC48F, 0xC48F, 0xBC6F, 0xBC6F, 0xBC6F, 0xBC6E, 0xBC4E, 0xBC6E, 0xBC6F, 0xBC6F, 0xBC6E, 0xBC6E,
  0xBC6E, 0xBC4E, 0xB42D, 0xBC4E, 0xB42D, 0xB40D, 0xABED, 0xABCC, 0xA3AC, 0xA38B, 0x9B6B, 0x9B6A,
  0x9B6B, 0x9B6B, 0x934A, 0x9349, 0x8B29, 0x8B09, 0x8B09, 0x8B2A, 0x7AA9, 0x4123, 0x2081, 0x2081,
  0x3144, 0x2924, 0x28E3, 0x28C3, 0x28E3, 0x20A2, 0x28E3, 0x20C3, 0x2904, 0x3144, 0x20E3, 0x20E3,
  0x2904, 0x2904, 0x20C3, 0x20A2, 0x20C2, 0x2904, 0x3965, 0x3985, 0x3104, 0x3145, 0x3965, 0x3985,
  0x3986, 0x3965, 0x3965, 0x3965, 0x28E3, 0x3125, 0x3145, 0x2924, 0x2104, 0x18C3, 0x1082, 0x1062,
  0x3103, 0x28A3, 0x1861, 0x1861, 0x1882, 0x20C2, 0x20C3, 0x20C2, 0x28A2, 0x2881, 0x2861, 0x30C2,
  0x4124, 0x4124, 0x4103, 0x4144, 0x4103, 0x38E3, 0x38E2, 0x38E2, 0x4103, 0x4943, 0x4943, 0x4944,
  0x4923, 0x38E2, 0x38C2, 0x38C2, 0x38C1, 0x4943, 0x6206, 0x6A27, 0x6A27, 0x6A47, 0x7267, 0x7288,
  0x7AA8, 0x82C8, 0x82E8, 0x8309, 0x8B29, 0x8B29, 0x936A, 0x936A, 0x9B8B, 0x9B8B, 0x9BAC, 0xA3CC,
  0xA3CC, 0xA3EC, 0xAC0D, 0xAC2D, 0xB42D, 0xB44E, 0xB44E, 0xB46E, 0xB46E, 0xBC6E, 0xBC6E, 0xBC8F,
  0xBC8F, 0xBC8F, 0xBC8E, 0xBC8E, 0xBC6D, 0xB44D, 0xB40C, 0xABEC, 0xA3AB, 0xA38A, 0x9B6A, 0x9349,
  0x8AE8, 0x8AE8, 0x82A7, 0x7A66, 0x7A66, 0x7A66, 0x7246, 0x7225, 0x6A05, 0x7225, 0x7226, 0x7A66,
  0x82A7, 0x82E8, 0x8B09, 0x934A, 0x936A, 0x938A, 0x9BAB, 0xA3CC, 0xA3EC, 0xAC2D, 0xAC4D, 0xB44D,
  0xB44D, 0xB46E, 0xB46E, 0xB46D, 0xB44D, 0xB44D, 0xB46E, 0xBCAF, 0xC4CF, 0xC4AF, 0xC4AF, 0xC4AF,
  0xBCAF, 0xBCAF, 0xC4AF, 0xC4D0, 0xC4D0, 0xC4D0, 0xC4D0, 0xC4F0, 0xC4F0, 0xC4F0, 0xC4F0, 0xC4F0,
  0xCCF0, 0xCD10, 0xCCF1, 0xCCF1, 0xCCF0, 0xCCF0, 0xCCF0, 0xCCF0, 0xCCF1, 0xCCF1, 0xCCF0, 0xCCF0,
  0xC4F0, 0xC4D0, 0xC4CF, 0xC4CF, 0xBCCF, 0xBCAF, 0xBCAE, 0xBCAE, 0xBC8E, 0xBC8E, 0xBC8E, 0xBC8E,
  0xBC8E, 0xBC6E, 0xBC8E, 0xBC8E, 0xBC8E, 0xBC8E, 0xC4AF, 0xC4AF, 0xC4D0, 0xC4D0, 0xC4D0, 0xC4D0,
  0xC4AF, 0xC4AF, 0xC4AF, 0xC4AF, 0xC4AF, 0xC4AF, 0xC4AF, 0xC48F, 0xC48F, 0xC48F, 0xC48F, 0xC48F,
  0xC48F, 0xBC6F, 0xBC6F, 0xBC6F, 0xBC6F, 0xBC6E, 0xBC6E, 0xBC6E, 0xBC6E, 0xBC6F, 0xBC6E, 0xBC6E,
  0xBC6E, 0xBC4E, 0xB42D, 0xBC4E, 0xB42D, 0xB40D, 0xABEC, 0xABCC, 0xA3AB, 0xA38B, 0x9B6A, 0x9B4A,
  0x9B6B, 0x9B6A, 0x934A, 0x8B29, 0x8B29, 0x8B29, 0x8B0A, 0x8B2A, 0x72A9, 0x4123, 0x2081, 0x2081,
  0x3144, 0x2924, 0x28E3, 0x20A3, 0x20E3, 0x20C2, 0x20E3, 0x20E3, 0x2903, 0x2924, 0x2903, 0x20E3,
  0x20E3, 0x2924, 0x20E3, 0x20A2, 0x20C3, 0x3124, 0x3965, 0x3145, 0x3124, 0x3965, 0x3965, 0x3985,
  0x3965, 0x3965, 0x3966, 0x3965, 0x2904, 0x28E4, 0x3145, 0x3145, 0x2104, 0x20E4, 0x20E4, 0x1082,
  0x30E3, 0x28A2, 0x2082, 0x1861, 0x1881, 0x18A2, 0x20C2, 0x20A2, 0x20A2, 0x28A2, 0x2881, 0x2881,
  0x30C2, 0x38C2, 0x3903, 0x4964, 0x4103, 0x4103, 0x38E2, 0x38E2, 0x4102, 0x4123, 0x4964, 0x5184,
  0x4944, 0x38E2, 0x38C2, 0x38E2, 0x30A1, 0x40E2, 0x61E6, 0x6207, 0x6A26, 0x6A47, 0x6A47, 0x7267,
  0x7AA8, 0x7AC8, 0x82E8, 0x8309, 0x8B09, 0x8B29, 0x934A, 0x936A, 0x9B8A, 0x9B8B, 0x9BAB, 0xA3CC,
  0xA3CC, 0xA3EC, 0xAC0D, 0xAC2D, 0xAC2D, 0xB42D, 0xB44E, 0xB44E, 0xBC6E, 0xBC6E, 0xBC6E, 0xBC8F,
  0xBC8F, 0xBC8F, 0xBC8E, 0xBC6E, 0xBC6E, 0xBC6D, 0xB44D, 0xAC0C, 0xABCB, 0xABAB, 0xA3AB, 0xA38A,
  0x9B6A, 0x9329, 0x9309, 0x8B09, 0x8B09, 0x9329, 0x934A, 0x9329, 0x934A, 0x934A, 0x9329, 0x9329,
  0x934A, 0x9B6A, 0x936A, 0x936A, 0x9B8B, 0x9BAB, 0x9BAB, 0xA3EC, 0xAC2D, 0xB44E, 0xB46E, 0xB46E,
  0xB48E, 0xBC8E, 0xBC8E, 0xB48E, 0xB46E, 0xB46E, 0xB46E, 0xBC8E, 0xBC8F, 0xBC8F, 0xBCAF, 0xC4AF,
  0xBCAF, 0xBC8F, 0xBC8F, 0xBCAF, 0xC4CF, 0xC4CF, 0xC4CF, 0xC4D0, 0xC4D0, 0xC4D0, 0xC4D0, 0xC4D0,
  0xC4F0, 0xCCF0, 0xCCF0, 0xCCF0, 0xCCF0, 0xCCF0, 0xCCF0, 0xCCF0, 0xCCD0, 0xCCF1, 0xCCF0, 0xCCD0,
  0xC4D0, 0xC4D0, 0xC4CF, 0xC4EF, 0xBCAF, 0xBCAF, 0xBCAE, 0xBCAE, 0xBC8E, 0xBC8E, 0xBC8E, 0xBC8E,
  0xBC8E, 0xBC6E, 0xBC8E, 0xBC8E, 0xBC8E, 0xBC8E, 0xBC8F, 0xC4AF, 0xC4AF, 0xC4AF, 0xC4AF, 0xC4AF,
  0xC4AF, 0xC4AF, 0xC4AF, 0xC4AF, 0xC48F, 0xC4AF, 0xC4AF, 0xC48F, 0xC48F, 0xBC6F, 0xC48F, 0xC48F,
  0xC48F, 0xBC6F, 0xBC6F, 0xBC6F, 0xBC6F, 0xBC6F, 0xBC6E, 0xBC6E, 0xBC6E, 0xBC6E, 0xBC6E, 0xBC6E,
  0xBC6E, 0xBC4E, 0xB42D, 0xBC4E, 0xB42D, 0xB40D, 0xABEC, 0xABCC, 0xA3AC, 0xA38B, 0x9B6B, 0x9B6A,
  0x9B6B, 0x9B4A, 0x9329, 0x8B29, 0x8B29, 0x8B29, 0x8B2A, 0x8B2A, 0x72A9, 0x4123, 0x28A1, 0x20A1,
  0x3144, 0x2904, 0x20C3, 0x20A3, 0x20C3, 0x20C3, 0x20E3, 0x20E3, 0x28E3, 0x2904, 0x2924, 0x2903,
  0x20C3, 0x3144, 0x2903, 0x20A2, 0x28E3, 0x3145, 0x3965, 0x2904, 0x3124, 0x3965, 0x3965, 0x3965,
  0x3945, 0x3145, 0x3965, 0x3145, 0x2904, 0x2904, 0x2925, 0x3165, 0x2945, 0x2104, 0x20E4, 0x2104,
  0x2082, 0x28C3, 0x28A2, 0x2061, 0x1841, 0x2061, 0x2082, 0x2082, 0x2082, 0x20A2, 0x2082, 0x2062,
  0x2082, 0x2882, 0x30A3, 0x4145, 0x4103, 0x4102, 0x4103, 0x4103, 0x4102, 0x4103, 0x4964, 0x51A5,
  0x5185, 0x4123, 0x38C2, 0x38E2, 0x30C1, 0x30C1, 0x5185, 0x6207, 0x6206, 0x6A27, 0x6A47, 0x7267,
  0x7A88, 0x7AA8, 0x82A8, 0x82E9, 0x8AE9, 0x8B09, 0x932A, 0x934A, 0x936A, 0x9B8B, 0x9BAB, 0x9BAC,
  0xA3CB, 0xA3CC, 0xA3EC, 0xAC0D, 0xAC2D, 0xB44D, 0xB44E, 0xB46E, 0xB46E, 0xB46E, 0xBC6E, 0xBC8F,
  0xBC8F, 0xBC8F, 0xBC8F, 0xBC8E, 0xBC8E, 0xBC6E, 0xB44D, 0xB44D, 0xAC2D, 0xAC2C, 0xAC2C, 0xAC0C,
  0xA3CB, 0xA3CB, 0x9BAA, 0x9B8A, 0x9B8B, 0x9BAB, 0xA3AB, 0xA3CC, 0xA3CC, 0xA3CC, 0xA3CC, 0xA3CB,
  0xA3AB, 0xA3AB, 0xA3AB, 0xA3AB, 0x9BAB, 0xA3CB, 0xA3CC, 0xAC0C, 0xAC2D, 0xB44E, 0xBC6E, 0xBC8F,
  0xBC8F, 0xBC8E, 0xBC8E, 0xBC8E, 0xBC8E, 0xBC6D, 0xBC4D, 0xBC4D, 0xB44D, 0xBC6D, 0xBC6D, 0xBC8D,
  0xBC8E, 0xBC8E, 0xBC8E, 0xBC8E, 0xC48E, 0xC48E, 0xC4AE, 0xC4AF, 0xBCCF, 0xC4CF, 0xBCCF, 0xBCCF,
  0xBCCF, 0xC4D0, 0xC4F0, 0xC4F0, 0xC4F0, 0xC4F0, 0xC4F0, 0xC4F0, 0xC4D0, 0xC4D0, 0xC4D0, 0xC4D0,
  0xC4CF, 0xC4CF, 0xC4CF, 0xC4CF, 0xBCAE, 0xBCAE, 0xBCAE, 0xBC8E, 0xBC8E, 0xBC8E, 0xBC8E, 0xBC8E,
  0xBC6E, 0xBC8E, 0xBC8E, 0xC48E, 0xC48E, 0xC48E, 0xC48E, 0xC48E, 0xC4AF, 0xC4AF, 0xC4AF, 0xC4AF,
  0xC4AF, 0xC4AF, 0xC48F, 0xC48F, 0xC48F, 0xC48F, 0xC48F, 0xC48F, 0xBC6F, 0xBC6F, 0xBC6E, 0xBC6E,
  0xBC6F, 0xBC6F, 0xC48F, 0xC48F, 0xBC6E, 0xBC6E, 0xBC4E, 0xBC4E, 0xBC6E, 0xBC6E, 0xBC6E, 0xBC6E,
  0xBC4E, 0xBC2E, 0xBC2E, 0xBC2E, 0xB42D, 0xB40D, 0xAC0C, 0xABCB, 0xA3CB, 0xA3AB, 0x9B8B, 0x9B8B,
  0x936A, 0x936A, 0x934A, 0x8B29, 0x9329, 0x8B29, 0x8B29, 0x8B2A, 0x6A67, 0x3902, 0x20A1, 0x28C2,
  0x3965, 0x28E3, 0x20C3, 0x20A2, 0x20C3, 0x20E3, 0x20C3, 0x2904, 0x28E3, 0x2924, 0x3145, 0x20E3,
  0x2904, 0x2904, 0x2904, 0x20A2, 0x2904, 0x3124, 0x3124, 0x2904, 0x3965, 0x3965, 0x3965, 0x3124,
  0x3965, 0x3144, 0x39A6, 0x2924, 0x2104, 0x2104, 0x20E4, 0x3145, 0x3166, 0x2104, 0x2105, 0x2905,
  0x2082, 0x2082, 0x2082, 0x2061, 0x1841, 0x1841, 0x1861, 0x2082, 0x2082, 0x2082, 0x2062, 0x2061,
  0x2061, 0x2061, 0x2882, 0x3904, 0x4123, 0x4103, 0x4123, 0x4123, 0x4102, 0x4103, 0x4944, 0x5185,
  0x5185, 0x4944, 0x4103, 0x4103, 0x38E2, 0x38E2, 0x4964, 0x59E6, 0x6206, 0x6A27, 0x6A47, 0x7247,
  0x7267, 0x7A88, 0x7AA8, 0x82C9, 0x8AE9, 0x8B09, 0x8B29, 0x934A, 0x936A, 0x936B, 0x9B8B, 0x9BAB,
  0xA3CB, 0xA3CC, 0xA3EC, 0xAC0D, 0xAC2D, 0xB44D, 0xB44E, 0xB46E, 0xB46E, 0xB46E, 0xBC6E, 0xBC8F,
  0xBC8F, 0xBC8F, 0xBC8F, 0xBC8F, 0xBCAF, 0xBC8E, 0xBC6E, 0xB46E, 0xB44D, 0xB44D, 0xAC2C, 0xAC2C,
  0xAC0C, 0xAC0B, 0xA3EB, 0xA3CB, 0xA3CC, 0xA3EC, 0xA3EC, 0xA3EC, 0xABEC, 0xABEC, 0xA3EC, 0xA3CC,
  0xA3CC, 0xA3CC, 0xA3CC, 0xA3CB, 0xA3AB, 0xA3CB, 0xA3CC, 0xABEC, 0xAC0D, 0xB42D, 0xB44E, 0xBC6E,
  0xBC8E, 0xBC8E, 0xBC8E, 0xBC8E, 0xBC6D, 0xB44D, 0xB44C, 0xB44C, 0xB42C, 0xB44C, 0xB44D, 0xB44D,
  0xBC6D, 0xBC8E, 0xBC8E, 0xBC8E, 0xBC6E, 0xBC8E, 0xBC8E, 0xBC8E, 0xBCAF, 0xBCAF, 0xBCAF, 0xBCAF,
  0xC4D0, 0xC4D0, 0xC4F0, 0xC4F0, 0xC4F0, 0xC4D0, 0xC4D0, 0xC4B0, 0xC4CF, 0xC4AF, 0xBCAF, 0xBCAF,
  0xBCAF, 0xBCAF, 0xBC8E, 0xBC8E, 0xBC8E, 0xBC8E, 0xBC8E, 0xBC8E, 0xBC8E, 0xBC8E, 0xBC8E, 0xBC8E,
  0xBC6E, 0xBC8E, 0xC48E, 0xC48E, 0xC48E, 0xC48E, 0xC48E, 0xC48E, 0xC4AF, 0xC4AF, 0xC4AF, 0xC4AF,
  0xC4AF, 0xC4AF, 0xC48F, 0xC48F, 0xC48F, 0xC48F, 0xC48F, 0xBC6F, 0xBC6F, 0xBC6F, 0xC48F, 0xC48F,
  0xBC6F, 0xC48F, 0xC48F, 0xC48F, 0xBC6E, 0xBC6E, 0xBC6E, 0xBC4E, 0xBC6E, 0xBC6E, 0xBC6E, 0xBC6E,
  0xBC4E, 0xBC2E, 0xBC2E, 0xB42D, 0xB40D, 0xB40D, 0xABEC, 0xABCB, 0xA3CB, 0xA3AB, 0x9B8B, 0x9B8B,
  0x936A, 0x936A, 0x9349, 0x8B29, 0x8B09, 0x8B29, 0x8B29, 0x832A, 0x6A67, 0x30E2, 0x20A1, 0x28C3,
  0x3965, 0x28E3, 0x20C3, 0x20A2, 0x18A2, 0x20E3, 0x28E3, 0x2904, 0x28E3, 0x20E3, 0x3145, 0x2924,
  0x28E3, 0x2904, 0x2904, 0x28E3, 0x3124, 0x3124, 0x3124, 0x2904, 0x3145, 0x3165, 0x3145, 0x3124,
  0x3145, 0x2924, 0x3165, 0x2904, 0x20E4, 0x20E4, 0x20C3, 0x2925, 0x3166, 0x2905, 0x2925, 0x2105,
  0x2062, 0x2061, 0x2061, 0x2062, 0x1861, 0x1841, 0x1841, 0x2082, 0x2082, 0x2082, 0x2061, 0x2061,
  0x2061, 0x2041, 0x2061, 0x28A2, 0x4123, 0x4123, 0x4144, 0x4944, 0x4103, 0x4103, 0x4944, 0x5184,
  0x51A5, 0x5184, 0x4944, 0x4923, 0x4944, 0x4123, 0x4123, 0x59C6, 0x6206, 0x6A27, 0x6A27, 0x6A47,
  0x7247, 0x7267, 0x7A88, 0x82A8, 0x82C8, 0x82E9, 0x8B09, 0x8B29, 0x934A, 0x936A, 0x9B8B, 0x9B8B,
  0x9BAB, 0xA3CC, 0xA3EC, 0xAC0D, 0xAC2D, 0xAC2D, 0xB44E, 0xB44E, 0xB46E, 0xB46E, 0xBC6E, 0xBC6E,
  0xBC8F, 0xBCAF, 0xBCAF, 0xBCAF, 0xBCAF, 0xBCAF, 0xBC8E, 0xBC6E, 0xB46D, 0xB44D, 0xB44D, 0xB44D,
  0xAC2C, 0xAC2C, 0xAC0C, 0xA3EC, 0xA3EC, 0xA3EC, 0xABEC, 0xABEC, 0xABEC, 0xABEC, 0xA3EC, 0xA3EC,
  0xA3EC, 0xA3CC, 0xA3CC, 0xA3CC, 0xA3AB, 0xA3CB, 0xA3CC, 0xA3EC, 0xAC0C, 0xB42D, 0xB44E, 0xBC6E,
  0xBC8E, 0xBC8E, 0xBC8E, 0xBC6E, 0xBC6D, 0xB44D, 0xB42C, 0xB40C, 0xAC0C, 0xB3EB, 0xABEC, 0xB40C,
  0xB42D, 0xBC4D, 0xBC6E, 0xBC6E, 0xBC4E, 0xBC6E, 0xBC6E, 0xBC8E, 0xBC6E, 0xBC8E, 0xBC8F, 0xBC8F,
  0xBCAF, 0xC4AF, 0xC4D0, 0xC4D0, 0xC4D0, 0xC4B0, 0xBCAF, 0xC48F, 0xBC8F, 0xBC8F, 0xBC8E, 0xBC6E,
  0xBC8E, 0xBC6E, 0xBC6E, 0xB46E, 0xBC8E, 0xBC8E, 0xBC6E, 0xBC6E, 0xBC8E, 0xBC8E, 0xBC8E, 0xBC8E,
  0xBC6E, 0xBC8E, 0xC48E, 0xC48E, 0xC48E, 0xC48E, 0xC48E, 0xC4AF, 0xC4AF, 0xC4AF, 0xC4AF, 0xC4AF,
  0xC48F, 0xC48F, 0xC48F, 0xC48F, 0xBC6F, 0xBC6E, 0xBC6E, 0xBC6E, 0xBC6F, 0xBC6F, 0xC48F, 0xC48F,
  0xC48F, 0xC48F, 0xC48F, 0xC48F, 0xBC6F, 0xBC6E, 0xBC6E, 0xBC6E, 0xBC6E, 0xBC6E, 0xBC6E, 0xBC6F,
  0xBC4E, 0xBC4E, 0xBC2E, 0xB40D, 0xB40D, 0xB40D, 0xABEC, 0xABCC, 0xA3CB, 0xA3AB, 0x9B8B, 0x9B6A,
  0x936A, 0x934A, 0x8B29, 0x8B09, 0x8B08, 0x8B29, 0x8B29, 0x8309, 0x6226, 0x30C2, 0x2081, 0x28E3,
  0x3165, 0x20C3, 0x20A2, 0x20A2, 0x18A2, 0x20E3, 0x20E3, 0x20E3, 0x2924, 0x20E3, 0x3144, 0x2924,
  0x20E3, 0x2904, 0x28E3, 0x2904, 0x3145, 0x28E3, 0x2904, 0x2904, 0x3145, 0x3965, 0x3144, 0x3144,
  0x3124, 0x2924, 0x3145, 0x2904, 0x20C3, 0x20E4, 0x18C3, 0x2904, 0x2966, 0x2925, 0x2925, 0x2105,
  0x2062, 0x2061, 0x2061, 0x2082, 0x2061, 0x1841, 0x1841, 0x1861, 0x2082, 0x2082, 0x2082, 0x2061,
  0x2061, 0x2061, 0x2061, 0x2882, 0x38E2, 0x3903, 0x4144, 0x4964, 0x4943, 0x4123, 0x4943, 0x5164,
  0x5985, 0x5185, 0x5184, 0x5144, 0x5184, 0x4964, 0x4123, 0x51A5, 0x6206, 0x6A26, 0x6A27, 0x6A27,
  0x7247, 0x7247, 0x7A67, 0x7AA8, 0x82A8, 0x82C8, 0x82E9, 0x8B09, 0x8B2A, 0x934A, 0x936A, 0x9B8B,
  0x9BAB, 0xA3CB, 0xA3EC, 0xAC0C, 0xAC2D, 0xAC2D, 0xB44E, 0xB44E, 0xB46E, 0xBC6E, 0xBC6E, 0xBC8F,
  0xBC8F, 0xBCAF, 0xBCAF, 0xBCAF, 0xBCAF, 0xBCAF, 0xBC8E, 0xBC8E, 0xB46E, 0xB46D, 0xB44D, 0xB44D,
  0xB44C, 0xAC2C, 0xAC0C, 0xAC0C, 0xABEC, 0xABEC, 0xA3EC, 0xA3EC, 0xABEC, 0xABEC, 0xA3EC, 0xA3EC,
  0xA3EC, 0xA3CC, 0xA3CB, 0xA3AB, 0x9BAB, 0xA3AB, 0xA3CC, 0xA3CC, 0xABEC, 0xAC0D, 0xB44D, 0xBC4E,
  0xBC8E, 0xBC8E, 0xBC6E, 0xBC6E, 0xBC6E, 0xBC4D, 0xB40C, 0xABAB, 0xABAA, 0xABAB, 0xABEB, 0xB40C,
  0xBC4D, 0xBC4E, 0xBC6E, 0xBC4E, 0xC46E, 0xC46E, 0xC48E, 0xBC8E, 0xBC6E, 0xBC6E, 0xBC8F, 0xC4AF,
  0xC4AF, 0xC4AF, 0xC4AF, 0xC4AF, 0xC4B0, 0xC4AF, 0xC48F, 0xBC6F, 0xBC6E, 0xBC6E, 0xBC6E, 0xB44E,
  0xB44D, 0xB44D, 0xB46E, 0xB46E, 0xBC6E, 0xB46E, 0xB46D, 0xB46E, 0xBC8E, 0xBC8E, 0xBC8E, 0xBC8E,
  0xBC6E, 0xBC8E, 0xBC8E, 0xC48E, 0xC48E, 0xC48E, 0xC48E, 0xC48E, 0xC4AF, 0xC4AF, 0xC4AF, 0xC4AF,
  0xC48F, 0xC48F, 0xC48F, 0xC48F, 0xC48F, 0xC48F, 0xBC6F, 0xBC6F, 0xBC6E, 0xBC6E, 0xBC6E, 0xBC6E,
  0xC48F, 0xC48F, 0xC48F, 0xC48F, 0xBC6F, 0xBC6E, 0xBC6E, 0xBC6E, 0xBC6E, 0xBC6E, 0xBC6E, 0xBC6E,
  0xBC4E, 0xBC2E, 0xBC2E, 0xB40D, 0xB40D, 0xB3EC, 0xABEC, 0xABCC, 0xA3CB, 0xA3AB, 0x9B8B, 0x9B6A,
  0x936A, 0x934A, 0x8B29, 0x8B09, 0x8B09, 0x8B29, 0x8B29, 0x830A, 0x5A06, 0x28A1, 0x2081, 0x28E3,
  0x3144, 0x20C3, 0x18A2, 0x18A2, 0x18A2, 0x20C3, 0x20E3, 0x20C3, 0x3124, 0x20E3, 0x3144, 0x2924,
  0x28E3, 0x2904, 0x20C3, 0x2904, 0x3124, 0x28E3, 0x2904, 0x3124, 0x3145, 0x3985, 0x3144, 0x3145,
  0x3124, 0x3124, 0x3145, 0x20E3, 0x18C3, 0x20E3, 0x18A3, 0x2104, 0x2966, 0x2925, 0x2925, 0x2925,
  0x2062, 0x2062, 0x2062, 0x2062, 0x2061, 0x2061, 0x1861, 0x1861, 0x1861, 0x2082, 0x2061, 0x2061,
  0x2061, 0x2061, 0x2061, 0x2061, 0x2881, 0x30C2, 0x4124, 0x4965, 0x4964, 0x4944, 0x4943, 0x5143,
  0x5164, 0x5164, 0x5164, 0x5164, 0x5184, 0x5164, 0x4944, 0x5185, 0x61E5, 0x6206, 0x6A26, 0x6A27,
  0x6A46, 0x7247, 0x7267, 0x7A87, 0x7AA8, 0x82C8, 0x82E8, 0x8B09, 0x8B29, 0x934A, 0x936A, 0x9B8B,
  0x9BAB, 0x9BAB, 0xA3CC, 0xA3EC, 0xAC0D, 0xAC2D, 0xB44D, 0xB44E, 0xB44E, 0xB46E, 0xBC8F, 0xBC8F,
  0xBCAF, 0xBC8F, 0xBC8F, 0xBCAF, 0xBCAF, 0xBCAF, 0xBC8F, 0xBC8E, 0xB46E, 0xB46D, 0xB44D, 0xB44D,
  0xB44D, 0xB42D, 0xAC2C, 0xAC0C, 0xAC0C, 0xAC0C, 0xAC0C, 0xABEC, 0xAC0C, 0xABEC, 0xA3EC, 0xA3EC,
  0xA3CB, 0xA3CB, 0x9BAB, 0x9BAB, 0xA3AB, 0xA3CB, 0xA3CB, 0xA3CB, 0xABEC, 0xABEC, 0xB40C, 0xB42D,
  0xBC6E, 0xBC6E, 0xBC6E, 0xBC4D, 0xBC4D, 0xBC2D, 0xABCB, 0xA36A, 0xA36A, 0xABAB, 0xB3EC, 0xBC2D,
  0xC46E, 0xC46E, 0xC46E, 0xC46F, 0xC46F, 0xC46F, 0xC46F, 0xBC6E, 0xBC6E, 0xBC6E, 0xC48F, 0xC4AF,
  0xC48F, 0xC48F, 0xC48F, 0xC48F, 0xC48F, 0xC48F, 0xBC6F, 0xBC6F, 0xBC4E, 0xBC4E, 0xB42D, 0xB40D,
  0xAC0D, 0xB42D, 0xB42D, 0xB44D, 0xB46D, 0xB44D, 0xB44D, 0xB46D, 0xBC6D, 0xBC8E, 0xBC8E, 0xBC8E,
  0xBC6E, 0xBC6E, 0xBC8E, 0xBC8E, 0xBC8E, 0xBC8E, 0xC48E, 0xC48F, 0xC48F, 0xC48F, 0xC48F, 0xC48F,
  0xC48F, 0xC48F, 0xC48F, 0xC48F, 0xC48F, 0xC48F, 0xC48F, 0xBC6F, 0xBC6F, 0xBC6F, 0xBC6E, 0xBC6E,
  0xC48F, 0xC48F, 0xC48F, 0xC48F, 0xBC6F, 0xBC6E, 0xBC6E, 0xBC6E, 0xBC6E, 0xBC6E, 0xBC6E, 0xBC4E,
  0xBC4E, 0xB42E, 0xBC2E, 0xB42D, 0xB40C, 0xABEC, 0xABEC, 0xABCC, 0xA3AB, 0xA3AB, 0x9B8B, 0x936A,
  0x934A, 0x934A, 0x8B29, 0x8B09, 0x9329, 0x9349, 0x8B29, 0x8309, 0x59E5, 0x28A1, 0x2081, 0x2903,
  0x2924, 0x20C3, 0x18A2, 0x1882, 0x1882, 0x20C3, 0x20E3, 0x20C3, 0x3124, 0x20C3, 0x3124, 0x3124,
  0x28E3, 0x28E3, 0x20A2, 0x2904, 0x3124, 0x28E3, 0x2904, 0x3124, 0x3945, 0x3965, 0x3144, 0x3145,
  0x2924, 0x2904, 0x2924, 0x20E3, 0x18A3, 0x20E3, 0x18A3, 0x2104, 0x2946, 0x2125, 0x2125, 0x2946,
  0x2061, 0x2062, 0x2062, 0x2061, 0x2061, 0x2061, 0x1861, 0x1841, 0x1861, 0x1861, 0x2061, 0x2061,
  0x2061, 0x1861, 0x1861, 0x2061, 0x2061, 0x2881, 0x38E3, 0x4965, 0x4964, 0x4964, 0x5164, 0x5144,
  0x5144, 0x4923, 0x5143, 0x5144, 0x5144, 0x5144, 0x4944, 0x4944, 0x59C5, 0x61E6, 0x6A06, 0x6A26,
  0x6A27, 0x6A46, 0x7247, 0x7287, 0x7A87, 0x7AA8, 0x82E8, 0x8B09, 0x8B29, 0x934A, 0x936A, 0x936B,
  0x9B8B, 0x9BAB, 0xA3CB, 0xA3EC, 0xAC0C, 0xAC0D, 0xAC2D, 0xB44D, 0xB44E, 0xB46E, 0xBC8F, 0xBC8F,
  0xBC8F, 0xBC8F, 0xBC8F, 0xBC8F, 0xBCAF, 0xBCAF, 0xBC8F, 0xBC8E, 0xBC6E, 0xB46D, 0xB46D, 0xB46D,
  0xB44D, 0xB42D, 0xAC2C, 0xAC0C, 0xAC0C, 0xAC0C, 0xAC0C, 0xAC0C, 0xAC0C, 0xAC0C, 0xABEC, 0xA3EC,
  0xA3CB, 0x9BAB, 0x9BAB, 0x9BAB, 0xA3CB, 0xA3CB, 0xA3CB, 0xA3AB, 0xA3CB, 0xABCB, 0xABEC, 0xB3EC,
  0xB44D, 0xBC4E, 0xBC4D, 0xBC2D, 0xB40C, 0xABCB, 0xAB8A, 0xA36A, 0xAB8A, 0xB3CB, 0xBC0C, 0xBC2D,
  0xBC2D, 0xBC2E, 0xBC0D, 0xBC0D, 0xBC0D, 0xBC0D, 0xBC0D, 0xB40D, 0xB40D, 0xBC0D, 0xBC2E, 0xBC2E,
  0xBC2E, 0xBC2E, 0xBC2E, 0xBC2E, 0xBC2E, 0xBC2E, 0xBC4E, 0xBC4E, 0xBC2E, 0xB42E, 0xB40D, 0xABCC,
  0xABCC, 0xABEC, 0xAC0C, 0xAC0D, 0xAC2D, 0xB44D, 0xB44D, 0xB46D, 0xBC6D, 0xBC8E, 0xBC8E, 0xBC8E,
  0xBC6E, 0xBC6E, 0xBC8E, 0xBC8E, 0xBC6E, 0xBC8E, 0xBC8E, 0xC48E, 0xC48F, 0xC48F, 0xC48F, 0xC48F,
  0xC48F, 0xC48F, 0xC48F, 0xC48F, 0xC48F, 0xC48F, 0xC48F, 0xC48F, 0xC48F, 0xC48F, 0xC48F, 0xC48F,
  0xBC6F, 0xC48F, 0xC48F, 0xC48F, 0xBC6F, 0xBC6E, 0xBC6E, 0xBC8F, 0xBC8E, 0xBC6E, 0xBC6E, 0xBC4E,
  0xBC4E, 0xB42E, 0xBC2E, 0xB42D, 0xB40C, 0xABEC, 0xABCC, 0xA3CB, 0xA3AB, 0x9B8B, 0x9B6A, 0x936A,
  0x8B4A, 0x8B2A, 0x8B09, 0x8B09, 0x9329, 0x934A, 0x8B29, 0x8309, 0x51C5, 0x28A1, 0x20A2, 0x3104,
  0x2903, 0x20C2, 0x18A2, 0x1882, 0x18A2, 0x20C3, 0x20C2, 0x20C2, 0x2904, 0x20E3, 0x3124, 0x2924,
  0x28E3, 0x20E3, 0x20A2, 0x2904, 0x2904, 0x28E3, 0x3124, 0x3124, 0x3965, 0x3965, 0x3145, 0x3145,
  0x3124, 0x2904, 0x2924, 0x20E3, 0x18A2, 0x20E4, 0x18A3, 0x18E3, 0x2945, 0x2105, 0x2125, 0x2946,
  0x2061, 0x2061, 0x2061, 0x2061, 0x2061, 0x2062, 0x1861, 0x1841, 0x1841, 0x1861, 0x1861, 0x1861,
  0x1861, 0x1861, 0x1861, 0x2061, 0x2061, 0x2061, 0x30A2, 0x4124, 0x4964, 0x5164, 0x5184, 0x5984,
  0x5143, 0x5143, 0x4923, 0x4923, 0x5143, 0x4923, 0x4923, 0x4923, 0x5984, 0x61C5, 0x6206, 0x6A26,
  0x6A26, 0x6A26, 0x6A46, 0x7267, 0x7A87, 0x7AA8, 0x82C8, 0x82E9, 0x8B09, 0x8B29, 0x934A, 0x936A,
  0x9B8B, 0x9B8B, 0x9BAB, 0xA3CC, 0xA3EC, 0xAC0D, 0xAC2D, 0xAC2D, 0xB44E, 0xB44E, 0xBC6E, 0xBC8E,
  0xBC8E, 0xBC8E, 0xBC8E, 0xBC8E, 0xBC8F, 0xBC8F, 0xBC8F, 0xBC8E, 0xB46E, 0xB46E, 0xB46D, 0xB44D,
  0xB44D, 0xAC2D, 0xAC2C, 0xAC0C, 0xAC0C, 0xAC0C, 0xAC0C, 0xAC0C, 0xAC0C, 0xAC0C, 0xA3EC, 0xA3CB,
  0x9BAB, 0x9BAB, 0x9BAA, 0x9BAA, 0xA3AB, 0xA3AB, 0xA3AB, 0xA3AB, 0xA38A, 0xA3AB, 0xABCB, 0xABCC,
  0xB40D, 0xB42D, 0xBC2D, 0xB3EC, 0xABAB, 0xAB8B, 0xAB8B, 0xB3AB, 0xBBCC, 0xB3CC, 0xBBAC, 0xB3AC,
  0xB3AC, 0xB38C, 0xB38C, 0xB38C, 0xB3AC, 0xB38C, 0xB38C, 0xAB8C, 0xAB8C, 0xAB8C, 0xAB8C, 0xAB8C,
  0xAB8C, 0xAB8C, 0xAB6B, 0xAB6B, 0xAB8C, 0xAB8C, 0xABAC, 0xABAC, 0xABAC, 0xABAC, 0xA36B, 0x9B4A,
  0x9B4A, 0x9B6A, 0xA3AB, 0xA3CB, 0xAC0C, 0xAC0C, 0xB44D, 0xB46D, 0xBC6D, 0xBC6D, 0xBC6E, 0xBC8E,
  0xBC8E, 0xBC8E, 0xBC8E, 0xBC8E, 0xBC8E, 0xBC6E, 0xBC8E, 0xBC8E, 0xC48E, 0xC48E, 0xC48F, 0xC48F,
  0xC48F, 0xC48F, 0xC48F, 0xC48F, 0xBC6F, 0xBC6F, 0xBC6F, 0xBC6F, 0xC48F, 0xC48F, 0xC48F, 0xC48F,
  0xBC6E, 0xBC6F, 0xBC8F, 0xBC8F, 0xBC8F, 0xBC6E, 0xBC8F, 0xBC8F, 0xBC8E, 0xBC6E, 0xBC6E, 0xBC4E,
  0xBC4E, 0xB42E, 0xB42D, 0xB40D, 0xB40C, 0xABEC, 0xABCC, 0xA3AB, 0xA3AB, 0x9B8B, 0x9B6A, 0x934A,
  0x8B2A, 0x8B29, 0x8B09, 0x8B29, 0x9329, 0x934A, 0x8B2A, 0x830A, 0x51A5, 0x28A1, 0x28A2, 0x3124,
  0x28E3, 0x20C2, 0x18A2, 0x1881, 0x18A2, 0x20C2, 0x18A2, 0x20C2, 0x2903, 0x2904, 0x3124, 0x2903,
  0x2904, 0x20E3, 0x20C3, 0x2904, 0x20C3, 0x2904, 0x3124, 0x3124, 0x3965, 0x3965, 0x3945, 0x3144,
  0x3145, 0x2903, 0x3145, 0x20E3, 0x1882, 0x2104, 0x10A3, 0x10A3, 0x2125, 0x2125, 0x2125, 0x2145,
  0x2062, 0x2061, 0x2061, 0x2062, 0x2082, 0x2082, 0x2061, 0x1861, 0x1841, 0x1861, 0x1861, 0x1861,
  0x1861, 0x1861, 0x1881, 0x2081, 0x2081, 0x2061, 0x2882, 0x3903, 0x4144, 0x5165, 0x59A5, 0x5985,
  0x5164, 0x5964, 0x4902, 0x4903, 0x5143, 0x4923, 0x4923, 0x4103, 0x5164, 0x59A5, 0x61E6, 0x6A06,
  0x6A26, 0x6A26, 0x6A26, 0x7247, 0x7287, 0x7A87, 0x82A8, 0x82C8, 0x8B09, 0x8B09, 0x934A, 0x934A,
  0x9B8A, 0x9B8B, 0x9BAB, 0xA3CB, 0xA3EC, 0xAC0C, 0xAC2D, 0xAC2D, 0xB44E, 0xB44E, 0xB46E, 0xBC6E,
  0xBC6E, 0xBC6E, 0xBC8E, 0xBC8E, 0xBC8E, 0xBC8E, 0xBC8E, 0xBC6E, 0xB46E, 0xB44D, 0xB44D, 0xB44D,
  0xB44D, 0xB42D, 0xAC2C, 0xAC0C, 0xAC0C, 0xAC0C, 0xAC0C, 0xAC0C, 0xAC0C, 0xAC0C, 0xA3EB, 0x9BCB,
  0x9BAB, 0x9BAA, 0x9B8A, 0x9BAA, 0x9B8A, 0xA38A, 0xA3AA, 0xA38A, 0xA38A, 0xA38B, 0xABAB, 0xB3CC,
  0xBC0C, 0xB3EC, 0xB3EC, 0xB3CC, 0xB3AB, 0xB38B, 0xB3AB, 0xBBCC, 0xC3ED, 0xBBAC, 0xB38B, 0xAB4B,
  0xAB4B, 0xAB4B, 0xB36B, 0xB36C, 0xB38C, 0xB36C, 0xAB6B, 0xAB6B, 0xAB6B, 0xAB4B, 0xA32A, 0xA30A,
  0xA30A, 0xA30A, 0x9AE9, 0x9AC9, 0x9AC9, 0x9AC9, 0x9AE9, 0x9AE9, 0x9B0A, 0x92EA, 0x92C9, 0x8AA8,
  0x8AC8, 0x8AE8, 0x9329, 0x9B6A, 0xA3CB, 0xAC0C, 0xB42C, 0xB44D, 0xBC6D, 0xBC6D, 0xBC6E, 0xBC8E,
  0xBC8E, 0xBC8E, 0xC48E, 0xC48E, 0xBC8E, 0xBC8E, 0xBC8E, 0xBC8E, 0xC48E, 0xBC8E, 0xBC6F, 0xBC6F,
  0xBC6E, 0xBC6E, 0xBC6E, 0xBC6E, 0xBC6F, 0xBC6F, 0xBC6F, 0xBC6F, 0xBC6F, 0xC48F, 0xC48F, 0xC48F,
  0xBC6E, 0xBC6E, 0xBC8F, 0xBC8F, 0xBC8F, 0xBC6E, 0xBC8F, 0xBC8F, 0xBC6E, 0xBC6E, 0xBC6E, 0xBC6E,
  0xBC4E, 0xB42E, 0xB42D, 0xB40D, 0xB40D, 0xABEC, 0xA3CB, 0xA3AB, 0xA3AB, 0x9B8B, 0x936A, 0x934A,
  0x8B29, 0x8B09, 0x8B08, 0x8B09, 0x9349, 0x934A, 0x8B2A, 0x8309, 0x49A4, 0x28A1, 0x28C2, 0x3124,
  0x20C3, 0x20C2, 0x20A2, 0x1861, 0x1881, 0x20C3, 0x18A2, 0x20E3, 0x20C3, 0x20E3, 0x3124, 0x2904,
  0x2924, 0x20E3, 0x28E3, 0x2903, 0x1882, 0x2904, 0x3145, 0x3145, 0x3965, 0x3945, 0x3145, 0x2904,
  0x3145, 0x20E3, 0x2924, 0x20E3, 0x1082, 0x2104, 0x10A2, 0x1062, 0x2104, 0x2945, 0x2145, 0x2125,
  0x2882, 0x2882, 0x2882, 0x2882, 0x2082, 0x2082, 0x2082, 0x2061, 0x1861, 0x1841, 0x1861, 0x1861,
  0x2081, 0x1881, 0x1881, 0x1881, 0x1861, 0x2061, 0x2061, 0x2881, 0x3903, 0x5165, 0x5185, 0x5184,
  0x5984, 0x5164, 0x5144, 0x5123, 0x4923, 0x4923, 0x4923, 0x4923, 0x5184, 0x59A5, 0x61E5, 0x6206,
  0x6206, 0x6A26, 0x6A26, 0x7246, 0x7267, 0x7287, 0x7A87, 0x7AA8, 0x82C8, 0x8AE9, 0x8B2A, 0x934A,
  0x936A, 0x936A, 0x9B8B, 0x9BAB, 0xA3CC, 0xA3EC, 0xAC0D, 0xAC0D, 0xB42D, 0xB44E, 0xB46E, 0xB46E,
  0xB46E, 0xB46E, 0xB46E, 0xB46E, 0xB46E, 0xB46E, 0xB46E, 0xB46E, 0xB46E, 0xB46E, 0xB44D, 0xB44D,
  0xB42D, 0xB44D, 0xB44D, 0xAC2C, 0xAC0C, 0xAC0C, 0xAC0C, 0xAC0C, 0xAC0C, 0xABEC, 0xA3EC, 0x9BAB,
  0x9B8A, 0x9B8A, 0x9BAB, 0x9BAB, 0xA3AB, 0xA38B, 0x9B6A, 0xA36A, 0xA38A, 0xAB8B, 0xABAB, 0xB3CC,
  0xB3CC, 0xBBCC, 0xBBED, 0xBBED, 0xBBCC, 0xBBCC, 0xC3ED, 0xBBAC, 0xB36B, 0xB34B, 0xB34B, 0xB34B,
  0xB34B, 0xB34B, 0xB34B, 0xB36C, 0xB34C, 0xB34C, 0xB36C, 0xB34C, 0xAB2B, 0xAAEA, 0xA2EA, 0xA2C9,
  0xA2C9, 0x9AA9, 0x9A88, 0x9268, 0x9268, 0x9268, 0x8A48, 0x8A47, 0x8227, 0x7A06, 0x71E6, 0x71E5,
  0x69E4, 0x7225, 0x82A7, 0x9329, 0x9B8A, 0xA3CB, 0xAC0C, 0xB44D, 0xBC6D, 0xBC6D, 0xBC6D, 0xBC8D,
  0xBC8E, 0xBC8E, 0xBC8E, 0xBC8E, 0xBC6E, 0xBC8E, 0xBC8E, 0xBC8E, 0xBC8E, 0xBC8E, 0xBC6E, 0xBC6E,
  0xBC6F, 0xBC6F, 0xBC6F, 0xBC6E, 0xBC6F, 0xBC6F, 0xBC6F, 0xBC6E, 0xBC6E, 0xBC6E, 0xBC6E, 0xBC6E,
  0xBC6F, 0xBC6F, 0xBC8F, 0xBC8F, 0xBC8F, 0xBC8F, 0xBC8F, 0xBC8F, 0xBC8F, 0xBC6E, 0xBC6E, 0xBC6E,
  0xB42E, 0xB42E, 0xB42E, 0xB40D, 0xABED, 0xABCC, 0xA3AB, 0xA3AB, 0xA3AB, 0x9B8B, 0x936A, 0x934A,
  0x8B2A, 0x8B09, 0x8AE8, 0x9329, 0x934A, 0x934A, 0x8B2A, 0x7AE9, 0x4984, 0x2081, 0x28E3, 0x28E3,
  0x20C2, 0x20A2, 0x18A2, 0x1861, 0x20C2, 0x1882, 0x20C3, 0x20C2, 0x20C3, 0x20E3, 0x2924, 0x2904,
  0x2903, 0x20C3, 0x2904, 0x20E3, 0x18A2, 0x2903, 0x3165, 0x3165, 0x3145, 0x3965, 0x3145, 0x3124,
  0x2904, 0x2904, 0x2904, 0x20C3, 0x18A3, 0x20E3, 0x1082, 0x1082, 0x18E4, 0x2104, 0x2125, 0x2945,
  0x2862, 0x2862, 0x2882, 0x2882, 0x2882, 0x2882, 0x2082, 0x2082, 0x2082, 0x1861, 0x1841, 0x1841,
  0x1861, 0x1861, 0x1881, 0x1881, 0x1882, 0x2082, 0x2061, 0x2061, 0x28A2, 0x4103, 0x4964, 0x59A5,
  0x59A5, 0x5984, 0x5164, 0x5164, 0x5164, 0x5164, 0x5164, 0x5144, 0x5184, 0x59A5, 0x61C5, 0x61E6,
  0x6206, 0x6A06, 0x6A26, 0x6A46, 0x7247, 0x7267, 0x7A87, 0x7AA8, 0x82C8, 0x82E9, 0x8B09, 0x932A,
  0x936A, 0x936A, 0x9B8B, 0x9BAB, 0xA3CC, 0xA3EC, 0xAC0C, 0xAC0D, 0xAC2D, 0xB42D, 0xB44E, 0xB46E,
  0xB46E, 0xB46E, 0xB46E, 0xB46E, 0xB44E, 0xB46E, 0xB46E, 0xB46E, 0xB46E, 0xB44D, 0xB44D, 0xB44D,
  0xB42D, 0xB44D, 0xB42D, 0xAC2C, 0xAC0C, 0xAC0C, 0xAC0C, 0xA3EC, 0xA3CB, 0xA3CB, 0x9BAB, 0x9B8A,
  0x9B6A, 0x9B8A, 0x9B8A, 0x9B8A, 0x9B6A, 0x9B6A, 0x9B6A, 0xA36A, 0xA36A, 0xAB6B, 0xAB8B, 0xAB8B,
  0xB3AC, 0xB3AB, 0xB38B, 0xB38C, 0xB36B, 0xB36B, 0xB36B, 0xB34B, 0xAB0A, 0xAB0A, 0xAB0A, 0xAB0B,
  0xB30B, 0xAB0B, 0xAB0B, 0xB32B, 0xB32B, 0xB32C, 0xB32B, 0xAB0B, 0xAAEA, 0xAACA, 0xA2A9, 0x9A69,
  0x9A68, 0x9A48, 0x9248, 0x9248, 0x9247, 0x8A27, 0x8A07, 0x81E6, 0x79E6, 0x6985, 0x6143, 0x48A0,
  0x3840, 0x48E1, 0x7225, 0x9329, 0x9B8A, 0xA3CB, 0xABEB, 0xB42C, 0xB44D, 0xBC6D, 0xBC6D, 0xBC6D,
  0xBC8E, 0xBC8E, 0xBC8E, 0xBC8E, 0xBC6E, 0xBC8E, 0xBC8E, 0xBC8E, 0xBC8E, 0xBC6E, 0xBC6E, 0xBC6E,
  0xBC6E, 0xBC6F, 0xBC6E, 0xBC6E, 0xBC6F, 0xBC6F, 0xBC6F, 0xBC6F, 0xBC6F, 0xBC6E, 0xBC6E, 0xBC6E,
  0xBC6E, 0xBC6E, 0xBC6E, 0xBC6E, 0xBC8E, 0xBC8E, 0xBC8E, 0xBC8E, 0xBC8F, 0xBC6E, 0xBC6E, 0xBC4E,
  0xB42E, 0xB42E, 0xB42D, 0xB40D, 0xABEC, 0xABCC, 0xA3AB, 0xA38B, 0x9B8B, 0x9B6A, 0x934A, 0x934A,
  0x8B29, 0x8B09, 0x8B08, 0x9329, 0x934A, 0x934A, 0x8B4A, 0x7AE9, 0x4964, 0x28A1, 0x28E3, 0x20E3,
  0x18A2, 0x1882, 0x1882, 0x1882, 0x20C3, 0x1882, 0x18A2, 0x20C2, 0x20C3, 0x20C3, 0x2904, 0x2904,
  0x2904, 0x28E3, 0x2904, 0x28E3, 0x18A2, 0x28E3, 0x3124, 0x3165, 0x3145, 0x3965, 0x3165, 0x3144,
  0x2924, 0x2904, 0x2904, 0x18A2, 0x18A2, 0x18C3, 0x1082, 0x1082, 0x18C4, 0x18E4, 0x1904, 0x2145,
  0x2882, 0x2882, 0x28A2, 0x28A2, 0x2882, 0x2082, 0x2082, 0x2082, 0x2082, 0x1861, 0x1861, 0x1841,
  0x1861, 0x1881, 0x1881, 0x1881, 0x1882, 0x2082, 0x1881, 0x1840, 0x2060, 0x28A1, 0x4103, 0x5185,
  0x5185, 0x5184, 0x5164, 0x5164, 0x5184, 0x5184, 0x5164, 0x5164, 0x5985, 0x59A5, 0x59C5, 0x61E6,
  0x6206, 0x6A06, 0x6A26, 0x6A26, 0x6A46, 0x7267, 0x7287, 0x7AA8, 0x82C8, 0x82E9, 0x8B09, 0x8B0A,
  0x934A, 0x936A, 0x936A, 0x9B8B, 0x9BAB, 0xA3CC, 0xA3EC, 0xA3EC, 0xAC0D, 0xAC0D, 0xB42D, 0xB44D,
  0xB44D, 0xB44D, 0xB44D, 0xB44D, 0xB44D, 0xB44D, 0xB44D, 0xB44D, 0xB44D, 0xB44D, 0xB44D, 0xB44D,
  0xB44D, 0xB44D, 0xB42D, 0xAC2C, 0xAC0C, 0xAC0C, 0xA3EC, 0xA3CB, 0xA3CB, 0x9BAB, 0x9B8A, 0x936A,
  0x9B6A, 0x9B6A, 0x9B6A, 0x9B6A, 0x9B6A, 0x9B6A, 0xA36A, 0xA36B, 0xAB6B, 0xAB4B, 0xAB4A, 0xA34A,
  0xA30A, 0xA2E9, 0xA2E9, 0xA2EA, 0xA2E9, 0xAAEA, 0xAB0A, 0xAAEA, 0xAAEA, 0xAAEA, 0xAACA, 0xAACA,
  0xAACA, 0xAACA, 0xB30B, 0xB32C, 0xB32C, 0xBB4C, 0xB32C, 0xAAEB, 0xAAAA, 0xA289, 0xA269, 0x9A48,
  0x9A69, 0x9A48, 0x9A48, 0x9A48, 0x9248, 0x9248, 0x9227, 0x8A27, 0x8227, 0x7A06, 0x7A06, 0x6163,
  0x48C0, 0x5942, 0x7A86, 0x9349, 0x9BAA, 0xA3EB, 0xAC0C, 0xB42C, 0xB44D, 0xB44D, 0xBC4D, 0xBC6D,
  0xBC8E, 0xBC8E, 0xBC8E, 0xBC8E, 0xBC6E, 0xBC6E, 0xBC6E, 0xBC8E, 0xBC6E, 0xBC6E, 0xBC6E, 0xBC6E,
  0xBC6E, 0xBC6E, 0xBC6E, 0xBC6E, 0xBC8F, 0xBC8F, 0xBC6F, 0xBC6F, 0xBC6F, 0xBC6F, 0xC46F, 0xC46F,
  0xBC6E, 0xBC6E, 0xBC6E, 0xBC6E, 0xBC8E, 0xBC8E, 0xBC8E, 0xBC8E, 0xBC8E, 0xB46E, 0xBC4E, 0xB44E,
  0xB42E, 0xB42E, 0xB42D, 0xAC0D, 0xABEC, 0xABCC, 0xA3AB, 0xA38B, 0x9B8B, 0x9B6A, 0x934A, 0x9329,
  0x8B09, 0x8B09, 0x8B09, 0x934A, 0x9B6A, 0x936A, 0x8B2A, 0x7AC9, 0x4143, 0x28C2, 0x28E3, 0x20C3,
  0x18A2, 0x1861, 0x1882, 0x20C2, 0x20E3, 0x1881, 0x1882, 0x18A2, 0x20C3, 0x20C2, 0x2904, 0x2924,
  0x2903, 0x2903, 0x2903, 0x28E3, 0x18A2, 0x2903, 0x3124, 0x3986, 0x3144, 0x3965, 0x3145, 0x3144,
  0x2924, 0x2903, 0x20E3, 0x18A2, 0x18A3, 0x18C3, 0x1082, 0x1082, 0x18C3, 0x18A3, 0x18E4, 0x2945,
  0x30C3, 0x28A3, 0x28A3, 0x28A2, 0x2882, 0x2082, 0x2082, 0x2082, 0x2082, 0x2082, 0x1881, 0x1861,
  0x1861, 0x1881, 0x1881, 0x1881, 0x1881, 0x1882, 0x1881, 0x1861, 0x1840, 0x2060, 0x28A2, 0x3903,
  0x4985, 0x5185, 0x5185, 0x5185, 0x5985, 0x5985, 0x5985, 0x5184, 0x5985, 0x59A5, 0x59A5, 0x61C5,
  0x61E5, 0x6206, 0x6206, 0x6A06, 0x6A26, 0x7246, 0x7267, 0x7A87, 0x82A8, 0x82C8, 0x8AE9, 0x8B09,
  0x934A, 0x934A, 0x936A, 0x9B8B, 0x9BAB, 0xA3CB, 0xA3CC, 0xA3EC, 0xABEC, 0xAC0D, 0xAC2D, 0xB42D,
  0xB44D, 0xB44D, 0xB44D, 0xB44D, 0xB44D, 0xB44D, 0xB44D, 0xB44D, 0xB44D, 0xB44D, 0xB44D, 0xB44D,
  0xB44D, 0xB44D, 0xAC2D, 0xAC2C, 0xAC0C, 0xABEC, 0xA3CB, 0xA3AB, 0x9BAB, 0x9B8A, 0x9B6A, 0x9B6A,
  0x9B6A, 0x934A, 0x934A, 0x934A, 0x9B4A, 0x9B6A, 0xA36B, 0xAB6B, 0xAB4B, 0xA32A, 0xA30A, 0xA2E9,
  0xA2C9, 0x9AA9, 0x9AA8, 0x9AA9, 0x9A88, 0x9A68, 0x9A88, 0xA2A9, 0xAACA, 0xAAAA, 0xAACA, 0xAACA,
  0xAACA, 0xAACA, 0xAAEB, 0xB30B, 0xB32C, 0xB32C, 0xAAEB, 0xA2AA, 0xA28A, 0xA269, 0x9A48, 0x9A48,
  0x9A48, 0x9A28, 0x9227, 0x9227, 0x9227, 0x9227, 0x9227, 0x9227, 0x8A68, 0x8A68, 0x8AA8, 0x8267,
  0x7205, 0x7A66, 0x934A, 0xA3CB, 0xAC0C, 0xAC2C, 0xB44C, 0xB44D, 0xB44D, 0xB44D, 0xB44D, 0xBC4D,
  0xBC6E, 0xBC6E, 0xBC6E, 0xBC8E, 0xBC6E, 0xBC6E, 0xBC6E, 0xBC6E, 0xBC6E, 0xBC6E, 0xBC6E, 0xBC6E,
  0xBC6E, 0xBC6E, 0xBC6E, 0xBC6E, 0xBC6E, 0xBC6E, 0xBC6F, 0xBC6F, 0xBC6F, 0xBC6E, 0xC46E, 0xC46E,
  0xBC6E, 0xBC6E, 0xBC6E, 0xBC6E, 0xBC8E, 0xBC8E, 0xBC8E, 0xBC8E, 0xBC8E, 0xB46E, 0xB46E, 0xB44E,
  0xB42E, 0xB42E, 0xB40D, 0xABED, 0xABEC, 0xABCC, 0xA3AB, 0x9B8A, 0x9B8A, 0x9B6A, 0x934A, 0x8B29,
  0x8AE9, 0x8B09, 0x9329, 0x9B6A, 0x9B6A, 0x936A, 0x8B2A, 0x72A8, 0x4123, 0x28E2, 0x28E3, 0x20C2,
  0x20A2, 0x1881, 0x1882, 0x20C3, 0x20C3, 0x1882, 0x1882, 0x18A2, 0x20C2, 0x18A2, 0x2904, 0x2924,
  0x28E3, 0x2903, 0x20E3, 0x28E3, 0x20C2, 0x2904, 0x2924, 0x3986, 0x3124, 0x3965, 0x3144, 0x3124,
  0x3124, 0x2903, 0x20E3, 0x18A2, 0x20E3, 0x18C3, 0x1082, 0x1082, 0x18C3, 0x18A3, 0x18E4, 0x2966,
  0x30E3, 0x30C3, 0x28A3, 0x28A2, 0x28A2, 0x28A2, 0x20A2, 0x2082, 0x2082, 0x2082, 0x2082, 0x1861,
  0x1861, 0x1881, 0x1881, 0x1881, 0x1881, 0x1881, 0x1881, 0x1881, 0x1881, 0x1840, 0x2041, 0x2881,
  0x3903, 0x4144, 0x4985, 0x51A5, 0x59A5, 0x59A5, 0x59A5, 0x59A5, 0x59A5, 0x59A5, 0x59A5, 0x59C5,
  0x61E5, 0x61E5, 0x6205, 0x6206, 0x6A26, 0x6A46, 0x7267, 0x7A87, 0x7AA8, 0x82C8, 0x82E9, 0x8AE9,
  0x8B29, 0x934A, 0x936A, 0x936A, 0x9B8B, 0x9BAB, 0xA3CB, 0xA3CC, 0xA3EC, 0xAC0C, 0xAC0C, 0xAC2D,
  0xAC2D, 0xB42D, 0xB44D, 0xB44D, 0xB44D, 0xB44D, 0xB44D, 0xB44D, 0xB44D, 0xB44D, 0xB44D, 0xB44D,
  0xB44D, 0xB44D, 0xAC2C, 0xAC0C, 0xABEC, 0xA3CB, 0xA3AB, 0x9BAA, 0x9B6A, 0x9B6A, 0x934A, 0x934A,
  0x9349, 0x9329, 0x9329, 0x934A, 0x9B4A, 0x9B4A, 0xA34A, 0xA32A, 0xA30A, 0x9AC9, 0x9AA9, 0x9AA9,
  0x9AA9, 0xA2A9, 0xA289, 0x9A89, 0x9A68, 0x9A48, 0x9A68, 0xA289, 0xA289, 0xA289, 0xA289, 0xA289,
  0xA289, 0xA2AA, 0xAAAA, 0xAACA, 0xAAEB, 0xAAEB, 0xAACB, 0xAAAA, 0xA28A, 0x9A28, 0x91E7, 0x91E7,
  0x91E7, 0x91E7, 0x9207, 0x9207, 0x9228, 0x9A68, 0x9A89, 0x9A89, 0x9AEA, 0x9AEA, 0x92C9, 0x8AA8,
  0x8AC8, 0x9329, 0xA3AB, 0xAC0C, 0xB44D, 0xB46D, 0xB46D, 0xB44D, 0xB46D, 0xB44D, 0xB44D, 0xBC4D,
  0xBC6E, 0xBC6E, 0xBC6E, 0xBC8E, 0xBC6E, 0xBC6E, 0xBC6E, 0xBC6E, 0xBC6E, 0xBC6F, 0xBC6F, 0xBC6F,
  0xBC6F, 0xBC6F, 0xBC6F, 0xBC6F, 0xBC6E, 0xBC6E, 0xBC6E, 0xBC6E, 0xC46E, 0xC46E, 0xC46E, 0xBC6E,
  0xBC6E, 0xBC6E, 0xBC8F, 0xBC8F, 0xBC8E, 0xBC8E, 0xBC8E, 0xBC8E, 0xB46E, 0xB46E, 0xB44E, 0xB44E,
  0xB42E, 0xB42D, 0xB40D, 0xABEC, 0xABEC, 0xA3CC, 0xA3AB, 0x9B8A, 0x9B8A, 0x9B6A, 0x934A, 0x8B29,
  0x8AE9, 0x8B09, 0x932A, 0x9B6A, 0x936A, 0x936A, 0x8B2A, 0x7288, 0x3902, 0x28C2, 0x28E3, 0x20A2,
  0x20A2, 0x1882, 0x1882, 0x20C2, 0x18A2, 0x18A2, 0x18A2, 0x18A2, 0x20C2, 0x20C2, 0x2924, 0x2924,
  0x2903, 0x28E3, 0x20E3, 0x28E3, 0x20E3, 0x2924, 0x2904, 0x3145, 0x2924, 0x3165, 0x3144, 0x2924,
  0x2924, 0x2903, 0x20C3, 0x18A2, 0x2104, 0x18C3, 0x1062, 0x1082, 0x18C3, 0x18C3, 0x18E4, 0x3166,
  0x30C3, 0x30C3, 0x28A3, 0x28A3, 0x28C3, 0x28C3, 0x28A2, 0x20A2, 0x2082, 0x2082, 0x2082, 0x1861,
  0x1861, 0x1861, 0x1881, 0x1881, 0x18A1, 0x1881, 0x1881, 0x1881, 0x1881, 0x1861, 0x1840, 0x1840,
  0x2081, 0x30C2, 0x4124, 0x4964, 0x51A5, 0x59C5, 0x59C5, 0x59A5, 0x59A5, 0x59A5, 0x59A5, 0x59A5,
  0x61C5, 0x61E5, 0x6205, 0x6206, 0x6A26, 0x6A26, 0x7266, 0x7287, 0x7A87, 0x82A8, 0x82C8, 0x8AE9,
  0x8B29, 0x8B29, 0x934A, 0x936A, 0x9B8B, 0x9B8B, 0x9BAB, 0xA3CB, 0xA3CC, 0xA3EC, 0xABEC, 0xAC0C,
  0xAC0C, 0xAC2C, 0xAC2C, 0xAC2D, 0xAC2D, 0xAC2D, 0xAC2C, 0xAC2C, 0xAC2D, 0xB42D, 0xB42D, 0xB44D,
  0xB44D, 0xAC2D, 0xAC0C, 0xABEC, 0xA3CB, 0x9BAB, 0x9B8A, 0x9B6A, 0x934A, 0x9349, 0x934A, 0x9329,
  0x9329, 0x9329, 0x932A, 0x9B4A, 0x9B4A, 0x9B2A, 0x9B0A, 0x9AC9, 0x9AA9, 0x9AA9, 0x9AA9, 0x9AA9,
  0x9A88, 0xA289, 0xA289, 0x9A68, 0x9A48, 0x9A28, 0x9A48, 0xA269, 0xAA8A, 0xA269, 0xA269, 0xA249,
  0xA269, 0xA289, 0xA289, 0xAAAA, 0xAACB, 0xA2AA, 0x9A69, 0x89E7, 0x7924, 0x70E3, 0x7945, 0x89A6,
  0x9A28, 0xA269, 0xA289, 0xAAAA, 0xAAEA, 0xB30B, 0xB32B, 0xAB2B, 0x9AEA, 0x9AEA, 0x9AE9, 0x9B0A,
  0xABAC, 0xB40D, 0xB44E, 0xBC6E, 0xB46D, 0xB46E, 0xB46D, 0xB46D, 0xBC6D, 0xBC4D, 0xBC4D, 0xBC6D,
  0xBC6E, 0xBC6E, 0xBC6E, 0xBC6E, 0xBC6E, 0xBC6E, 0xBC6E, 0xBC6E, 0xBC6E, 0xBC6F, 0xC48F, 0xC48F,
  0xC48F, 0xBC6F, 0xBC6F, 0xBC6F, 0xBC6E, 0xBC6E, 0xBC6E, 0xBC6E, 0xC46E, 0xC46E, 0xBC6E, 0xBC6E,
  0xBC6E, 0xBC6E, 0xBC6E, 0xBC6E, 0xBC8E, 0xBC8E, 0xBC8E, 0xBC8E, 0xB46E, 0xB46E, 0xB44E, 0xB44E,
  0xB42E, 0xB40D, 0xAC0D, 0xABEC, 0xABCC, 0xA3CC, 0xA38B, 0x9B8A, 0x9B6A, 0x9B6A, 0x9329, 0x8B09,
  0x8AE9, 0x8B09, 0x934A, 0x9B6B, 0x936A, 0x934A, 0x8B0A, 0x6A68, 0x3902, 0x30E2, 0x28E3, 0x20A2,
  0x20C3, 0x18A2, 0x20A2, 0x20A2, 0x18A2, 0x20C3, 0x20C2, 0x18A2, 0x20C2, 0x20C3, 0x3144, 0x2924,
  0x2903, 0x20C3, 0x20E3, 0x28E3, 0x2904, 0x2904, 0x2904, 0x3145, 0x3144, 0x3985, 0x3124, 0x2904,
  0x2924, 0x20E3, 0x18C3, 0x18A2, 0x2104, 0x18A2, 0x1062, 0x1062, 0x18C3, 0x18C3, 0x18C4, 0x2966,
  0x30E3, 0x30C3, 0x28C3, 0x28C3, 0x28C3, 0x28C3, 0x28C3, 0x28A2, 0x20A2, 0x2082, 0x2082, 0x2082,
  0x1881, 0x1861, 0x1861, 0x1881, 0x18A1, 0x1881, 0x1881, 0x1881, 0x1882, 0x1861, 0x1841, 0x1840,
  0x2061, 0x28A1, 0x38E2, 0x4123, 0x5164, 0x59C5, 0x61E6, 0x61E6, 0x59C5, 0x59C5, 0x59C5, 0x59C5,
  0x59C5, 0x61E5, 0x6205, 0x6206, 0x6A26, 0x6A26, 0x7246, 0x7267, 0x7A87, 0x7AA8, 0x82C8, 0x82C9,
  0x8B09, 0x8B29, 0x934A, 0x934A, 0x936A, 0x9B8B, 0x9BAB, 0x9BAB, 0xA3CB, 0xA3CB, 0xA3EC, 0xA3EC,
  0xAC0C, 0xAC0C, 0xAC0C, 0xAC0C, 0xAC2C, 0xAC2C, 0xAC2C, 0xAC2C, 0xAC0C, 0xAC2C, 0xAC2D, 0xB42D,
  0xAC2D, 0xAC0C, 0xABEC, 0xA3EC, 0x9BAB, 0x9B6A, 0x936A, 0x9349, 0x9349, 0x934A, 0x9349, 0x9329,
  0x9309, 0x9329, 0x932A, 0x9B2A, 0x9B0A, 0x9AE9, 0x92C9, 0x92A9, 0x9288, 0x9A89, 0x9AA9, 0xA2AA,
  0xA289, 0xA2A9, 0xA289, 0x9A48, 0x9A48, 0x9A08, 0x9207, 0x9A08, 0xA249, 0xA249, 0xA249, 0xA249,
  0x9A48, 0x9A28, 0x9208, 0x9A28, 0x89E7, 0x81A6, 0x7966, 0x70E4, 0x6061, 0x70E3, 0x9208, 0xAAAA,
  0xB2EB, 0xB30C, 0xBB2C, 0xB32C, 0xB32C, 0xB32C, 0xAB2B, 0xAB0A, 0xA2EA, 0xA30A, 0xA32B, 0xAB8C,
  0xB40D, 0xBC4E, 0xBC6E, 0xBC8E, 0xB46E, 0xBC8E, 0xB48E, 0xB46E, 0xBC6E, 0xBC6E, 0xBC6E, 0xBC6E,
  0xBC6E, 0xBC6E, 0xBC6E, 0xBC6E, 0xBC6E, 0xBC6E, 0xBC6E, 0xBC6E, 0xBC6E, 0xBC8F, 0xC48F, 0xC48F,
  0xBC6F, 0xBC6F, 0xBC6F, 0xBC6F, 0xBC6E, 0xBC6E, 0xBC6E, 0xBC6E, 0xC46E, 0xC46E, 0xBC6E, 0xBC6E,
  0xBC6E, 0xBC6E, 0xBC6E, 0xBC6E, 0xBC8E, 0xBC8E, 0xB46E, 0xB46E, 0xB46E, 0xB44E, 0xB44E, 0xB44E,
  0xB40D, 0xAC0D, 0xAC0D, 0xABEC, 0xA3CC, 0xA3AB, 0x9B8A, 0x9B6A, 0x9B6A, 0x934A, 0x8B29, 0x8B09,
  0x8B09, 0x8B29, 0x934A, 0x9B8B, 0x936A, 0x934A, 0x832A, 0x6A67, 0x3923, 0x3103, 0x28E3, 0x20C3,
  0x20C3, 0x18A2, 0x20C3, 0x20A2, 0x18A2, 0x20C3, 0x20C2, 0x18A2, 0x20E3, 0x20E3, 0x3144, 0x2903,
  0x2903, 0x20A2, 0x28E3, 0x20E3, 0x2904, 0x28E3, 0x2924, 0x3145, 0x3144, 0x3985, 0x2924, 0x2903,
  0x2924, 0x20E3, 0x18C3, 0x20C3, 0x20E3, 0x18A2, 0x1082, 0x1082, 0x18A3, 0x18A3, 0x18C3, 0x2966,
  0x30E4, 0x30E3, 0x30C3, 0x28A3, 0x28A2, 0x28A2, 0x28A2, 0x28C3, 0x20A2, 0x20A2, 0x20A2, 0x20A2,
  0x20A2, 0x1881, 0x1861, 0x1861, 0x1881, 0x1881, 0x1881, 0x1881, 0x1882, 0x1881, 0x1861, 0x1861,
  0x1840, 0x2060, 0x2861, 0x30A2, 0x4123, 0x5185, 0x59C5, 0x59C5, 0x61C6, 0x61C6, 0x61C5, 0x59C5,
  0x59C5, 0x61C5, 0x6205, 0x6206, 0x6A06, 0x6A26, 0x6A46, 0x7266, 0x7267, 0x7A87, 0x82A8, 0x82C8,
  0x8B08, 0x8B09, 0x8B29, 0x934A, 0x936A, 0x936A, 0x9B8B, 0x9BAB, 0x9BAB, 0xA3AB, 0xA3CB, 0xA3EC,
  0xA3EB, 0xA3EC, 0xABEC, 0xAC0C, 0xAC0C, 0xAC0C, 0xAC0C, 0xAC0C, 0xAC0C, 0xAC0C, 0xAC2C, 0xAC2D,
  0xAC0C, 0xAC0C, 0xA3EC, 0xA3CB, 0x9B8A, 0x9349, 0x9349, 0x9349, 0x8B09, 0x9329, 0x9329, 0x9329,
  0x9309, 0x9329, 0x9309, 0x8AE8, 0x8AA8, 0x8AA8, 0x9288, 0x9288, 0x9289, 0x9A89, 0x9A89, 0xA2A9,
  0xA289, 0xA2A9, 0xA269, 0x9A48, 0x9A48, 0x9A28, 0x9A08, 0x9A07, 0x9A28, 0x9A08, 0x9A08, 0x91E7,
  0x89A6, 0x8185, 0x8185, 0x89A6, 0x9208, 0x8A08, 0x9228, 0x9228, 0x9228, 0xAACB, 0xBB2C, 0xB2EB,
  0xB30C, 0xBB2C, 0xBB4C, 0xB32C, 0xB32B, 0xAB0B, 0xAB0A, 0xA2CA, 0xA30A, 0xA32B, 0xB3AD, 0xC44E,
  0xC46F, 0xBC6F, 0xBC8F, 0xBC6E, 0xB48E, 0xBCAE, 0xBC8E, 0xBC8E, 0xBC8E, 0xBC6E, 0xBC6E, 0xBC6E,
  0xBC6E, 0xBC6E, 0xBC6E, 0xBC6E, 0xBC6E, 0xBC6E, 0xBC6E, 0xBC6E, 0xBC6E, 0xBC6E, 0xBC6F, 0xC48F,
  0xBC6F, 0xBC6E, 0xBC6E, 0xBC6E, 0xBC6E, 0xBC6E, 0xBC6E, 0xBC6E, 0xC46F, 0xC46E, 0xC46E, 0xBC6E,
  0xBC6E, 0xBC6E, 0xBC6E, 0xBC6E, 0xBC8E, 0xBC6E, 0xB46E, 0xB46E, 0xB46E, 0xB44E, 0xB44E, 0xB42D,
  0xAC0D, 0xAC0D, 0xABED, 0xABEC, 0xA3CC, 0xA3AB, 0x9B8A, 0x9B6A, 0x934A, 0x9349, 0x8B09, 0x8AE8,
  0x8B09, 0x8B29, 0x9B4A, 0xA38B, 0x9B6A, 0x934A, 0x830A, 0x6A88, 0x4143, 0x3103, 0x28E3, 0x20A2,
  0x20C2, 0x18A2, 0x20C2, 0x18A2, 0x18A2, 0x20C3, 0x18A2, 0x18A2, 0x20E3, 0x20E3, 0x2924, 0x20E3,
  0x2904, 0x20A2, 0x2904, 0x20C3, 0x2904, 0x20C3, 0x2904, 0x3124, 0x3144, 0x3985, 0x2924, 0x20E3,
  0x2904, 0x20E3, 0x18C3, 0x20E3, 0x18C3, 0x18A2, 0x1082, 0x1082, 0x18C3, 0x10A3, 0x18A3, 0x2946,
  0x30C3, 0x28C3, 0x3104, 0x3104, 0x28A2, 0x28A2, 0x20A2, 0x28C3, 0x28A2, 0x2082, 0x2082, 0x2082,
  0x2082, 0x2082, 0x1881, 0x1061, 0x1861, 0x1881, 0x1881, 0x1881, 0x1881, 0x1881, 0x1861, 0x1861,
  0x1841, 0x1861, 0x1881, 0x1861, 0x2081, 0x3103, 0x4185, 0x51E7, 0x59C5, 0x59C5, 0x59C5, 0x61E6,
  0x61E5, 0x61C5, 0x61E5, 0x6A05, 0x6A26, 0x6A26, 0x6A26, 0x7247, 0x7267, 0x7A88, 0x7AA8, 0x82C9,
  0x82E8, 0x8B09, 0x8B09, 0x932A, 0x934A, 0x934A, 0x9B6A, 0x9B8B, 0x9B8B, 0x9BAB, 0xA3AB, 0xA3CC,
  0xA3CC, 0xA3EC, 0xA3EC, 0xAC0D, 0xAC0C, 0xAC0C, 0xABEC, 0xA3EC, 0xABEC, 0xAC0C, 0xAC0C, 0xAC0C,
  0xA3EB, 0xA3CB, 0xA3AB, 0x9B8B, 0x9B6A, 0x9349, 0x9309, 0x8B09, 0x9309, 0x9329, 0x8AE9, 0x9309,
  0x9309, 0x8AE9, 0x8AC9, 0x8A88, 0x8268, 0x8A68, 0x9268, 0x9248, 0x8A27, 0x9228, 0x9248, 0x9A69,
  0xA249, 0x9A28, 0xA249, 0xA249, 0x9A08, 0x91E7, 0x91E7, 0x91C7, 0x89C7, 0x8987, 0x7925, 0x7125,
  0x7125, 0x7946, 0x9208, 0x9A6A, 0xA2AA, 0xA2AA, 0xAACA, 0xB2EB, 0xB30B, 0xBB2C, 0xBB2C, 0xBB2C,
  0xC32C, 0xBB0B, 0xBB2B, 0xBB2B, 0xB30B, 0xAAEA, 0xA2EA, 0xAB0A, 0xA38B, 0xB3CC, 0xBC4E, 0xC46F,
  0xC48F, 0xC48F, 0xBC8E, 0xBC8E, 0xBC8E, 0xBC8E, 0xBCAE, 0xBCAE, 0xBCAE, 0xBCAE, 0xBC8E, 0xBC8E,
  0xBC6E, 0xBC8E, 0xBC8E, 0xBC8E, 0xBC8E, 0xBC8E, 0xBC8E, 0xBC8E, 0xBC6E, 0xBC8E, 0xBC8E, 0xBC8E,
  0xBC6E, 0xBC6E, 0xBC6E, 0xBC6E, 0xBC6E, 0xBC6E, 0xBC6E, 0xBC6E, 0xBC6E, 0xBC6E, 0xBC6E, 0xBC6E,
  0xBC6E, 0xBC6E, 0xBC8E, 0xBC6E, 0xB46E, 0xB46E, 0xB46E, 0xB46E, 0xB44E, 0xB44E, 0xB42D, 0xB42D,
  0xAC0D, 0xAC0D, 0xABEC, 0xA3CC, 0xA3AB, 0x9B8B, 0x9B6B, 0x936A, 0x934A, 0x9329, 0x8B09, 0x8B09,
  0x8B29, 0x934A, 0x9B6A, 0x9B8A, 0x9B6B, 0x934A, 0x8B2A, 0x6A47, 0x3903, 0x3944, 0x20A2, 0x20A2,
  0x18A2, 0x20C3, 0x18A2, 0x1882, 0x20C3, 0x18A2, 0x18C2, 0x20E3, 0x20E3, 0x2103, 0x2904, 0x20E3,
  0x20E3, 0x20E3, 0x28E3, 0x2903, 0x3124, 0x2904, 0x20C3, 0x3124, 0x3145, 0x3965, 0x20E3, 0x2924,
  0x2103, 0x20E3, 0x18C3, 0x20E3, 0x18C3, 0x18A3, 0x18A3, 0x1062, 0x18A3, 0x18E4, 0x1082, 0x2945,
  0x3104, 0x30C3, 0x30E3, 0x30E3, 0x28A2, 0x28C3, 0x28A2, 0x28A2, 0x28A2, 0x2082, 0x2082, 0x2082,
  0x2081, 0x2081, 0x1881, 0x1881, 0x1861, 0x1861, 0x1881, 0x1881, 0x1882, 0x1882, 0x1881, 0x1861,
  0x1861, 0x1841, 0x1861, 0x1881, 0x1860, 0x2061, 0x3103, 0x49A5, 0x51A5, 0x59E6, 0x59E6, 0x59E6,
  0x59C5, 0x59C5, 0x61C5, 0x61E5, 0x6A06, 0x6A05, 0x6A26, 0x7246, 0x7267, 0x7A88, 0x7AA8, 0x7AC8,
  0x82E8, 0x82E9, 0x8B09, 0x932A, 0x932A, 0x934A, 0x9B4A, 0x9B6B, 0x9B8B, 0x9B8B, 0xA3AB, 0xA3CC,
  0xA3CC, 0xA3CC, 0xA3EC, 0xA3EC, 0xA3EB, 0xA3EC, 0xABEC, 0xAC0C, 0xAC0C, 0xAC0C, 0xABEC, 0xA3EC,
  0xA3EB, 0xA3CB, 0xA3AB, 0x9B8A, 0x934A, 0x9329, 0x8B09, 0x8B09, 0x8AE9, 0x8B09, 0x8AE9, 0x92E9,
  0x8AE9, 0x8288, 0x8268, 0x8247, 0x8A68, 0x8A48, 0x8A27, 0x81E7, 0x81C6, 0x81C6, 0x89E7, 0x89E7,
  0x91E7, 0x91E7, 0x9A07, 0x91E8, 0x89A6, 0x8145, 0x7925, 0x7924, 0x7104, 0x68A3, 0x6082, 0x7104,
  0x81A7, 0x9229, 0xA2AA, 0xA2AB, 0xB30B, 0xB32C, 0xB32C, 0xBB2C, 0xBB2C, 0xBB2C, 0xBB2C, 0xBB2C,
  0xBB2B, 0xBB0B, 0xB30B, 0xB30B, 0xAB0B, 0xAAEA, 0xAB0B, 0xB34B, 0xB3CC, 0xBC0D, 0xC46E, 0xC48F,
  0xC48F, 0xC48F, 0xC4AF, 0xBC8F, 0xBCAE, 0xBCAE, 0xBCAF, 0xBCAF, 0xBCAF, 0xBCAE, 0xC4AE, 0xC4AE,
  0xBC8E, 0xBC8E, 0xBC8E, 0xBC8E, 0xBC8E, 0xBC8E, 0xBC8E, 0xBC6E, 0xBC8E, 0xBC8E, 0xBC8E, 0xBC8E,
  0xBC6E, 0xBC6E, 0xBC6E, 0xBC6E, 0xBC6E, 0xBC6E, 0xBC6E, 0xBC6E, 0xBC6E, 0xBC6E, 0xBC6E, 0xBC6E,
  0xBC6E, 0xBC6E, 0xBC6E, 0xBC6E, 0xB46E, 0xB46E, 0xB46E, 0xB46E, 0xB44E, 0xB42D, 0xB42D, 0xB42D,
  0xAC0D, 0xABED, 0xABCC, 0xA3CC, 0x9B8B, 0x9B6B, 0x936A, 0x934A, 0x934A, 0x8B29, 0x8B09, 0x8B09,
  0x9329, 0x936A, 0x9B6A, 0x9B6A, 0x9B6A, 0x934A, 0x8B0A, 0x6227, 0x3903, 0x3103, 0x20A2, 0x20A2,
  0x18A2, 0x20C3, 0x18A2, 0x1882, 0x20E3, 0x18A2, 0x18C2, 0x20E3, 0x18C2, 0x20E3, 0x2103, 0x2904,
  0x2903, 0x2903, 0x28E3, 0x28E3, 0x2924, 0x2904, 0x20C3, 0x3124, 0x3144, 0x3965, 0x20C3, 0x2904,
  0x2103, 0x20E3, 0x18C3, 0x18C3, 0x18C3, 0x1082, 0x1883, 0x1062, 0x18C4, 0x18A3, 0x10A3, 0x2925,
  0x3924, 0x30E4, 0x30E3, 0x30E3, 0x28A2, 0x28E3, 0x28A2, 0x2082, 0x28A2, 0x2082, 0x2082, 0x2082,
  0x1881, 0x2081, 0x18A1, 0x1881, 0x1861, 0x1861, 0x1861, 0x1881, 0x1882, 0x18A2, 0x1882, 0x1881,
  0x1881, 0x1840, 0x1861, 0x2081, 0x1840, 0x1000, 0x1860, 0x3103, 0x51A5, 0x51A5, 0x51C5, 0x51A5,
  0x51A5, 0x59C5, 0x61E5, 0x61E5, 0x6205, 0x6205, 0x6A06, 0x6A46, 0x7267, 0x7287, 0x7AA8, 0x7AC8,
  0x82C8, 0x82E8, 0x8B09, 0x8B29, 0x932A, 0x934A, 0x934A, 0x9B6A, 0x9B6A, 0x9B8B, 0x9BAB, 0xA3AB,
  0xA3CB, 0xA3CB, 0xA3CB, 0xA3CC, 0xA3CB, 0xA3EB, 0xA3EC, 0xABEC, 0xABEC, 0xA3EC, 0xA3EB, 0xA3CB,
  0xA3CB, 0xA3AB, 0x9B8A, 0x9B6A, 0x9349, 0x9329, 0x9309, 0x8AE8, 0x8B09, 0x8AE9, 0x82A8, 0x82A8,
  0x8288, 0x7A47, 0x7A27, 0x7A27, 0x8207, 0x79E6, 0x79C6, 0x81C6, 0x81E6, 0x89C6, 0x89C6, 0x89C6,
  0x91C7, 0x89A6, 0x8165, 0x7904, 0x68C3, 0x68C3, 0x7904, 0x7945, 0x89A6, 0x89C7, 0x9208, 0xA28A,
  0xAAEB, 0xB30C, 0xBB4D, 0xBB6E, 0xBB4C, 0xBB4C, 0xBB4C, 0xBB4C, 0xBB2C, 0xBB2C, 0xBB4C, 0xC34C,
  0xBB2C, 0xBB2B, 0xB30B, 0xB30B, 0xAB2B, 0xB34B, 0xB38C, 0xBBCD, 0xBC4E, 0xC46E, 0xC48F, 0xC48F,
  0xC48F, 0xC48F, 0xC4AF, 0xC4AF, 0xC4AF, 0xC4AF, 0xC4CF, 0xC4CF, 0xC4CF, 0xC4CF, 0xC4AE, 0xC4AE,
  0xBCAE, 0xBCAE, 0xBC8E, 0xBC8E, 0xBC8E, 0xBC8E, 0xBC8E, 0xBC6E, 0xBC8E, 0xBC8E, 0xBC8E, 0xBC8E,
  0xBC6E, 0xBC6E, 0xBC6E, 0xBC6E, 0xBC6E, 0xBC6E, 0xBC6E, 0xBC6E, 0xBC6E, 0xBC6E, 0xBC6E, 0xBC6E,
  0xBC6E, 0xBC6E, 0xBC6E, 0xBC6E, 0xB46E, 0xB44E, 0xB44E, 0xB44E, 0xB44E, 0xB42D, 0xB42D, 0xB42D,
  0xAC0D, 0xABEC, 0xA3CC, 0xA3AC, 0x9B8B, 0x9B6B, 0x936A, 0x934A, 0x9329, 0x8B09, 0x8B29, 0x9329,
  0x934A, 0x9B8B, 0x9B8B, 0x9B8A, 0x9B6A, 0x932A, 0x830A, 0x6206, 0x3923, 0x28C2, 0x20A2, 0x20C3,
  0x18A2, 0x20C3, 0x1882, 0x18A2, 0x20E3, 0x18A2, 0x18C2, 0x20C3, 0x18C2, 0x20C3, 0x2103, 0x2924,
  0x2903, 0x2924, 0x2903, 0x20E3, 0x2924, 0x2903, 0x20C3, 0x3124, 0x3945, 0x3965, 0x20C3, 0x2924,
  0x2103, 0x20E3, 0x18C3, 0x18C3, 0x18A2, 0x1882, 0x18A3, 0x1062, 0x18E4, 0x1082, 0x18C3, 0x2125,
  0x28C3, 0x30C3, 0x28C3, 0x30E3, 0x28C3, 0x28E3, 0x28C3, 0x28A2, 0x28A2, 0x28A2, 0x2082, 0x2082,
  0x2081, 0x2081, 0x18A1, 0x18A1, 0x1881, 0x1861, 0x1861, 0x1861, 0x1882, 0x1882, 0x1882, 0x1881,
  0x1881, 0x1861, 0x1861, 0x1861, 0x1861, 0x1040, 0x1040, 0x1840, 0x30C2, 0x4144, 0x51A5, 0x51C6,
  0x51C5, 0x59C5, 0x59C5, 0x59C5, 0x6206, 0x6205, 0x6A26, 0x6A26, 0x7267, 0x7287, 0x7AA8, 0x7AA8,
  0x82C8, 0x82E8, 0x8AE9, 0x8B09, 0x8B29, 0x932A, 0x934A, 0x936A, 0x936A, 0x9B6A, 0x9B8B, 0x9BAB,
  0xA3AB, 0xA3CB, 0xA3CB, 0xA3CC, 0xA3EB, 0xA3EB, 0xA3EB, 0xA3EB, 0xA3EB, 0xA3CB, 0xA3CB, 0xA3CB,
  0xA3AB, 0x9BAA, 0x9B8A, 0x9B6A, 0x9349, 0x9329, 0x9309, 0x8AE8, 0x82A8, 0x8288, 0x7A87, 0x7A67,
  0x7A26, 0x71E6, 0x71C5, 0x7185, 0x71A5, 0x7185, 0x7185, 0x79A5, 0x81A6, 0x8185, 0x7965, 0x7965,
  0x8185, 0x89A6, 0x89C6, 0x91C7, 0x91C7, 0x91E7, 0x9A28, 0xA249, 0xA28A, 0xAAAA, 0xAAEB, 0xBB2C,
  0xBB4D, 0xBB4D, 0xBB6D, 0xBB6D, 0xB32C, 0xB34C, 0xBB4C, 0xBB4C, 0xBB4C, 0xBB4C, 0xBB4C, 0xBB4C,
  0xBB4C, 0xB32B, 0xB32B, 0xB32B, 0xB34B, 0xBBAC, 0xC3EE, 0xCC2F, 0xC46E, 0xC46E, 0xC46E, 0xBC6F,
  0xBC8E, 0xC48F, 0xC4AF, 0xC4AF, 0xC4CF, 0xC4CF, 0xC4CF, 0xC4CF, 0xC4CF, 0xC4CF, 0xC4CF, 0xC4CF,
  0xC4AF, 0xBCAF, 0xBCAE, 0xBC8E, 0xBC8E, 0xBC8E, 0xBC8E, 0xBC8E, 0xBC8E, 0xBC8E, 0xBC8E, 0xBC8E,
  0xBC6E, 0xBC6E, 0xBC6E, 0xBC6E, 0xBC6E, 0xBC6E, 0xBC6E, 0xBC6E, 0xBC6E, 0xBC6E, 0xBC6E, 0xBC6E,
  0xBC6E, 0xBC6E, 0xBC4E, 0xB44E, 0xB44E, 0xB44E, 0xB44E, 0xB44E, 0xB44E, 0xB42D, 0xB42D, 0xB42D,
  0xAC0D, 0xABEC, 0xA3CC, 0xA3AB, 0x9B6B, 0x9B6B, 0x934A, 0x934A, 0x8B29, 0x8B09, 0x9329, 0x934A,
  0x9B8B, 0x9B8B, 0x9B8B, 0x9B8B, 0x9B6A, 0x932A, 0x830A, 0x6206, 0x3923, 0x20A1, 0x20A2, 0x20C3,
  0x18A2, 0x18A2, 0x1882, 0x18A2, 0x18C2, 0x18A2, 0x18C2, 0x20C3, 0x18C2, 0x20E3, 0x2904, 0x2924,
  0x2904, 0x2924, 0x2903, 0x20E3, 0x2924, 0x28E3, 0x20C3, 0x3124, 0x3965, 0x3986, 0x28E3, 0x3145,
  0x2924, 0x20E3, 0x20E3, 0x18C3, 0x1082, 0x1882, 0x18A3, 0x1082, 0x18C3, 0x18A3, 0x18C4, 0x2105,
  0x30C3, 0x30E4, 0x30E3, 0x30E3, 0x28A2, 0x28C3, 0x28A2, 0x20A2, 0x28A2, 0x28A2, 0x2082, 0x2082,
  0x2082, 0x2081, 0x18A1, 0x1881, 0x2081, 0x1861, 0x1861, 0x1861, 0x1861, 0x1881, 0x1882, 0x1882,
  0x1882, 0x1861, 0x1061, 0x1061, 0x1861, 0x1861, 0x1040, 0x1020, 0x1820, 0x2081, 0x30E2, 0x4144,
  0x49A5, 0x59E6, 0x59E6, 0x59E5, 0x6206, 0x6206, 0x6A26, 0x6A26, 0x7247, 0x7267, 0x7A88, 0x7AA8,
  0x82C8, 0x82E8, 0x82E9, 0x8B09, 0x8B29, 0x932A, 0x934A, 0x936A, 0x936A, 0x9B6A, 0x9B8A, 0x9B8B,
  0x9BAB, 0x9BAB, 0xA3CB, 0xA3CC, 0xA3EC, 0xA3EC, 0xA3EB, 0xA3CB, 0xA3CB, 0xA3CB, 0xA3CB, 0xA3CB,
  0x9BAA, 0x9B8A, 0x9B8A, 0x9B6A, 0x9349, 0x9329, 0x8AE8, 0x82A7, 0x7A88, 0x7A67, 0x7A47, 0x71E6,
  0x6184, 0x6144, 0x6144, 0x6124, 0x6944, 0x7124, 0x7144, 0x7965, 0x7985, 0x81A6, 0x89E7, 0x9228,
  0xA289, 0xAAAA, 0xAACA, 0xB2EB, 0xB2EB, 0xB30B, 0xB30B, 0xBB2C, 0xB32C, 0xB30B, 0xB30B, 0xBB2C,
  0xBB6D, 0xBB6D, 0xBB6D, 0xBB4C, 0xBB6D, 0xBB6D, 0xBB6C, 0xBB6D, 0xBB6C, 0xC36C, 0xBB6C, 0xBB6C,
  0xB34B, 0xB34B, 0xB34B, 0xB38C, 0xBBCD, 0xBC0D, 0xC42E, 0xC44E, 0xBC6E, 0xBC6E, 0xBC6E, 0xBC8E,
  0xC48F, 0xC4AF, 0xC4AF, 0xC4CF, 0xC4CF, 0xC4CF, 0xC4CF, 0xC4CF, 0xC4CF, 0xC4CF, 0xC4CF, 0xC4CF,
  0xC4CF, 0xC4AF, 0xBCAF, 0xBCAE, 0xBC8E, 0xBC8E, 0xBC8E, 0xBC8E, 0xBC8E, 0xBC8E, 0xBC8E, 0xBC8E,
  0xBC6E, 0xBC6E, 0xBC6E, 0xBC8E, 0xBC6E, 0xBC6E, 0xBC6E, 0xBC6E, 0xC46E, 0xBC6E, 0xBC6E, 0xBC6E,
  0xBC6E, 0xBC6E, 0xBC4E, 0xB44D, 0xB44E, 0xB44E, 0xB44E, 0xB44E, 0xB44E, 0xB44D, 0xB42D, 0xAC0D,
  0xAC0D, 0xABCC, 0xA3AC, 0x9B8B, 0x9B6B, 0x9B4A, 0x934A, 0x9329, 0x8B09, 0x8B09, 0x9349, 0x936A,
  0x9B8B, 0x9B8B, 0x9B8B, 0xA3AB, 0x9B8B, 0x934A, 0x832A, 0x6226, 0x3923, 0x2081, 0x20A2, 0x20C3,
  0x18A2, 0x18A2, 0x18A2, 0x20C2, 0x18A2, 0x18A2, 0x18C2, 0x18C2, 0x18A2, 0x20E3, 0x2924, 0x2924,
  0x2103, 0x2944, 0x2903, 0x20E3, 0x2904, 0x20E3, 0x20A2, 0x2904, 0x3965, 0x39A6, 0x2904, 0x3165,
  0x2924, 0x20E3, 0x20E3, 0x18A3, 0x18A3, 0x1082, 0x1082, 0x18C3, 0x18C4, 0x2104, 0x10A3, 0x2105,
  0x30E3, 0x30E3, 0x28A2, 0x28C3, 0x28A2, 0x28C3, 0x28C3, 0x28C3, 0x2082, 0x28A2, 0x20A2, 0x20A2,
  0x20A2, 0x2081, 0x1881, 0x1881, 0x2081, 0x1881, 0x1861, 0x1861, 0x1861, 0x1861, 0x1881, 0x1881,
  0x1882, 0x1861, 0x1041, 0x1041, 0x1061, 0x1041, 0x1041, 0x1841, 0x1840, 0x1020, 0x1020, 0x1840,
  0x28A1, 0x3923, 0x4984, 0x51C5, 0x59E6, 0x6206, 0x6A26, 0x6A26, 0x6A46, 0x7267, 0x7A87, 0x7A88,
  0x82C8, 0x82C8, 0x82E8, 0x8B09, 0x8B09, 0x932A, 0x934A, 0x934A, 0x9B6A, 0x9B6A, 0x9B8A, 0x9B8A,
  0x9B8B, 0x9BAB, 0x9BAB, 0xA3CB, 0xA3CB, 0xA3CB, 0xA3EB, 0xA3EB, 0xA3CB, 0xA3CB, 0xA3AB, 0x9BAB,
  0x9BAA, 0x9B8A, 0x9B8A, 0x9B6A, 0x9349, 0x9329, 0x8AC8, 0x7A66, 0x7206, 0x69C5, 0x69C5, 0x6164,
  0x50E2, 0x50C2, 0x58C2, 0x60E3, 0x6903, 0x7965, 0x89E7, 0x9A48, 0x9A89, 0xA289, 0xA2AA, 0xAAAA,
  0xAAAA, 0xB2EB, 0xB30B, 0xBB2C, 0xBB4C, 0xBB4C, 0xB32C, 0xB30B, 0xB30B, 0xBB2C, 0xBB6D, 0xBB6D,
  0xBB6C, 0xBB4C, 0xB32C, 0xBB4C, 0xBB8D, 0xBB8D, 0xC38D, 0xC38D, 0xC38D, 0xC38D, 0xBB6C, 0xBB6C,
  0xB36B, 0xB36C, 0xBBAC, 0xBBED, 0xC42E, 0xC44E, 0xC44E, 0xBC4E, 0xBC6E, 0xBC6E, 0xBC6E, 0xC48F,
  0xC4AF, 0xC4CF, 0xC4CF, 0xC4CF, 0xC4CF, 0xC4CF, 0xC4CF, 0xC4CF, 0xC4CF, 0xC4CF, 0xC4CF, 0xC4CF,
  0xC4CF, 0xC4AF, 0xBCAF, 0xBCAF, 0xBCAE, 0xBCAE, 0xBC8E, 0xBC8E, 0xBC8E, 0xBC8E, 0xBC8E, 0xBC6E,
  0xBC6E, 0xBC6E, 0xBC6E, 0xBC6E, 0xBC6E, 0xBC6E, 0xBC6E, 0xBC6E, 0xBC6E, 0xBC6E, 0xBC6E, 0xBC6E,
  0xBC6E, 0xBC4E, 0xB44D, 0xB44D, 0xB44E, 0xB44E, 0xB44E, 0xB44E, 0xB44D, 0xB42D, 0xB40D, 0xAC0D,
  0xABEC, 0xA3CC, 0xA3AB, 0x9B8B, 0x9B4A, 0x934A, 0x9329, 0x8B29, 0x8B09, 0x8B29, 0x934A, 0x9B8A,
  0xA3AB, 0x9B8B, 0x9B8B, 0xA3AB, 0x9B8B, 0x934A, 0x8B2A, 0x6226, 0x3902, 0x20A1, 0x20C2, 0x20C3,
  0x20C3, 0x18A2, 0x20C2, 0x20C2, 0x18A2, 0x18A2, 0x18C2, 0x18A2, 0x18A2, 0x2103, 0x2944, 0x2924,
  0x2103, 0x2924, 0x2903, 0x2903, 0x2904, 0x20C3, 0x20C3, 0x28E3, 0x3965, 0x3986, 0x2924, 0x3145,
  0x2104, 0x2104, 0x18C3, 0x1082, 0x1882, 0x1062, 0x18A3, 0x2925, 0x18C3, 0x18C3, 0x1083, 0x2966,
  0x3104, 0x3104, 0x28A2, 0x28C3, 0x28A2, 0x20A2, 0x20A2, 0x20A2, 0x2082, 0x28A2, 0x20A2, 0x20A2,
  0x2082, 0x1881, 0x1881, 0x1881, 0x1881, 0x1881, 0x1881, 0x1881, 0x1861, 0x1861, 0x1881, 0x1881,
  0x1882, 0x1861, 0x1061, 0x1061, 0x1061, 0x1041, 0x1041, 0x1861, 0x1040, 0x1841, 0x1860, 0x1020,
  0x1000, 0x1000, 0x2081, 0x30E2, 0x51A5, 0x59E6, 0x6226, 0x6A26, 0x6A46, 0x7247, 0x7A67, 0x7A87,
  0x7AA8, 0x7AC8, 0x82E8, 0x82E8, 0x8B09, 0x8B29, 0x9329, 0x9329, 0x934A, 0x936A, 0x9B6A, 0x9B8A,
  0x9B8A, 0x9B8B, 0x9BAB, 0x9BAB, 0xA3CB, 0xA3CB, 0xA3CB, 0xA3CB, 0xA3CB, 0xA3CB, 0x9BAB, 0x9BAA,
  0x9BAA, 0x9B8A, 0x9B8A, 0x9B6A, 0x9349, 0x9329, 0x8AE8, 0x7A66, 0x69E6, 0x5123, 0x48C1, 0x4881,
  0x4861, 0x58A2, 0x6924, 0x79A6, 0x8A28, 0x9A49, 0xA289, 0xA289, 0xA289, 0xA289, 0xAACA, 0xB2EB,
  0xB30B, 0xB30B, 0xB2EB, 0xB2EB, 0xB30B, 0xB30B, 0xB2EB, 0xAACA, 0xB30B, 0xB30B, 0xBB4C, 0xBB4C,
  0xBB6C, 0xBB6C, 0xBB4C, 0xBB4C, 0xBB6D, 0xC38D, 0xCBEE, 0xCBEF, 0xCBEE, 0xC3AD, 0xBB8C, 0xB36B,
  0xBBAC, 0xBBCD, 0xC40E, 0xC44E, 0xC44E, 0xC44E, 0xBC4E, 0xBC4E, 0xBC6E, 0xBC6E, 0xBC6E, 0xC4AF,
  0xC4AF, 0xC4CF, 0xC4CF, 0xC4CF, 0xC4CF, 0xC4CF, 0xC4CF, 0xC4CF, 0xC4CF, 0xC4CF, 0xC4CF, 0xC4AF,
  0xC4CF, 0xC4CF, 0xC4AF, 0xC4AF, 0xBCAF, 0xBCAE, 0xBC8E, 0xBC8E, 0xBC8E, 0xBC8E, 0xBC8E, 0xBC8E,
  0xBC6E, 0xBC6E, 0xBC6E, 0xBC8E, 0xBC6E, 0xBC6E, 0xBC6E, 0xBC6E, 0xBC6E, 0xBC6E, 0xBC6E, 0xBC6E,
  0xBC4E, 0xBC4E, 0xB44D, 0xB44D, 0xB44D, 0xB44D, 0xB44E, 0xB44D, 0xB42D, 0xB42D, 0xAC0D, 0xABEC,
  0xA3CC, 0xA3AB, 0x9B8B, 0x9B6A, 0x934A, 0x9329, 0x8B29, 0x8B29, 0x9329, 0x934A, 0x9B6A, 0x9BAB,
  0xA3AB, 0xA3AB, 0xA3AB, 0x9B8B, 0x936A, 0x934A, 0x832A, 0x59E5, 0x30E2, 0x28A2, 0x20C3, 0x20C3,
  0x20E3, 0x18A2, 0x20C3, 0x18A2, 0x18A2, 0x18A2, 0x18C2, 0x18A2, 0x18A2, 0x2904, 0x2944, 0x2924,
  0x2904, 0x2924, 0x2903, 0x2903, 0x28E3, 0x20C3, 0x28E3, 0x2904, 0x3145, 0x3965, 0x2924, 0x2924,
  0x20E3, 0x2104, 0x18C3, 0x1082, 0x1082, 0x1882, 0x18C3, 0x2925, 0x18C3, 0x1083, 0x18C3, 0x3166,
  0x30C3, 0x30E3, 0x28A2, 0x30E3, 0x28A2, 0x20A2, 0x20A2, 0x28A2, 0x28A2, 0x28A2, 0x20A2, 0x2082,
  0x2081, 0x1881, 0x1881, 0x1881, 0x1861, 0x1881, 0x1881, 0x1881, 0x1881, 0x1861, 0x1881, 0x1881,
  0x1882, 0x1881, 0x1861, 0x1861, 0x1861, 0x1861, 0x1061, 0x1041, 0x1061, 0x1040, 0x1040, 0x1040,
  0x1840, 0x1020, 0x1840, 0x2060, 0x4984, 0x51C5, 0x6206, 0x6A27, 0x6A47, 0x7247, 0x7267, 0x7267,
  0x7A87, 0x7AA8, 0x82C8, 0x82C8, 0x82E8, 0x8B09, 0x8B29, 0x8B29, 0x934A, 0x934A, 0x936A, 0x9B8A,
  0x9B8B, 0x9B8B, 0x9BAB, 0x9BAB, 0xA3CB, 0xA3CB, 0xA3CB, 0xA3AB, 0xA3AB, 0x9BAB, 0x9BAB, 0x9BAB,
  0x9BAA, 0x9B8A, 0x9B8A, 0x9B6A, 0x934A, 0x9349, 0x8B08, 0x7A86, 0x5964, 0x4081, 0x4881, 0x5903,
  0x6985, 0x79C6, 0x81E7, 0x8A08, 0x9A49, 0xA289, 0xAAAA, 0xA28A, 0xA289, 0xAAAA, 0xAACA, 0xB2EB,
  0xB30C, 0xB30B, 0xAACA, 0xAACA, 0xB30B, 0xBB2C, 0xB30B, 0xB2EB, 0xB2EB, 0xB30B, 0xBB4C, 0xB30B,
  0xB30B, 0xB32C, 0xBB6C, 0xC3AD, 0xCBEF, 0xCBEF, 0xCC0F, 0xCBEE, 0xC3AD, 0xBB8D, 0xBBAC, 0xBBCD,
  0xBBED, 0xC40D, 0xC42E, 0xBC4E, 0xBC2D, 0xBC2D, 0xBC4D, 0xBC4E, 0xBC6E, 0xBC6E, 0xBC8E, 0xC4AF,
  0xC4AF, 0xC4AF, 0xC4AF, 0xC4CF, 0xC4CF, 0xC4CF, 0xC4CF, 0xC4CF, 0xC4CF, 0xC4CF, 0xC4CF, 0xC4AF,
  0xC4CF, 0xC4CF, 0xC4CF, 0xC4CF, 0xC4AF, 0xBCAE, 0xBC8E, 0xBC8E, 0xBC8E, 0xBC8E, 0xBC8E, 0xBC8E,
  0xBC6E, 0xBC6E, 0xBC8E, 0xBC8E, 0xBC6E, 0xBC6E, 0xBC6E, 0xBC6E, 0xBC6E, 0xBC6E, 0xBC4D, 0xBC4D,
  0xBC4E, 0xBC4E, 0xB44D, 0xB44D, 0xB44D, 0xB44D, 0xB44E, 0xB44D, 0xB42D, 0xAC0D, 0xABEC, 0xA3CC,
  0xA3AC, 0xA38B, 0x9B6B, 0x9B6A, 0x936A, 0x934A, 0x8B29, 0x9329, 0x934A, 0x936A, 0x9BAB, 0xA3CB,
  0xA3CB, 0xA3CC, 0xA3CB, 0x9B6A, 0x934A, 0x934A, 0x830A, 0x51A5, 0x28A1, 0x28C2, 0x20C3, 0x20E3,
  0x2104, 0x18A2, 0x20C3, 0x1882, 0x18A2, 0x18A2, 0x18C2, 0x18C2, 0x20E3, 0x2904, 0x2924, 0x2103,
  0x2924, 0x2924, 0x2903, 0x2903, 0x20E3, 0x20C3, 0x2904, 0x2924, 0x3965, 0x3965, 0x3144, 0x2924,
  0x18C3, 0x2924, 0x18C3, 0x10A2, 0x1082, 0x18A3, 0x18C3, 0x20E4, 0x18C3, 0x10A3, 0x2105, 0x2125,
  0x28A3, 0x28A3, 0x28A3, 0x28C3, 0x28C3, 0x20A2, 0x2082, 0x20A2, 0x28A2, 0x2082, 0x20A2, 0x20A2,
  0x1881, 0x1881, 0x18A1, 0x1881, 0x1882, 0x18A2, 0x1882, 0x1881, 0x1882, 0x1881, 0x1861, 0x1861,
  0x1882, 0x1881, 0x1862, 0x1861, 0x1061, 0x1061, 0x1061, 0x1041, 0x1061, 0x1061, 0x1041, 0x1040,
  0x1020, 0x1020, 0x1040, 0x1820, 0x30E2, 0x49A5, 0x5A06, 0x6226, 0x6A26, 0x6A26, 0x7267, 0x7267,
  0x7A87, 0x7A87, 0x7AA8, 0x82C8, 0x82E8, 0x82E9, 0x8AE9, 0x8B09, 0x9329, 0x934A, 0x936A, 0x9B6A,
  0x9B6A, 0x9B8A, 0x9BAB, 0x9BAB, 0x9BAB, 0xA3AB, 0xA3CB, 0xA3CB, 0xA3CB, 0xA3AB, 0x9BAB, 0x9BAB,
  0x9BAA, 0x9B8A, 0x9B8A, 0x9B8A, 0x9B6A, 0x9B8A, 0x9B4A, 0x8B08, 0x69C5, 0x5923, 0x6164, 0x71A5,
  0x79C6, 0x81E7, 0x81E7, 0x9228, 0x9A49, 0xA28A, 0xA28A, 0xA289, 0xA289, 0xAAAA, 0xB2CA, 0xBB2C,
  0xB2EB, 0xB2EB, 0xB2EB, 0xBB2C, 0xBB4D, 0xBB2C, 0xB30B, 0xB2EB, 0xB30B, 0xB30B, 0xBB2C, 0xBB2C,
  0xBB4C, 0xBB6C, 0xCBCE, 0xD40F, 0xCC0F, 0xC3EE, 0xC3CD, 0xC3CD, 0xBBCD, 0xBBCD, 0xBBED, 0xBBED,
  0xBC0D, 0xBC2D, 0xBC2D, 0xBC2D, 0xB44D, 0xB44D, 0xB44D, 0xB44D, 0xBC6E, 0xBC8E, 0xBCAE, 0xC4AF,
  0xC4CF, 0xC4CF, 0xC4CF, 0xC4CF, 0xC4CF, 0xC4CF, 0xC4EF, 0xC4EF, 0xC4EF, 0xC4CF, 0xC4CF, 0xC4CF,
  0xC4CF, 0xC4CF, 0xC4AF, 0xC4AF, 0xBCAF, 0xBCAF, 0xC4AE, 0xC4AE, 0xBC8E, 0xBC8E, 0xBC8E, 0xBC8E,
  0xBC8E, 0xBC8E, 0xBC8E, 0xBC8E, 0xBC8E, 0xBC8E, 0xBC6E, 0xBC6E, 0xBC6E, 0xBC6E, 0xBC4D, 0xBC4D,
  0xB44D, 0xB44D, 0xBC4E, 0xBC4E, 0xB44E, 0xB44E, 0xB44E, 0xB42D, 0xABED, 0xABEC, 0xA3CC, 0xA3AC,
  0xA3AB, 0x9B8B, 0x9B6A, 0x934A, 0x934A, 0x9329, 0x9329, 0x9329, 0x936A, 0x9B8B, 0x9BAB, 0xA3CB,
  0xABEC, 0xA3CB, 0xA3CB, 0xA38B, 0x934A, 0x8B2A, 0x8309, 0x51A5, 0x28C2, 0x28A2, 0x28E3, 0x20E3,
  0x18C3, 0x18A2, 0x18A2, 0x18A2, 0x18A2, 0x18A2, 0x1882, 0x18C2, 0x20C3, 0x2944, 0x2924, 0x2904,
  0x2924, 0x2924, 0x20E3, 0x2903, 0x20E3, 0x2904, 0x2924, 0x3965, 0x3965, 0x3145, 0x3165, 0x2904,
  0x2104, 0x2103, 0x1062, 0x18A3, 0x18A3, 0x1082, 0x18C3, 0x20E4, 0x20E4, 0x2104, 0x18E4, 0x18E4,
  0x30C3, 0x28C3, 0x28C3, 0x28C3, 0x28C3, 0x28A2, 0x20A2, 0x20A2, 0x28A2, 0x2082, 0x20A2, 0x2082,
  0x1881, 0x1881, 0x18A1, 0x1881, 0x1881, 0x1882, 0x1882, 0x1881, 0x1882, 0x1881, 0x1861, 0x1861,
  0x1882, 0x1882, 0x1882, 0x1862, 0x1061, 0x1061, 0x1041, 0x1041, 0x1061, 0x1061, 0x1061, 0x1041,
  0x1040, 0x1020, 0x1020, 0x1040, 0x2061, 0x4164, 0x5A06, 0x5A06, 0x6A27, 0x6A47, 0x6A26, 0x7267,
  0x7287, 0x7A87, 0x7AA8, 0x82C8, 0x82E8, 0x82E8, 0x82E8, 0x8B09, 0x9329, 0x934A, 0x936A, 0x936A,
  0x9B6A, 0x9B8A, 0x9B8A, 0x9BAB, 0x9BAB, 0xA3AB, 0xA3CB, 0xA3CB, 0xA3AB, 0x9BAB, 0x9BAB, 0x9BAB,
  0x9BAA, 0x9B8A, 0x9B8A, 0x9B8A, 0x9B8A, 0xA3AB, 0xA3CB, 0xA38B, 0x8AC9, 0x7206, 0x71C5, 0x6985,
  0x79C6, 0x8207, 0x81E7, 0x8A07, 0x9A49, 0xA269, 0xA289, 0xA269, 0xA269, 0xA289, 0xAACA, 0xB30B,
  0xB30B, 0xB30B, 0xB30B, 0xBB2C, 0xBB2C, 0xBB2C, 0xBB2C, 0xB30B, 0xB32C, 0xBB2C, 0xBB4C, 0xBB6D,
  0xC38D, 0xC3AD, 0xC3AE, 0xCBCE, 0xC3EE, 0xC3CE, 0xBBAD, 0xBBAD, 0xBBCD, 0xBBED, 0xBBED, 0xBC0D,
  0xBC0D, 0xBC2D, 0xBC2D, 0xB42D, 0xB44D, 0xB44D, 0xB44D, 0xB44D, 0xBC8E, 0xBC8E, 0xBCAE, 0xC4AF,
  0xC4CF, 0xC4CF, 0xC4CF, 0xC4CF, 0xC4CF, 0xC4CF, 0xC4EF, 0xC4EF, 0xC4EF, 0xC4CF, 0xC4CF, 0xC4CF,
  0xC4CF, 0xC4CF, 0xC4AF, 0xC4AF, 0xBCAF, 0xBCAE, 0xC4AE, 0xC4AE, 0xBC8E, 0xBC8E, 0xBC8E, 0xBC8E,
  0xBC8E, 0xBC8E, 0xBC8E, 0xBC8E, 0xBC8E, 0xBC8E, 0xBC6E, 0xBC6E, 0xBC6E, 0xBC6E, 0xBC4D, 0xBC4D,
  0xB44D, 0xB44D, 0xB44D, 0xBC4E, 0xB44E, 0xB44E, 0xB42D, 0xB42D, 0xABED, 0xABEC, 0xA3CC, 0xA3AB,
  0x9B8B, 0x9B6B, 0x9B4A, 0x934A, 0x934A, 0x9329, 0x934A, 0x934A, 0x9B6A, 0x9BAB, 0xA3CB, 0xA3CC,
  0xABEC, 0xA3CC, 0xA3CB, 0xA3AB, 0x936A, 0x8B09, 0x7AE9, 0x51A5, 0x30C2, 0x28C2, 0x20C3, 0x20E3,
  0x20C3, 0x18A2, 0x18A2, 0x18A2, 0x18A2, 0x18A2, 0x18A2, 0x20C3, 0x2944, 0x2924, 0x2904, 0x2103,
  0x2924, 0x2924, 0x2103, 0x2103, 0x20E3, 0x2904, 0x3144, 0x3986, 0x3985, 0x3165, 0x2904, 0x20C3,
  0x20E3, 0x18C3, 0x18A3, 0x18E3, 0x18C3, 0x1082, 0x18C3, 0x20E4, 0x18E4, 0x20E4, 0x10A3, 0x0842,
  0x30C3, 0x30C3, 0x28C3, 0x28A3, 0x28A2, 0x28A2, 0x28A2, 0x28A2, 0x28A2, 0x2082, 0x2082, 0x2082,
  0x1881, 0x1881, 0x18A1, 0x1881, 0x1881, 0x1882, 0x1882, 0x1881, 0x1882, 0x1881, 0x1861, 0x1861,
  0x1882, 0x1882, 0x1881, 0x1861, 0x1061, 0x1061, 0x1061, 0x1041, 0x1041, 0x1061, 0x1061, 0x1041,
  0x1041, 0x1040, 0x1020, 0x1020, 0x1020, 0x30E2, 0x51C5, 0x59E6, 0x6226, 0x6A27, 0x6A06, 0x7267,
  0x7267, 0x7287, 0x7AA8, 0x7AA8, 0x82C8, 0x82C8, 0x82C9, 0x8AE9, 0x8B09, 0x932A, 0x934A, 0x936A,
  0x936A, 0x9B6A, 0x9B8B, 0x9BAB, 0x9BAB, 0x9BAB, 0xA3AB, 0xA3AB, 0xA3AB, 0x9BAB, 0x9BAB, 0x9BAB,
  0x9BAA, 0x9BAB, 0xA3AB, 0x9BAA, 0x9B8A, 0xA3CB, 0xABEC, 0xABEC, 0xA38C, 0x8AA9, 0x7A06, 0x6985,
  0x71A5, 0x8207, 0x81E6, 0x81E6, 0x9228, 0x9A48, 0x9A69, 0xA269, 0xA289, 0xA289, 0xAACA, 0xB30B,
  0xB30B, 0xB30C, 0xB32C, 0xBB2C, 0xBB4C, 0xBB4C, 0xBB4C, 0xBB4C, 0xBB4C, 0xBB4C, 0xBB4C, 0xBB6D,
  0xBB8D, 0xBB8D, 0xBB8D, 0xBB8D, 0xBBCD, 0xBBAD, 0xB3AC, 0xBBAD, 0xBBCD, 0xBBED, 0xBBED, 0xB40D,
  0xB42D, 0xB42D, 0xB42D, 0xB42D, 0xB44D, 0xB44D, 0xB46D, 0xB46D, 0xBC8E, 0xBC8E, 0xBCAF, 0xC4AF,
  0xC4CF, 0xC4CF, 0xC4CF, 0xC4CF, 0xC4CF, 0xC4CF, 0xC4EF, 0xC4EF, 0xC4CF, 0xC4CF, 0xC4CF, 0xC4CF,
  0xC4CF, 0xC4CF, 0xC4AF, 0xBCAF, 0xBCAF, 0xBCAE, 0xBCAE, 0xBCAE, 0xBC8E, 0xBC8E, 0xBC8E, 0xBC8E,
  0xBC8E, 0xBC8E, 0xBC8E, 0xBC8E, 0xBC8E, 0xBC8E, 0xBC6E, 0xBC6E, 0xBC6E, 0xBC6E, 0xBC4E, 0xB44D,
  0xB44D, 0xB44D, 0xB44E, 0xB44E, 0xB44E, 0xB42D, 0xB42D, 0xAC0D, 0xABED, 0xABEC, 0xA3AC, 0x9B8B,
  0x9B6B, 0x9B6A, 0x934A, 0x934A, 0x9329, 0x934A, 0x936A, 0x9B6A, 0x9B8B, 0x9BAB, 0xA3CB, 0xA3EC,
  0xA3CB, 0xABEC, 0xA3AB, 0xA3AB, 0x9B6A, 0x82E8, 0x7AC8, 0x51C5, 0x28C2, 0x20C2, 0x20A2, 0x20C3,
  0x20C3, 0x20C3, 0x18A2, 0x18A2, 0x18A2, 0x18A2, 0x18A2, 0x2103, 0x39A6, 0x2103, 0x2103, 0x2103,
  0x2924, 0x2924, 0x2103, 0x20E3, 0x20E3, 0x2904, 0x3165, 0x39A6, 0x3165, 0x3165, 0x20E3, 0x20E3,
  0x20E4, 0x18A2, 0x18C3, 0x18A3, 0x1082, 0x1041, 0x20E4, 0x2925, 0x20E4, 0x10A3, 0x10A3, 0x18C3,
  0x28A2, 0x28A3, 0x28A3, 0x28A2, 0x20A2, 0x28A2, 0x28A2, 0x20A2, 0x28A2, 0x2082, 0x2082, 0x2082,
  0x1881, 0x1881, 0x18A1, 0x1881, 0x1881, 0x1881, 0x1882, 0x1882, 0x1882, 0x1881, 0x1881, 0x1861,
  0x1882, 0x1882, 0x1861, 0x1861, 0x1061, 0x1061, 0x1061, 0x1041, 0x1041, 0x1061, 0x1061, 0x1061,
  0x1061, 0x0840, 0x1040, 0x1020, 0x1020, 0x1860, 0x3944, 0x59E6, 0x5A06, 0x6206, 0x6A27, 0x6A47,
  0x7267, 0x7267, 0x7A87, 0x7AA8, 0x7AA8, 0x7AA8, 0x82C8, 0x82E9, 0x8B09, 0x8B29, 0x934A, 0x934A,
  0x936A, 0x936A, 0x9B8A, 0x9B8B, 0x9BAB, 0x9BAB, 0x9BAB, 0xA3AB, 0xA3AB, 0x9BAB, 0x9BAB, 0x9BAB,
  0x9BAA, 0x9BAB, 0xA3AB, 0x9BAA, 0x9B8A, 0xA3AB, 0xA3AB, 0xA3AB, 0xA38C, 0x92E9, 0x8267, 0x79E6,
  0x71C5, 0x79E6, 0x81E6, 0x81E6, 0x8A27, 0x9248, 0x9A68, 0x9A69, 0xA289, 0xA2AA, 0xAACA, 0xB30B,
  0xB30B, 0xB34C, 0xBB6D, 0xBB6D, 0xBB6D, 0xBB8D, 0xBB6D, 0xBB6D, 0xBB4C, 0xBB4C, 0xB34C, 0xBB4C,
  0xBB6C, 0xBB6C, 0xB36C, 0xB36C, 0xB3AC, 0xB3AC, 0xB3AC, 0xB3CC, 0xB3CC, 0xB3CC, 0xB3EC, 0xB3EC,
  0xB40C, 0xB40C, 0xB42D, 0xB42D, 0xB44D, 0xB46D, 0xB46E, 0xBC6E, 0xBC8E, 0xBCAE, 0xBCAF, 0xC4AF,
  0xC4CF, 0xC4CF, 0xC4CF, 0xC4CF, 0xC4CF, 0xC4CF, 0xC4EF, 0xC4CF, 0xC4CF, 0xC4CF, 0xC4CF, 0xC4CF,
  0xC4CF, 0xC4CF, 0xC4AF, 0xBCAF, 0xBCAF, 0xBCAE, 0xBCAE, 0xBCAE, 0xBCAE, 0xBC8E, 0xBC8E, 0xBC8E,
  0xBC8E, 0xBC8E, 0xBC8E, 0xBC8E, 0xBC8E, 0xBC8E, 0xBC6E, 0xBC6E, 0xBC6E, 0xBC6E, 0xBC4E, 0xB44D,
  0xB44D, 0xB44D, 0xB44E, 0xB44E, 0xB44D, 0xB42D, 0xB42D, 0xAC0D, 0xABEC, 0xA3CC, 0xA3AB, 0x9B8B,
  0x9B6A, 0x934A, 0x9329, 0x9329, 0x8B29, 0x934A, 0x9B6A, 0x9B8B, 0x9BAB, 0xA3CB, 0xA3EC, 0xA3EC,
  0xABCC, 0xABEC, 0xA3AB, 0xA3AB, 0x936A, 0x82C8, 0x7AC8, 0x51A4, 0x28A1, 0x20A2, 0x1882, 0x18A2,
  0x18C3, 0x18C3, 0x18A2, 0x20C2, 0x20C2, 0x18A2, 0x18A2, 0x3145, 0x39A6, 0x20E3, 0x20E3, 0x2103,
  0x2904, 0x2904, 0x2904, 0x20C3, 0x2904, 0x2924, 0x39A6, 0x3985, 0x3145, 0x3165, 0x20E3, 0x20E3,
  0x20E3, 0x10A2, 0x18A2, 0x1082, 0x1062, 0x1082, 0x2925, 0x2945, 0x1883, 0x1042, 0x18A3, 0x2125,
  0x2882, 0x28A2, 0x28A3, 0x28A2, 0x28A2, 0x28A2, 0x20A2, 0x2082, 0x28A2, 0x2082, 0x2082, 0x2082,
  0x1881, 0x1881, 0x18A1, 0x1881, 0x1881, 0x1881, 0x1881, 0x1882, 0x1882, 0x1882, 0x1881, 0x1861,
  0x1881, 0x1881, 0x1861, 0x1861, 0x1861, 0x1061, 0x1061, 0x1041, 0x1041, 0x1041, 0x1061, 0x1061,
  0x1061, 0x1041, 0x1040, 0x1020, 0x1040, 0x1040, 0x28A2, 0x49A5, 0x5A06, 0x6206, 0x6A47, 0x6A27,
  0x6A47, 0x7267, 0x7287, 0x7A88, 0x7A88, 0x7AA8, 0x82A8, 0x82C8, 0x82E8, 0x8B09, 0x8B29, 0x934A,
  0x934A, 0x934A, 0x936A, 0x9B8A, 0x9B8B, 0x9BAB, 0x9BAB, 0xA3AB, 0xA3AB, 0xA3AB, 0xA3AB, 0xA3AB,
  0x9B8A, 0x9BAA, 0x9B8A, 0x9B8A, 0x9B8A, 0x9B8A, 0x9B8A, 0x9B8A, 0x9B4B, 0x9309, 0x8AC8, 0x8267,
  0x8227, 0x7A06, 0x7A06, 0x8207, 0x8A48, 0x9268, 0x9268, 0x9A69, 0x9A89, 0x9A89, 0xA2A9, 0xAACA,
  0xAAEA, 0xB32B, 0xB34C, 0xBB4C, 0xB34C, 0xB34C, 0xB32B, 0xB32B, 0xB32B, 0xB32B, 0xB34B, 0xB36C,
  0xB36C, 0xB36C, 0xB36C, 0xB36C, 0xAB8B, 0xAB8B, 0xAB8C, 0xB3CC, 0xB3CC, 0xB3EC, 0xB3EC, 0xB40C,
  0xB40C, 0xB42C, 0xB42D, 0xB44D, 0xB44D, 0xBC6E, 0xBC8E, 0xBC8E, 0xBC8E, 0xBCAE, 0xBCAF, 0xC4CF,
  0xC4CF, 0xC4CF, 0xC4CF, 0xC4CF, 0xC4EF, 0xC4EF, 0xC4EF, 0xC4EF, 0xC4CF, 0xC4CF, 0xC4CF, 0xC4CF,
  0xC4CF, 0xC4CF, 0xC4AF, 0xBCAF, 0xBCAE, 0xBCAE, 0xBCAE, 0xBCAE, 0xBCAE, 0xBCAE, 0xBCAE, 0xBCAE,
  0xBCAE, 0xBC8E, 0xBC8E, 0xBC8E, 0xBC8E, 0xBC6E, 0xBC6E, 0xBC6E, 0xBC6E, 0xBC6E, 0xBC6E, 0xB44E,
  0xB44E, 0xB44E, 0xB44E, 0xB44D, 0xB42D, 0xB42D, 0xAC0D, 0xABED, 0xA3CC, 0xA3AB, 0x9B8B, 0x9B6A,
  0x9B4A, 0x934A, 0x9329, 0x8B29, 0x9329, 0x934A, 0x9B8B, 0x9BAB, 0xA3CB, 0xA3CB, 0xA3EC, 0xA40C,
  0xABEC, 0xABEB, 0xA3AB, 0x9B8A, 0x8B29, 0x82E9, 0x8309, 0x4964, 0x28A1, 0x20A2, 0x18A2, 0x18A2,
  0x18A2, 0x18C3, 0x20C2, 0x20C3, 0x20C2, 0x18A2, 0x20C2, 0x3986, 0x2944, 0x18C2, 0x20E3, 0x20E3,
  0x2103, 0x2904, 0x2103, 0x20E3, 0x2924, 0x3165, 0x39A6, 0x3165, 0x3986, 0x3145, 0x2104, 0x18C3,
  0x18A3, 0x1082, 0x10A2, 0x18A2, 0x1082, 0x20E4, 0x2945, 0x18C3, 0x1042, 0x18A3, 0x20E4, 0x18A3,
  0x28A2, 0x28A3, 0x28C3, 0x28C3, 0x28A2, 0x28A2, 0x2082, 0x2082, 0x2082, 0x2082, 0x2082, 0x2082,
  0x1881, 0x1881, 0x18A1, 0x1881, 0x1881, 0x1881, 0x1881, 0x1882, 0x1881, 0x1882, 0x1882, 0x1881,
  0x1881, 0x1881, 0x1861, 0x1861, 0x1861, 0x1061, 0x1061, 0x1061, 0x1041, 0x1041, 0x1041, 0x1061,
  0x1061, 0x1061, 0x1041, 0x1040, 0x1020, 0x1840, 0x1840, 0x3903, 0x59E6, 0x6207, 0x6227, 0x6A27,
  0x6A46, 0x7267, 0x7267, 0x7267, 0x7A87, 0x7A88, 0x7AA8, 0x82A8, 0x82C8, 0x82E8, 0x8B09, 0x8B29,
  0x9329, 0x9329, 0x934A, 0x936A, 0x9B8A, 0x9B8B, 0x9BAB, 0x9BAB, 0x9BAB, 0x9BAB, 0x9BAB, 0xA3AB,
  0x9BAB, 0x9BAA, 0x9B8A, 0x9B8A, 0x9B8A, 0x9B8A, 0x9B6A, 0x9B6A, 0x9B29, 0x92E9, 0x8AA8, 0x8A88,
  0x8287, 0x8247, 0x8227, 0x8247, 0x8A48, 0x9268, 0x9268, 0x9268, 0x9A89, 0x9A89, 0x9A89, 0xA2AA,
  0xA2EA, 0xAAEA, 0xAB2B, 0xAB2B, 0xAB2B, 0xAB2B, 0xAB2B, 0xAB0A, 0xAB2B, 0xAB2B, 0xAB2B, 0xAB2B,
  0xAB2B, 0xAB2B, 0xA34B, 0xAB4B, 0xA36B, 0xAB6B, 0xAB8B, 0xABCC, 0xB3EC, 0xB3EC, 0xB40C, 0xB40C,
  0xB42C, 0xB42D, 0xB44D, 0xB44D, 0xBC6E, 0xBC8E, 0xBC8E, 0xBC8E, 0xBCAE, 0xBCAE, 0xC4AF, 0xC4CF,
  0xC4CF, 0xC4CF, 0xC4CF, 0xC4CF, 0xC4EF, 0xC4EF, 0xC4EF, 0xC4EF, 0xC4EF, 0xC4CF, 0xC4CF, 0xC4CF,
  0xC4CF, 0xC4CF, 0xC4CF, 0xC4AF, 0xBCAF, 0xBCAE, 0xBCAE, 0xBCAE, 0xBCAE, 0xBCAE, 0xBCAE, 0xBCAE,
  0xBCAE, 0xBC8E, 0xBC8E, 0xBC8E, 0xBC8E, 0xBC6E, 0xBC6E, 0xBC6E, 0xBC6E, 0xBC6E, 0xBC6E, 0xB44E,
  0xB44E, 0xB44E, 0xB44D, 0xB44D, 0xB42D, 0xAC0D, 0xABEC, 0xABEC, 0xA3AB, 0xA38B, 0x9B6B, 0x9B6A,
  0x934A, 0x932A, 0x9329, 0x9329, 0x934A, 0x9B6A, 0x9BAB, 0xA3CB, 0xA3CB, 0xA3EC, 0xA3EC, 0xA40C,
  0xAC0C, 0xABCB, 0xA3AB, 0x9B6A, 0x8B09, 0x8B09, 0x830A, 0x4143, 0x28A1, 0x20A2, 0x20A2, 0x18A2,
  0x18A2, 0x18A2, 0x20E3, 0x20E3, 0x20C2, 0x20C3, 0x2903, 0x3986, 0x20E3, 0x18A2, 0x20E3, 0x20E3,
  0x20E3, 0x2924, 0x2103, 0x2103, 0x2944, 0x3165, 0x39A6, 0x3145, 0x3966, 0x2924, 0x20E3, 0x18A2,
  0x10A2, 0x10A2, 0x1082, 0x18C3, 0x18A3, 0x20E4, 0x2104, 0x18A3, 0x1082, 0x20E4, 0x20E4, 0x1082,
  0x28C3, 0x28A3, 0x28C3, 0x28C3, 0x28A2, 0x20A2, 0x2082, 0x2082, 0x2082, 0x2082, 0x20A2, 0x2082,
  0x1881, 0x1881, 0x18A1, 0x1881, 0x1882, 0x1881, 0x1881, 0x1882, 0x1881, 0x1881, 0x2081, 0x1881,
  0x1882, 0x1881, 0x1881, 0x1861, 0x1861, 0x1861, 0x1061, 0x1061, 0x1841, 0x1041, 0x1041, 0x1041,
  0x1061, 0x1061, 0x1061, 0x1041, 0x0820, 0x1040, 0x1820, 0x2881, 0x4964, 0x59E6, 0x6206, 0x6227,
  0x6A26, 0x6A47, 0x7267, 0x7267, 0x7267, 0x7A88, 0x7A88, 0x7A88, 0x82A8, 0x82C8, 0x8AE9, 0x8B09,
  0x8B09, 0x8B29, 0x934A, 0x934A, 0x9B6A, 0x9B6A, 0x9B8B, 0x9BAB, 0x9BAB, 0x9BAB, 0x9BAB, 0x9BAB,
  0x9BAB, 0x9BAA, 0x9B8A, 0x9B6A, 0x9B6A, 0x9B6A, 0x9349, 0x9B4A, 0x9309, 0x8AE8, 0x82A7, 0x8287,
  0x82A7, 0x8287, 0x8267, 0x8A88, 0x8A68, 0x8A88, 0x8A88, 0x9288, 0x9AA9, 0x9AA9, 0x9AA9, 0xA2AA,
  0xA2EA, 0xA2EA, 0xAB0A, 0xAB2B, 0xAB2A, 0xAB0A, 0xAB0A, 0xAB0A, 0xA30A, 0xA30A, 0xA2E9, 0x9AE9,
  0x9AE9, 0x9B09, 0xA32A, 0xA32A, 0xA36A, 0xA36B, 0xAB8B, 0xB3CC, 0xB3EC, 0xB3EC, 0xB40C, 0xB42D,
  0xB42D, 0xB44D, 0xB44D, 0xBC6E, 0xBC8E, 0xBC8E, 0xBC8E, 0xBC8E, 0xBCAE, 0xBCAE, 0xC4CE, 0xC4CF,
  0xC4CF, 0xC4CF, 0xC4CF, 0xC4CF, 0xC4EF, 0xC4EF, 0xC4EF, 0xC4EF, 0xC4EF, 0xC4EF, 0xC4EF, 0xC4EF,
  0xC4CF, 0xC4CF, 0xC4CF, 0xC4AF, 0xBCAF, 0xBCAE, 0xBCAE, 0xBCAE, 0xBCAE, 0xBCAE, 0xBCAE, 0xBCAE,
  0xBC8E, 0xBC8E, 0xBC8E, 0xBC8E, 0xBC6E, 0xBC6E, 0xBC6E, 0xBC6E, 0xBC6E, 0xB46E, 0xB46E, 0xB44E,
  0xB44E, 0xB44D, 0xB42D, 0xAC2D, 0xAC0D, 0xABEC, 0xA3EC, 0xA3CC, 0xA38B, 0x9B8B, 0x9B6A, 0x934A,
  0x932A, 0x932A, 0x934A, 0x934A, 0x9B8B, 0x9B8B, 0xA3CB, 0xA3CC, 0xA3EC, 0xA3EC, 0xA40C, 0xAC0C,
  0xABEC, 0xA3CB, 0xA3AB, 0x9B6A, 0x9329, 0x8B2A, 0x8309, 0x4963, 0x28C2, 0x20A2, 0x20A2, 0x18A2,
  0x1082, 0x18A2, 0x20E3, 0x20E3, 0x18A2, 0x20E3, 0x3145, 0x3165, 0x20C3, 0x18C2, 0x2103, 0x20E3,
  0x20E3, 0x2924, 0x2103, 0x2924, 0x2924, 0x3165, 0x3986, 0x3145, 0x3165, 0x2904, 0x20C3, 0x18A2,
  0x18A2, 0x18C3, 0x10A2, 0x18A2, 0x20E4, 0x2104, 0x2925, 0x20C3, 0x18A3, 0x18C3, 0x18A3, 0x10A3,
  0x28A3, 0x28A2, 0x28A2, 0x28A2, 0x28A2, 0x2082, 0x2082, 0x20A2, 0x2082, 0x2082, 0x20A2, 0x20A2,
  0x1881, 0x1861, 0x1881, 0x18A1, 0x1882, 0x1881, 0x1881, 0x1882, 0x1881, 0x1881, 0x2082, 0x1881,
  0x2082, 0x1882, 0x1881, 0x1881, 0x1861, 0x1861, 0x1861, 0x1861, 0x1841, 0x1841, 0x1041, 0x1041,
  0x1061, 0x1061, 0x1061, 0x1041, 0x1020, 0x1020, 0x1840, 0x1840, 0x30C2, 0x59C6, 0x6206, 0x6207,
  0x6A26, 0x6A47, 0x7247, 0x7247, 0x7267, 0x7287, 0x7A87, 0x7A67, 0x82A8, 0x82C8, 0x82E8, 0x8AE9,
  0x8B09, 0x8B29, 0x9329, 0x934A, 0x936A, 0x9B6A, 0x9B8A, 0x9B8B, 0x9B8A, 0x9BAB, 0x9BAB, 0x9BAB,
  0x936A, 0x9B8A, 0x9B6A, 0x9B69, 0x9B6A, 0x9349, 0x9329, 0x9349, 0x9329, 0x9309, 0x8AC8, 0x82A7,
  0x82A8, 0x82A7, 0x8287, 0x8288, 0x8AA8, 0x92A9, 0x92A9, 0x9289, 0x9AA9, 0x9AA9, 0x9AA9, 0xA2CA,
  0xA2E9, 0xA2C9, 0xA2E9, 0xA2E9, 0xA2E9, 0x9AA9, 0x9AA8, 0x92A8, 0x92A8, 0x92A8, 0x92C8, 0x9AC9,
  0x9B09, 0x9B0A, 0xA32A, 0xA32A, 0xA36B, 0xAB8B, 0xABAB, 0xB3CC, 0xB3EC, 0xB3EC, 0xAC0C, 0xB42C,
  0xB44D, 0xB46D, 0xBC6E, 0xBC8E, 0xBC8E, 0xBC8E, 0xBC8E, 0xBC8E, 0xBCAE, 0xBCAE, 0xC4CE, 0xC4CF,
  0xC4CF, 0xC4CF, 0xC4CF, 0xC4CF, 0xC4EF, 0xC4EF, 0xC4EF, 0xC4EF, 0xC4EF, 0xC4EF, 0xC4EF, 0xBCCF,
  0xC4CF, 0xC4CF, 0xC4CF, 0xC4AF, 0xBCAF, 0xBCAE, 0xBCAE, 0xBCAE, 0xBCAE, 0xBCAE, 0xBC8E, 0xBC8E,
  0xBC8E, 0xBC8E, 0xBC8E, 0xBC8E, 0xBC6E, 0xBC6E, 0xBC6E, 0xBC6E, 0xBC6E, 0xB46E, 0xB46E, 0xB44E,
  0xB44E, 0xB44D, 0xB42D, 0xAC2D, 0xAC0D, 0xA3EC, 0xA3CC, 0xA3AB, 0x9B8B, 0x9B6B, 0x934A, 0x9329,
  0x9329, 0x932A, 0x934A, 0x9B6A, 0x9BAB, 0xA3AB, 0xA3CB, 0xA3EC, 0xA3EC, 0xABEC, 0xAC0C, 0xAC0C,
  0xABCB, 0xA3CB, 0xA3AB, 0x9B6A, 0x9349, 0x8B2A, 0x7AE9, 0x4964, 0x28C2, 0x2081, 0x18A2, 0x18A2,
  0x1061, 0x18A2, 0x20E3, 0x20C2, 0x18A2, 0x2903, 0x3986, 0x2924, 0x20E3, 0x18C2, 0x2103, 0x20E3,
  0x20E3, 0x2944, 0x2103, 0x2924, 0x2904, 0x2944, 0x3165, 0x3165, 0x3165, 0x2904, 0x18A2, 0x1882,
  0x18A2, 0x18C3, 0x18A3, 0x10A2, 0x18C3, 0x2925, 0x2945, 0x18C3, 0x18A3, 0x18C3, 0x18A3, 0x18A3,
  0x28C3, 0x28A3, 0x28A3, 0x28A3, 0x28A2, 0x2082, 0x2082, 0x28A2, 0x20A2, 0x2082, 0x20A2, 0x20A2,
  0x1881, 0x1861, 0x1881, 0x1881, 0x1881, 0x1881, 0x1881, 0x1881, 0x1861, 0x1881, 0x1882, 0x1881,
  0x1881, 0x1881, 0x1881, 0x1881, 0x1881, 0x1861, 0x1881, 0x1881, 0x1041, 0x1061, 0x1061, 0x1061,
  0x1061, 0x1061, 0x1061, 0x1061, 0x1040, 0x1040, 0x1040, 0x1040, 0x1881, 0x3123, 0x49E6, 0x5227,
  0x6206, 0x6226, 0x6A47, 0x6A47, 0x7247, 0x7267, 0x7267, 0x7287, 0x7AA8, 0x82A8, 0x82C8, 0x82E9,
  0x8B08, 0x8B09, 0x8B29, 0x9349, 0x934A, 0x936A, 0x9B6A, 0x9B8B, 0x9B8B, 0x9B8B, 0x9BAB, 0x9B8B,
  0x9B8A, 0x9B8A, 0x9B6A, 0x9B6A, 0x934A, 0x934A, 0x9349, 0x9349, 0x9329, 0x9308, 0x8AC8, 0x82A7,
  0x8287, 0x8287, 0x8287, 0x8287, 0x8287, 0x82A8, 0x8AC8, 0x8AE9, 0x8AC8, 0x8AC8, 0x8AE8, 0x9309,
  0x8AE9, 0x8AE9, 0x8AE9, 0x8AE9, 0x9309, 0x9309, 0x92E9, 0x92E9, 0x92E9, 0x9309, 0x9B29, 0x9B2A,
  0x9B29, 0x9B29, 0x9B4A, 0xA36A, 0xA38A, 0xA3AB, 0xABCB, 0xABEC, 0xABEC, 0xAC0C, 0xB42C, 0xB42D,
  0xB44D, 0xBC4D, 0xB44D, 0xB46D, 0xBC8E, 0xBC8E, 0xBC8E, 0xBCAE, 0xBCCF, 0xC4CF, 0xC4CF, 0xC4CF,
  0xC4EF, 0xC4EF, 0xC4EF, 0xC4EF, 0xC4EF, 0xC4EF, 0xC4EF, 0xC4EF, 0xC4EF, 0xC4EF, 0xC4EF, 0xC4CF,
  0xC4EF, 0xC4CF, 0xC4AF, 0xBCAE, 0xBCAE, 0xBCAF, 0xBCAF, 0xBCAE, 0xBCAF, 0xBC8E, 0xBC8E, 0xBC8E,
  0xBC8E, 0xBC8E, 0xBC8E, 0xBC8E, 0xB46E, 0xBC6E, 0xBC6E, 0xB46E, 0xB46E, 0xB44E, 0xB44E, 0xB44E,
  0xB42E, 0xAC2D, 0xAC0D, 0xABED, 0xA3EC, 0xA3CC, 0xA3AB, 0x9BAB, 0x9B8B, 0x936A, 0x934A, 0x934A,
  0x934A, 0x934A, 0x9B6A, 0x9B8B, 0xA3AB, 0xA3CC, 0xA3CC, 0xA3CC, 0xABEC, 0xABEC, 0xABEC, 0xAC0C,
  0xABEC, 0xABAB, 0xA3AB, 0x9B6A, 0x9B4A, 0x9B4B, 0x82C9, 0x4943, 0x28C2, 0x20A2, 0x18A2, 0x1882,
  0x1061, 0x1882, 0x18C2, 0x18C2, 0x18C2, 0x2924, 0x3165, 0x2924, 0x20E3, 0x18A2, 0x2904, 0x20E3,
  0x2904, 0x20E3, 0x2924, 0x2924, 0x2103, 0x2944, 0x3986, 0x3165, 0x2945, 0x18C3, 0x1061, 0x18A2,
  0x2104, 0x18A3, 0x20E3, 0x20E3, 0x20E4, 0x2125, 0x2104, 0x1082, 0x10A3, 0x18C4, 0x10A3, 0x18C4,
  0x28C3, 0x28A3, 0x28A2, 0x28A3, 0x28A2, 0x2082, 0x2082, 0x28A2, 0x20A2, 0x2082, 0x20A2, 0x20A2,
  0x1881, 0x1861, 0x1881, 0x1881, 0x1881, 0x18A1, 0x1881, 0x1881, 0x1881, 0x1881, 0x1882, 0x1881,
  0x1881, 0x1881, 0x1881, 0x1881, 0x1881, 0x1861, 0x1881, 0x1881, 0x1061, 0x1061, 0x1061, 0x1061,
  0x1061, 0x1061, 0x1061, 0x1041, 0x1041, 0x1040, 0x1041, 0x1040, 0x1840, 0x20A2, 0x3984, 0x5207,
  0x6206, 0x6226, 0x6A47, 0x7267, 0x6A47, 0x7267, 0x7267, 0x7267, 0x7A88, 0x7AA8, 0x82C8, 0x82E8,
  0x82E9, 0x8B09, 0x8B29, 0x8B29, 0x934A, 0x934A, 0x9B6A, 0x9B6A, 0x9B8A, 0x9B8B, 0x9B8B, 0x9B8B,
  0x9B8A, 0x9B8A, 0x9B6A, 0x9B6A, 0x934A, 0x9349, 0x9349, 0x9349, 0x9349, 0x9329, 0x8AE8, 0x8AC8,
  0x82A7, 0x8287, 0x7A87, 0x7A67, 0x8287, 0x8287, 0x82A8, 0x8AC8, 0x8AC8, 0x8AC8, 0x8AE8, 0x8AE9,
  0x9309, 0x9309, 0x9329, 0x932A, 0x932A, 0x932A, 0x932A, 0x930A, 0x932A, 0x9B0A, 0x9B2A, 0x9B4A,
  0x9B4A, 0x9B2A, 0xA34A, 0xA36A, 0xA3AB, 0xA3CB, 0xABEC, 0xABEC, 0xB40C, 0xB40C, 0xB42D, 0xB44D,
  0xB44D, 0xBC4D, 0xB46D, 0xBC6D, 0xBC8E, 0xBCAE, 0xBCAE, 0xBCAF, 0xBCCF, 0xC4CF, 0xC4CF, 0xC4CF,
  0xC4EF, 0xC4EF, 0xC4EF, 0xC4EF, 0xC4EF, 0xC4EF, 0xC4EF, 0xC4EF, 0xC4EF, 0xC4EF, 0xC4EF, 0xC4CF,
  0xC4CF, 0xC4CF, 0xC4AF, 0xBCAE, 0xBCAE, 0xBCAE, 0xBCAE, 0xBCAE, 0xBCAF, 0xBC8E, 0xBC8E, 0xBC8E,
  0xBC8E, 0xBC8E, 0xBC6E, 0xB46E, 0xBC6E, 0xB46E, 0xB46E, 0xB46E, 0xB46E, 0xB44E, 0xB44E, 0xB44E,
  0xAC2D, 0xAC0D, 0xAC0D, 0xA3EC, 0xA3CC, 0xA3CC, 0xA3AB, 0x9B8B, 0x9B8B, 0x936A, 0x934A, 0x934A,
  0x934A, 0x934A, 0x9B6A, 0x9B8B, 0xA3AB, 0xA3CC, 0xA3CC, 0xA3CC, 0xABEC, 0xABEC, 0xABEC, 0xAC0C,
  0xABCC, 0xABCB, 0x9B8A, 0x9B6A, 0x9B6A, 0x934A, 0x82E9, 0x4964, 0x28C1, 0x20A2, 0x18A2, 0x1882,
  0x1061, 0x1061, 0x18A2, 0x18C2, 0x2103, 0x2924, 0x2944, 0x2103, 0x18C3, 0x18C2, 0x2904, 0x2103,
  0x2904, 0x2103, 0x2924, 0x2944, 0x2103, 0x2924, 0x3185, 0x3165, 0x20E3, 0x18C3, 0x18A2, 0x20C3,
  0x2104, 0x18A3, 0x18C3, 0x18A2, 0x1082, 0x2925, 0x1082, 0x1082, 0x20E4, 0x10A3, 0x1062, 0x18A3,
  0x28C3, 0x28A3, 0x28A2, 0x28A2, 0x2882, 0x2082, 0x2082, 0x28A2, 0x28A2, 0x2082, 0x20A2, 0x20A2,
  0x1881, 0x1881, 0x1881, 0x1881, 0x1881, 0x1881, 0x1881, 0x1881, 0x1881, 0x1881, 0x1882, 0x1881,
  0x1881, 0x1881, 0x1882, 0x1881, 0x1881, 0x1861, 0x1881, 0x1881, 0x1061, 0x1061, 0x1061, 0x1061,
  0x1061, 0x1061, 0x1061, 0x1041, 0x1041, 0x1040, 0x1040, 0x1040, 0x1040, 0x1840, 0x28E2, 0x41A5,
  0x5A06, 0x6206, 0x6A47, 0x6A67, 0x6A47, 0x7247, 0x7267, 0x7247, 0x7267, 0x7A87, 0x7AA7, 0x82C8,
  0x82E8, 0x8B09, 0x8B09, 0x8B29, 0x8B29, 0x934A, 0x936A, 0x936A, 0x9B6A, 0x9B6A, 0x9B8A, 0x9B8A,
  0x9B8A, 0x936A, 0x9B6A, 0x934A, 0x9349, 0x9349, 0x9349, 0x9349, 0x934A, 0x9349, 0x9329, 0x8B08,
  0x8AE8, 0x82A7, 0x8287, 0x7A87, 0x7A87, 0x7A67, 0x7A87, 0x82A8, 0x8AC8, 0x8AE8, 0x8AE8, 0x8AE8,
  0x9309, 0x9329, 0x934A, 0x9B6A, 0x9B6A, 0x9B4A, 0x9B4A, 0x9B2A, 0x9B2A, 0x9B2A, 0x9B29, 0x9B4A,
  0x9B4A, 0x9B4A, 0xA36A, 0xA38B, 0xA3AB, 0xABCB, 0xABEC, 0xAC0C, 0xB40C, 0xB42D, 0xB42D, 0xB44D,
  0xB44D, 0xBC6D, 0xBC6D, 0xBC6E, 0xBC8E, 0xBCAE, 0xBCAE, 0xC4AF, 0xC4CF, 0xC4CF, 0xC4CF, 0xC4CF,
  0xC4EF, 0xC4F0, 0xC4F0, 0xC4F0, 0xC4F0, 0xC4F0, 0xC4EF, 0xC4EF, 0xC4EF, 0xC4EF, 0xC4EF, 0xC4CF,
  0xC4CF, 0xC4CF, 0xBCAF, 0xBCAE, 0xBCAE, 0xBCAE, 0xBC8E, 0xBC8E, 0xBC8E, 0xBC8E, 0xBC8E, 0xBC8E,
  0xBC8E, 0xBC8E, 0xBC6E, 0xB46E, 0xBC6E, 0xB46E, 0xB44E, 0xB44E, 0xB44E, 0xB44E, 0xB44E, 0xAC2D,
  0xAC0D, 0xAC0D, 0xABEC, 0xA3EC, 0xA3CC, 0xA3AB, 0x9B8B, 0x9B8B, 0x936A, 0x934A, 0x934A, 0x934A,
  0x934A, 0x936A, 0x9B8B, 0xA3AB, 0xA3CC, 0xABEC, 0xABEC, 0xABEC, 0xABEC, 0xABEC, 0xABEC, 0xABEC,
  0xABCB, 0xABCB, 0x9B49, 0x9B6A, 0xA38B, 0x934A, 0x8B0A, 0x5184, 0x28A1, 0x20A1, 0x18A2, 0x1882,
  0x1882, 0x1061, 0x1081, 0x18E3, 0x2924, 0x2944, 0x2944, 0x2103, 0x20E3, 0x20E3, 0x2924, 0x2103,
  0x2904, 0x2904, 0x2944, 0x2944, 0x20E3, 0x2924, 0x3185, 0x3145, 0x20C3, 0x20C3, 0x18C2, 0x2104,
  0x20E4, 0x18C3, 0x1082, 0x1082, 0x2104, 0x2104, 0x1083, 0x18E4, 0x2104, 0x10A3, 0x18C3, 0x18C3,
  0x30C3, 0x28A3, 0x28A2, 0x28A2, 0x2882, 0x2882, 0x28A2, 0x28A2, 0x28A2, 0x2082, 0x2082, 0x20A2,
  0x2081, 0x1881, 0x1881, 0x1881, 0x1881, 0x1881, 0x1881, 0x1881, 0x1881, 0x1881, 0x1881, 0x1881,
  0x1881, 0x1882, 0x1882, 0x1881, 0x1881, 0x1861, 0x1881, 0x1881, 0x1061, 0x1061, 0x1061, 0x1061,
  0x1061, 0x1061, 0x1061, 0x1041, 0x1041, 0x1040, 0x1020, 0x1041, 0x1861, 0x1040, 0x1861, 0x2903,
  0x51C5, 0x5A06, 0x6227, 0x6227, 0x6A27, 0x6A47, 0x7267, 0x7247, 0x7267, 0x7A67, 0x7A87, 0x82A8,
  0x82C8, 0x82E8, 0x8B09, 0x8B09, 0x8B29, 0x9349, 0x934A, 0x934A, 0x934A, 0x936A, 0x9B6A, 0x936A,
  0x936A, 0x936A, 0x934A, 0x934A, 0x9349, 0x9349, 0x9349, 0x9349, 0x9349, 0x9349, 0x9349, 0x9329,
  0x8B29, 0x8AE8, 0x82C8, 0x82A8, 0x82A8, 0x8287, 0x8287, 0x82A8, 0x8AE8, 0x8AE8, 0x8AE8, 0x8AE8,
  0x9309, 0x9329, 0x934A, 0x9B6A, 0x9B6B, 0x9B6A, 0x9B4A, 0x9B4A, 0x9B4A, 0x9B2A, 0x9B29, 0x9B4A,
  0x9B6A, 0xA36A, 0xA38B, 0xABAB, 0xA3CB, 0xABCB, 0xABEC, 0xABEC, 0xB42C, 0xB42D, 0xB42D, 0xB44D,
  0xB44D, 0xBC6E, 0xBC6E, 0xBC8E, 0xBCAE, 0xBCAE, 0xBCAF, 0xC4CF, 0xC4CF, 0xC4CF, 0xC4CF, 0xC4EF,
  0xC4F0, 0xC4F0, 0xC4F0, 0xC4F0, 0xC4F0, 0xC4F0, 0xC4EF, 0xC4EF, 0xC4EF, 0xC4EF, 0xC4CF, 0xC4CF,
  0xC4CF, 0xC4CE, 0xC4AF, 0xBCAF, 0xBCAE, 0xBC8E, 0xBC8E, 0xBC8E, 0xBC8E, 0xBC8E, 0xBC8E, 0xBC8E,
  0xBC8F, 0xBC8F, 0xBC8E, 0xBC6E, 0xB46E, 0xB46E, 0xB44E, 0xB44E, 0xB44E, 0xB44E, 0xAC2D, 0xAC0D,
  0xAC0D, 0xABED, 0xA3EC, 0xA3CC, 0xA3AB, 0x9BAB, 0x9B8B, 0x936A, 0x934A, 0x934A, 0x934A, 0x934A,
  0x936A, 0x9B8B, 0xA3AB, 0xA3CC, 0xA3CC, 0xABEC, 0xABEC, 0xABEC, 0xAC0C, 0xAC0C, 0xAC0C, 0xABEC,
  0xABCC, 0xA38A, 0x9B49, 0x9B8B, 0xA3AB, 0x934A, 0x8B0A, 0x4964, 0x2081, 0x1881, 0x1882, 0x18A2,
  0x18A2, 0x1061, 0x1081, 0x2103, 0x2924, 0x2944, 0x2924, 0x2924, 0x2103, 0x20E3, 0x2924, 0x2103,
  0x2924, 0x2924, 0x2944, 0x2924, 0x20C3, 0x2924, 0x3185, 0x2944, 0x20E3, 0x20E3, 0x18A2, 0x2104,
  0x20E3, 0x18C3, 0x1082, 0x18A2, 0x2966, 0x1082, 0x18C3, 0x18E4, 0x1083, 0x10A3, 0x18C4, 0x18E4,
  0x30C3, 0x28C3, 0x28A3, 0x28A2, 0x28A2, 0x2882, 0x2882, 0x28A2, 0x28A3, 0x2082, 0x2082, 0x20A2,
  0x2082, 0x2081, 0x2081, 0x1881, 0x1881, 0x1881, 0x1881, 0x1881, 0x1882, 0x1881, 0x1881, 0x1881,
  0x1881, 0x1882, 0x1882, 0x1881, 0x1881, 0x1861, 0x1861, 0x1861, 0x1061, 0x1061, 0x1061, 0x1061,
  0x1061, 0x1061, 0x1061, 0x1041, 0x1041, 0x1041, 0x1020, 0x1040, 0x1861, 0x1040, 0x1040, 0x1881,
  0x3923, 0x51E6, 0x6227, 0x6206, 0x6227, 0x6A47, 0x6A46, 0x7267, 0x7267, 0x7A67, 0x7A87, 0x7AA7,
  0x82C8, 0x82C8, 0x82E9, 0x82E9, 0x8B09, 0x8B29, 0x8B29, 0x9349, 0x934A, 0x936A, 0x936A, 0x934A,
  0x934A, 0x934A, 0x9349, 0x9349, 0x9349, 0x9349, 0x9349, 0x9349, 0x9349, 0x9349, 0x9349, 0x9349,
  0x9349, 0x8B29, 0x8B09, 0x8B09, 0x82E8, 0x82C8, 0x82E8, 0x8AE8, 0x8B09, 0x8B09, 0x8B09, 0x8B09,
  0x9329, 0x934A, 0x9B6A, 0x9B8B, 0xA38B, 0xA38B, 0x9B8B, 0xA38B, 0x9B6B, 0x9B6A, 0x9B6A, 0x9B6A,
  0xA38B, 0xA38B, 0xA3AB, 0xABCB, 0xABCC, 0xABEC, 0xABEC, 0xAC0C, 0xB42D, 0xB42D, 0xB44D, 0xB44D,
  0xB46E, 0xBC8E, 0xBC8E, 0xBC8E, 0xBCAF, 0xBCAF, 0xBCAF, 0xC4CF, 0xC4CF, 0xC4CF, 0xC4CF, 0xC4CF,
  0xC4F0, 0xC4F0, 0xC4F0, 0xC4F0, 0xC4F0, 0xC4F0, 0xC4F0, 0xC4F0, 0xC4EF, 0xC4CF, 0xC4CF, 0xC4CF,
  0xC4AF, 0xC4AF, 0xC4AF, 0xC4AF, 0xBCAE, 0xBC8E, 0xBC8E, 0xBC8E, 0xBC8E, 0xBC8E, 0xBC8E, 0xBC8E,
  0xBC8E, 0xBC8E, 0xBC6E, 0xB46E, 0xB44D, 0xB44D, 0xB44E, 0xB44E, 0xB42D, 0xAC2D, 0xAC0D, 0xAC0D,
  0xABEC, 0xA3EC, 0xA3CC, 0xA3CC, 0x9BAB, 0x9B8B, 0x936A, 0x934A, 0x9329, 0x934A, 0x934A, 0x936A,
  0x9B6A, 0x9BAB, 0xA3CC, 0xA3EC, 0xABEC, 0xAC0C, 0xAC0C, 0xAC0C, 0xAC0C, 0xAC0D, 0xAC0C, 0xAC0C,
  0xABCB, 0x9B6A, 0x9B8A, 0xA3AB, 0x9B8A, 0x934A, 0x82E9, 0x4943, 0x2080, 0x1881, 0x1881, 0x18A2,
  0x18A2, 0x1061, 0x1081, 0x2103, 0x2103, 0x2104, 0x2103, 0x2924, 0x20E3, 0x20E3, 0x2103, 0x2904,
  0x2924, 0x2904, 0x2924, 0x2103, 0x18C2, 0x2944, 0x39A6, 0x2944, 0x2104, 0x20E3, 0x18C3, 0x2104,
  0x18C3, 0x18A2, 0x1082, 0x18E3, 0x20E4, 0x1082, 0x18C3, 0x1082, 0x1083, 0x18C3, 0x1082, 0x2105,
  0x30C3, 0x28C3, 0x28A3, 0x28A3, 0x28A2, 0x28A2, 0x2882, 0x2882, 0x28A2, 0x2082, 0x20A2, 0x20A2,
  0x2081, 0x2081, 0x2081, 0x1881, 0x1881, 0x1881, 0x1881, 0x1881, 0x1882, 0x1881, 0x1861, 0x1861,
  0x1881, 0x1881, 0x1882, 0x1881, 0x1881, 0x1861, 0x1861, 0x1861, 0x1861, 0x1061, 0x1061, 0x1061,
  0x1061, 0x1061, 0x1061, 0x1041, 0x1041, 0x1061, 0x1041, 0x1040, 0x1040, 0x1041, 0x1041, 0x1841,
  0x2081, 0x4164, 0x5A06, 0x5A07, 0x6247, 0x6A27, 0x6A26, 0x7267, 0x7267, 0x7267, 0x7A87, 0x7A87,
  0x7AA8, 0x82C8, 0x82C8, 0x82E9, 0x8B08, 0x8B09, 0x8B29, 0x8B29, 0x9349, 0x934A, 0x934A, 0x934A,
  0x9349, 0x9349, 0x9329, 0x8B29, 0x9329, 0x9329, 0x9329, 0x9329, 0x9349, 0x9349, 0x9349, 0x9349,
  0x9349, 0x9349, 0x8B29, 0x8B29, 0x8B29, 0x8B09, 0x8B09, 0x8B29, 0x8B29, 0x8B09, 0x8B29, 0x934A,
  0x934A, 0x9B6A, 0x9B8A, 0x9B8B, 0xA3AB, 0xA3AB, 0xA3AB, 0xA3AB, 0xA3AB, 0xA3AB, 0xA38B, 0xA3AB,
  0xA3AB, 0xA3AB, 0xA3AB, 0xABCB, 0xABEC, 0xAC0C, 0xB40D, 0xB42D, 0xB44D, 0xB44D, 0xB44E, 0xBC6E,
  0xBC6E, 0xBC8E, 0xBC8E, 0xBCAF, 0xC4AF, 0xC4AF, 0xBCCF, 0xC4CF, 0xC4CF, 0xC4CF, 0xC4CF, 0xC4F0,
  0xC4F0, 0xC4F0, 0xC4F0, 0xC4F0, 0xC4F0, 0xC4F0, 0xC4F0, 0xC4F0, 0xC4CF, 0xC4CF, 0xC4CF, 0xC4CF,
  0xBCAF, 0xC4AF, 0xC4AF, 0xBCAF, 0xBCAE, 0xBC8E, 0xBC8E, 0xBC8E, 0xBC8E, 0xBC8E, 0xBC8E, 0xBC8E,
  0xBC6E, 0xB46E, 0xB46E, 0xB44D, 0xB44D, 0xB44D, 0xB44E, 0xB44D, 0xAC0D, 0xAC0D, 0xAC0D, 0xAC0D,
  0xA3EC, 0xA3CC, 0xA3CC, 0xA3AB, 0x9B8B, 0x9B6A, 0x936A, 0x934A, 0x934A, 0x934A, 0x936A, 0x9B6A,
  0x9B8B, 0xA3AB, 0xA3EC, 0xABEC, 0xAC0D, 0xAC0D, 0xAC0D, 0xB42D, 0xAC0D, 0xB42D, 0xAC0D, 0xABEC,
  0xABAB, 0x9B6A, 0xA3CB, 0xA3CB, 0x9B6A, 0x934A, 0x82E9, 0x4123, 0x2080, 0x1861, 0x1061, 0x1882,
  0x18A2, 0x1882, 0x1082, 0x18C2, 0x20E3, 0x20E3, 0x20E3, 0x2103, 0x20E3, 0x18C3, 0x2103, 0x2924,
  0x2944, 0x2904, 0x2924, 0x2103, 0x18C2, 0x3165, 0x39A6, 0x2924, 0x20E3, 0x20E3, 0x2103, 0x2104,
  0x18A2, 0x1082, 0x10A2, 0x2104, 0x1082, 0x18A3, 0x10A3, 0x10A3, 0x18C3, 0x18A3, 0x1082, 0x18C4,
  0x30C3, 0x30C3, 0x28A3, 0x28A2, 0x28A2, 0x28A2, 0x2882, 0x2882, 0x28A2, 0x2082, 0x20A2, 0x20A2,
  0x2082, 0x1861, 0x2082, 0x2082, 0x1881, 0x1861, 0x1861, 0x1881, 0x1881, 0x1861, 0x1861, 0x1861,
  0x1881, 0x1881, 0x1881, 0x1881, 0x1881, 0x1861, 0x1861, 0x1861, 0x1881, 0x1061, 0x1061, 0x1061,
  0x1061, 0x1061, 0x1061, 0x1041, 0x1061, 0x1061, 0x1041, 0x1041, 0x1020, 0x1041, 0x1861, 0x1041,
  0x1840, 0x28C2, 0x4164, 0x51E6, 0x6226, 0x6226, 0x6A46, 0x6A46, 0x7246, 0x7267, 0x7267, 0x7A87,
  0x7A87, 0x7AA8, 0x82C8, 0x82C9, 0x82E8, 0x8B09, 0x8B09, 0x8B09, 0x8B29, 0x934A, 0x934A, 0x934A,
  0x9329, 0x9329, 0x8B29, 0x8B29, 0x8B29, 0x8B29, 0x8B29, 0x8B09, 0x8B29, 0x8B29, 0x9349, 0x9349,
  0x934A, 0x934A, 0x9349, 0x8B29, 0x8B29, 0x8B29, 0x8B29, 0x9349, 0x9349, 0x9349, 0x934A, 0x936A,
  0x936A, 0x9B6A, 0x9B8B, 0xA3AB, 0xA3CB, 0xA3CC, 0xA3CC, 0xABCC, 0xABCC, 0xABCC, 0xA3CB, 0xA3CB,
  0xA3CB, 0xA3CB, 0xABCB, 0xABEC, 0xAC0D, 0xB42D, 0xB44D, 0xB44D, 0xB44D, 0xB44E, 0xBC6E, 0xBC8E,
  0xBC8E, 0xBCAF, 0xBCAF, 0xC4AF, 0xC4CF, 0xC4CF, 0xC4CF, 0xC4EF, 0xC4F0, 0xC4F0, 0xC4F0, 0xC4F0,
  0xC4F0, 0xC4F0, 0xC4F0, 0xC4F0, 0xC4F0, 0xC4F0, 0xC4F0, 0xC4F0, 0xC4CF, 0xC4CF, 0xC4CF, 0xC4AF,
  0xBCAF, 0xBCAF, 0xBCAF, 0xBCAE, 0xBCAE, 0xBC8E, 0xBC8E, 0xBC8E, 0xBC8E, 0xBC8E, 0xBC8E, 0xBC6E,
  0xB46E, 0xB44D, 0xB44D, 0xB44D, 0xB44D, 0xB44D, 0xAC2D, 0xAC2D, 0xAC0D, 0xAC0C, 0xA3EC, 0xA3EC,
  0xA3CC, 0xA3CC, 0xA3AB, 0x9B8B, 0x9B8B, 0x936A, 0x934A, 0x934A, 0x934A, 0x936A, 0x9B8B, 0x9B8B,
  0x9BAB, 0xA3CC, 0xABEC, 0xAC0C, 0xAC0D, 0xAC0D, 0xB42D, 0xB42D, 0xAC0C, 0xAC0D, 0xAC0C, 0xABEC,
  0xA38A, 0xA3AB, 0xA3CB, 0xA3CB, 0x9B6A, 0x934A, 0x8309, 0x4143, 0x2080, 0x1060, 0x1061, 0x1061,
  0x1882, 0x18A2, 0x18A2, 0x10A2, 0x2103, 0x20E3, 0x18C3, 0x2104, 0x20E3, 0x20E3, 0x2904, 0x3145,
  0x2944, 0x2924, 0x2944, 0x2103, 0x20E3, 0x3165, 0x39A6, 0x2103, 0x18C3, 0x18C3, 0x2104, 0x18C3,
  0x18A2, 0x1082, 0x18A3, 0x2104, 0x1082, 0x1082, 0x1082, 0x18C3, 0x10A3, 0x1082, 0x10A3, 0x1082,
  0x28A3, 0x28A3, 0x28A3, 0x28A2, 0x28A2, 0x28A2, 0x2882, 0x2882, 0x28A2, 0x2082, 0x20A2, 0x20A2,
  0x2082, 0x1861, 0x2082, 0x2082, 0x1881, 0x1861, 0x1861, 0x1881, 0x1881, 0x1861, 0x1861, 0x1861,
  0x1881, 0x1881, 0x1881, 0x1881, 0x1881, 0x1861, 0x1861, 0x1861, 0x1881, 0x1061, 0x1061, 0x1061,
  0x1061, 0x1061, 0x1061, 0x1061, 0x1061, 0x1041, 0x1041, 0x1041, 0x1041, 0x1861, 0x1861, 0x1020,
  0x1840, 0x1820, 0x28C2, 0x49A5, 0x5A06, 0x6226, 0x6A46, 0x6A26, 0x7247, 0x7246, 0x7246, 0x7267,
  0x7A87, 0x7AA8, 0x82C9, 0x82C9, 0x82E8, 0x82E9, 0x8B09, 0x8B09, 0x8B29, 0x934A, 0x934A, 0x934A,
  0x9329, 0x9329, 0x8B29, 0x8B29, 0x8B09, 0x8B09, 0x8B09, 0x8B08, 0x8B29, 0x8B29, 0x8B29, 0x9349,
  0x934A, 0x934A, 0x9349, 0x8B29, 0x9349, 0x8B29, 0x8B29, 0x934A, 0x934A, 0x934A, 0x936A, 0x9B6A,
  0x9B6A, 0x9B8B, 0xA3AB, 0xA3CC, 0xABEC, 0xABEC, 0xABEC, 0xABEC, 0xAC0C, 0xABEC, 0xABEC, 0xABEC,
  0xAC0C, 0xABEC, 0xAC0C, 0xB42C, 0xAC0D, 0xB42D, 0xB44D, 0xB44E, 0xB44D, 0xB44E, 0xBC6E, 0xBC8E,
  0xBC8E, 0xBCAF, 0xC4CF, 0xC4CF, 0xC4F0, 0xC4EF, 0xC4EF, 0xC4F0, 0xC4F0, 0xC4F0, 0xC4F0, 0xC4F0,
  0xC4F0, 0xC4F0, 0xC4F0, 0xC4F0, 0xC4F0, 0xC4F0, 0xC4F0, 0xC4F0, 0xC4CF, 0xC4CF, 0xC4CF, 0xC4AF,
  0xBCAE, 0xBCAE, 0xBCAE, 0xBCAE, 0xBC8E, 0xBC8E, 0xBC8E, 0xBC8E, 0xBC6E, 0xBC6E, 0xB46E, 0xB46E,
  0xB44D, 0xB44D, 0xB44D, 0xB44D, 0xB44D, 0xB42D, 0xAC0D, 0xAC0C, 0xAC0C, 0xABEC, 0xA3CC, 0xA3CC,
  0xA3AB, 0x9BAB, 0x9B8B, 0x9B8B, 0x9B6A, 0x936A, 0x934A, 0x934A, 0x934A, 0x9B8B, 0x9B8B, 0x9BAB,
  0xA3CB, 0xA3EC, 0xAC0C, 0xAC0D, 0xAC0D, 0xAC0D, 0xAC0D, 0xB42D, 0xAC0C, 0xAC0C, 0xAC0C, 0xA3CB,
  0x9B6A, 0xABEC, 0xA3EB, 0xA3AB, 0x9B8B, 0x934A, 0x8B0A, 0x4964, 0x2080, 0x1060, 0x1061, 0x1061,
  0x1882, 0x20C3, 0x20E3, 0x18A2, 0x20E3, 0x20E3, 0x18A2, 0x2104, 0x20E3, 0x20E3, 0x2104, 0x2945,
  0x2924, 0x2924, 0x3145, 0x2924, 0x20E3, 0x3165, 0x39A6, 0x20E3, 0x18C3, 0x18C3, 0x2103, 0x1082,
  0x18A2, 0x18A2, 0x18C3, 0x18C3, 0x10A3, 0x1082, 0x0862, 0x10A3, 0x10A3, 0x1083, 0x18C4, 0x10A3,
  0x30C3, 0x28A2, 0x28A3, 0x30C3, 0x28A2, 0x28A2, 0x28A3, 0x28A2, 0x28A2, 0x28A2, 0x2082, 0x2082,
  0x2082, 0x2082, 0x2082, 0x2082, 0x1881, 0x1881, 0x1881, 0x1881, 0x1881, 0x1861, 0x1861, 0x1861,
  0x1861, 0x1881, 0x1881, 0x1881, 0x1861, 0x1861, 0x1861, 0x1861, 0x1881, 0x1881, 0x1881, 0x1061,
  0x1061, 0x1061, 0x1061, 0x1061, 0x1061, 0x1061, 0x1041, 0x1041, 0x1041, 0x1041, 0x1041, 0x1041,
  0x1840, 0x1040, 0x1840, 0x28C2, 0x49C5, 0x5A26, 0x6226, 0x6A46, 0x6A47, 0x6A46, 0x7267, 0x7287,
  0x7287, 0x7AA8, 0x82C9, 0x82C9, 0x82C8, 0x82E8, 0x82E8, 0x8B09, 0x8B29, 0x8B2A, 0x8B29, 0x8B29,
  0x8B29, 0x8B09, 0x8B09, 0x8B09, 0x8B09, 0x8B09, 0x8B09, 0x8B09, 0x8B09, 0x8B09, 0x8B09, 0x8B29,
  0x9329, 0x9329, 0x9329, 0x9329, 0x9329, 0x9329, 0x934A, 0x934A, 0x934A, 0x936A, 0x936A, 0x9B6A,
  0x9B6A, 0x9B8B, 0xA3AB, 0xA3CB, 0xA3EC, 0xABEC, 0xAC0C, 0xB42D, 0xB42C, 0xB42D, 0xB44D, 0xB44D,
  0xB44D, 0xB44D, 0xB44D, 0xB44D, 0xB44E, 0xB46E, 0xB46E, 0xB46E, 0xB46E, 0xBC8E, 0xBCAF, 0xBCAF,
  0xC4AF, 0xC4D0, 0xC4F0, 0xC4F0, 0xC4F0, 0xC4F0, 0xC4F0, 0xCD10, 0xC4F0, 0xC4F0, 0xC4F0, 0xC4F0,
  0xC4F0, 0xC4F0, 0xC4F0, 0xC4F0, 0xCCF0, 0xCCF0, 0xC4F0, 0xC4F0, 0xC4CF, 0xC4CF, 0xC4CF, 0xC4AF,
  0xC4AF, 0xBCAF, 0xBCAE, 0xBCAE, 0xBC8E, 0xBC8E, 0xBC8E, 0xBC6E, 0xBC6E, 0xB46E, 0xB46D, 0xB46D,
  0xB44D, 0xB44D, 0xB44D, 0xB44D, 0xB42D, 0xAC0C, 0xAC0C, 0xABEC, 0xA3EC, 0xA3CC, 0xA3CC, 0x9BAB,
  0xA3AB, 0x9B8B, 0x9B6A, 0x936A, 0x934A, 0x934A, 0x934A, 0x936A, 0x9B8B, 0x9B8B, 0x9B8B, 0xA3AB,
  0xA3EC, 0xAC0C, 0xAC0D, 0xAC2D, 0xAC0C, 0xAC2D, 0xAC2D, 0xAC2D, 0xAC0D, 0xAC0C, 0xA3CC, 0x9B8A,
  0xABCB, 0xABCB, 0xA3EB, 0xA3CB, 0x9B8A, 0x934A, 0x8309, 0x4964, 0x20A1, 0x1881, 0x1061, 0x1041,
  0x1061, 0x20C3, 0x18C3, 0x18C2, 0x18C3, 0x18C3, 0x18C2, 0x18C3, 0x2103, 0x2103, 0x2104, 0x2924,
  0x2924, 0x2944, 0x2944, 0x2103, 0x20E3, 0x39C6, 0x3185, 0x20E3, 0x20E3, 0x18C3, 0x18C3, 0x1082,
  0x18A2, 0x18C3, 0x2124, 0x10A2, 0x1082, 0x1082, 0x0862, 0x10A3, 0x10A3, 0x0862, 0x1083, 0x10A3,
  0x30C3, 0x30C3, 0x28A3, 0x2882, 0x2882, 0x28A2, 0x30C3, 0x2882, 0x28A2, 0x28A2, 0x28A2, 0x2082,
  0x2082, 0x2082, 0x2082, 0x2082, 0x1881, 0x1881, 0x1881, 0x1881, 0x1881, 0x1861, 0x1861, 0x1861,
  0x1861, 0x1881, 0x1881, 0x1881, 0x1861, 0x1861, 0x1861, 0x1861, 0x1881, 0x1881, 0x1881, 0x1061,
  0x1061, 0x1061, 0x1061, 0x1061, 0x1061, 0x1061, 0x1061, 0x1061, 0x1041, 0x1041, 0x1041, 0x1041,
  0x1041, 0x1041, 0x1040, 0x1860, 0x3103, 0x49C5, 0x5A26, 0x6226, 0x6A47, 0x6A47, 0x7247, 0x7267,
  0x7267, 0x7AA8, 0x7AA8, 0x7A88, 0x7AC8, 0x7AC8, 0x82C8, 0x82E8, 0x8B09, 0x8B09, 0x8B09, 0x8B09,
  0x8B09, 0x8B09, 0x8B09, 0x8B08, 0x8AE8, 0x8B09, 0x8AE8, 0x8AE8, 0x8AE8, 0x8B09, 0x8B09, 0x8B29,
  0x9329, 0x934A, 0x934A, 0x934A, 0x934A, 0x934A, 0x934A, 0x934A, 0x934A, 0x936A, 0x9B6A, 0x9B6A,
  0x9B8A, 0x9BAB, 0xA3CB, 0xA3CB, 0xA3EC, 0xAC0C, 0xAC0C, 0xAC2D, 0xB42D, 0xB44D, 0xB44D, 0xB44D,
  0xB46D, 0xBC6D, 0xBC6E, 0xBC6E, 0xB46E, 0xBC6E, 0xBC8E, 0xBC8E, 0xBC8F, 0xBCAF, 0xC4CF, 0xC4D0,
  0xC4F0, 0xC4F0, 0xCD10, 0xCD10, 0xC4F0, 0xC4F0, 0xC4F0, 0xC4F0, 0xCCF0, 0xC4F0, 0xC4F0, 0xC4F0,
  0xC4F0, 0xC4F0, 0xC4F0, 0xC4F0, 0xCCF0, 0xCCF0, 0xC4F0, 0xC4F0, 0xC4CF, 0xC4CF, 0xC4CF, 0xC4CF,
  0xC4AF, 0xBCAF, 0xBCAE, 0xBCAE, 0xBC8E, 0xBC8E, 0xBC8E, 0xB46E, 0xB46D, 0xB46D, 0xB44D, 0xB44D,
  0xB44D, 0xB44D, 0xB44D, 0xB42D, 0xAC2D, 0xAC0C, 0xABEC, 0xA3EC, 0xA3CC, 0xA3CC, 0xA3AB, 0x9BAB,
  0x9BAB, 0x9B8B, 0x936A, 0x934A, 0x934A, 0x934A, 0x936A, 0x9B6A, 0x9B8B, 0x9B8B, 0xA3AB, 0xA3CC,
  0xABEC, 0xAC0D, 0xAC2D, 0xAC2D, 0xAC2D, 0xAC2D, 0xAC2D, 0xAC2D, 0xAC0C, 0xAC0C, 0xA3CB, 0xA3AB,
  0xABCB, 0xABEB, 0xA3CB, 0xA3CB, 0x9B8A, 0x934A, 0x830A, 0x5184, 0x2081, 0x1060, 0x1061, 0x1061,
  0x1882, 0x20C3, 0x18C2, 0x18C2, 0x18A2, 0x18A2, 0x18A2, 0x18A2, 0x20E3, 0x20E3, 0x20E3, 0x2904,
  0x2944, 0x2103, 0x2924, 0x2924, 0x2944, 0x39C6, 0x3165, 0x20E3, 0x20E3, 0x18C3, 0x1082, 0x18A2,
  0x18A2, 0x20E3, 0x18E3, 0x1082, 0x1082, 0x1082, 0x1082, 0x10A3, 0x10A3, 0x1062, 0x1082, 0x1082,
  0x30A3, 0x30A2, 0x28A2, 0x2882, 0x2882, 0x2882, 0x28A3, 0x28A2, 0x28A2, 0x28A2, 0x28A2, 0x28A2,
  0x20A2, 0x2082, 0x2082, 0x2082, 0x2081, 0x2081, 0x1881, 0x1881, 0x1881, 0x1881, 0x1881, 0x1861,
  0x1861, 0x1861, 0x1881, 0x1881, 0x1882, 0x1861, 0x1861, 0x1861, 0x1881, 0x1882, 0x1881, 0x1061,
  0x1061, 0x1061, 0x1061, 0x1061, 0x1061, 0x1061, 0x1061, 0x1061, 0x1041, 0x1041, 0x1041, 0x1041,
  0x1041, 0x1061, 0x1040, 0x1040, 0x1860, 0x3103, 0x51C6, 0x5A26, 0x5A06, 0x6227, 0x6A47, 0x6A47,
  0x7267, 0x7288, 0x7A88, 0x7AA8, 0x7AA8, 0x7AC8, 0x82C8, 0x82E8, 0x82E9, 0x8309, 0x8B09, 0x8B09,
  0x8B09, 0x8B09, 0x8B08, 0x82E8, 0x82E8, 0x82E8, 0x82E8, 0x82E8, 0x8AE8, 0x8AE8, 0x8B09, 0x8B29,
  0x9329, 0x934A, 0x9349, 0x9349, 0x934A, 0x934A, 0x934A, 0x934A, 0x934A, 0x9B4A, 0x9B6A, 0x9B6A,
  0x9B8B, 0x9BAB, 0xA3CB, 0xA3EC, 0xA3EC, 0xAC0C, 0xAC2D, 0xAC2D, 0xB44D, 0xB44D, 0xB44D, 0xB46D,
  0xB46D, 0xB46E, 0xBC8E, 0xBC8E, 0xBC6E, 0xBC8F, 0xBCAF, 0xBCAF, 0xC4AF, 0xC4D0, 0xC4F0, 0xC4F0,
  0xCCF0, 0xCD11, 0xCD11, 0xCD11, 0xCD11, 0xCCF0, 0xCCF0, 0xCCF0, 0xCD10, 0xCD10, 0xCCF0, 0xCCF0,
  0xC4F0, 0xC4F0, 0xCCF0, 0xCCF0, 0xCCF0, 0xCCF0, 0xC4F0, 0xC4F0, 0xC4CF, 0xC4CF, 0xC4CF, 0xC4CF,
  0xBCAF, 0xBCAE, 0xBCAE, 0xBC8E, 0xBC8E, 0xBC8E, 0xB46E, 0xB46D, 0xB44D, 0xB44D, 0xB44D, 0xB44D,
  0xB44D, 0xB42D, 0xAC2D, 0xAC2C, 0xAC0C, 0xA3EC, 0xA3EC, 0xA3CB, 0xA3CB, 0xA3CB, 0xA3AB, 0x9B8B,
  0x9B8B, 0x936A, 0x934A, 0x934A, 0x934A, 0x936A, 0x9B6A, 0x9B8B, 0x9BAB, 0xA3AB, 0xA3CC, 0xA3EC,
  0xAC0D, 0xAC2D, 0xAC2D, 0xAC2D, 0xB42D, 0xB44D, 0xB42D, 0xAC2D, 0xAC0C, 0xABEC, 0xA3EC, 0xA3CB,
  0xABEC, 0xABEC, 0xA3CB, 0x9BAB, 0x9B8A, 0x934A, 0x8B2A, 0x51A5, 0x2080, 0x1040, 0x1061, 0x1882,
  0x18A2, 0x18A2, 0x1082, 0x18C2, 0x18A2, 0x18A2, 0x1082, 0x18A2, 0x18C3, 0x20E3, 0x20E3, 0x2904,
  0x2924, 0x20C3, 0x2924, 0x2944, 0x3185, 0x39C6, 0x3165, 0x18C2, 0x20E3, 0x18A2, 0x1082, 0x18C2,
  0x18A2, 0x20E4, 0x18A2, 0x1082, 0x1082, 0x10A2, 0x1083, 0x1083, 0x1082, 0x0862, 0x1082, 0x0882,
  0x30C3, 0x2882, 0x28A2, 0x30C3, 0x30A3, 0x2882, 0x2882, 0x28A2, 0x2882, 0x28A2, 0x28A2, 0x28A2,
  0x20A2, 0x2082, 0x2082, 0x2082, 0x2081, 0x2081, 0x1881, 0x1881, 0x1882, 0x1881, 0x1881, 0x1861,
  0x1861, 0x1861, 0x1881, 0x1882, 0x1882, 0x1861, 0x1861, 0x1861, 0x1881, 0x1882, 0x1881, 0x1061,
  0x1061, 0x1061, 0x1061, 0x1061, 0x1061, 0x1061, 0x1862, 0x1861, 0x1041, 0x1041, 0x1041, 0x1041,
  0x1041, 0x1041, 0x1861, 0x1040, 0x1020, 0x2061, 0x3123, 0x51C5, 0x5A06, 0x6227, 0x6227, 0x6A47,
  0x7267, 0x7267, 0x7267, 0x7AA8, 0x7AA8, 0x7AA8, 0x7AC8, 0x82C8, 0x82E9, 0x8309, 0x8B09, 0x8B09,
  0x8B09, 0x8B09, 0x82E8, 0x82E8, 0x82E8, 0x82E8, 0x82E8, 0x82E8, 0x82E8, 0x8AE8, 0x8B09, 0x8B09,
  0x8B29, 0x9329, 0x9329, 0x9349, 0x9349, 0x934A, 0x934A, 0x934A, 0x9B4A, 0x9B6A, 0x9B6A, 0x9B6B,
  0x9B8B, 0x9BAB, 0xA3CB, 0xA3EC, 0xABEC, 0xAC0C, 0xAC2D, 0xAC2D, 0xB44D, 0xB44D, 0xB44D, 0xB44D,
  0xB44D, 0xB46D, 0xB46E, 0xB46E, 0xBC8F, 0xBCAF, 0xC4AF, 0xC4D0, 0xC4D0, 0xC4F0, 0xCCF0, 0xCCF0,
  0xCD11, 0xCD11, 0xCD11, 0xCD11, 0xCD11, 0xCD11, 0xCD11, 0xCD11, 0xCD11, 0xCD10, 0xCD10, 0xCD10,
  0xCCF0, 0xCCF0, 0xCCF0, 0xCCF0, 0xCCF0, 0xCCF0, 0xC4F0, 0xC4F0, 0xC4CF, 0xC4CF, 0xC4CF, 0xC4CF,
  0xBCAE, 0xBCAE, 0xBCAE, 0xBC8E, 0xBC8E, 0xBC8E, 0xB46D, 0xB44D, 0xB44D, 0xB44D, 0xB44D, 0xB42D,
  0xAC2D, 0xAC2C, 0xAC2C, 0xAC0C, 0xAC0C, 0xA3EC, 0xA3CB, 0xA3CB, 0x9BAB, 0x9BAB, 0x9B8B, 0x9B8B,
  0x9B6A, 0x934A, 0x934A, 0x934A, 0x936A, 0x9B6A, 0x9B8B, 0x9BAB, 0xA3AB, 0xA3CC, 0xA3EC, 0xAC0D,
  0xAC2D, 0xB42D, 0xB42D, 0xB42D, 0xB42D, 0xB42D, 0xB42D, 0xAC2D, 0xAC0C, 0xABEC, 0xAC0C, 0xAC0C,
  0xAC0C, 0xABEC, 0xA3CB, 0x9BAB, 0x9B8A, 0x934A, 0x8B2A, 0x51C5, 0x2080, 0x1060, 0x1081, 0x18A2,
  0x18A2, 0x1882, 0x1061, 0x10A2, 0x18A3, 0x18A2, 0x18A2, 0x18A2, 0x18C3, 0x20E3, 0x2104, 0x2904,
  0x2103, 0x20C3, 0x2924, 0x2924, 0x3986, 0x39A6, 0x2924, 0x18A2, 0x20E3, 0x18A2, 0x18A2, 0x18C3,
  0x18C3, 0x20E3, 0x1082, 0x1062, 0x1082, 0x10A2, 0x10A3, 0x1082, 0x0842, 0x0862, 0x1082, 0x0862,
  0x30C3, 0x28A2, 0x28A2, 0x30C3, 0x30C3, 0x2882, 0x2882, 0x28A2, 0x2882, 0x2882, 0x28A2, 0x28A2,
  0x28A2, 0x2082, 0x2082, 0x2082, 0x2081, 0x2081, 0x2081, 0x2081, 0x1882, 0x1882, 0x1881, 0x1881,
  0x1861, 0x1881, 0x1881, 0x1882, 0x1882, 0x1882, 0x1861, 0x1861, 0x1861, 0x1882, 0x1881, 0x1061,
  0x1041, 0x1061, 0x1061, 0x1861, 0x1061, 0x1861, 0x1861, 0x1861, 0x1061, 0x1041, 0x1041, 0x1041,
  0x1041, 0x1061, 0x1041, 0x1061, 0x1061, 0x1020, 0x1861, 0x3103, 0x51E6, 0x5A27, 0x6227, 0x6227,
  0x6A67, 0x7267, 0x7267, 0x7267, 0x7A87, 0x7AA7, 0x7AA8, 0x7AC8, 0x82C8, 0x82E8, 0x82E9, 0x82E9,
  0x8B09, 0x82E9, 0x82E9, 0x82E8, 0x82E8, 0x82E8, 0x82E8, 0x82E8, 0x82E8, 0x8AE9, 0x8AE8, 0x8B09,
  0x8B09, 0x8B29, 0x8B29, 0x9329, 0x9349, 0x9349, 0x934A, 0x936A, 0x936A, 0x9B6A, 0x9B8B, 0x9B8B,
  0x9BAB, 0xA3AB, 0xA3CC, 0xA3EC, 0xAC0C, 0xAC0C, 0xAC2D, 0xB42D, 0xB44D, 0xB44D, 0xB44D, 0xB44D,
  0xB46E, 0xB46E, 0xBC6E, 0xBC8E, 0xBCAF, 0xC4AF, 0xC4D0, 0xC4D0, 0xC4D0, 0xCCF0, 0xCCF0, 0xCD11,
  0xCD11, 0xCD11, 0xCD11, 0xCD11, 0xCD31, 0xCD31, 0xCD31, 0xCD11, 0xCD11, 0xCD11, 0xCD10, 0xCD10,
  0xCCF0, 0xCCF0, 0xCCF0, 0xCCF0, 0xCCF0, 0xC4F0, 0xC4F0, 0xC4F0, 0xC4D0, 0xC4D0, 0xC4CF, 0xC4CF,
  0xBCAE, 0xBCAE, 0xBC8E, 0xBC8E, 0xBC8E, 0xB46E, 0xB46D, 0xB44D, 0xB44D, 0xB44D, 0xB42D, 0xB42D,
  0xAC2D, 0xAC2C, 0xAC0C, 0xAC0C, 0xA3EC, 0xA3CB, 0xA3CB, 0xA3AB, 0x9B8B, 0x9B8B, 0x9B8B, 0x9B6A,
  0x9B6A, 0x934A, 0x934A, 0x934A, 0x9B6A, 0x9B8B, 0x9BAB, 0x9BAB, 0xA3CC, 0xA3EC, 0xAC0C, 0xAC2D,
  0xB42D, 0xB42D, 0xB42D, 0xB42D, 0xB44D, 0xB44D, 0xB44D, 0xAC2D, 0xAC0C, 0xAC0C, 0xAC0C, 0xAC2C,
  0xAC0C, 0xABEC, 0xA3CB, 0x9BAB, 0x9B8A, 0x934A, 0x8B2A, 0x51C5, 0x2060, 0x1861, 0x18A2, 0x18A2,
  0x18A2, 0x1882, 0x1061, 0x1081, 0x18C3, 0x18A3, 0x18A2, 0x1082, 0x18A2, 0x20E3, 0x20E3, 0x20E3,
  0x20C3, 0x20C3, 0x2924, 0x2924, 0x39A6, 0x3185, 0x2924, 0x20E3, 0x20E3, 0x1082, 0x18C3, 0x18C2,
  0x18C3, 0x10A2, 0x1062, 0x0861, 0x0861, 0x1082, 0x10A3, 0x1083, 0x0862, 0x1082, 0x1082, 0x0842,
  0x30A3, 0x30C3, 0x30A3, 0x28A2, 0x28A2, 0x28A2, 0x2882, 0x2882, 0x2882, 0x2882, 0x2882, 0x2882,
  0x28A2, 0x2082, 0x2082, 0x2082, 0x2081, 0x2081, 0x2081, 0x2081, 0x1882, 0x1882, 0x1881, 0x1881,
  0x1881, 0x1881, 0x1881, 0x1881, 0x1882, 0x1882, 0x1861, 0x1861, 0x1861, 0x1881, 0x1861, 0x1061,
  0x1061, 0x1061, 0x1861, 0x1061, 0x1061, 0x1861, 0x1861, 0x1861, 0x1061, 0x1041, 0x1041, 0x1041,
  0x1041, 0x1861, 0x1040, 0x1020, 0x1061, 0x1041, 0x1020, 0x1861, 0x3123, 0x49C6, 0x5A27, 0x6227,
  0x6A27, 0x7267, 0x7267, 0x7267, 0x7A87, 0x7AA7, 0x7AA8, 0x7AC8, 0x82C8, 0x82C8, 0x82E9, 0x82E9,
  0x82E8, 0x82E8, 0x82E8, 0x82E8, 0x82C8, 0x82C8, 0x82E8, 0x82E8, 0x82E8, 0x82E8, 0x8AE8, 0x8AE8,
  0x8B09, 0x8B09, 0x8B29, 0x8B29, 0x8B29, 0x9349, 0x934A, 0x936A, 0x936A, 0x9B6A, 0x9B8B, 0x9B8B,
  0xA3CC, 0xA3CC, 0xA3EC, 0xAC0C, 0xAC2D, 0xAC2D, 0xB44D, 0xB44D, 0xB44D, 0xB44D, 0xB44D, 0xB46E,
  0xBC8E, 0xBC8E, 0xBCAF, 0xBCAF, 0xC4AF, 0xC4D0, 0xC4F0, 0xC4F0, 0xC4F0, 0xCCF0, 0xCD11, 0xCD11,
  0xCD31, 0xCD31, 0xCD31, 0xCD31, 0xCD31, 0xCD31, 0xCD11, 0xCD11, 0xCD31, 0xCD11, 0xCD11, 0xCD10,
  0xCCF0, 0xCCF0, 0xCCF0, 0xCCF0, 0xCCF0, 0xC4F0, 0xC4F0, 0xC4D0, 0xC4D0, 0xC4D0, 0xC4CF, 0xC4AF,
  0xBCAE, 0xBCAE, 0xBC8E, 0xBC8E, 0xBC6E, 0xB46D, 0xB44D, 0xB44D, 0xB44D, 0xB44D, 0xB42D, 0xAC2C,
  0xAC2C, 0xAC0C, 0xAC0C, 0xA3EC, 0xA3CB, 0xA3CB, 0xA3AB, 0x9BAB, 0x9B8A, 0x9B6A, 0x9B6A, 0x936A,
  0x936A, 0x936A, 0x936A, 0x9B6A, 0x9B8B, 0x9B8B, 0x9BAB, 0xA3CB, 0xA3EC, 0xABEC, 0xAC0D, 0xAC2D,
  0xB44D, 0xB44D, 0xB44D, 0xB44D, 0xB44D, 0xB44D, 0xB44D, 0xAC2D, 0xAC0C, 0xAC0C, 0xAC0C, 0xAC2C,
  0xABEC, 0xABEC, 0xA3CB, 0x9BAB, 0x9B8B, 0x934A, 0x8B2A, 0x59E6, 0x2081, 0x1881, 0x18A2, 0x1082,
  0x1882, 0x1882, 0x1081, 0x1081, 0x18C3, 0x18C3, 0x18A3, 0x18A2, 0x18A2, 0x20E3, 0x2104, 0x20E3,
  0x18C3, 0x20C3, 0x2103, 0x3165, 0x41C7, 0x3165, 0x2924, 0x2924, 0x18C2, 0x1082, 0x18C3, 0x18A2,
  0x18C3, 0x0861, 0x0861, 0x0861, 0x1082, 0x1082, 0x10A3, 0x10A3, 0x1082, 0x10A3, 0x1083, 0x0862,
  0x30A2, 0x30C3, 0x30C3, 0x2882, 0x28A2, 0x28A2, 0x2882, 0x2882, 0x2882, 0x2882, 0x28A2, 0x28A2,
  0x28A2, 0x2082, 0x2082, 0x2082, 0x2082, 0x2081, 0x2081, 0x2081, 0x1882, 0x1882, 0x1881, 0x1881,
  0x1881, 0x1881, 0x1881, 0x1881, 0x1861, 0x1882, 0x1861, 0x1861, 0x1881, 0x1881, 0x1861, 0x1061,
  0x1861, 0x1861, 0x1861, 0x1041, 0x1061, 0x1861, 0x1061, 0x1861, 0x1061, 0x1061, 0x1061, 0x1041,
  0x1041, 0x1861, 0x1041, 0x1020, 0x1041, 0x1061, 0x1040, 0x1020, 0x1840, 0x3103, 0x51C5, 0x5A06,
  0x6206, 0x6A26, 0x7267, 0x7287, 0x7287, 0x7A87, 0x7AA8, 0x7AA8, 0x7AC8, 0x82C8, 0x82E8, 0x82E9,
  0x82C8, 0x82E8, 0x82C8, 0x82C8, 0x82C8, 0x82C8, 0x82C8, 0x82C8, 0x82C8, 0x82E8, 0x82E8, 0x82E9,
  0x8B08, 0x8B09, 0x8B09, 0x8B29, 0x8B29, 0x8B29, 0x934A, 0x936A, 0x936A, 0x936A, 0x9B8B, 0x9BAB,
  0xA3CC, 0xA3CC, 0xA3EC, 0xAC0C, 0xAC2D, 0xB42D, 0xB44D, 0xB44D, 0xB44D, 0xB44D, 0xB46E, 0xBC6E,
  0xBC8E, 0xBCAF, 0xBCAF, 0xC4AF, 0xC4AF, 0xC4D0, 0xC4F0, 0xC4D0, 0xC4D0, 0xC4F0, 0xCCF0, 0xCCF0,
  0xCD11, 0xCD11, 0xD511, 0xD511, 0xD511, 0xD511, 0xCD11, 0xD511, 0xCD31, 0xCD11, 0xCD11, 0xCD11,
  0xCCF0, 0xCCF0, 0xCCF0, 0xCCF0, 0xC4F0, 0xC4F0, 0xC4D0, 0xC4D0, 0xC4D0, 0xC4CF, 0xC4CF, 0xBCAF,
  0xBCAF, 0xBCAE, 0xBC8E, 0xBC6E, 0xB46D, 0xB46D, 0xB44D, 0xB44D, 0xB42D, 0xAC2D, 0xAC2C, 0xAC0C,
  0xAC0C, 0xAC0B, 0xA3EB, 0xA3CB, 0xA3AB, 0x9BAB, 0x9BAB, 0x9B8A, 0x936A, 0x936A, 0x936A, 0x934A,
  0x936A, 0x936A, 0x9B6A, 0x9B8B, 0x9BAB, 0x9BAB, 0xA3CB, 0xA3CC, 0xABEC, 0xAC0D, 0xAC2D, 0xB44D,
  0xB44D, 0xB44D, 0xB44D, 0xB44D, 0xB44D, 0xB44D, 0xB44D, 0xAC2D, 0xAC0C, 0xAC0C, 0xAC0C, 0xAC0C,
  0xABEC, 0xABEC, 0xA3CB, 0x9BAB, 0x9B8B, 0x936A, 0x8B4A, 0x6226, 0x28C2, 0x18A1, 0x18A2, 0x1061,
  0x1061, 0x1882, 0x1061, 0x1081, 0x18A2, 0x18C3, 0x18C3, 0x18A3, 0x18C3, 0x2104, 0x2904, 0x20E3,
  0x20C3, 0x20E3, 0x20E3, 0x39A6, 0x39C6, 0x2944, 0x2924, 0x2903, 0x18A2, 0x18A2, 0x18A2, 0x18A2,
  0x10A2, 0x0861, 0x0861, 0x0861, 0x1082, 0x0861, 0x1082, 0x1082, 0x1082, 0x10A3, 0x10A3, 0x1082,
  0x28A2, 0x30C3, 0x30A3, 0x30A2, 0x30A3, 0x28A2, 0x2882, 0x2882, 0x28A2, 0x28A2, 0x28A2, 0x28A2,
  0x28A2, 0x28A2, 0x2082, 0x2082, 0x2082, 0x2081, 0x2081, 0x2081, 0x1882, 0x1882, 0x1881, 0x1861,
  0x1881, 0x1881, 0x1861, 0x1861, 0x1861, 0x1861, 0x1861, 0x1861, 0x1881, 0x1861, 0x1861, 0x1061,
  0x1861, 0x1881, 0x1861, 0x1041, 0x1061, 0x1061, 0x1061, 0x1061, 0x1861, 0x1861, 0x1061, 0x1041,
  0x1041, 0x1061, 0x1861, 0x1061, 0x1041, 0x1061, 0x1061, 0x1040, 0x1040, 0x1860, 0x3923, 0x59E6,
  0x6226, 0x6A26, 0x6A46, 0x7267, 0x7267, 0x7267, 0x7A87, 0x7AA7, 0x7AA8, 0x7AA8, 0x7AC8, 0x7AC8,
  0x82C8, 0x82C8, 0x82C8, 0x82C8, 0x82C8, 0x82C8, 0x82C8, 0x82C8, 0x82C8, 0x82C8, 0x82E8, 0x82E8,
  0x82E8, 0x8B09, 0x8B09, 0x8B29, 0x8B29, 0x8B29, 0x934A, 0x934A, 0x936A, 0x936A, 0x9B8B, 0x9BAB,
  0xA3AB, 0xA3CC, 0xA3EC, 0xAC0C, 0xAC0C, 0xAC2D, 0xB42D, 0xB44D, 0xB44D, 0xB44D, 0xB44D, 0xB46E,
  0xBC8E, 0xBC8E, 0xBCAF, 0xBC8F, 0xBCAF, 0xC4D0, 0xC4D0, 0xC4D0, 0xC4D0, 0xC4D0, 0xC4F0, 0xC4F0,
  0xCCF0, 0xCD11, 0xCD11, 0xD511, 0xD511, 0xD511, 0xD531, 0xD531, 0xCD31, 0xCD11, 0xCD11, 0xCD11,
  0xCCF0, 0xCCF0, 0xCCF0, 0xCCF0, 0xC4F0, 0xC4D0, 0xC4D0, 0xC4D0, 0xC4D0, 0xC4CF, 0xC4AF, 0xBCAF,
  0xBCAF, 0xBCAE, 0xBC8E, 0xBC6E, 0xB46D, 0xB44D, 0xB44D, 0xB44D, 0xAC2D, 0xAC2C, 0xAC0C, 0xAC0C,
  0xAC0B, 0xA3EB, 0xA3CB, 0xA3CA, 0x9BAB, 0x9B8A, 0x9B8A, 0x9B8A, 0x936A, 0x936A, 0x936A, 0x934A,
  0x934A, 0x936A, 0x9B8B, 0x9BAB, 0x9BAB, 0x9BAB, 0xA3CB, 0xA3EC, 0xAC0C, 0xAC2D, 0xB42D, 0xB44D,
  0xB44D, 0xB44D, 0xB44D, 0xB44D, 0xB42D, 0xB44D, 0xB44D, 0xAC0C, 0xAC0C, 0xAC2D, 0xAC2C, 0xAC0C,
  0xABEC, 0xABEC, 0xA3CB, 0x9BAB, 0x9B8B, 0x936A, 0x8B6B, 0x6247, 0x3102, 0x20C2, 0x18A2, 0x1061,
  0x1061, 0x1061, 0x1061, 0x1081, 0x1082, 0x1082, 0x18A3, 0x18A2, 0x18C3, 0x20E4, 0x2104, 0x18C3,
  0x20C3, 0x2104, 0x20E3, 0x39C6, 0x3185, 0x2944, 0x2944, 0x18C2, 0x18A2, 0x18C3, 0x1081, 0x18C3,
  0x1082, 0x1062, 0x1061, 0x1061, 0x0862, 0x0021, 0x1082, 0x10A3, 0x1082, 0x10A3, 0x0882, 0x0862,
};
